P-1_temperature_C,P-1_weight_mg,P-1_weight_percent,P-2_temperature_C,P-2_weight_mg,P-2_weight_percent,P-3_temperature_C,P-3_weight_mg,P-3_weight_percent,P-4_temperature_C,P-4_weight_mg,P-4_weight_percent
30.01795,4.00608,99.99988,30.0669,4.37565,100.00005,22.86942,7.9711,99.99414,25.62263,4.16865,100.68718
30.09522,4.00626,100.00442,30.15302,4.3754,99.99429,22.88034,7.97142,99.99799,25.6315,4.16869,100.68818
30.17254,4.00604,99.99905,30.2365,4.3749,99.98286,22.89101,7.97069,99.98904,25.64334,4.16872,100.68876
30.24978,4.00613,100.0012,30.32124,4.37466,99.97747,22.90657,7.96982,99.97832,25.66022,4.16849,100.68345
30.32707,4.0062,100.00305,30.40463,4.37485,99.98163,22.92366,7.96961,99.97571,25.67932,4.16824,100.67773
30.40778,4.00603,99.99873,30.48902,4.37525,99.99095,22.94131,7.97,99.98062,25.70363,4.16819,100.6765
30.48558,4.0057,99.99041,30.57464,4.37537,99.99369,22.95952,7.97027,99.98384,25.72848,4.16812,100.67495
30.56614,4.00571,99.99066,30.65748,4.37512,99.9878,22.9789,7.97004,99.9811,25.75938,4.16792,100.67013
30.64426,4.0062,100.00287,30.74274,4.37483,99.98133,23.00142,7.96959,99.97549,25.78804,4.16771,100.66531
30.72212,4.00664,100.0139,30.82682,4.37493,99.9835,23.02195,7.96921,99.97083,25.8258,4.16786,100.66881
30.8017,4.00677,100.01722,30.91318,4.37514,99.98844,23.04744,7.9694,99.97317,25.86214,4.16768,100.66466
30.882,4.00652,100.01111,30.99775,4.37534,99.99282,23.06707,7.96975,99.97747,25.899,4.16735,100.65692
30.95988,4.00638,100.00739,31.08072,4.37512,99.9878,23.09235,7.96959,99.97554,25.93825,4.16695,100.64783
31.04237,4.0064,100.00799,31.16496,4.37479,99.98035,23.11848,7.96914,99.97002,25.98146,4.16695,100.64765
31.1205,4.00667,100.01473,31.2507,4.3748,99.98057,23.1433,7.96917,99.97036,26.02797,4.16703,100.64959
31.20176,4.00685,100.0193,31.33664,4.37519,99.98949,23.16963,7.9696,99.97561,26.0718,4.16688,100.64612
31.28312,4.00654,100.01141,31.42185,4.37539,99.99415,23.1968,7.97001,99.98063,26.11866,4.16659,100.63944
31.36176,4.00633,100.00612,31.5058,4.3752,99.98981,23.22445,7.96988,99.97911,26.16776,4.16686,100.64565
31.44213,4.00654,100.01148,31.59088,4.37481,99.98069,23.25299,7.96949,99.97433,26.2218,4.1672,100.65353
31.52249,4.00687,100.01965,31.6743,4.37472,99.97865,23.28284,7.96945,99.97372,26.27496,4.16726,100.6549
31.60391,4.00683,100.01862,31.76121,4.37516,99.98871,23.31239,7.96965,99.9763,26.32846,4.16708,100.65066
31.68586,4.00646,100.00949,31.84404,4.37541,99.99452,23.33996,7.96982,99.97839,26.3837,4.16707,100.65045
31.76758,4.00636,100.00699,31.92889,4.37509,99.98725,23.37058,7.9698,99.97813,26.4422,4.16733,100.65655
31.846,4.00706,100.02454,32.01472,4.37458,99.97546,23.4011,7.96974,99.97738,26.5045,4.16726,100.65483
31.92949,4.00764,100.03889,32.09942,4.37431,99.96938,23.43432,7.96987,99.97898,26.56629,4.167,100.64878
32.01031,4.00755,100.03657,32.18169,4.37459,99.97573,23.46765,7.97021,99.98321,26.62756,4.16693,100.64728
32.08931,4.00723,100.02873,32.26787,4.375,99.98519,23.50011,7.97074,99.98968,26.6908,4.16692,100.64714
32.1734,4.00686,100.0195,32.35149,4.37492,99.98323,23.53442,7.97086,99.99114,26.75852,4.16687,100.64579
32.255,4.00678,100.0175,32.43561,4.37453,99.97431,23.56897,7.9704,99.9855,26.82404,4.16683,100.64491
32.33925,4.00719,100.02766,32.51994,4.37431,99.96928,23.60535,7.97008,99.9816,26.8934,4.16704,100.64971
32.42207,4.00734,100.03155,32.60503,4.37444,99.97242,23.64347,7.97036,99.98495,26.96475,4.16733,100.65655
32.50321,4.00664,100.0139,32.68931,4.37481,99.98078,23.68226,7.97062,99.9882,27.03689,4.16751,100.66065
32.58982,4.00622,100.00362,32.77534,4.37496,99.98423,23.7181,7.97073,99.98953,27.11103,4.16752,100.661
32.66802,4.00647,100.00969,32.85976,4.37466,99.97731,23.75528,7.97072,99.98946,27.18818,4.16746,100.65949
32.75023,4.00674,100.0164,32.94365,4.37433,99.96979,23.79268,7.97028,99.98407,27.26424,4.16725,100.65481
32.8326,4.00656,100.01208,33.02988,4.37446,99.97287,23.83133,7.97015,99.98242,27.3436,4.16702,100.64929
32.91548,4.00628,100.00507,33.11196,4.37487,99.98227,23.87085,7.97046,99.98629,27.4251,4.16667,100.6413
32.9981,4.00582,99.99346,33.19838,4.37511,99.98766,23.91258,7.97087,99.99129,27.5058,4.16635,100.63377
33.08102,4.00554,99.98645,33.27942,4.37483,99.98117,23.95242,7.97084,99.99096,27.59068,4.16623,100.63096
33.16346,4.00515,99.97684,33.36526,4.37432,99.96963,23.99248,7.97054,99.98721,27.6732,4.16607,100.62728
33.24513,4.00488,99.97005,33.4512,4.37429,99.96896,24.03712,7.9702,99.98296,27.7589,4.16592,100.62389
33.32788,4.00447,99.95991,33.5358,4.37465,99.97724,24.0803,7.97032,99.9845,27.84729,4.1657,100.6187
33.41147,4.00405,99.94938,33.61722,4.37477,99.9798,24.12527,7.97053,99.98711,27.93672,4.16561,100.61669
33.49456,4.00384,99.94408,33.70244,4.37458,99.97557,24.17045,7.97033,99.9846,28.02728,4.16584,100.62206
33.5784,4.00433,99.95642,33.78628,4.37414,99.96545,24.2166,7.96997,99.98022,28.12156,4.16594,100.62438
33.66045,4.00465,99.9643,33.87228,4.37408,99.96407,24.2596,7.96993,99.97969,28.21458,4.16582,100.62146
33.74232,4.00433,99.95632,33.95686,4.37436,99.97047,24.30658,7.97035,99.98487,28.30955,4.16572,100.61928
33.82886,4.0038,99.94316,34.04,4.37442,99.97184,24.35582,7.97073,99.98958,28.40418,4.16608,100.62762
33.91164,4.00366,99.93964,34.12492,4.37421,99.967,24.40062,7.97088,99.9914,28.50151,4.16659,100.63928
33.99465,4.00414,99.95152,34.20991,4.37378,99.95738,24.44986,7.97075,99.9898,28.6033,4.16658,100.63917
34.07793,4.00414,99.9515,34.29248,4.37358,99.95278,24.49866,7.97071,99.9893,28.7004,4.16641,100.63518
34.16344,4.00363,99.93889,34.37664,4.37384,99.95859,24.54773,7.9709,99.99168,28.80467,4.16665,100.64086
34.24465,4.00327,99.92983,34.46072,4.37417,99.96622,24.59628,7.97118,99.99505,28.9106,4.16688,100.64623
34.32724,4.00356,99.9371,34.54444,4.37421,99.967,24.64728,7.97124,99.99587,29.01239,4.16673,100.64273
34.41303,4.00421,99.95337,34.62768,4.37397,99.96165,24.69901,7.97109,99.99395,29.12014,4.16625,100.63147
34.49702,4.0047,99.96563,34.71247,4.37375,99.95649,24.75114,7.97123,99.99569,29.22797,4.1659,100.62341
34.57996,4.00502,99.97364,34.79626,4.37385,99.95891,24.80411,7.9715,99.99898,29.33412,4.16581,100.62137
34.66272,4.0051,99.97559,34.88028,4.37425,99.96805,24.85608,7.97158,100,29.44498,4.16585,100.62229
34.74552,4.00523,99.97886,34.96267,4.37441,99.97164,24.90696,7.97124,99.99589,29.55489,4.1657,100.61886
34.82955,4.00603,99.99885,35.04942,4.37417,99.96622,24.96222,7.97077,99.99,29.67102,4.16566,100.61784
34.91461,4.00685,100.0191,35.13256,4.37392,99.96051,25.01708,7.97058,99.98772,29.7828,4.16548,100.61358
34.99597,4.00679,100.01767,35.21582,4.3739,99.95991,25.07239,7.97074,99.98965,29.89758,4.16517,100.60647
35.0788,4.00634,100.00639,35.29965,4.37409,99.96444,25.12834,7.97096,99.99239,30.0144,4.16504,100.60343
35.16465,4.0064,100.00789,35.38272,4.37425,99.96796,25.18196,7.97088,99.9914,30.13365,4.16508,100.60445
35.24948,4.0069,100.02039,35.46576,4.37409,99.96433,25.24085,7.97068,99.98893,30.25226,4.16501,100.60269
35.33069,4.00745,100.0342,35.55008,4.37377,99.95713,25.29624,7.9705,99.98671,30.36942,4.1649,100.60028
35.4158,4.00724,100.02886,35.63541,4.37362,99.95372,25.35497,7.97047,99.9864,30.49076,4.16501,100.60273
35.49818,4.00659,100.01273,35.71398,4.37373,99.9561,25.41314,7.97075,99.98976,30.61394,4.16503,100.60327
35.5822,4.00628,100.00502,35.7995,4.3739,99.96001,25.47099,7.97101,99.99295,30.73503,4.16497,100.60185
35.66719,4.00651,100.01078,35.88144,4.37381,99.95802,25.53233,7.97097,99.99253,30.86095,4.16491,100.60037
35.74951,4.00677,100.01725,35.96597,4.37365,99.95434,25.58871,7.97088,99.9914,30.98606,4.16498,100.60204
35.83322,4.00666,100.01448,36.04733,4.37352,99.95123,25.6519,7.9712,99.99531,31.11245,4.16523,100.60779
35.91745,4.00611,100.00065,36.13215,4.37353,99.9515,25.71196,7.97136,99.99738,31.23935,4.16512,100.60524
36.00017,4.00572,99.99101,36.2156,4.37366,99.95443,25.77379,7.97126,99.99603,31.36788,4.16458,100.59282
36.08355,4.00592,99.99601,36.29753,4.37371,99.95571,25.83386,7.97108,99.99391,31.49763,4.16427,100.58559
36.16825,4.0062,100.00302,36.382,4.37354,99.95169,25.89796,7.97098,99.99266,31.62869,4.164,100.57937
36.25192,4.00619,100.00272,36.46533,4.37324,99.94483,25.96154,7.97102,99.99313,31.75688,4.16385,100.5759
36.3356,4.00563,99.98872,36.54742,4.37314,99.94271,26.0254,7.97105,99.99354,31.8909,4.16373,100.57321
36.41826,4.00547,99.98482,36.62978,4.37305,99.94051,26.08679,7.97097,99.99253,32.02162,4.16352,100.56813
36.5035,4.00582,99.99358,36.71196,4.37295,99.93839,26.15232,7.97081,99.99048,32.1559,4.16345,100.56663
36.58525,4.00622,100.00344,36.79612,4.37288,99.93665,26.2164,7.97066,99.98865,32.29118,4.16343,100.56612
36.66821,4.00588,99.99511,36.87843,4.37278,99.93441,26.28247,7.97074,99.98965,32.42886,4.16318,100.56037
36.75266,4.00512,99.97616,36.9634,4.37271,99.93272,26.3482,7.97117,99.99492,32.56436,4.16313,100.55919
36.83478,4.00476,99.96695,37.04625,4.37268,99.93203,26.41396,7.97131,99.99674,32.70344,4.1628,100.55168
36.91906,4.00495,99.97174,37.12681,4.3727,99.93249,26.47946,7.97103,99.99325,32.8413,4.16237,100.54162
37.00637,4.0053,99.98058,37.20801,4.37276,99.93391,26.54588,7.97051,99.98689,32.97902,4.16218,100.5371
37.0863,4.00551,99.98587,37.2921,4.3728,99.93487,26.61313,7.9706,99.98801,33.12054,4.1623,100.54002
37.1715,4.00525,99.97928,37.37614,4.37277,99.93414,26.68268,7.97089,99.99152,33.26139,4.16225,100.53882
37.25461,4.00505,99.97429,37.4606,4.37287,99.93656,26.74714,7.97087,99.99128,33.40325,4.16195,100.53194
37.34006,4.00541,99.98328,37.53964,4.37302,99.93999,26.81746,7.9705,99.98671,33.54384,4.16164,100.5247
37.42097,4.00592,99.99596,37.6211,4.37313,99.94236,26.88417,7.97028,99.98395,33.6881,4.16162,100.52422
37.5053,4.00571,99.99066,37.70348,4.37304,99.94035,26.95838,7.97032,99.9845,33.82938,4.16165,100.52503
37.58947,4.00521,99.97831,37.78632,4.37293,99.93793,27.02628,7.9707,99.98913,33.97561,4.16144,100.52
37.67202,4.00493,99.97119,37.86948,4.37274,99.93356,27.09482,7.97098,99.99268,34.12237,4.16104,100.5108
37.75369,4.00514,99.97666,37.9522,4.37267,99.9318,27.16664,7.97078,99.99016,34.2656,4.16066,100.50197
37.83982,4.00543,99.98382,38.03318,4.37264,99.93123,27.23683,7.97053,99.98711,34.41352,4.16032,100.49414
37.92494,4.00515,99.97679,38.11608,4.37261,99.9305,27.30701,7.97048,99.98641,34.56137,4.16007,100.48839
38.00512,4.00452,99.96116,38.197,4.37262,99.93071,27.38016,7.97089,99.99154,34.7102,4.15993,100.4851
38.0876,4.00389,99.94523,38.2777,4.37258,99.92991,27.4517,7.97129,99.99643,34.85803,4.15982,100.48248
38.17081,4.00384,99.94408,38.36372,4.37239,99.92559,27.52342,7.97129,99.99644,35.00726,4.15961,100.47759
38.25618,4.00439,99.95771,38.4458,4.37235,99.92467,27.59526,7.97121,99.99549,35.15796,4.15933,100.47119
38.338,4.00439,99.95791,38.52691,4.37245,99.92687,27.66769,7.97127,99.99626,35.30622,4.15918,100.46776
38.4208,4.00358,99.93759,38.60866,4.37255,99.92915,27.7415,7.97142,99.99805,35.4608,4.1591,100.46577
38.50294,4.00301,99.92337,38.69206,4.37253,99.92879,27.81446,7.97132,99.99681,35.60934,4.15892,100.46165
38.58534,4.00342,99.9335,38.77187,4.37245,99.92682,27.88706,7.97111,99.99426,35.76253,4.15876,100.45787
38.66794,4.00442,99.95856,38.85406,4.37232,99.92385,27.96044,7.9707,99.98923,35.91262,4.15861,100.45448
38.75174,4.00473,99.9663,38.938,4.37233,99.92417,28.03615,7.97036,99.98501,36.06826,4.15849,100.45163
38.83414,4.00431,99.95587,39.01882,4.37236,99.92479,28.11038,7.97038,99.98527,36.22112,4.15823,100.44561
38.91756,4.00337,99.93225,39.09909,4.37234,99.92426,28.1845,7.97048,99.98641,36.37561,4.15795,100.43917
39.00163,4.00334,99.93163,39.1835,4.37226,99.92243,28.25954,7.9703,99.9842,36.52995,4.15765,100.43212
39.08056,4.00404,99.94903,39.26324,4.37211,99.9191,28.33336,7.96999,99.98046,36.68448,4.15752,100.42925
39.16523,4.00476,99.9671,39.34748,4.37209,99.91862,28.40941,7.96981,99.97818,36.84107,4.15723,100.42257
39.24645,4.00453,99.96128,39.42914,4.37208,99.91839,28.48518,7.96994,99.97978,36.99386,4.157,100.41722
39.32952,4.00408,99.95013,39.50974,4.37204,99.91752,28.5614,7.97023,99.98335,37.15355,4.15696,100.41611
39.41338,4.00396,99.94716,39.58982,4.37191,99.91446,28.63815,7.97011,99.98189,37.30952,4.15675,100.41145
39.4932,4.00432,99.95602,39.67122,4.37174,99.9106,28.71594,7.96976,99.97759,37.46652,4.15632,100.40132
39.57992,4.00477,99.9674,39.75407,4.37162,99.90801,28.79204,7.96957,99.9752,37.62394,4.15601,100.39411
39.66324,4.0044,99.95806,39.83255,4.37159,99.90731,28.86547,7.96974,99.97731,37.7821,4.15594,100.39254
39.74324,4.00403,99.9487,39.91519,4.37165,99.90859,28.94572,7.97013,99.98216,37.93998,4.15572,100.38744
39.82562,4.00452,99.96111,39.99797,4.37176,99.91121,29.02526,7.97038,99.98527,38.10024,4.15544,100.38095
39.90838,4.00559,99.98764,40.07717,4.37168,99.90927,29.10152,7.97032,99.9845,38.2577,4.15535,100.37891
39.9906,4.00622,100.00344,40.16039,4.37155,99.90623,29.17948,7.97018,99.98278,38.41837,4.15532,100.37826
40.0727,4.00603,99.99865,40.24128,4.37147,99.90443,29.25715,7.97018,99.98284,38.5769,4.15526,100.37676
40.15559,4.00557,99.98729,40.3238,4.37153,99.90593,29.3359,7.97039,99.98532,38.73678,4.15512,100.3736
40.2377,4.00565,99.98932,40.40376,4.37162,99.90799,29.41312,7.97037,99.98507,38.89996,4.15517,100.37474
40.31932,4.00637,100.00729,40.48556,4.37158,99.90703,29.49232,7.96992,99.9796,39.05898,4.15534,100.37859
40.4027,4.00697,100.02232,40.56687,4.37135,99.90173,29.57284,7.96945,99.97377,39.21875,4.15538,100.37965
40.48605,4.00729,100.03015,40.64783,4.37123,99.89894,29.6522,7.96936,99.97265,39.37898,4.15523,100.37606
40.56848,4.00672,100.01588,40.73002,4.37122,99.8988,29.72879,7.96969,99.97679,39.543,4.15522,100.3759
40.64783,4.0065,100.01048,40.80918,4.37131,99.90091,29.81011,7.96998,99.98031,39.70588,4.15539,100.37975
40.73105,4.00667,100.01473,40.88933,4.37128,99.90015,29.88983,7.96985,99.97875,39.86777,4.15541,100.38032
40.81389,4.00658,100.01238,40.97191,4.3712,99.89842,29.97205,7.96971,99.97704,40.03203,4.15534,100.37879
40.89394,4.00615,100.00165,41.05313,4.37111,99.89631,30.05039,7.96976,99.97759,40.19357,4.1555,100.38234
40.97709,4.0057,99.99049,41.13333,4.37099,99.89348,30.12987,7.96984,99.97863,40.35633,4.15552,100.38273
41.06126,4.00581,99.99336,41.21504,4.37089,99.89122,30.20986,7.96965,99.97622,40.51844,4.15519,100.37511
41.14254,4.0066,100.01301,41.29428,4.37078,99.88863,30.29216,7.96948,99.97413,40.683,4.15508,100.37261
41.2222,4.00689,100.02017,41.37589,4.37065,99.88573,30.36925,7.96938,99.97295,40.84636,4.1551,100.37316
41.30789,4.00629,100.00517,41.45515,4.37049,99.88205,30.45073,7.96952,99.9746,41.00944,4.15487,100.36776
41.39011,4.00571,99.99066,41.53714,4.37035,99.87897,30.5312,7.96981,99.97825,41.17488,4.1544,100.35689
41.47085,4.00581,99.99316,41.61688,4.37033,99.8783,30.61448,7.96987,99.97896,41.33866,4.15403,100.34827
41.55466,4.00652,100.01098,41.69866,4.3704,99.88009,30.69494,7.96972,99.97711,41.50276,4.15376,100.34211
41.63451,4.00703,100.02381,41.78156,4.37034,99.87858,30.77652,7.96952,99.97462,41.66922,4.15362,100.33884
41.71616,4.00673,100.01613,41.86287,4.37021,99.87565,30.85725,7.96948,99.97411,41.83515,4.15348,100.33548
41.79925,4.00587,99.99468,41.94198,4.37021,99.87558,30.93924,7.96971,99.97695,41.9976,4.15352,100.33648
41.88187,4.00584,99.99406,42.02244,4.3703,99.87773,31.02124,7.96991,99.97943,42.16324,4.15336,100.3327
41.9629,4.00669,100.01518,42.10476,4.37046,99.88146,31.10515,7.96975,99.97744,42.32802,4.15296,100.32341
42.04396,4.00716,100.02691,42.18442,4.37045,99.88105,31.18647,7.96957,99.97533,42.49538,4.15279,100.31958
42.12476,4.00667,100.01483,42.26719,4.37044,99.88093,31.26975,7.96969,99.97675,42.66322,4.15234,100.30925
42.20629,4.00586,99.99441,42.34532,4.37034,99.87865,31.35074,7.96987,99.97891,42.82648,4.15182,100.29706
42.28794,4.00568,99.99002,42.42746,4.37031,99.87787,31.43163,7.97004,99.98103,42.99328,4.15114,100.28134
42.3678,4.00599,99.99785,42.51104,4.37031,99.87801,31.5142,7.96996,99.98002,43.1588,4.15055,100.26762
42.4484,4.00617,100.00225,42.58674,4.37027,99.87696,31.59629,7.96976,99.97763,43.32403,4.15003,100.2555
42.53347,4.00559,99.98787,42.66644,4.37018,99.87494,31.67766,7.96974,99.97736,43.49035,4.14945,100.24225
42.61363,4.00483,99.96867,42.74929,4.37009,99.87293,31.76075,7.96981,99.97826,43.65711,4.14892,100.22994
42.69735,4.00457,99.96228,42.8297,4.37006,99.87225,31.84265,7.96988,99.97914,43.8235,4.14848,100.21975
42.77669,4.0048,99.96807,42.90969,4.37013,99.87394,31.9262,7.96972,99.97711,43.99131,4.14811,100.21108
42.86026,4.00496,99.97212,42.99042,4.37002,99.87133,32.00627,7.96952,99.97462,44.15694,4.14772,100.20213
42.94116,4.00486,99.96965,43.07175,4.36982,99.86679,32.09032,7.96944,99.97364,44.32494,4.14745,100.19587
43.02203,4.00442,99.95849,43.15309,4.3697,99.86413,32.17438,7.96961,99.97576,44.49216,4.14707,100.18702
43.10473,4.00412,99.95107,43.23158,4.3697,99.86409,32.25742,7.96959,99.97551,44.65706,4.14668,100.17789
43.18426,4.00456,99.96211,43.3141,4.36974,99.86482,32.34044,7.96933,99.97226,44.82432,4.14624,100.16788
43.26717,4.00511,99.97584,43.39541,4.36984,99.86722,32.42423,7.96912,99.96967,44.991,4.14582,100.15815
43.34662,4.00509,99.97536,43.47459,4.36982,99.86685,32.50576,7.96905,99.96886,45.15721,4.14563,100.15356
43.42944,4.00464,99.964,43.55665,4.36981,99.86658,32.58932,7.96927,99.97152,45.32568,4.14553,100.15129
43.50671,4.00465,99.96423,43.63469,4.36983,99.86706,32.67292,7.96938,99.97286,45.49102,4.14527,100.14531
43.58912,4.0053,99.98043,43.71456,4.36985,99.86738,32.7549,7.96937,99.97281,45.6579,4.14497,100.13847
43.67119,4.00592,99.99601,43.7958,4.36979,99.86612,32.83978,7.96929,99.97181,45.8249,4.14496,100.1381
43.7517,4.00584,99.99391,43.87818,4.36969,99.86388,32.92005,7.96929,99.97186,45.99324,4.14483,100.13499
43.83148,4.00525,99.97926,43.95664,4.36952,99.85982,33.0064,7.96939,99.97303,46.16123,4.14476,100.13349
43.91328,4.00498,99.97259,44.03761,4.36935,99.85598,33.0886,7.96934,99.97239,46.32705,4.14445,100.12626
43.99372,4.00516,99.97716,44.12084,4.36945,99.85822,33.17237,7.96924,99.97115,46.49317,4.14414,100.11921
44.07382,4.00534,99.98163,44.19812,4.36958,99.86125,33.25442,7.96917,99.97034,46.66256,4.14395,100.11465
44.15809,4.00515,99.97689,44.28078,4.36962,99.86215,33.3385,7.96911,99.96962,46.82693,4.14365,100.10772
44.23867,4.00492,99.97109,44.35985,4.36952,99.85991,33.4198,7.96925,99.97133,46.99704,4.14344,100.10283
44.31934,4.00474,99.96653,44.43936,4.36944,99.85817,33.50352,7.96938,99.97295,47.16281,4.1434,100.10192
44.3991,4.00503,99.97389,44.52149,4.3695,99.85954,33.58878,7.96934,99.97242,47.33088,4.14295,100.09163
44.48026,4.00526,99.97943,44.60175,4.36959,99.86141,33.67096,7.96902,99.96844,47.49562,4.14242,100.07924
44.5605,4.00523,99.97888,44.68276,4.36953,99.86023,33.75459,7.96871,99.96466,47.65952,4.14199,100.06934
44.6413,4.0051,99.97554,44.75982,4.36943,99.85776,33.83942,7.96877,99.96538,47.83148,4.14206,100.07092
44.72072,4.00503,99.97371,44.842,4.36937,99.85639,33.92263,7.96899,99.96806,47.9997,4.14189,100.06695
44.80279,4.0052,99.97796,44.92139,4.36932,99.85538,34.00709,7.96892,99.96728,48.16289,4.14144,100.05655
44.88402,4.00548,99.98497,45.00317,4.36929,99.85467,34.08867,7.96867,99.96415,48.33199,4.14121,100.05124
44.964,4.00537,99.98225,45.08256,4.36927,99.85428,34.17474,7.96837,99.96042,48.49756,4.14111,100.04881
45.04446,4.00511,99.97566,45.16422,4.36913,99.85108,34.25624,7.96837,99.96043,48.66366,4.14095,100.04508
45.12474,4.00499,99.97269,45.2457,4.36911,99.85054,34.33909,7.96879,99.9657,48.83117,4.14067,100.03879
45.20828,4.00521,99.97831,45.32562,4.36902,99.84843,34.42295,7.96908,99.96923,48.99978,4.14063,100.03773
45.28928,4.00567,99.98977,45.40566,4.36904,99.84901,34.50684,7.96905,99.96882,49.16626,4.14052,100.03532
45.36938,4.00583,99.99386,45.48698,4.36907,99.84967,34.59044,7.96899,99.96809,49.33407,4.14034,100.03098
45.45128,4.00591,99.99566,45.56652,4.36895,99.84679,34.67661,7.9691,99.96951,49.50131,4.1402,100.02774
45.53054,4.00607,99.99975,45.64539,4.36881,99.84363,34.75956,7.96921,99.97082,49.66873,4.13995,100.02192
45.61028,4.00636,100.00699,45.72582,4.36891,99.84587,34.84384,7.9693,99.97194,49.83333,4.13976,100.01773
45.69127,4.00624,100.00397,45.8057,4.36899,99.84789,34.9268,7.96917,99.97034,50.00146,4.13944,100.01015
45.77293,4.00594,99.99661,45.88783,4.36894,99.84656,35.00987,7.96904,99.96874,50.1691,4.13896,99.99898
45.85338,4.00558,99.98742,45.96668,4.36872,99.84167,35.09394,7.96892,99.96732,50.33587,4.13858,99.99027
45.93256,4.0054,99.98298,46.04788,4.36868,99.84071,35.17854,7.96881,99.96593,50.5017,4.1384,99.98605
46.01364,4.00534,99.9815,46.12878,4.36877,99.84267,35.26145,7.96864,99.96377,50.66769,4.13822,99.98197
46.0944,4.00569,99.99024,46.20822,4.36889,99.84549,35.34218,7.96854,99.96258,50.83426,4.13813,99.97986
46.17604,4.00575,99.99166,46.28612,4.36898,99.84752,35.42576,7.96869,99.96444,50.99975,4.13814,99.98019
46.25562,4.00555,99.98672,46.36658,4.36902,99.84843,35.5102,7.96884,99.96625,51.1666,4.13802,99.97736
46.33511,4.00572,99.99091,46.44762,4.36913,99.85102,35.59532,7.96887,99.96667,51.33302,4.13771,99.96999
46.41684,4.00632,100.00602,46.52966,4.36928,99.85451,35.67578,7.9688,99.96579,51.49963,4.13727,99.95979
46.49717,4.0067,100.01538,46.60986,4.36936,99.8562,35.76313,7.96875,99.96516,51.6682,4.13698,99.95314
46.5778,4.00655,100.01173,46.6893,4.36932,99.85536,35.84544,7.96859,99.9632,51.8321,4.13677,99.94832
46.65875,4.00639,100.00769,46.76824,4.36925,99.85383,35.9277,7.96863,99.96371,51.99772,4.13662,99.94482
46.73898,4.00651,100.01073,46.84912,4.3692,99.8525,36.01191,7.96868,99.96428,52.16712,4.1365,99.94202
46.81822,4.00696,100.02207,46.92981,4.36909,99.84999,36.09398,7.96859,99.9632,52.3304,4.13614,99.93367
46.89902,4.00738,100.03235,47.01164,4.36912,99.85086,36.17837,7.96856,99.96277,52.49785,4.13578,99.9254
46.982,4.00732,100.031,47.08998,4.36918,99.85218,36.26374,7.96868,99.96428,52.66168,4.13561,99.92134
47.0614,4.00682,100.01852,47.17143,4.36911,99.85054,36.3475,7.96889,99.96689,52.82868,4.1355,99.91884
47.14,4.00663,100.01378,47.25162,4.36911,99.85047,36.432,7.96915,99.97009,52.9958,4.13535,99.91541
47.22094,4.00701,100.02314,47.32857,4.3692,99.85268,36.5135,7.96933,99.9723,53.1615,4.13507,99.90902
47.29933,4.00718,100.02741,47.40943,4.36927,99.8541,36.59985,7.96926,99.97149,53.32472,4.13467,99.89956
47.38309,4.00669,100.01523,47.49,4.36935,99.85595,36.6801,7.96918,99.97041,53.49213,4.13439,99.89319
47.46279,4.0061,100.00045,47.57093,4.36942,99.85767,36.76494,7.96926,99.9714,53.6591,4.1342,99.88888
47.54348,4.00608,100.00012,47.6537,4.36933,99.85552,36.84556,7.96946,99.97388,53.823,4.13418,99.88825
47.62298,4.00651,100.01073,47.73214,4.36924,99.85355,36.93059,7.96953,99.97475,53.98716,4.13391,99.88204
47.70269,4.00687,100.0196,47.81439,4.36911,99.85063,37.01361,7.96924,99.97126,54.15418,4.13376,99.87849
47.78546,4.00698,100.02247,47.89615,4.36913,99.85106,37.09746,7.96897,99.96787,54.3185,4.13373,99.87782
47.86484,4.00681,100.01815,47.97662,4.36912,99.85077,37.18,7.96879,99.96567,54.48526,4.13352,99.87309
47.94619,4.00656,100.01201,48.0554,4.36896,99.84715,37.26168,7.96881,99.96595,54.65184,4.13333,99.86862
48.02643,4.00673,100.01613,48.13675,4.3689,99.84569,37.34408,7.96876,99.96531,54.81463,4.13319,99.86545
48.1075,4.007,100.02292,48.21688,4.36896,99.84713,37.4287,7.96859,99.96315,54.98378,4.13294,99.85965
48.18511,4.00692,100.02087,48.2957,4.36912,99.85067,37.51083,7.96852,99.96238,55.14521,4.1327,99.85404
48.26742,4.00626,100.00444,48.37803,4.36923,99.85326,37.59554,7.96876,99.9653,55.31132,4.13241,99.84739
48.34821,4.00572,99.99099,48.45654,4.36935,99.85607,37.67708,7.96891,99.96708,55.4728,4.13226,99.84389
48.42996,4.00584,99.99398,48.53668,4.36934,99.85577,37.7594,7.96889,99.9669,55.63816,4.13209,99.83991
48.50761,4.00621,100.00327,48.61808,4.36936,99.85616,37.8437,7.96875,99.96514,55.80371,4.13183,99.8339
48.58906,4.00631,100.00569,48.69872,4.36939,99.85682,37.9275,7.9687,99.96455,55.96994,4.13171,99.83105
48.67003,4.00614,100.0015,48.77961,4.36948,99.85895,38.01052,7.96876,99.96524,56.13206,4.13159,99.82827
48.74983,4.00602,99.99855,48.85873,4.3695,99.85945,38.09133,7.96894,99.96756,56.2974,4.1313,99.82153
48.82936,4.0063,100.00542,48.94026,4.36945,99.85826,38.17395,7.96903,99.96864,56.45855,4.13123,99.81998
48.9121,4.00672,100.01603,49.02184,4.36932,99.85534,38.2555,7.96896,99.96776,56.6231,4.13102,99.81502
48.9904,4.0068,100.01792,49.10097,4.3693,99.85497,38.33751,7.96891,99.96716,56.78995,4.13087,99.81154
49.07217,4.0065,100.01058,49.18191,4.36925,99.85374,38.42313,7.96885,99.96643,56.95298,4.13057,99.80457
49.15264,4.0062,100.00307,49.26504,4.36923,99.85319,38.50664,7.96877,99.96541,57.11688,4.1303,99.79831
49.23101,4.00617,100.00225,49.34424,4.36923,99.85326,38.58936,7.9689,99.96705,57.28022,4.1301,99.7937
49.31215,4.00652,100.01101,49.42438,4.36934,99.85575,38.67023,7.96894,99.96755,57.44385,4.12998,99.79098
49.39386,4.00674,100.01657,49.50593,4.36934,99.85588,38.75214,7.96874,99.96503,57.6077,4.12985,99.788
49.47516,4.00674,100.01657,49.58803,4.36938,99.85664,38.83405,7.9687,99.96455,57.7726,4.12961,99.78241
49.55279,4.00642,100.00844,49.66592,4.36947,99.85876,38.91836,7.96877,99.96546,57.9351,4.12942,99.77798
49.63205,4.00635,100.00684,49.74948,4.3695,99.85945,38.99939,7.96868,99.96433,58.09974,4.12921,99.77321
49.71446,4.00654,100.01158,49.82832,4.36943,99.85776,39.08254,7.96854,99.96255,58.26404,4.12909,99.77038
49.79606,4.00673,100.01633,49.91066,4.36938,99.85664,39.16647,7.96844,99.96139,58.42794,4.12909,99.77038
49.87574,4.00647,100.00969,49.99132,4.36922,99.853,39.24759,7.96844,99.96132,58.5935,4.12907,99.76992
49.95562,4.00594,99.99638,50.07107,4.36911,99.85061,39.33082,7.96862,99.96359,58.75641,4.12905,99.76946
50.0328,4.00576,99.99191,50.15207,4.36895,99.84697,39.41245,7.96879,99.96568,58.91701,4.12885,99.7648
50.11584,4.00596,99.997,50.23117,4.36887,99.8451,39.49782,7.96878,99.96554,59.08203,4.12859,99.75879
50.19766,4.00617,100.00222,50.31295,4.36871,99.84128,39.57906,7.96865,99.96396,59.24406,4.12834,99.75295
50.27804,4.00596,99.99708,50.39416,4.36857,99.8382,39.66064,7.96856,99.96282,59.40792,4.12808,99.74691
50.36146,4.0059,99.99551,50.47296,4.36849,99.83632,39.7439,7.96858,99.96302,59.56967,4.12777,99.73979
50.44019,4.00619,100.00277,50.55548,4.36853,99.83728,39.82524,7.96854,99.96255,59.73172,4.12757,99.73502
50.52084,4.00664,100.01393,50.63562,4.36865,99.83993,39.90723,7.96848,99.96186,59.89678,4.12748,99.73293
50.59928,4.00682,100.01857,50.71479,4.36871,99.8413,39.988,7.96849,99.96194,60.05993,4.12744,99.73212
50.68128,4.00684,100.01887,50.79602,4.36855,99.83774,40.06895,7.96851,99.96219,60.22281,4.12739,99.73082
50.76259,4.00686,100.01945,50.87783,4.36844,99.83532,40.1524,7.96845,99.96145,60.38584,4.12728,99.72841
50.84364,4.00693,100.02112,50.9575,4.36835,99.83312,40.2343,7.96839,99.9607,60.54951,4.12724,99.72751
50.92288,4.00697,100.02222,51.03799,4.36843,99.83488,40.316,7.96845,99.96144,60.7093,4.12714,99.72514
51.00463,4.00704,100.02386,51.11954,4.3685,99.83669,40.3993,7.96853,99.96243,60.8721,4.12687,99.71877
51.08316,4.00691,100.02082,51.19942,4.36855,99.83765,40.4788,7.96841,99.961,61.0325,4.12666,99.71409
51.16565,4.00687,100.0196,51.2812,4.36854,99.83746,40.56124,7.96839,99.96073,61.1987,4.1265,99.71024
51.24653,4.00694,100.02147,51.36117,4.36858,99.83847,40.6435,7.96849,99.96191,61.35884,4.12643,99.70874
51.32511,4.00692,100.02087,51.44264,4.36889,99.84542,40.72336,7.96835,99.96024,61.52082,4.12639,99.70769
51.40712,4.00693,100.02124,51.52572,4.36909,99.85017,40.80811,7.968,99.95595,61.68416,4.12645,99.70911
51.48489,4.00688,100.02007,51.60313,4.36918,99.85204,40.89032,7.9677,99.95223,61.84726,4.12636,99.70702
51.56746,4.00671,100.01585,51.68343,4.36922,99.853,40.97209,7.96774,99.9527,62.0094,4.12606,99.70012
51.64986,4.00671,100.01568,51.76521,4.36903,99.84862,41.05588,7.96791,99.95475,62.1711,4.12579,99.69384
51.7305,4.0068,100.01787,51.84646,4.36885,99.84469,41.1381,7.96801,99.95602,62.33296,4.12562,99.68983
51.80954,4.00678,100.01735,51.92884,4.36865,99.83993,41.21822,7.96807,99.95679,62.49566,4.1255,99.68714
51.88735,4.0066,100.01293,52.01122,4.36846,99.8357,41.2976,7.96806,99.95669,62.65802,4.12535,99.68362
51.96937,4.00636,100.00686,52.09146,4.3683,99.83212,41.37951,7.96824,99.95883,62.82029,4.12506,99.67701
52.05152,4.00646,100.00949,52.17183,4.36807,99.82677,41.4587,7.96837,99.96046,62.98307,4.12481,99.67108
52.13208,4.00676,100.0171,52.255,4.36798,99.82467,41.54209,7.96832,99.95982,63.14392,4.1247,99.66869
52.21197,4.00678,100.0176,52.33442,4.36801,99.82531,41.62333,7.96829,99.95953,63.30663,4.1247,99.6686
52.2916,4.00671,100.0157,52.41304,4.3681,99.82745,41.70554,7.96837,99.96053,63.46781,4.12469,99.66837
52.37305,4.00656,100.01206,52.49546,4.36816,99.82883,41.78756,7.96856,99.96285,63.62934,4.12461,99.66642
52.45136,4.00642,100.00841,52.57828,4.36821,99.83001,41.86887,7.96858,99.96308,63.79194,4.12435,99.66039
52.53519,4.00652,100.01088,52.66127,4.36838,99.83394,41.95004,7.96849,99.96196,63.95513,4.124,99.65242
52.6158,4.00662,100.01338,52.74152,4.36835,99.83308,42.02981,7.96832,99.95988,64.1148,4.12395,99.65133
52.6968,4.00615,100.00187,52.82112,4.36816,99.82876,42.11234,7.96811,99.95733,64.27555,4.12406,99.65367
52.77746,4.00562,99.98842,52.90195,4.36798,99.8248,42.1934,7.96784,99.954,64.4371,4.12405,99.6536
52.85493,4.00554,99.98662,52.98344,4.36795,99.82405,42.27464,7.96769,99.95208,64.60097,4.1239,99.65006
52.93654,4.00577,99.99214,53.06636,4.36809,99.82713,42.3558,7.96758,99.95076,64.75965,4.12375,99.64658
53.01988,4.00592,99.99596,53.14678,4.3678,99.82064,42.43676,7.96756,99.95052,64.92176,4.1235,99.64079
53.1,4.00585,99.99421,53.22661,4.36791,99.82311,42.51664,7.96766,99.95177,65.08574,4.1234,99.63852
53.18084,4.00546,99.98457,53.30852,4.36791,99.82316,42.59758,7.96781,99.95355,65.24444,4.12313,99.63233
53.26285,4.00545,99.98422,53.39037,4.36775,99.81946,42.67882,7.96801,99.95603,65.40585,4.123,99.62915
53.3407,4.00589,99.99523,53.47193,4.36734,99.81018,42.75855,7.96829,99.9595,65.56898,4.12287,99.6263
53.42452,4.00618,100.0026,53.55408,4.36744,99.81228,42.83838,7.96847,99.96174,65.73043,4.12282,99.62512
53.50451,4.00623,100.00372,53.63594,4.36754,99.81463,42.92305,7.96854,99.96258,65.89116,4.1227,99.62216
53.5845,4.00607,99.99968,53.71528,4.36685,99.7988,43.00317,7.96862,99.96355,66.04976,4.12236,99.61428
53.66798,4.0059,99.99546,53.79914,4.36636,99.78773,43.08356,7.96878,99.96559,66.2125,4.12217,99.60997
53.7452,4.00592,99.99611,53.87906,4.36626,99.78531,43.1649,7.9688,99.96578,66.3749,4.12209,99.60809
53.8286,4.00601,99.99823,53.96099,4.36621,99.78433,43.24687,7.96855,99.9627,66.53528,4.12193,99.60447
53.90681,4.00603,99.9987,54.04248,4.3658,99.77487,43.32622,7.96838,99.96063,66.6953,4.12186,99.60273
53.98968,4.0062,100.00305,54.12516,4.36535,99.76467,43.40886,7.96827,99.95926,66.85868,4.12171,99.59933
54.0721,4.00643,100.00879,54.20537,4.36529,99.76335,43.48878,7.9684,99.96085,67.01813,4.12149,99.5943
54.15276,4.00647,100.00969,54.2852,4.36549,99.76776,43.56988,7.96846,99.9616,67.18101,4.12144,99.59298
54.2311,4.00645,100.00936,54.3677,4.36535,99.76465,43.65138,7.9683,99.95961,67.34081,4.12136,99.59117
54.3114,4.00636,100.00696,54.44832,4.36528,99.76292,43.73228,7.96812,99.95741,67.50158,4.12126,99.5889
54.39448,4.00617,100.00222,54.53049,4.36582,99.77532,43.81216,7.96806,99.9567,67.66234,4.12106,99.58413
54.47604,4.00606,99.9995,54.61262,4.3662,99.78401,43.89378,7.96817,99.95807,67.82178,4.12089,99.58023
54.55701,4.00615,100.0017,54.69532,4.36593,99.77777,43.97468,7.96816,99.95786,67.984,4.12068,99.5755
54.6374,4.00601,99.9982,54.77656,4.36568,99.77215,44.05351,7.96806,99.95661,68.14594,4.12068,99.57548
54.71784,4.00574,99.99161,54.857,4.36578,99.77434,44.13668,7.9679,99.95469,68.30706,4.12073,99.57664
54.79858,4.00561,99.98832,54.93848,4.36596,99.77862,44.21641,7.96778,99.95316,68.46516,4.12072,99.57645
54.88194,4.00565,99.98927,55.01882,4.36565,99.77155,44.29532,7.96773,99.95265,68.62712,4.12069,99.5756
54.96294,4.00581,99.99316,55.10288,4.36455,99.74632,44.37631,7.96773,99.95265,68.78696,4.12045,99.57001
55.04332,4.0058,99.99301,55.18334,4.36322,99.71597,44.4568,7.96775,99.95284,68.94889,4.1202,99.56426
55.12322,4.00553,99.98635,55.2659,4.36284,99.70715,44.53789,7.96781,99.9536,69.11006,4.12016,99.56331
55.20365,4.00537,99.9822,55.3475,4.36313,99.71376,44.61879,7.96774,99.95272,69.2688,4.12009,99.56174
55.28771,4.0054,99.98298,55.4293,4.36366,99.72589,44.69906,7.96768,99.95203,69.43038,4.12007,99.56121
55.36608,4.0056,99.98812,55.51035,4.3643,99.74066,44.78129,7.9677,99.95219,69.59136,4.11999,99.55942
55.44874,4.0057,99.99039,55.59093,4.36517,99.76045,44.86137,7.96784,99.95393,69.75397,4.11977,99.55425
55.5284,4.00574,99.99151,55.67598,4.36639,99.78831,44.94244,7.96802,99.95617,69.91482,4.11948,99.54758
55.60953,4.00561,99.98822,55.7561,4.36706,99.80364,45.02386,7.9683,99.95966,70.07247,4.11922,99.54153
55.69356,4.00551,99.98575,55.83688,4.36674,99.79633,45.10281,7.96821,99.95854,70.2362,4.11911,99.53907
55.77421,4.00575,99.99171,55.91914,4.36653,99.79153,45.18231,7.96798,99.95565,70.39254,4.11898,99.53594
55.8541,4.00601,99.99815,56.00049,4.36658,99.79274,45.26288,7.96766,99.95169,70.55454,4.1189,99.53418
55.93783,4.00604,99.9991,56.08271,4.36672,99.79598,45.34596,7.96755,99.95037,70.71818,4.11894,99.53504
56.0189,4.00586,99.99451,56.16438,4.36653,99.79167,45.42491,7.96753,99.95018,70.87731,4.11878,99.5314
56.09722,4.00561,99.98817,56.24654,4.36632,99.78689,45.50594,7.96739,99.94841,71.03694,4.11853,99.52552
56.17971,4.00553,99.9863,56.32772,4.36657,99.79244,45.58536,7.96742,99.9488,71.19876,4.11836,99.52165
56.26144,4.00564,99.98912,56.41123,4.3667,99.79537,45.66712,7.96755,99.95037,71.35813,4.11835,99.52139
56.34278,4.00585,99.99431,56.4917,4.36638,99.7881,45.74719,7.96753,99.95016,71.51753,4.11835,99.52144
56.42558,4.006,99.998,56.57365,4.36611,99.78207,45.82891,7.96758,99.9508,71.682,4.11839,99.52243
56.50751,4.00608,100.00012,56.65696,4.36619,99.78376,45.9072,7.96782,99.95366,71.84104,4.11845,99.52368
56.58856,4.00626,100.00449,56.73713,4.36616,99.78323,45.9874,7.96793,99.95507,72.00272,4.11819,99.51782
56.6696,4.00632,100.00592,56.82118,4.36584,99.7758,46.06887,7.96785,99.95409,72.16058,4.11802,99.5137
56.75136,4.00631,100.00584,56.9008,4.36565,99.77139,46.15166,7.96776,99.95294,72.3239,4.11794,99.51189
56.83281,4.00641,100.00824,56.98396,4.36589,99.77692,46.23148,7.96788,99.9544,72.48336,4.11784,99.50962
56.91281,4.00657,100.01223,57.06587,4.36598,99.7791,46.30988,7.96802,99.95616,72.64584,4.11785,99.50978
56.99524,4.00668,100.01498,57.14759,4.36561,99.77046,46.3913,7.96824,99.95888,72.80539,4.11777,99.50809
57.07412,4.00661,100.01313,57.22876,4.36539,99.76561,46.4718,7.96835,99.96024,72.96699,4.11755,99.50283
57.15738,4.00637,100.00714,57.31152,4.36566,99.7716,46.55403,7.96835,99.96026,73.12688,4.11737,99.49882
57.23916,4.00619,100.00285,57.39302,4.36586,99.77628,46.63215,7.96833,99.96001,73.2872,4.11727,99.49648
57.31926,4.00628,100.00489,57.47329,4.36547,99.76735,46.71308,7.96842,99.96104,73.4471,4.11703,99.49087
57.40151,4.00627,100.00464,57.55479,4.36517,99.76042,46.79302,7.96853,99.96243,73.608,4.11657,99.48019
57.48362,4.00636,100.00706,57.63968,4.36535,99.76463,46.87516,7.96818,99.95809,73.76816,4.11525,99.44964
57.56596,4.00631,100.00572,57.72118,4.36551,99.76829,46.95216,7.96787,99.95427,73.92939,4.11429,99.42739
57.64462,4.00604,99.999,57.80416,4.36531,99.76362,47.03382,7.96767,99.95191,74.09034,4.114,99.42058
57.72768,4.00582,99.99351,57.88537,4.36495,99.75542,47.1151,7.96776,99.95299,74.25046,4.11421,99.42549
57.8086,4.00577,99.99231,57.96729,4.365,99.75652,47.19353,7.96768,99.95193,74.4126,4.11463,99.43532
57.89182,4.00582,99.99341,58.04858,4.36497,99.7559,47.27566,7.96768,99.95197,74.57288,4.11509,99.44598
57.97411,4.00585,99.99421,58.12902,4.36487,99.75355,47.35733,7.96776,99.95298,74.7371,4.11694,99.48871
58.05551,4.00562,99.98852,58.21125,4.36486,99.75336,47.43713,7.96782,99.95372,74.89576,4.1174,99.49942
58.13628,4.00526,99.97958,58.29216,4.36493,99.75501,47.51816,7.96777,99.95307,75.05629,4.11695,99.48899
58.2186,4.00516,99.97706,58.37675,4.36491,99.75448,47.59641,7.96775,99.95283,75.21715,4.11644,99.4772
58.29824,4.00537,99.98228,58.45666,4.36493,99.75505,47.67866,7.96776,99.95291,75.37766,4.11616,99.47073
58.38075,4.00564,99.98904,58.54005,4.36509,99.75864,47.76011,7.96784,99.9539,75.53874,4.11617,99.47082
58.46339,4.00567,99.98987,58.62214,4.36526,99.76255,47.84016,7.968,99.95597,75.70129,4.1162,99.47161
58.5455,4.00551,99.98577,58.7043,4.36535,99.7647,47.9186,7.96796,99.95547,75.86316,4.11616,99.47073
58.6271,4.00541,99.98318,58.787,4.36525,99.76228,48.0002,7.96779,99.9534,76.02184,4.11654,99.4794
58.70639,4.00547,99.9847,58.86795,4.36525,99.76241,48.079,7.96767,99.95185,76.18172,4.11648,99.47822
58.78921,4.00559,99.98772,58.94914,4.36536,99.76472,48.15945,7.96771,99.9523,76.34174,4.11633,99.47472
58.87144,4.00572,99.99101,59.03231,4.36553,99.76879,48.23694,7.9679,99.95468,76.50457,4.11621,99.47194
58.95274,4.00563,99.98877,59.11485,4.36562,99.7708,48.31964,7.96808,99.9569,76.66536,4.11603,99.46767
59.03628,4.00553,99.98627,59.19661,4.36557,99.76957,48.40128,7.96811,99.95728,76.82688,4.11585,99.4635
59.11851,4.00559,99.98777,59.27972,4.36541,99.76607,48.4838,7.96815,99.95778,76.98762,4.11557,99.45692
59.2007,4.00577,99.99231,59.36068,4.36549,99.76781,48.56394,7.96809,99.95706,77.14761,4.11529,99.45057
59.27998,4.00588,99.99501,59.44438,4.36594,99.77804,48.6433,7.96808,99.95686,77.30835,4.11507,99.44547
59.36571,4.00588,99.99503,59.52265,4.36626,99.7854,48.72615,7.96803,99.95632,77.46878,4.11494,99.44246
59.44449,4.00581,99.99321,59.6078,4.36645,99.78977,48.80383,7.96807,99.95681,77.62974,4.115,99.44389
59.52593,4.00569,99.99036,59.69068,4.3666,99.79322,48.88342,7.96808,99.9569,77.79126,4.11507,99.44552
59.60834,4.00564,99.98912,59.77188,4.36678,99.79733,48.9647,7.968,99.95595,77.95154,4.11501,99.44408
59.69039,4.00573,99.99121,59.85374,4.36682,99.7982,49.04534,7.96789,99.95462,78.11328,4.11491,99.44181
59.7734,4.00575,99.99169,59.93507,4.36666,99.79464,49.12254,7.96782,99.95376,78.272,4.11461,99.43488
59.854,4.0058,99.99291,60.01513,4.36661,99.79342,49.2052,7.96779,99.95331,78.43566,4.11426,99.42674
59.93575,4.00598,99.9976,60.1007,4.36678,99.79729,49.28746,7.96782,99.95373,78.5947,4.11419,99.42494
60.01693,4.00611,100.00082,60.18406,4.36707,99.80382,49.36642,7.96783,99.9538,78.75551,4.11408,99.42248
60.09716,4.00603,99.99888,60.26616,4.36724,99.8078,49.44785,7.9678,99.95346,78.9155,4.11391,99.41854
60.18135,4.00598,99.99745,60.34762,4.36749,99.8136,49.53078,7.96797,99.95553,79.07656,4.11373,99.41446
60.26295,4.00581,99.99334,60.4284,4.36761,99.81626,49.6106,7.96806,99.95669,79.23826,4.11344,99.40767
60.34475,4.00557,99.98717,60.51124,4.36769,99.81818,49.68992,7.96799,99.95585,79.39814,4.11328,99.40385
60.4255,4.00542,99.98365,60.59406,4.36767,99.81758,49.77102,7.96781,99.95357,79.55755,4.11326,99.40338
60.50848,4.00533,99.98135,60.6784,4.36766,99.81731,49.85032,7.96782,99.95373,79.71806,4.11334,99.4054
60.59004,4.00531,99.98078,60.75778,4.36784,99.82151,49.93113,7.96791,99.95477,79.88101,4.11356,99.41034
60.67246,4.00552,99.986,60.84078,4.36802,99.82558,50.0131,7.96806,99.95661,80.0393,4.11363,99.41205
60.75454,4.00589,99.99536,60.9228,4.36776,99.81959,50.09332,7.96809,99.95703,80.2028,4.11346,99.40802
60.83774,4.00608,100.00002,61.00693,4.36744,99.8123,50.17512,7.96814,99.95765,80.36534,4.11322,99.4026
60.91838,4.00597,99.99733,61.0895,4.36725,99.80794,50.25278,7.96798,99.95563,80.52526,4.11303,99.39805
61.00047,4.00578,99.99249,61.17137,4.36674,99.79626,50.33284,7.96788,99.9544,80.6868,4.11284,99.39372
61.08196,4.00578,99.99251,61.25255,4.3662,99.7841,50.41565,7.96769,99.95215,80.84854,4.11293,99.39583
61.16618,4.00601,99.99825,61.3367,4.3662,99.78415,50.49518,7.96745,99.94911,81.00981,4.11283,99.39358
61.24578,4.00637,100.00719,61.41944,4.36642,99.78897,50.57876,7.9673,99.94728,81.1701,4.11276,99.39189
61.32825,4.00643,100.00881,61.50193,4.36613,99.78252,50.65678,7.96735,99.94787,81.3289,4.11287,99.39435
61.41072,4.00612,100.00097,61.5839,4.36561,99.77057,50.7375,7.96733,99.94772,81.49511,4.11278,99.39235
61.49078,4.00589,99.99521,61.66771,4.36558,99.76991,50.81794,7.96756,99.9505,81.65437,4.1126,99.38811
61.5755,4.00602,99.9986,61.74814,4.36564,99.77133,50.89878,7.96778,99.95319,81.8167,4.11267,99.38983
61.65812,4.00634,100.00637,61.83116,4.3655,99.76803,50.97996,7.96786,99.95415,81.97694,4.11277,99.39203
61.74125,4.00641,100.00821,61.91268,4.36543,99.76634,51.0591,7.96794,99.95523,82.13962,4.11258,99.38774
61.8216,4.00619,100.0027,61.99534,4.3655,99.76799,51.1427,7.96802,99.95617,82.29897,4.11229,99.381
61.90414,4.00594,99.99641,62.08237,4.36572,99.77304,51.22172,7.96791,99.95477,82.46158,4.11194,99.37298
61.9844,4.00609,100.00015,62.161,4.36586,99.77635,51.30232,7.96774,99.95277,82.62286,4.11168,99.36686
62.06929,4.00627,100.00472,62.2419,4.36574,99.77357,51.38375,7.96761,99.95113,82.78608,4.11129,99.35791
62.15022,4.00636,100.00701,62.32668,4.36565,99.77137,51.46344,7.96757,99.95064,82.9436,4.11087,99.348
62.23278,4.00628,100.00494,62.40799,4.36561,99.77053,51.54484,7.96754,99.95023,83.1057,4.11057,99.34114
62.31464,4.00616,100.00205,62.4898,4.36569,99.77247,51.62456,7.96734,99.94776,83.2696,4.11059,99.34165
62.39602,4.00632,100.00609,62.57192,4.36575,99.77382,51.70612,7.96736,99.94798,83.42936,4.1107,99.3441
62.47905,4.0065,100.01041,62.65601,4.36574,99.77354,51.78766,7.96745,99.9492,83.59178,4.11069,99.34392
62.563,4.00633,100.00634,62.73775,4.36571,99.77272,51.86972,7.9675,99.94978,83.75226,4.11054,99.34039
62.64493,4.00616,100.00192,62.82034,4.36544,99.76657,51.94764,7.96756,99.95048,83.91791,4.11077,99.34586
62.7257,4.00618,100.0024,62.90211,4.36547,99.76735,52.0299,7.96754,99.95023,84.07606,4.11125,99.35678
62.80926,4.00642,100.00844,62.9874,4.36565,99.77155,52.10978,7.96737,99.94816,84.23944,4.11146,99.36185
62.89192,4.00646,100.00939,63.06957,4.36581,99.77514,52.19261,7.9675,99.94981,84.3995,4.11157,99.36436
62.9737,4.00624,100.00404,63.1545,4.36581,99.77514,52.27109,7.96761,99.95109,84.56031,4.11196,99.37328
63.0575,4.00592,99.99596,63.23474,4.36566,99.77178,52.35302,7.96778,99.95324,84.72344,4.11208,99.37604
63.13925,4.00576,99.99209,63.31626,4.36545,99.76696,52.43262,7.96782,99.95372,84.88576,4.11184,99.37052
63.21938,4.00595,99.99685,63.39812,4.36529,99.76335,52.51503,7.9678,99.9535,85.04861,4.11147,99.36209
63.30307,4.00616,100.00207,63.48366,4.36516,99.76017,52.59474,7.96767,99.95187,85.20874,4.11137,99.35963
63.3833,4.00613,100.0012,63.56452,4.36505,99.7577,52.67638,7.96767,99.95181,85.37058,4.1113,99.35817
63.4661,4.0059,99.99556,63.64755,4.36494,99.75519,52.75421,7.96769,99.95204,85.53292,4.11099,99.35094
63.54781,4.0058,99.99311,63.72876,4.36479,99.75176,52.837,7.96767,99.9518,85.69595,4.11062,99.3422
63.63091,4.0061,100.00042,63.81287,4.36482,99.75249,52.91993,7.96766,99.95174,85.85674,4.11031,99.33511
63.71302,4.00631,100.00577,63.89467,4.36494,99.75517,53.00042,7.9674,99.94854,86.02069,4.11024,99.33337
63.7963,4.0062,100.0031,63.97812,4.36496,99.75565,53.08032,7.96722,99.94636,86.18144,4.1102,99.33268
63.8768,4.00587,99.99481,64.05896,4.36488,99.75391,53.16044,7.96729,99.94718,86.34339,4.11014,99.33112
63.96133,4.00567,99.98967,64.14068,4.36492,99.75469,53.24472,7.9674,99.94851,86.50503,4.11009,99.32992
64.04324,4.00556,99.98714,64.22492,4.36499,99.75638,53.32449,7.96727,99.94696,86.66762,4.10989,99.32547
64.12462,4.00562,99.98844,64.3094,4.36483,99.75281,53.40387,7.96734,99.94773,86.83048,4.10946,99.31548
64.20824,4.00554,99.98652,64.3905,4.36495,99.75546,53.48584,7.96729,99.94723,86.99176,4.10909,99.30693
64.29058,4.00517,99.97718,64.47211,4.36527,99.7628,53.56602,7.9672,99.94607,87.15684,4.10892,99.3029
64.3729,4.00472,99.96593,64.55512,4.36559,99.77016,53.64697,7.96739,99.94841,87.31847,4.10897,99.30403
64.45471,4.00448,99.96006,64.63876,4.36581,99.7751,53.7285,7.96753,99.9502,87.47863,4.10903,99.30547
64.53695,4.0045,99.96051,64.72222,4.36603,99.78015,53.81176,7.96753,99.95016,87.64152,4.10909,99.30672
64.62144,4.0046,99.96296,64.8038,4.36636,99.78778,53.89112,7.96744,99.94907,87.80372,4.1088,99.30014
64.70229,4.00431,99.95582,64.88598,4.3667,99.79544,53.97255,7.96739,99.94843,87.96679,4.10851,99.29351
64.78644,4.00409,99.95025,64.96846,4.3669,99.8001,54.05264,7.96746,99.94927,88.12989,4.10826,99.28753
64.8695,4.00421,99.95335,65.05139,4.36712,99.80506,54.13552,7.96757,99.95058,88.29157,4.10821,99.28635
64.95218,4.00443,99.95876,65.13381,4.36733,99.80993,54.21684,7.96768,99.95203,88.45262,4.10826,99.28756
65.03243,4.0043,99.95569,65.21711,4.36744,99.81228,54.29485,7.9677,99.95223,88.61441,4.1082,99.28633
65.11715,4.00404,99.94918,65.30082,4.36741,99.81169,54.37661,7.96754,99.95024,88.77719,4.10817,99.28556
65.20015,4.00411,99.9508,65.38276,4.36727,99.80858,54.4577,7.96743,99.9489,88.94155,4.10814,99.28477
65.28168,4.00463,99.96376,65.4665,4.36713,99.80529,54.54036,7.96736,99.94805,89.10191,4.10787,99.27859
65.36207,4.00502,99.97354,65.54918,4.36721,99.80714,54.62151,7.96746,99.94927,89.26392,4.10763,99.27302
65.44642,4.00495,99.97184,65.63047,4.3674,99.81153,54.70331,7.96756,99.9505,89.42594,4.10751,99.27022
65.52551,4.00448,99.95999,65.71357,4.36766,99.8174,54.784,7.96761,99.95114,89.58932,4.10759,99.27203
65.61078,4.00447,99.95976,65.79708,4.36779,99.82037,54.86351,7.96776,99.95299,89.75076,4.10762,99.2727
65.6921,4.00503,99.97374,65.8795,4.3676,99.8161,54.9449,7.96787,99.95433,89.91359,4.10756,99.27143
65.77576,4.00571,99.99076,65.96142,4.36733,99.80988,55.028,7.96794,99.95521,90.07626,4.10723,99.26373
65.85844,4.00566,99.98962,66.04353,4.36712,99.80494,55.1075,7.9679,99.95472,90.23936,4.10702,99.25891
65.9421,4.005,99.97309,66.12876,4.36722,99.8073,55.1905,7.96779,99.95329,90.40282,4.10683,99.25455
66.02272,4.00446,99.95969,66.21172,4.36744,99.81242,55.27034,7.96782,99.95368,90.56688,4.10677,99.25307
66.10562,4.00467,99.96483,66.29322,4.36737,99.81082,55.35071,7.96787,99.95437,90.72984,4.10675,99.25265
66.18888,4.00514,99.97666,66.3765,4.36711,99.80485,55.43232,7.96787,99.95435,90.89266,4.10666,99.25043
66.27176,4.0053,99.98053,66.46036,4.36683,99.79841,55.51235,7.96771,99.95233,91.05518,4.10661,99.24934
66.3551,4.00517,99.97733,66.54302,4.3667,99.79553,55.5951,7.96772,99.95247,91.21638,4.10649,99.24654
66.43706,4.00499,99.97274,66.62574,4.3669,99.80008,55.67706,7.96783,99.95378,91.37902,4.10632,99.24255
66.51944,4.00508,99.97514,66.70928,4.36719,99.80668,55.7587,7.96781,99.95353,91.54024,4.10629,99.24202
66.60182,4.00545,99.98432,66.79325,4.36725,99.8081,55.84121,7.96776,99.95294,91.70522,4.10622,99.24037
66.68507,4.00564,99.98892,66.87444,4.36712,99.80513,55.92088,7.96762,99.95118,91.86766,4.10627,99.24153
66.76619,4.00544,99.9839,66.95722,4.36692,99.80044,56.00079,7.96749,99.94969,92.03014,4.10632,99.24273
66.84862,4.00512,99.97591,67.0421,4.36689,99.79989,56.0833,7.96738,99.94834,92.19326,4.10631,99.2425
66.93184,4.00501,99.97337,67.12418,4.36703,99.80291,56.16349,7.96719,99.94592,92.35554,4.10615,99.23863
67.01368,4.00512,99.97616,67.20738,4.36713,99.80538,56.24399,7.967,99.94362,92.51903,4.10582,99.23105
67.0974,4.00514,99.97664,67.28928,4.36722,99.80734,56.32861,7.96698,99.94331,92.68158,4.10557,99.22519
67.17995,4.005,99.97304,67.37244,4.3672,99.80679,56.40728,7.96712,99.94513,92.84399,4.10557,99.22521
67.26309,4.00485,99.96917,67.45421,4.36702,99.80286,56.49197,7.96714,99.9453,93.00714,4.10566,99.22735
67.34463,4.00478,99.96755,67.53768,4.36679,99.79761,56.56974,7.96709,99.94471,93.16953,4.10562,99.22635
67.42602,4.00493,99.97117,67.62226,4.36677,99.79706,56.6503,7.96684,99.94163,93.3328,4.10558,99.22545
67.5089,4.00486,99.9696,67.70509,4.36697,99.80163,56.73502,7.96685,99.94182,93.4961,4.10549,99.22345
67.59336,4.00464,99.964,67.78788,4.36713,99.80524,56.81438,7.96699,99.94346,93.66046,4.10529,99.21866
67.6762,4.00448,99.96019,67.8684,4.36715,99.80581,56.89511,7.96704,99.94404,93.82447,4.10506,99.2134
67.75818,4.0047,99.9655,67.95208,4.36714,99.80549,56.9782,7.96705,99.94422,93.98809,4.10485,99.20862
67.84001,4.00494,99.97152,68.03556,4.36711,99.80478,57.05752,7.96716,99.9456,94.1498,4.10464,99.20378
67.92496,4.00496,99.97194,68.11934,4.36712,99.80503,57.14138,7.96717,99.9457,94.31189,4.10456,99.2019
68.0061,4.0047,99.9655,68.20238,4.36723,99.80748,57.2227,7.96718,99.94583,94.47616,4.10457,99.20204
68.08918,4.00437,99.95744,68.28507,4.36722,99.80732,57.3018,7.96725,99.94668,94.6385,4.1044,99.19803
68.17363,4.00451,99.96068,68.36603,4.36712,99.80503,57.3852,7.96733,99.94766,94.80219,4.10421,99.19377
68.25528,4.00493,99.97137,68.45076,4.36703,99.80305,57.46694,7.96752,99.94999,94.9671,4.10389,99.18633
68.33991,4.0052,99.97808,68.53266,4.36697,99.80158,57.5472,7.9675,99.94975,95.12875,4.10372,99.18248
68.42231,4.005,99.97294,68.61549,4.36698,99.8019,57.6294,7.96749,99.94965,95.29437,4.10365,99.18083
68.50406,4.00466,99.96455,68.69846,4.36703,99.80307,57.71366,7.96747,99.94944,95.45551,4.10353,99.17805
68.58556,4.0046,99.96311,68.78255,4.36627,99.78572,57.79508,7.96732,99.94757,95.62019,4.10336,99.17395
68.66881,4.0049,99.97059,68.86661,4.36516,99.76036,57.87598,7.96717,99.94567,95.78465,4.10318,99.16994
68.75321,4.00512,99.97604,68.94736,4.36479,99.75169,57.9566,7.96716,99.9456,95.9484,4.10309,99.16772
68.83614,4.00509,99.97519,69.03105,4.36503,99.75725,58.03972,7.96704,99.94415,96.1109,4.10305,99.16677
68.9185,4.00494,99.97164,69.11324,4.3655,99.76803,58.12056,7.9669,99.94237,96.27384,4.10307,99.16742
69.00159,4.00497,99.97219,69.1979,4.36611,99.78193,58.20326,7.96696,99.94316,96.43647,4.10299,99.16556
69.08476,4.00509,99.97519,69.28106,4.36717,99.80625,58.28307,7.96718,99.94585,96.60094,4.10293,99.16417
69.16672,4.00524,99.97908,69.36347,4.36824,99.83059,58.36566,7.9672,99.94603,96.7665,4.10293,99.16408
69.24918,4.00504,99.97391,69.44589,4.36872,99.84158,58.44859,7.96716,99.94558,96.9308,4.10283,99.16185
69.33441,4.00475,99.9668,69.52871,4.36858,99.83847,58.52912,7.96707,99.94448,97.09422,4.10259,99.15629
69.4173,4.00466,99.96465,69.61165,4.36824,99.83075,58.6118,7.96708,99.94464,97.25784,4.10241,99.15194
69.49921,4.00473,99.9662,69.6957,4.36803,99.82585,58.6948,7.96711,99.94492,97.42291,4.1023,99.14955
69.58329,4.00476,99.96708,69.78004,4.36798,99.8248,58.77482,7.96712,99.94513,97.58472,4.10225,99.14832
69.66501,4.00454,99.96146,69.86376,4.36789,99.8227,58.86,7.96706,99.94434,97.74664,4.10214,99.14582
69.74687,4.00415,99.9517,69.94765,4.36772,99.8187,58.94106,7.96711,99.94501,97.91149,4.10226,99.1486
69.83148,4.00412,99.95107,70.02668,4.36742,99.81187,59.02265,7.9673,99.94725,98.0743,4.10227,99.14867
69.91478,4.00447,99.95979,70.11,4.36715,99.80583,59.10478,7.96742,99.94873,98.23671,4.10206,99.14392
69.99575,4.00474,99.96648,70.19378,4.36664,99.79413,59.18559,7.96739,99.94843,98.4004,4.10176,99.13687
70.0803,4.00464,99.96415,70.27668,4.36645,99.78975,59.26846,7.96726,99.94684,98.56381,4.10141,99.1289
70.1601,4.00442,99.95846,70.36036,4.36645,99.78965,59.35136,7.96726,99.94676,98.72968,4.10107,99.12109
70.24425,4.00439,99.95776,70.44281,4.36642,99.78899,59.43367,7.96714,99.9453,98.89009,4.10096,99.11852
70.32745,4.00466,99.96463,70.52585,4.36635,99.78741,59.515,7.96703,99.94395,99.05554,4.10092,99.1175
70.40994,4.005,99.97304,70.60895,4.36634,99.78732,59.59536,7.96707,99.94448,99.22095,4.10079,99.11453
70.49518,4.00507,99.97484,70.69384,4.36634,99.78728,59.67854,7.96713,99.94526,99.38259,4.10056,99.10927
70.57844,4.0047,99.96558,70.77662,4.36632,99.78673,59.76172,7.96706,99.94429,99.54744,4.1003,99.10324
70.66001,4.00435,99.95684,70.86126,4.36633,99.787,59.84392,7.96691,99.94247,99.71012,4.10022,99.10118
70.74282,4.00443,99.95876,70.94245,4.36633,99.78709,59.92514,7.96665,99.93929,99.87542,4.10031,99.10331
70.82546,4.0045,99.96049,71.02664,4.36641,99.78876,60.00796,7.96664,99.93912,100.0406,4.10036,99.10457
70.90852,4.0045,99.96051,71.10976,4.36663,99.79395,60.09024,7.96682,99.94144,100.2041,4.1004,99.10552
70.98907,4.00428,99.95497,71.19432,4.36674,99.79628,60.17239,7.9669,99.94234,100.3674,4.10028,99.10273
71.07553,4.00424,99.95417,71.27595,4.3667,99.7955,60.25356,7.96694,99.94285,100.5335,4.09992,99.0943
71.15628,4.00435,99.95687,71.35882,4.36672,99.79592,60.33635,7.96694,99.94287,100.6968,4.09959,99.08667
71.23938,4.00445,99.95926,71.44269,4.3669,99.80008,60.41912,7.96679,99.94102,100.8587,4.09936,99.08144
71.32415,4.00442,99.95851,71.526,4.36714,99.80542,60.50254,7.96657,99.9383,101.0225,4.09926,99.07905
71.40668,4.00431,99.95592,71.60826,4.36714,99.80563,60.5834,7.96646,99.93698,101.188,4.09932,99.08046
71.48946,4.00425,99.95432,71.69092,4.36712,99.80506,60.6645,7.96659,99.93853,101.3515,4.09935,99.08111
71.57235,4.00438,99.95761,71.77491,4.36746,99.81285,60.74674,7.9668,99.94112,101.514,4.09916,99.07678
71.65499,4.00461,99.96328,71.8589,4.3677,99.81827,60.82963,7.96697,99.94324,101.6785,4.09885,99.06946
71.73892,4.0046,99.96311,71.9429,4.36775,99.8195,60.91148,7.96692,99.94257,101.8411,4.09878,99.06786
71.82118,4.00435,99.95689,72.02363,4.36765,99.81712,60.99222,7.96673,99.94033,102.0061,4.0987,99.06598
71.90318,4.0043,99.95564,72.10663,4.36742,99.81182,61.07641,7.96676,99.94071,102.1718,4.09855,99.0625
71.98725,4.00436,99.95694,72.1867,4.36726,99.80819,61.15914,7.9669,99.94241,102.3348,4.09849,99.06107
72.06994,4.00428,99.95512,72.27318,4.36718,99.80638,61.24063,7.96721,99.94622,102.5002,4.09849,99.06116
72.154,4.00392,99.94613,72.35308,4.36712,99.80515,61.32457,7.96744,99.94899,102.6642,4.09824,99.05532
72.23689,4.00362,99.93864,72.43624,4.36722,99.80732,61.40552,7.96737,99.94814,102.8277,4.09792,99.048
72.31841,4.0037,99.94052,72.51849,4.36726,99.80833,61.4874,7.96736,99.94799,102.9925,4.09781,99.04547
72.4032,4.00406,99.94948,72.6046,4.36723,99.80759,61.56911,7.96736,99.94798,103.1557,4.09768,99.04241
72.48581,4.0044,99.95816,72.68478,4.36724,99.80771,61.65126,7.96749,99.94967,103.3195,4.09772,99.04334
72.56806,4.00432,99.95612,72.76853,4.36731,99.80938,61.73297,7.96738,99.94826,103.484,4.09777,99.04447
72.65106,4.00403,99.9489,72.85074,4.36722,99.80743,61.81465,7.96718,99.94583,103.649,4.0978,99.04512
72.73384,4.00385,99.94446,72.93534,4.36713,99.80529,61.89742,7.96706,99.94436,103.8128,4.09758,99.04005
72.81741,4.00399,99.94773,73.01952,4.3671,99.80451,61.98,7.96705,99.94422,103.9782,4.09722,99.03168
72.9004,4.00417,99.95222,73.1019,4.36712,99.80515,62.06164,7.96703,99.94397,104.1438,4.09692,99.0248
72.98305,4.0037,99.94069,73.18462,4.36721,99.80709,62.14521,7.96723,99.94645,104.3065,4.09672,99.02016
73.06661,4.00251,99.91094,73.26811,4.36714,99.80551,62.22871,7.96716,99.9456,104.4702,4.0968,99.02206
73.14863,4.00159,99.88795,73.35068,4.36687,99.79944,62.311,7.96695,99.94298,104.6357,4.09683,99.02271
73.2322,4.00168,99.89012,73.4328,4.36664,99.79411,62.39302,7.96694,99.94289,104.8003,4.09676,99.02116
73.31597,4.00227,99.90489,73.518,4.3666,99.79311,62.47482,7.96705,99.94417,104.9621,4.09658,99.01687
73.39871,4.00283,99.91887,73.60113,4.36671,99.79578,62.55622,7.96713,99.94516,105.127,4.09633,99.01119
73.47926,4.00306,99.92461,73.68194,4.3669,99.80012,62.63814,7.96699,99.94344,105.2943,4.09604,99.0044
73.56542,4.00307,99.92496,73.76726,4.36711,99.80483,62.72229,7.96681,99.94129,105.4569,4.09586,99.00035
73.64753,4.00318,99.92763,73.8497,4.36711,99.80492,62.80408,7.96671,99.94003,105.6217,4.09582,98.9993
73.72991,4.00348,99.93512,73.93201,4.36718,99.80652,62.88421,7.9668,99.94119,105.7867,4.09581,98.99914
73.8136,4.00376,99.94221,74.01262,4.36711,99.8049,62.96672,7.96677,99.94077,105.951,4.09559,98.99407
73.8972,4.00388,99.94513,74.09834,4.36705,99.80353,63.05266,7.9668,99.94119,106.1158,4.09525,98.98614
73.98018,4.00384,99.94399,74.18204,4.36716,99.80595,63.13125,7.96686,99.94186,106.2802,4.09502,98.98074
74.06348,4.00392,99.94598,74.26297,4.36723,99.80753,63.217,7.96708,99.94459,106.4443,4.09485,98.97673
74.14602,4.00434,99.95659,74.34829,4.36724,99.80778,63.2993,7.9673,99.9473,106.6097,4.09477,98.97488
74.23054,4.00507,99.97489,74.43105,4.36726,99.80833,63.38049,7.96719,99.94596,106.7734,4.09478,98.97511
74.31172,4.00549,99.98537,74.51522,4.36715,99.80565,63.4633,7.96716,99.94553,106.9386,4.09468,98.97291
74.39824,4.00558,99.98747,74.59588,4.36707,99.8038,63.54572,7.96711,99.94497,107.1017,4.09475,98.97451
74.47937,4.00565,99.98927,74.67822,4.36709,99.80437,63.63084,7.96707,99.94442,107.267,4.09472,98.97379
74.56248,4.00518,99.97753,74.76272,4.36713,99.80538,63.70953,7.96707,99.94449,107.4307,4.09431,98.96429
74.64716,4.00444,99.95904,74.84426,4.36713,99.80524,63.79166,7.96696,99.9431,107.5965,4.09391,98.95504
74.72832,4.00366,99.93964,74.92706,4.36698,99.8019,63.87739,7.96674,99.94038,107.7606,4.09373,98.95085
74.81128,4.00307,99.92484,75.01134,4.36681,99.79788,63.95769,7.96664,99.93916,107.9247,4.09375,98.95133
74.89532,4.00296,99.92222,75.09486,4.36656,99.79221,64.039,7.96664,99.93913,108.0899,4.09365,98.94902
74.97837,4.00302,99.92372,75.17734,4.36655,99.79208,64.12182,7.96673,99.94023,108.2556,4.09347,98.94477
75.06362,4.00296,99.92209,75.26179,4.3667,99.79537,64.20495,7.96685,99.94174,108.4194,4.09335,98.94216
75.14288,4.00273,99.91628,75.3454,4.36687,99.79934,64.2881,7.96693,99.94277,108.5843,4.09304,98.93486
75.22736,4.00262,99.91361,75.42602,4.36683,99.7985,64.36829,7.96689,99.94224,108.7478,4.09263,98.92526
75.3082,4.00301,99.92327,75.51111,4.36672,99.79601,64.45214,7.96678,99.94089,108.9136,4.09237,98.9193
75.39457,4.00342,99.93355,75.59406,4.36666,99.79461,64.53393,7.96668,99.93971,109.0785,4.09233,98.91842
75.47568,4.00339,99.93288,75.67728,4.36662,99.79361,64.61791,7.9667,99.93996,109.2409,4.0923,98.91782
75.55842,4.0031,99.92551,75.76062,4.36671,99.79576,64.69882,7.96667,99.93954,109.4065,4.09206,98.91226
75.64257,4.00289,99.92047,75.84434,4.36687,99.79925,64.78332,7.96669,99.93976,109.5704,4.09186,98.90758
75.72384,4.0029,99.92057,75.92838,4.36707,99.80385,64.86549,7.96674,99.94044,109.7363,4.09162,98.90188
75.80993,4.00294,99.92154,76.01022,4.36732,99.80956,64.94918,7.96682,99.94141,109.9018,4.09133,98.89532
75.89045,4.00308,99.92521,76.09519,4.36739,99.81127,65.03004,7.96704,99.94411,110.0647,4.09106,98.88904
75.97463,4.00301,99.92344,76.17585,4.36734,99.81013,65.1141,7.96716,99.94563,110.2299,4.09096,98.88667
76.05684,4.00301,99.92327,76.262,4.36722,99.8073,65.19629,7.96714,99.94534,110.3936,4.09097,98.887
76.14166,4.00289,99.92047,76.34329,4.36706,99.80373,65.27988,7.96708,99.94457,110.5585,4.09096,98.88663
76.22488,4.00283,99.9189,76.42402,4.36707,99.80394,65.36038,7.96704,99.94407,110.7234,4.09083,98.88375
76.30726,4.00258,99.91251,76.5098,4.36719,99.80661,65.44351,7.96699,99.94351,110.886,4.09047,98.8752
76.38889,4.00228,99.90517,76.5945,4.36733,99.80988,65.52732,7.96688,99.94213,111.053,4.09012,98.86732
76.47356,4.00209,99.90038,76.67462,4.36728,99.80867,65.60938,7.96669,99.93981,111.218,4.0898,98.85981
76.55453,4.00223,99.904,76.75645,4.36703,99.80311,65.6924,7.96675,99.9405,111.3842,4.08962,98.85567
76.6395,4.00264,99.91408,76.84032,4.36694,99.80097,65.77418,7.96684,99.94167,111.5474,4.08934,98.84902
76.72274,4.0029,99.92067,76.92391,4.3669,99.8001,65.85699,7.96689,99.94219,111.712,4.08923,98.84649
76.80437,4.00305,99.92429,77.0066,4.36691,99.80037,65.94009,7.9668,99.94117,111.8761,4.08909,98.84341
76.89071,4.00319,99.92786,77.08988,4.36685,99.79893,66.0239,7.96657,99.93831,112.0423,4.08893,98.83968
76.97116,4.00316,99.92706,77.17378,4.3668,99.7977,66.10572,7.96651,99.93758,112.2062,4.08868,98.83393
77.05546,4.00305,99.92441,77.257,4.36675,99.79665,66.18848,7.96655,99.93809,112.3715,4.08835,98.82607
77.13656,4.00304,99.92412,77.3374,4.36675,99.79651,66.26985,7.9665,99.93743,112.5367,4.08814,98.82127
77.22028,4.00297,99.92227,77.42219,4.36661,99.79342,66.35501,7.9664,99.93615,112.7012,4.08792,98.81622
77.30128,4.00294,99.92169,77.50568,4.36657,99.79242,66.43809,7.96639,99.93609,112.8652,4.08784,98.81432
77.38603,4.00314,99.92656,77.59003,4.36657,99.79249,66.5189,7.96651,99.93761,113.0322,4.08796,98.81715
77.46969,4.00328,99.93006,77.67292,4.36664,99.79402,66.60337,7.96654,99.93799,113.1945,4.08793,98.81655
77.55049,4.0031,99.92566,77.75728,4.3667,99.79537,66.68342,7.96664,99.93912,113.362,4.08766,98.81029
77.6373,4.00271,99.91588,77.83888,4.36662,99.79356,66.76685,7.96649,99.93731,113.5257,4.08728,98.80141
77.72025,4.00233,99.90649,77.92056,4.3664,99.78853,66.8515,7.96629,99.93485,113.6918,4.08691,98.79291
77.80048,4.00238,99.90754,78.00599,4.36634,99.78719,66.9342,7.96616,99.93328,113.8556,4.08674,98.78895
77.88366,4.00288,99.92012,78.08993,4.36645,99.78975,67.01668,7.96606,99.93198,114.02,4.0866,98.78552
77.96762,4.0031,99.92569,78.17197,4.36662,99.79363,67.10034,7.96592,99.9303,114.1849,4.08653,98.78389
78.04837,4.00299,99.92297,78.25432,4.36685,99.79889,67.18054,7.96581,99.92898,114.349,4.08635,98.77984
78.1343,4.00275,99.91683,78.3376,4.36696,99.8014,67.26445,7.96594,99.93053,114.5164,4.08604,98.77275
78.21611,4.00272,99.91608,78.42053,4.367,99.80241,67.3464,7.96622,99.93397,114.6812,4.08557,98.76181
78.29805,4.0027,99.91558,78.50393,4.36691,99.80037,67.42908,7.96635,99.93556,114.8446,4.08511,98.75115
78.3834,4.0027,99.91555,78.58676,4.36688,99.7996,67.51085,7.9664,99.93626,115.0086,4.0848,98.74382
78.46634,4.00263,99.91383,78.6686,4.36687,99.79932,67.59656,7.96621,99.93381,115.1747,4.08472,98.74216
78.54749,4.00251,99.91081,78.75354,4.36688,99.79964,67.67884,7.96607,99.93215,115.3415,4.0846,98.73924
78.63238,4.00232,99.90602,78.83922,4.36689,99.79989,67.76275,7.96601,99.93147,115.5065,4.08471,98.74183
78.71481,4.00208,99.90005,78.92134,4.36686,99.799,67.84384,7.96611,99.93268,115.6706,4.0847,98.74171
78.7987,4.00194,99.89656,79.00375,4.36678,99.79733,67.92472,7.96616,99.93329,115.8363,4.08452,98.73743
78.88076,4.0019,99.89576,79.08551,4.36666,99.79461,68.00955,7.96603,99.93166,115.9998,4.08431,98.73265
78.9642,4.00207,99.89983,79.1697,4.36652,99.79139,68.09248,7.96584,99.92925,116.1652,4.08425,98.73112
79.0479,4.00241,99.90844,79.25396,4.36648,99.79039,68.1755,7.96587,99.92975,116.3287,4.08429,98.73198
79.12963,4.00261,99.91338,79.336,4.3664,99.78851,68.2597,7.96607,99.93212,116.4962,4.08402,98.72575
79.21347,4.00248,99.91024,79.41938,4.36651,99.79105,68.3432,7.96617,99.93336,116.659,4.08383,98.72132
79.2961,4.00228,99.90514,79.50129,4.36659,99.79295,68.4251,7.96605,99.93195,116.8245,4.08351,98.714
79.3805,4.00223,99.90377,79.58438,4.36649,99.79057,68.50736,7.96586,99.92956,116.9921,4.08315,98.70575
79.46362,4.0024,99.90804,79.66814,4.36629,99.78611,68.5897,7.96589,99.92993,117.1548,4.08281,98.69771
79.547,4.00263,99.91383,79.75074,4.36622,99.7844,68.67344,7.96613,99.93286,117.3209,4.08242,98.68876
79.63056,4.00257,99.91233,79.83374,4.36616,99.78316,68.75361,7.96635,99.93562,117.4839,4.08211,98.68146
79.71312,4.00215,99.9018,79.91772,4.36617,99.78332,68.83766,7.96638,99.93599,117.6507,4.08187,98.67601
79.79581,4.0018,99.89311,80.00168,4.36628,99.78586,68.92018,7.96629,99.93487,117.8151,4.08178,98.67388
79.87874,4.00182,99.89371,80.08499,4.36624,99.78504,69.00616,7.96621,99.93392,117.9812,4.08165,98.6708
79.96245,4.00208,99.90015,80.16632,4.36598,99.77891,69.08944,7.96622,99.93397,118.1466,4.08147,98.66665
80.04574,4.00212,99.90108,80.2497,4.36587,99.77638,69.17014,7.96616,99.93322,118.3121,4.08132,98.66327
80.13088,4.00185,99.89436,80.3332,4.36589,99.77699,69.25237,7.96587,99.92964,118.4788,4.08099,98.65574
80.21228,4.00149,99.8854,80.41568,4.36589,99.7769,69.33713,7.96564,99.92688,118.6434,4.08079,98.65098
80.29632,4.00123,99.87898,80.49958,4.36599,99.77932,69.42078,7.96557,99.92604,118.8078,4.08062,98.64709
80.37964,4.00131,99.88083,80.58284,4.36616,99.78319,69.50112,7.96581,99.9289,118.9708,4.08045,98.64299
80.46204,4.00152,99.88607,80.66678,4.36629,99.78609,69.58488,7.96601,99.93136,119.1383,4.07998,98.63231
80.54584,4.00163,99.88897,80.74908,4.36642,99.78901,69.668,7.96586,99.92961,119.302,4.07952,98.6216
80.62795,4.00158,99.88762,80.8312,4.36636,99.78769,69.75137,7.96554,99.92567,119.4691,4.07916,98.61312
80.71231,4.00156,99.88727,80.91482,4.36617,99.78339,69.83448,7.96536,99.92335,119.6344,4.07891,98.60737
80.79466,4.00155,99.88697,80.99788,4.36608,99.78124,69.91744,7.96547,99.9247,119.7981,4.07875,98.60375
80.87866,4.00161,99.88849,81.08051,4.36618,99.78358,70.0009,7.96562,99.92656,119.9649,4.07861,98.60049
80.96205,4.00161,99.88839,81.16298,4.36629,99.78597,70.08396,7.96573,99.92798,120.1297,4.07843,98.59638
81.04468,4.0015,99.88577,81.24708,4.36634,99.78732,70.1664,7.96551,99.9252,120.2951,4.07821,98.59129
81.12638,4.00143,99.88403,81.33097,4.36642,99.78899,70.2498,7.9654,99.92393,120.4601,4.07781,98.58192
81.21225,4.00146,99.88463,81.41407,4.36638,99.78821,70.3349,7.96551,99.92524,120.624,4.07742,98.573
81.29456,4.00145,99.88438,81.49631,4.36626,99.7854,70.41626,7.96564,99.92681,120.7902,4.07716,98.56693
81.37694,4.00145,99.8845,81.58041,4.36618,99.78355,70.49844,7.96575,99.92822,120.956,4.0771,98.5654
81.46044,4.0013,99.88073,81.66398,4.36618,99.78362,70.58231,7.96579,99.92875,121.1216,4.07695,98.56209
81.54416,4.00133,99.88143,81.749,4.36618,99.78353,70.66338,7.96564,99.9269,121.2858,4.07658,98.55333
81.62598,4.00126,99.87963,81.83253,4.36623,99.78481,70.74653,7.96544,99.92436,121.4511,4.07624,98.54554
81.71049,4.00108,99.87526,81.91516,4.36633,99.78691,70.83066,7.96542,99.92413,121.6166,4.07588,98.5372
81.7919,4.0008,99.86808,81.99725,4.36639,99.78835,70.9136,7.96545,99.92451,121.783,4.07546,98.52744
81.876,4.00061,99.86356,82.0814,4.36633,99.78703,70.99696,7.96542,99.92413,121.949,4.0752,98.52141
81.96015,4.00073,99.86655,82.16386,4.36627,99.78563,71.07831,7.96532,99.92288,122.1143,4.07493,98.5152
82.04214,4.00095,99.87184,82.24613,4.36626,99.78543,71.15995,7.96548,99.92483,122.2781,4.07489,98.51418
82.1258,4.00103,99.87387,82.33344,4.36637,99.78801,71.24421,7.96562,99.92665,122.4444,4.07455,98.5063
82.2086,4.00101,99.87349,82.41428,4.36648,99.79048,71.3283,7.96557,99.92604,122.6086,4.0742,98.49835
82.29082,4.00098,99.87259,82.4978,4.36654,99.79183,71.41192,7.96558,99.92614,122.7739,4.07386,98.49038
82.37255,4.00087,99.86995,82.5803,4.36645,99.78965,71.4932,7.96564,99.9269,122.9409,4.07342,98.48009
82.45754,4.00094,99.87162,82.66311,4.36631,99.78659,71.57657,7.96565,99.92694,123.1046,4.07306,98.47175
82.54095,4.00103,99.87407,82.7474,4.3661,99.7817,71.65962,7.96577,99.92844,123.2706,4.07296,98.46962
82.6248,4.00106,99.87472,82.8311,4.36608,99.78124,71.74329,7.96578,99.9286,123.4356,4.07286,98.46718
82.70663,4.00092,99.87127,82.91324,4.36618,99.78353,71.82665,7.96562,99.92656,123.601,4.07268,98.46311
82.78956,4.00074,99.8666,82.99769,4.36617,99.7833,71.90912,7.96537,99.92359,123.765,4.07242,98.4571
82.87316,4.0006,99.86323,83.08063,4.36613,99.78246,71.99338,7.96517,99.92111,123.9302,4.07206,98.44867
82.95668,4.00057,99.86256,83.16293,4.36608,99.78124,72.0763,7.9651,99.9202,124.0978,4.07161,98.43822
83.04066,4.00066,99.86471,83.24652,4.36604,99.78042,72.15954,7.96515,99.92082,124.2617,4.0712,98.42874
83.12436,4.00069,99.86538,83.32847,4.36594,99.77804,72.24165,7.96518,99.92118,124.4281,4.0709,98.42169
83.20743,4.00074,99.8668,83.41314,4.3658,99.77496,72.3246,7.96522,99.92165,124.5937,4.07066,98.41627
83.29019,4.00086,99.86975,83.49639,4.3658,99.7748,72.40811,7.9652,99.92143,124.7581,4.07066,98.41629
83.37363,4.00086,99.8698,83.57806,4.36589,99.77686,72.48966,7.96513,99.92062,124.9235,4.07045,98.41129
83.45642,4.00084,99.8693,83.65992,4.36588,99.7766,72.57212,7.96511,99.92026,125.0874,4.06998,98.40046
83.5383,4.00039,99.85794,83.74639,4.36586,99.77633,72.65693,7.96501,99.91905,125.252,4.06933,98.38545
83.62497,4.00017,99.8524,83.82644,4.36569,99.77233,72.73842,7.96486,99.91723,125.4185,4.06874,98.3717
83.70594,4.00028,99.85515,83.90931,4.36539,99.76547,72.82324,7.96456,99.91358,125.584,4.06841,98.36406
83.78837,4.00046,99.85981,83.99395,4.36531,99.76367,72.90603,7.96438,99.91133,125.7484,4.06841,98.36417
83.87256,4.00036,99.85712,84.08026,4.36542,99.76621,72.98926,7.96454,99.91328,125.914,4.06829,98.36139
83.95616,4.00007,99.85003,84.16125,4.36566,99.77178,73.07074,7.96466,99.91483,126.0796,4.06788,98.35175
84.03978,3.99996,99.84721,84.24601,4.36584,99.77585,73.15536,7.96481,99.91665,126.2447,4.06744,98.34158
84.12262,4.00011,99.85103,84.32872,4.36595,99.77832,73.2398,7.96502,99.91924,126.4105,4.06695,98.3302
84.20669,4.00038,99.85779,84.41249,4.36586,99.77635,73.32007,7.96507,99.91988,126.5761,4.0666,98.32209
84.28753,4.00046,99.85974,84.49566,4.36582,99.77532,73.40286,7.96497,99.91866,126.7408,4.06615,98.31161
84.37112,4.00037,99.85747,84.57844,4.36586,99.77633,73.4845,7.96485,99.91708,126.9079,4.06582,98.3041
84.45454,4.00036,99.85719,84.66039,4.36591,99.77738,73.57056,7.96482,99.91677,127.0731,4.06565,98.3
84.53894,4.00057,99.86248,84.74486,4.36601,99.77969,73.65194,7.96481,99.91668,127.2384,4.06547,98.29601
84.62324,4.00072,99.8663,84.82711,4.36614,99.78264,73.7377,7.96477,99.91613,127.4022,4.06496,98.28417
84.70578,4.0006,99.86316,84.91024,4.36619,99.78371,73.81953,7.96458,99.91384,127.568,4.06455,98.27458
84.78726,4.00033,99.85637,84.99285,4.3661,99.78184,73.90374,7.96432,99.91059,127.7352,4.06416,98.26549
84.87019,4.0002,99.85332,85.07961,4.36581,99.77514,73.98496,7.96438,99.91133,127.8993,4.06376,98.25638
84.95612,4.00044,99.85909,85.16181,4.36561,99.77057,74.06984,7.96459,99.9139,128.0659,4.06346,98.24925
85.0362,4.00063,99.86396,85.24311,4.36561,99.77055,74.15256,7.96464,99.91455,128.2307,4.0632,98.24331
85.11992,4.00048,99.86031,85.32676,4.36569,99.77229,74.23328,7.96463,99.91436,128.3945,4.06334,98.24654
85.20468,4.00028,99.85529,85.41074,4.36577,99.77427,74.31978,7.96466,99.91474,128.561,4.06339,98.24779
85.28839,4.00021,99.85347,85.49438,4.36587,99.77658,74.40219,7.96467,99.91485,128.7283,4.06302,98.23919
85.37152,4.00041,99.85847,85.57656,4.36582,99.77539,74.48531,7.96474,99.91583,128.8922,4.06244,98.22582
85.45282,4.00052,99.86114,85.65949,4.3657,99.77261,74.56792,7.96476,99.91596,129.0584,4.0619,98.21316
85.53808,4.00038,99.85769,85.74293,4.36569,99.77233,74.65043,7.9646,99.91408,129.2217,4.06158,98.20584
85.62005,4.00023,99.85397,85.82531,4.36572,99.77299,74.73344,7.96453,99.91313,129.3892,4.06146,98.20292
85.7046,4.00019,99.85295,85.90666,4.36578,99.7745,74.81871,7.96462,99.91422,129.5538,4.06118,98.19662
85.78703,4.0004,99.85832,85.99188,4.36586,99.77617,74.90222,7.96468,99.91498,129.7198,4.06097,98.19175
85.87039,4.00056,99.86231,86.07684,4.36591,99.77731,74.98425,7.96448,99.91259,129.8853,4.06054,98.18171
85.95226,4.00048,99.86019,86.15934,4.36598,99.7791,75.0667,7.96435,99.911,130.0521,4.05999,98.16888
86.03684,4.0002,99.85317,86.24269,4.3659,99.77713,75.15138,7.96421,99.90924,130.2171,4.05939,98.15506
86.11805,3.99985,99.84456,86.32571,4.36585,99.77603,75.23312,7.96408,99.90761,130.3812,4.05889,98.14352
86.20202,3.99978,99.84274,86.41054,4.36583,99.7756,75.3151,7.96425,99.90979,130.5467,4.05865,98.13784
86.28586,3.99993,99.84653,86.4917,4.36594,99.77818,75.39831,7.96434,99.91087,130.7136,4.05847,98.13381
86.36822,3.99995,99.84693,86.57589,4.36618,99.78367,75.48163,7.96408,99.90758,130.8777,4.05827,98.12918
86.45411,3.99981,99.84339,86.65831,4.36627,99.78552,75.56581,7.96381,99.90426,131.0429,4.05789,98.1203
86.53616,3.99958,99.83765,86.74088,4.36614,99.78268,75.64903,7.9636,99.90171,131.2088,4.0572,98.1044
86.61759,3.99944,99.83425,86.82234,4.36579,99.77459,75.73335,7.96361,99.90187,131.3732,4.05654,98.08911
86.70163,3.9995,99.83575,86.90731,4.36529,99.76328,75.8158,7.96358,99.90147,131.5397,4.05598,98.07594
86.78606,3.99948,99.83528,86.98795,4.36499,99.75645,75.898,7.96349,99.9003,131.7048,4.05552,98.06535
86.86912,3.99944,99.83425,87.07363,4.36489,99.75405,75.98099,7.96338,99.89904,131.8692,4.05525,98.05919
86.9522,3.99938,99.83275,87.1568,4.36494,99.75528,76.06308,7.96334,99.89856,132.035,4.05481,98.04878
87.03384,3.99944,99.83433,87.24093,4.36497,99.75592,76.14784,7.9633,99.89801,132.2027,4.05441,98.03956
87.11891,3.99958,99.8377,87.32476,4.36511,99.75912,76.23168,7.96345,99.89987,132.367,4.0539,98.02772
87.20019,3.99964,99.83929,87.40974,4.36531,99.76369,76.31409,7.96362,99.90192,132.5337,4.05336,98.01537
87.28466,3.9995,99.8357,87.49101,4.36555,99.76915,76.3964,7.96373,99.9033,132.6983,4.05302,98.00746
87.36762,3.99941,99.83358,87.57441,4.36613,99.78241,76.48031,7.96363,99.90204,132.862,4.05255,97.99652
87.45005,3.99952,99.8363,87.65769,4.3668,99.7977,76.5641,7.96357,99.90134,133.0286,4.05223,97.98922
87.53244,3.99951,99.836,87.74109,4.36728,99.80862,76.64757,7.96372,99.9032,133.1935,4.05189,97.98123
87.61913,3.99919,99.82806,87.82476,4.36738,99.81105,76.72875,7.96358,99.90147,133.3596,4.05151,97.9724
87.69851,3.99903,99.82399,87.90664,4.36722,99.80725,76.81324,7.96364,99.90224,133.5241,4.05102,97.96102
87.78388,3.99895,99.82192,87.99044,4.36684,99.79859,76.89424,7.96369,99.90282,133.6893,4.05054,97.94992
87.86661,3.9991,99.82569,88.07499,4.36654,99.79178,76.98026,7.96356,99.90118,133.8571,4.05013,97.94032
87.94945,3.99941,99.83345,88.15759,4.36636,99.78764,77.06099,7.96364,99.90215,134.0189,4.04977,97.93219
88.03405,3.99915,99.82696,88.23905,4.36638,99.78812,77.14464,7.96377,99.90375,134.1856,4.04954,97.92674
88.11669,3.9988,99.81838,88.32313,4.36629,99.78611,77.2295,7.96385,99.90483,134.348,4.04922,97.91928
88.19905,3.99855,99.81199,88.40769,4.36613,99.78248,77.31157,7.96396,99.90616,134.5168,4.04876,97.90869
88.28332,3.99844,99.80929,88.49094,4.36596,99.77855,77.39456,7.96384,99.90465,134.6819,4.04813,97.89414
88.36744,3.99861,99.81356,88.57297,4.36583,99.77553,77.47876,7.96371,99.9031,134.8485,4.04755,97.88056
88.44922,3.99876,99.81728,88.65939,4.36573,99.77325,77.56291,7.96372,99.90321,135.0148,4.04705,97.86902
88.53212,3.99877,99.81753,88.74109,4.36569,99.77235,77.64575,7.96373,99.90326,135.1781,4.04672,97.86132
88.61742,3.9988,99.81818,88.82239,4.36564,99.77126,77.72836,7.96349,99.9003,135.344,4.04648,97.85574
88.6972,3.99888,99.82032,88.90584,4.3656,99.77037,77.81079,7.96336,99.8987,135.5067,4.04614,97.84806
88.78134,3.99902,99.82367,88.98905,4.36565,99.77139,77.89624,7.96331,99.89821,135.6749,4.04573,97.83849
88.86664,3.99895,99.82197,89.07114,4.36567,99.77203,77.97735,7.96346,99.90002,135.8399,4.04521,97.82633
88.94942,3.99884,99.8192,89.15449,4.36562,99.77069,78.06238,7.96335,99.89864,136.0056,4.04462,97.81275
89.0328,3.99875,99.8169,89.23754,4.3655,99.76808,78.14507,7.96317,99.89649,136.1718,4.04404,97.7994
89.1153,3.99876,99.81733,89.32159,4.3654,99.76566,78.2298,7.96316,99.89635,136.3368,4.04364,97.79015
89.19884,3.99877,99.8174,89.40564,4.36548,99.76758,78.31201,7.96323,99.89714,136.5028,4.04342,97.78489
89.28356,3.99883,99.8189,89.48916,4.36556,99.76941,78.39387,7.96328,99.89778,136.6698,4.04315,97.77859
89.36601,3.99881,99.81863,89.57069,4.36555,99.76918,78.47778,7.9632,99.89679,136.8351,4.04273,97.76895
89.45014,3.99884,99.81937,89.65332,4.36551,99.76817,78.56021,7.96314,99.89612,137.0006,4.04216,97.75569
89.53152,3.99892,99.8212,89.73585,4.36537,99.76509,78.64436,7.96315,99.89618,137.165,4.04152,97.74088
89.61526,3.99899,99.82292,89.82008,4.36527,99.76273,78.7255,7.96316,99.89629,137.3312,4.04079,97.72399
89.69755,3.99895,99.8219,89.90421,4.36538,99.76527,78.80797,7.96313,99.89596,137.4964,4.04028,97.71228
89.78137,3.9988,99.8183,89.98805,4.36554,99.76893,78.89306,7.96322,99.89703,137.66,4.03986,97.7025
89.86464,3.99865,99.81448,90.06991,4.36567,99.77192,78.9751,7.96294,99.89354,137.8256,4.03937,97.69119
89.94676,3.99859,99.81313,90.15344,4.3657,99.77251,79.06036,7.96271,99.89076,137.9932,4.03879,97.67759
90.03006,3.99864,99.81416,90.23712,4.36559,99.77016,79.1431,7.96268,99.89044,138.1586,4.03827,97.66547
90.11178,3.99859,99.81303,90.32153,4.36548,99.76767,79.22657,7.96275,99.89125,138.3242,4.0372,97.64074
90.19556,3.99852,99.81124,90.40548,4.36553,99.76874,79.30982,7.96277,99.89148,138.4891,4.03604,97.614
90.2807,3.99837,99.80752,90.48784,4.36558,99.76982,79.39234,7.96257,99.88902,138.6536,4.03537,97.59838
90.36301,3.9983,99.80572,90.57024,4.36549,99.76781,79.47309,7.96245,99.88757,138.8192,4.03505,97.59108
90.44497,3.9983,99.80587,90.65141,4.36538,99.76525,79.5564,7.96251,99.88829,138.9832,4.03483,97.58577
90.52811,3.99804,99.79931,90.73819,4.36521,99.76141,79.64016,7.96257,99.88903,139.1509,4.03458,97.57995
90.6116,3.99788,99.79539,90.8203,4.36511,99.75917,79.72442,7.96258,99.88922,139.3168,4.03417,97.57052
90.69406,3.99784,99.79436,90.90152,4.36504,99.7575,79.80766,7.96241,99.88711,139.482,4.03373,97.56037
90.77753,3.99786,99.79471,90.98758,4.36511,99.75917,79.88986,7.96204,99.8825,139.6474,4.03351,97.55523
90.86197,3.99782,99.79381,91.06868,4.3652,99.76122,79.97334,7.9618,99.8796,139.8117,4.03334,97.55122
90.94613,3.99762,99.78875,91.15235,4.3654,99.76582,80.05642,7.96194,99.88125,139.9778,4.0333,97.55031
91.02812,3.99747,99.78505,91.23701,4.36555,99.76918,80.1399,7.96206,99.8827,140.1445,4.0331,97.54586
91.11032,3.9975,99.7858,91.31905,4.36556,99.76938,80.22349,7.96206,99.88275,140.3098,4.03304,97.54431
91.1925,3.99766,99.78969,91.40228,4.36538,99.76529,80.30836,7.96197,99.88167,140.4766,4.03287,97.54037
91.2771,3.998,99.79823,91.48756,4.36516,99.76017,80.3907,7.96201,99.88216,140.6407,4.0321,97.52248
91.36009,3.9981,99.80088,91.56781,4.36511,99.75914,80.47249,7.96204,99.88244,140.8077,4.03124,97.50273
91.44405,3.99797,99.79756,91.65313,4.36511,99.7591,80.55444,7.96223,99.88489,140.9709,4.03055,97.48658
91.52554,3.99773,99.79157,91.73481,4.3651,99.75885,80.63691,7.96219,99.88435,141.1388,4.02996,97.47298
91.61078,3.9977,99.79082,91.81634,4.365,99.75665,80.72095,7.96182,99.87974,141.3035,4.02932,97.45822
91.69215,3.99783,99.79399,91.90259,4.36501,99.75688,80.8045,7.96161,99.87721,141.4706,4.02864,97.44241
91.77678,3.99774,99.79182,91.9857,4.36491,99.75457,80.88926,7.96157,99.87671,141.6343,4.02789,97.42496
91.85992,3.99707,99.77504,92.06722,4.36477,99.75126,80.97358,7.96172,99.87856,141.7987,4.02704,97.40538
91.94228,3.99666,99.76496,92.1537,4.36475,99.7508,81.05556,7.96182,99.87982,141.9655,4.02634,97.38904
92.02622,3.99654,99.76181,92.23495,4.36474,99.75076,81.13858,7.96162,99.87733,142.1309,4.02571,97.37462
92.109,3.99654,99.76186,92.31826,4.36491,99.75446,81.22045,7.96146,99.87542,142.2948,4.02522,97.3632
92.19316,3.99657,99.76264,92.39924,4.36512,99.75944,81.30539,7.96153,99.87622,142.4606,4.02463,97.3495
92.27405,3.99662,99.76376,92.4835,4.36517,99.76054,81.38731,7.9616,99.8771,142.6264,4.02394,97.33356
92.35955,3.99672,99.76623,92.56821,4.36512,99.75935,81.47172,7.96156,99.87659,142.7915,4.02332,97.31921
92.44244,3.99692,99.77135,92.64835,4.36505,99.7577,81.55322,7.96147,99.87546,142.9563,4.02261,97.30257
92.5241,3.99717,99.77759,92.73174,4.36502,99.75716,81.63864,7.9612,99.87211,143.1228,4.02194,97.28716
92.60955,3.99719,99.77799,92.81709,4.36512,99.75944,81.72205,7.96088,99.86821,143.2864,4.02133,97.27295
92.69218,3.99716,99.77734,92.89722,4.36533,99.76406,81.80403,7.96088,99.86821,143.4535,4.02102,97.26572
92.77481,3.99718,99.77789,92.98203,4.36541,99.76602,81.88669,7.96087,99.86809,143.619,4.02062,97.2565
92.85985,3.99721,99.77849,93.06605,4.36529,99.76314,81.97113,7.96075,99.86656,143.785,4.02003,97.24276
92.94269,3.99726,99.77986,93.14801,4.36515,99.76008,82.05318,7.96078,99.86703,143.9496,4.01933,97.22665
93.02579,3.9973,99.78088,93.23184,4.36511,99.75905,82.13739,7.9609,99.86841,144.1164,4.01852,97.20779
93.10869,3.99705,99.77457,93.31476,4.36509,99.75871,82.22012,7.96085,99.86787,144.2812,4.01781,97.19152
93.19111,3.99682,99.76885,93.3988,4.36513,99.75967,82.30284,7.96064,99.86526,144.4456,4.01703,97.1734
93.27569,3.99681,99.7685,93.48297,4.36515,99.75997,82.38494,7.96038,99.86207,144.611,4.01579,97.14461
93.35702,3.99703,99.77414,93.56632,4.36513,99.75949,82.46851,7.9603,99.86103,144.7758,4.01455,97.11587
93.44174,3.99763,99.78907,93.64866,4.36503,99.75732,82.5502,7.96029,99.86095,144.944,4.01383,97.09914
93.52514,3.99789,99.79556,93.73153,4.36499,99.75638,82.6348,7.96021,99.85996,145.1094,4.01334,97.08783
93.60962,3.99789,99.79564,93.81766,4.36495,99.75537,82.7174,7.96007,99.85824,145.2752,4.01294,97.07847
93.69145,3.99767,99.79017,93.90128,4.3648,99.75195,82.80031,7.95991,99.85628,145.4393,4.01265,97.07182
93.77632,3.99753,99.78645,93.98326,4.36484,99.75291,82.88526,7.95984,99.85546,145.6062,4.01215,97.06016
93.85858,3.99734,99.78181,94.06509,4.36497,99.75597,82.96744,7.95986,99.85562,145.7722,4.01169,97.04964
93.94109,3.99719,99.77816,94.14875,4.36518,99.76081,83.04838,7.95972,99.85397,145.9383,4.01142,97.04334
94.02691,3.99704,99.77432,94.23322,4.3651,99.75889,83.13348,7.95971,99.85376,146.1038,4.01091,97.03143
94.10812,3.99694,99.77177,94.31593,4.36496,99.75578,83.21672,7.95972,99.85395,146.2707,4.01018,97.01451
94.1936,3.99686,99.76995,94.39966,4.36493,99.75492,83.3006,7.95971,99.85375,146.4359,4.01008,97.01233
94.27449,3.99658,99.76274,94.4814,4.36491,99.75446,83.38215,7.9597,99.85363,146.6014,4.00989,97.00781
94.35931,3.99627,99.75507,94.56481,4.36496,99.7556,83.46411,7.9597,99.85372,146.7664,4.00947,96.99808
94.44064,3.99611,99.75113,94.64901,4.36495,99.75542,83.55038,7.95975,99.85433,146.9309,4.00885,96.98378
94.52444,3.99612,99.75133,94.73356,4.36491,99.75451,83.63163,7.95961,99.85259,147.0982,4.00813,96.96716
94.60687,3.99614,99.75198,94.81672,4.36474,99.75076,83.71564,7.95928,99.84846,147.2653,4.00721,96.94582
94.69078,3.99618,99.75275,94.89812,4.36474,99.75071,83.79894,7.95909,99.84621,147.4302,4.00614,96.92102
94.77431,3.99629,99.7556,94.97992,4.36476,99.75115,83.88103,7.95907,99.84592,147.5932,4.00532,96.90202
94.85699,3.99644,99.75932,95.06194,4.36478,99.75163,83.96454,7.95895,99.84449,147.7596,4.00451,96.88324
94.94074,3.99652,99.76136,95.14741,4.36476,99.75105,84.04791,7.95864,99.84058,147.9249,4.00381,96.86702
95.02278,3.99651,99.76104,95.22918,4.36472,99.75028,84.13203,7.95834,99.83699,148.0921,4.00321,96.85305
95.10668,3.9965,99.76094,95.31243,4.36477,99.75147,84.21282,7.95798,99.83254,148.2559,4.0026,96.83889
95.19045,3.99642,99.75882,95.39409,4.36479,99.75169,84.29837,7.95776,99.82976,148.422,4.00196,96.8241
95.27453,3.99632,99.75632,95.47982,4.36477,99.75126,84.38238,7.95768,99.82879,148.5866,4.00117,96.80584
95.35663,3.9961,99.75083,95.56192,4.36467,99.74907,84.46497,7.95767,99.82868,148.7524,4.00037,96.78732
95.43965,3.9958,99.74349,95.64712,4.3645,99.74523,84.54641,7.9576,99.82781,148.9184,3.99946,96.76623
95.52431,3.9957,99.74079,95.72968,4.36449,99.74488,84.63126,7.95753,99.82697,149.0834,3.99873,96.7492
95.60469,3.99565,99.73965,95.81384,4.36457,99.74683,84.71408,7.95742,99.82562,149.2486,3.9981,96.73476
95.69012,3.99565,99.73957,95.89579,4.3646,99.74753,84.79576,7.95741,99.82543,149.4159,3.99731,96.71643
95.77352,3.99572,99.74144,95.98024,4.36457,99.74671,84.87695,7.95727,99.82377,149.5795,3.99646,96.69662
95.85594,3.99572,99.74129,96.06301,4.36444,99.7439,84.96375,7.95709,99.82151,149.7462,3.99561,96.67699
95.93912,3.99559,99.73812,96.14522,4.36428,99.74008,85.04549,7.95682,99.8182,149.9126,3.99477,96.65752
96.02211,3.99542,99.734,96.22874,4.36426,99.73972,85.1286,7.95681,99.8181,150.0772,3.99395,96.63856
96.10555,3.99527,99.73006,96.31259,4.36417,99.73768,85.2113,7.95704,99.82089,150.2433,3.99315,96.62002
96.18798,3.99525,99.72971,96.39561,4.36407,99.7354,85.29414,7.95729,99.82397,150.4091,3.99249,96.60468
96.27048,3.99542,99.73385,96.47751,4.36401,99.73407,85.38136,7.9573,99.8241,150.5729,3.99191,96.59124
96.35382,3.99549,99.73573,96.56195,4.36425,99.73947,85.46241,7.95733,99.82453,150.739,3.99133,96.57771
96.43906,3.99524,99.72951,96.64441,4.36439,99.74271,85.54374,7.9573,99.82411,150.9056,3.9906,96.56083
96.52215,3.99491,99.72105,96.72762,4.36434,99.74162,85.62664,7.95732,99.82441,151.0724,3.98973,96.54076
96.60449,3.99484,99.71945,96.81109,4.36422,99.73874,85.71161,7.95713,99.82207,151.2356,3.98883,96.51991
96.68707,3.99495,99.72227,96.89314,4.36399,99.73362,85.79609,7.95683,99.81834,151.4001,3.98811,96.50317
96.77071,3.99494,99.72202,96.97712,4.36384,99.7301,85.87754,7.95641,99.81315,151.5658,3.9874,96.48667
96.85444,3.99484,99.71948,97.05814,4.36388,99.73092,85.96024,7.956,99.80811,151.732,3.98674,96.47131
96.93718,3.99475,99.71728,97.14178,4.36394,99.73234,86.04637,7.95565,99.8038,151.8973,3.98603,96.45499
97.02051,3.99472,99.71633,97.22506,4.36398,99.73325,86.12809,7.95538,99.80044,152.0616,3.98526,96.43715
97.10394,3.99469,99.71578,97.3093,4.36391,99.73172,86.20953,7.95533,99.79987,152.2286,3.98447,96.41873
97.18606,3.99453,99.71164,97.39095,4.36373,99.72761,86.29356,7.9553,99.79948,152.3958,3.98372,96.40151
97.27024,3.99431,99.70625,97.4735,4.36317,99.71488,86.37798,7.95527,99.79916,152.559,3.98297,96.38396
97.35345,3.99423,99.70432,97.55824,4.36296,99.70994,86.46132,7.9552,99.79826,152.7244,3.98211,96.36408
97.43582,3.99441,99.70859,97.64009,4.36306,99.71229,86.54294,7.95503,99.79609,152.8911,3.98134,96.34612
97.51818,3.99466,99.71486,97.72475,4.36328,99.71725,86.62675,7.95491,99.79461,153.0569,3.98068,96.33098
97.60062,3.99464,99.71453,97.80669,4.36358,99.72406,86.70778,7.95485,99.79393,153.2216,3.97988,96.31231
97.68376,3.99445,99.70967,97.89259,4.36374,99.72772,86.79247,7.95487,99.79418,153.3882,3.97881,96.2876
97.76889,3.99427,99.70525,97.97342,4.36369,99.72676,86.87576,7.9549,99.79452,153.5528,3.97786,96.26559
97.85281,3.99445,99.70967,98.05541,4.36357,99.72386,86.95972,7.95484,99.79382,153.7198,3.97706,96.24695
97.93676,3.99475,99.71718,98.14048,4.36344,99.72102,87.04211,7.95482,99.7935,153.8848,3.97644,96.23258
98.01858,3.99471,99.71628,98.22032,4.3635,99.72228,87.12778,7.95469,99.79196,154.0501,3.97589,96.21995
98.10259,3.99438,99.70804,98.30664,4.36363,99.72534,87.20944,7.9546,99.79091,154.2149,3.97522,96.2044
98.18524,3.99402,99.69906,98.39098,4.36371,99.72713,87.29051,7.95454,99.79009,154.3802,3.97431,96.18343
98.2691,3.99385,99.69481,98.47374,4.36359,99.72429,87.37469,7.95461,99.79096,154.5464,3.97336,96.16121
98.35274,3.99396,99.69741,98.55621,4.36353,99.72297,87.45899,7.95457,99.79047,154.711,3.97244,96.14
98.43655,3.99401,99.69873,98.6408,4.36365,99.72585,87.53952,7.95442,99.78866,154.8773,3.97143,96.11662
98.51991,3.99396,99.69741,98.72437,4.3638,99.72925,87.62342,7.95432,99.78742,155.0424,3.97046,96.09404
98.60211,3.99374,99.69197,98.80707,4.36374,99.72781,87.70753,7.95431,99.78726,155.2084,3.96962,96.07453
98.68449,3.99356,99.68757,98.88956,4.36369,99.72658,87.79249,7.9542,99.78593,155.3739,3.96873,96.05395
98.76782,3.99347,99.68523,98.97118,4.36372,99.72726,87.87274,7.95372,99.78004,155.5386,3.96766,96.02915
98.85144,3.99346,99.68493,99.05444,4.3638,99.72925,87.95678,7.95325,99.77421,155.7048,3.96678,96.00876
98.93429,3.99344,99.68438,99.13769,4.36393,99.73225,88.03942,7.95314,99.77287,155.8714,3.96594,95.98934
99.01522,3.99332,99.68141,99.2237,4.36402,99.73417,88.12375,7.95324,99.77405,156.0346,3.96534,95.97537
99.09918,3.99343,99.68421,99.30285,4.3639,99.73147,88.20751,7.95332,99.77513,156.2009,3.96455,95.95701
99.18282,3.99366,99.68985,99.38556,4.36375,99.72795,88.29004,7.95355,99.77796,156.3668,3.96378,95.93917
99.26758,3.99366,99.68985,99.47152,4.36377,99.72854,88.37094,7.95368,99.77953,156.5333,3.96281,95.91671
99.34872,3.99348,99.68535,99.55548,4.36385,99.73033,88.45429,7.95361,99.77868,156.6973,3.96181,95.89356
99.43241,3.99326,99.68004,99.63799,4.36399,99.73343,88.53837,7.95349,99.77713,156.8624,3.96088,95.87198
99.51618,3.99328,99.68056,99.72141,4.364,99.7338,88.62118,7.95345,99.77671,157.0279,3.95988,95.84883
99.59809,3.99343,99.68413,99.80469,4.36366,99.72589,88.70345,7.95344,99.77655,157.1956,3.95898,95.82793
99.68231,3.99352,99.68643,99.88709,4.36334,99.71876,88.78915,7.9535,99.7773,157.3606,3.95815,95.8089
99.76725,3.99338,99.68303,99.97089,4.36332,99.71826,88.87018,7.95351,99.77744,157.5246,3.95725,95.78804
99.85113,3.99319,99.67824,100.055,4.36345,99.72123,88.95203,7.95353,99.77765,157.692,3.95632,95.76635
99.93381,3.99313,99.67682,100.1362,4.36351,99.72246,89.03788,7.95356,99.77809,157.8559,3.95531,95.74306
100.019,3.99312,99.67649,100.2199,4.36354,99.7232,89.12094,7.95357,99.77816,158.0228,3.95432,95.71998
100.0984,3.9932,99.67859,100.3045,4.36358,99.72425,89.2035,7.95336,99.77554,158.1896,3.9533,95.69632
100.1831,3.99325,99.67979,100.3854,4.36361,99.7248,89.28837,7.9529,99.76991,158.3551,3.9523,95.67328
100.2661,3.99314,99.67704,100.4689,4.36367,99.72633,89.37137,7.95261,99.76634,158.5193,3.95128,95.64955
100.3506,3.99317,99.67774,100.5516,4.36365,99.72571,89.45203,7.95267,99.76713,158.6849,3.95044,95.6302
100.4306,3.9933,99.68093,100.6348,4.36354,99.72322,89.53451,7.95277,99.76836,158.8521,3.94961,95.6108
100.5171,3.99323,99.67931,100.7186,4.36339,99.71977,89.61908,7.95286,99.76942,159.0152,3.94866,95.58897
100.598,3.99299,99.6732,100.8003,4.36334,99.71872,89.70245,7.95283,99.76902,159.1824,3.94774,95.56751
100.6841,3.99291,99.67125,100.8837,4.36353,99.72292,89.78553,7.95262,99.76651,159.3467,3.94664,95.54213
100.7651,3.99281,99.6688,100.9665,4.36349,99.72219,89.86712,7.95239,99.76359,159.5124,3.94559,95.51773
100.8501,3.99272,99.66638,101.0504,4.36348,99.72178,89.9485,7.95225,99.76185,159.6789,3.94464,95.49574
100.9323,3.9926,99.66341,101.1316,4.36316,99.71458,90.03402,7.95223,99.76163,159.8451,3.94369,95.47379
101.0152,3.99231,99.6563,101.2184,4.363,99.71081,90.11672,7.95216,99.76075,160.0094,3.94279,95.45293
101.0976,3.99213,99.65178,101.2992,4.36289,99.70834,90.19959,7.95212,99.76035,160.1737,3.94185,95.43112
101.1827,3.9922,99.65358,101.3844,4.36289,99.70827,90.28462,7.95213,99.76043,160.3408,3.94072,95.4048
101.2639,3.99248,99.66062,101.4652,4.3629,99.70861,90.36415,7.95154,99.75313,160.5071,3.93953,95.37738
101.3487,3.99259,99.66334,101.5468,4.36289,99.70829,90.45004,7.9512,99.74897,160.6719,3.93846,95.35238
101.4325,3.99248,99.66052,101.6337,4.36296,99.70999,90.53156,7.95133,99.7506,160.8381,3.93737,95.32732
101.5161,3.99228,99.65552,101.7138,4.36294,99.70955,90.61388,7.95151,99.75284,161.0039,3.93636,95.30387
101.5994,3.99226,99.65492,101.7972,4.36277,99.70558,90.69874,7.95144,99.75197,161.1703,3.93532,95.27961
101.6831,3.99245,99.65969,101.8799,4.36254,99.70039,90.78134,7.95117,99.74862,161.3339,3.93443,95.25917
101.7644,3.99256,99.66249,101.9638,4.36246,99.69847,90.86489,7.95123,99.74929,161.4996,3.93355,95.23875
101.8479,3.99253,99.66184,102.0467,4.36243,99.69787,90.94769,7.95147,99.75227,161.6656,3.9324,95.21194
101.931,3.99245,99.65972,102.1307,4.3625,99.69947,91.0317,7.9517,99.75519,161.8307,3.93109,95.18178
102.0162,3.99228,99.65557,102.2135,4.36259,99.70151,91.11445,7.9519,99.75764,161.996,3.92983,95.15258
102.0993,3.99205,99.64978,102.295,4.36251,99.6997,91.19444,7.95197,99.75839,162.1622,3.92882,95.1292
102.1826,3.99192,99.64664,102.3797,4.36235,99.69614,91.27928,7.95195,99.75825,162.3285,3.92792,95.10823
102.2655,3.99177,99.64269,102.4636,4.36219,99.69248,91.3622,7.95198,99.75853,162.4938,3.92703,95.08753
102.3495,3.99177,99.64289,102.546,4.36215,99.69152,91.44542,7.95178,99.75614,162.6594,3.92603,95.06433
102.4315,3.99188,99.64551,102.6283,4.36214,99.69127,91.52769,7.95167,99.75481,162.8238,3.92491,95.03838
102.5154,3.99212,99.65155,102.713,4.3622,99.69262,91.61249,7.95153,99.75301,162.9915,3.92379,95.01244
102.5964,3.99203,99.64928,102.794,4.36209,99.6901,91.69359,7.95142,99.75167,163.1579,3.92274,94.98813
102.6799,3.99176,99.64249,102.8789,4.36191,99.6861,91.77718,7.95121,99.7491,163.322,3.92171,94.96433
102.7635,3.99139,99.63333,102.9605,4.36163,99.67966,91.85929,7.95124,99.74951,163.4879,3.92083,94.94382
102.8483,3.99138,99.63306,103.0441,4.36151,99.67692,91.94296,7.95166,99.75459,163.6536,3.91972,94.91819
102.9304,3.99163,99.63925,103.1282,4.36146,99.67561,92.02716,7.95184,99.75682,163.8195,3.91843,94.88818
103.0131,3.9918,99.64359,103.2113,4.36153,99.67721,92.11153,7.9518,99.75637,163.9859,3.91709,94.85722
103.0957,3.99156,99.63745,103.2963,4.36154,99.67756,92.19488,7.9515,99.75266,164.1506,3.91576,94.82647
103.1785,3.99125,99.62991,103.378,4.3615,99.67662,92.27889,7.95104,99.74699,164.317,3.91451,94.79754
103.2638,3.99108,99.62557,103.4612,4.36137,99.67365,92.36048,7.95078,99.74382,164.4814,3.91346,94.77307
103.3456,3.99107,99.62522,103.5446,4.36128,99.6715,92.44366,7.95075,99.7434,164.6484,3.9125,94.75098
103.4288,3.99094,99.62207,103.6283,4.36111,99.66771,92.52578,7.95062,99.74182,164.8142,3.91139,94.72512
103.5132,3.99086,99.61998,103.7122,4.36125,99.67091,92.60782,7.95014,99.7359,164.9773,3.91014,94.69622
103.5946,3.99088,99.62058,103.7944,4.36112,99.66791,92.69147,7.9497,99.7305,165.1463,3.90881,94.66545
103.6774,3.99104,99.6245,103.8789,4.36095,99.66414,92.77559,7.94933,99.72588,165.3108,3.90753,94.63578
103.7615,3.99106,99.62497,103.9603,4.3608,99.66069,92.85715,7.94921,99.72449,165.4754,3.90629,94.60684
103.8448,3.991,99.62352,104.0451,4.36059,99.65582,92.94132,7.94936,99.72633,165.641,3.9052,94.58169
103.9285,3.99088,99.62058,104.1275,4.36046,99.65283,93.02515,7.94942,99.72698,165.8077,3.90406,94.5552
104.0106,3.99073,99.61673,104.2114,4.3605,99.65367,93.10832,7.9494,99.7268,165.9745,3.90281,94.52633
104.0944,3.9908,99.61858,104.2965,4.36064,99.65694,93.19266,7.94949,99.72787,166.1388,3.90161,94.4984
104.1771,3.99101,99.62392,104.378,4.36071,99.6585,93.27394,7.94942,99.72705,166.3065,3.90046,94.47194
104.2608,3.99114,99.62704,104.4614,4.36065,99.65719,93.35608,7.94931,99.72564,166.4706,3.89921,94.44276
104.3437,3.99098,99.62297,104.544,4.36078,99.66012,93.43962,7.94922,99.72453,166.6376,3.89786,94.41149
104.4281,3.99083,99.6194,104.6286,4.36077,99.65987,93.52504,7.94933,99.72598,166.8028,3.89666,94.38375
104.5111,3.99103,99.62437,104.7108,4.36067,99.65756,93.60507,7.9495,99.72803,166.9687,3.89538,94.35407
104.5927,3.99116,99.62762,104.7946,4.36051,99.65409,93.68876,7.94951,99.72813,167.1332,3.89423,94.32737
104.6746,3.99093,99.62177,104.8779,4.36048,99.65342,93.77226,7.94918,99.7241,167.3009,3.89311,94.30155
104.7604,3.98986,99.59522,104.9615,4.36062,99.65658,93.85641,7.94903,99.72226,167.4662,3.89179,94.27096
104.8438,3.9887,99.56616,105.0443,4.36056,99.65521,93.93866,7.94895,99.72125,167.6319,3.89057,94.24269
104.9255,3.98839,99.5584,105.127,4.36051,99.65409,94.02432,7.94894,99.7211,167.7969,3.88936,94.21462
105.0102,3.98856,99.56256,105.2115,4.36032,99.64965,94.10672,7.94886,99.72019,167.9619,3.88788,94.1803
105.0933,3.98884,99.56958,105.2942,4.36015,99.64572,94.18866,7.94895,99.72126,168.1266,3.88661,94.15089
105.1752,3.98909,99.57589,105.378,4.35996,99.64136,94.27384,7.94893,99.72099,168.2938,3.88553,94.12579
105.2584,3.98925,99.57979,105.4624,4.35987,99.63932,94.35718,7.94876,99.71894,168.4616,3.88441,94.09995
105.3424,3.9895,99.58623,105.545,4.35986,99.63909,94.43828,7.94867,99.71786,168.624,3.88319,94.0717
105.4287,3.99021,99.60388,105.6268,4.35984,99.63877,94.52469,7.94861,99.71711,168.7916,3.88171,94.03724
105.5124,3.99118,99.62807,105.712,4.35977,99.63706,94.60718,7.94844,99.71493,168.9566,3.8801,94.00007
105.593,3.99164,99.6395,105.7933,4.35965,99.63443,94.69047,7.94829,99.7131,169.1227,3.87875,93.96881
105.6777,3.99146,99.6351,105.8753,4.35961,99.63343,94.77408,7.94817,99.71162,169.289,3.87734,93.93606
105.758,3.99122,99.62906,105.9611,4.3595,99.63091,94.858,7.94803,99.70992,169.4559,3.87605,93.90623
105.8435,3.991,99.62352,106.0447,4.35938,99.62824,94.94231,7.94778,99.70686,169.6229,3.87477,93.87657
105.9258,3.99067,99.61528,106.1267,4.3593,99.62632,95.02655,7.94764,99.70511,169.7866,3.87352,93.84746
106.0109,3.99023,99.6043,106.2112,4.35926,99.62554,95.10864,7.94768,99.70555,169.9531,3.87203,93.81293
106.0928,3.98974,99.5921,106.2925,4.35925,99.62524,95.19341,7.94771,99.70598,170.1181,3.87061,93.78002
106.1758,3.98948,99.58558,106.3777,4.35929,99.62618,95.27447,7.94762,99.70487,170.2844,3.8693,93.7498
106.2602,3.9893,99.58119,106.4607,4.35921,99.62428,95.35905,7.94749,99.70332,170.45,3.86804,93.72053
106.3414,3.9892,99.57872,106.5426,4.35906,99.62086,95.44288,7.94733,99.7013,170.6154,3.86689,93.6939
106.4267,3.98896,99.57277,106.6268,4.35908,99.62138,95.52569,7.94734,99.70147,170.782,3.86563,93.66468
106.51,3.98897,99.57287,106.7096,4.35915,99.62296,95.6077,7.94735,99.70158,170.9476,3.86417,93.63087
106.5909,3.98918,99.57814,106.793,4.35921,99.62438,95.69178,7.94738,99.70189,171.1124,3.86269,93.59652
106.6761,3.98912,99.57659,106.8767,4.3592,99.62412,95.77356,7.9474,99.70216,171.2786,3.86109,93.55949
106.7595,3.98893,99.5718,106.9577,4.35906,99.62095,95.85941,7.94737,99.70184,171.4452,3.85961,93.52514
106.8408,3.9888,99.56866,107.0433,4.35903,99.62022,95.94266,7.94737,99.70184,171.6098,3.85817,93.49173
106.9241,3.98886,99.57005,107.1272,4.35897,99.61885,96.0252,7.94734,99.70137,171.7767,3.85668,93.45727
107.0075,3.98915,99.57739,107.2094,4.35896,99.61857,96.11036,7.9471,99.69852,171.9409,3.85508,93.42012
107.0902,3.98934,99.58224,107.2926,4.35896,99.61859,96.19228,7.94693,99.69637,172.1075,3.85356,93.38489
107.1734,3.9891,99.57619,107.378,4.35901,99.61971,96.27657,7.94697,99.69689,172.2731,3.85213,93.3518
107.2552,3.98865,99.56501,107.4587,4.35897,99.61885,96.35922,7.94706,99.69801,172.4418,3.85084,93.32183
107.3392,3.98859,99.56331,107.5436,4.35875,99.61382,96.4422,7.94704,99.6977,172.6072,3.84958,93.29261
107.4244,3.98866,99.56516,107.6263,4.35854,99.609,96.52559,7.94686,99.69548,172.7716,3.84837,93.26457
107.5056,3.9887,99.56606,107.7108,4.35834,99.6044,96.61054,7.94673,99.69386,172.9378,3.84703,93.23351
107.5872,3.98851,99.56134,107.7928,4.35821,99.60148,96.69219,7.94683,99.69509,173.1028,3.84554,93.19907
107.6725,3.9883,99.5562,107.8776,4.35827,99.60278,96.77634,7.94683,99.69515,173.2684,3.84401,93.16371
107.7559,3.98831,99.55647,107.96,4.35825,99.60234,96.85969,7.94669,99.69346,173.4346,3.84237,93.12552
107.84,3.98843,99.55932,108.0435,4.35836,99.60486,96.94308,7.94644,99.69033,173.6018,3.84081,93.08952
107.9198,3.98837,99.55785,108.126,4.35832,99.60394,97.02684,7.94615,99.68677,173.7669,3.83933,93.05525
108.006,3.9882,99.55368,108.208,4.35814,99.59992,97.11282,7.94602,99.68513,173.9334,3.83777,93.0191
108.0894,3.98803,99.54943,108.295,4.358,99.59659,97.19218,7.94588,99.68345,174.0984,3.83617,92.98197
108.1715,3.9882,99.55358,108.3751,4.35795,99.59556,97.27736,7.94593,99.68407,174.2651,3.83443,92.9416
108.2548,3.98843,99.55942,108.4588,4.35797,99.59588,97.36076,7.94606,99.68564,174.4294,3.83281,92.90408
108.3396,3.98835,99.55742,108.542,4.35789,99.59416,97.44506,7.94601,99.68501,174.5961,3.8313,92.86906
108.4242,3.988,99.54864,108.6261,4.35787,99.59373,97.52851,7.94603,99.68531,174.7624,3.82977,92.83351
108.5062,3.98765,99.54002,108.7097,4.35775,99.59101,97.61132,7.94618,99.6871,174.9269,3.82809,92.79472
108.5873,3.98768,99.54075,108.791,4.35771,99.58996,97.69578,7.94634,99.68912,175.0934,3.82653,92.75847
108.6721,3.98792,99.54666,108.8736,4.35756,99.58658,97.77892,7.94642,99.69009,175.2583,3.82494,92.72162
108.7565,3.98799,99.54849,108.9579,4.3575,99.58527,97.86199,7.9463,99.68866,175.4237,3.82327,92.68306
108.8396,3.98781,99.54394,109.0387,4.35758,99.58708,97.94744,7.94628,99.68839,175.589,3.82155,92.64301
108.9204,3.98731,99.53156,109.1239,4.35764,99.5884,98.03039,7.94632,99.68887,175.7547,3.81997,92.60651
109.0056,3.98722,99.52922,109.2038,4.35755,99.58635,98.11359,7.94625,99.68799,175.9212,3.81868,92.57664
109.0896,3.98738,99.53316,109.2895,4.35748,99.58486,98.19669,7.9459,99.68368,176.0872,3.81731,92.5448
109.1708,3.98746,99.53521,109.372,4.35738,99.58239,98.28134,7.94568,99.68092,176.2526,3.81571,92.50776
109.2553,3.98733,99.53204,109.4543,4.35718,99.57794,98.36316,7.94571,99.68134,176.4188,3.81396,92.46721
109.3375,3.98721,99.52902,109.5383,4.35701,99.57391,98.44624,7.94564,99.68054,176.5846,3.81232,92.42913
109.4232,3.98727,99.53051,109.6224,4.35682,99.56955,98.52929,7.94578,99.68214,176.7498,3.81055,92.38809
109.5056,3.9874,99.53381,109.7053,4.35667,99.56633,98.61379,7.94591,99.68377,176.9177,3.80878,92.34721
109.5896,3.9875,99.53628,109.7876,4.35664,99.56564,98.69625,7.94574,99.68171,177.0847,3.80703,92.30651
109.6716,3.98741,99.53386,109.8698,4.35667,99.56633,98.78078,7.94578,99.6822,177.249,3.80527,92.26582
109.7533,3.98722,99.52912,109.9531,4.35664,99.5655,98.86258,7.94564,99.68046,177.414,3.80353,92.22545
109.8383,3.98724,99.52961,110.0362,4.35639,99.55975,98.94631,7.94508,99.67352,177.5809,3.80198,92.18952
109.9182,3.98738,99.53316,110.119,4.35614,99.55421,99.03075,7.9448,99.67013,177.7469,3.80055,92.15632
110.004,3.98724,99.52969,110.2002,4.35616,99.55449,99.11332,7.94455,99.667,177.9131,3.79885,92.11703
110.0882,3.98679,99.51848,110.2868,4.3562,99.55559,99.19832,7.9444,99.66517,178.0778,3.79696,92.07323
110.1694,3.98637,99.5081,110.3706,4.35619,99.55522,99.28218,7.94442,99.66539,178.2439,3.79488,92.02501
110.2525,3.98635,99.50745,110.4525,4.35623,99.55618,99.36195,7.94468,99.6686,178.4086,3.79289,91.97889
110.3366,3.98659,99.51359,110.5356,4.35611,99.55344,99.44852,7.94485,99.67075,178.5772,3.79138,91.94396
110.4193,3.98665,99.51499,110.6198,4.35597,99.55022,99.53222,7.94484,99.67067,178.7413,3.79014,91.91518
110.5029,3.98648,99.51064,110.7043,4.35587,99.54798,99.61544,7.94483,99.6705,178.9076,3.78867,91.88116
110.5873,3.98628,99.50583,110.7869,4.3558,99.54644,99.69988,7.94482,99.67043,179.0735,3.78748,91.85344
110.669,3.98615,99.50251,110.8694,4.35567,99.54329,99.78207,7.94486,99.67091,179.2386,3.78563,91.81061
110.7531,3.98623,99.50458,110.9545,4.35561,99.54208,99.86364,7.94491,99.67148,179.4041,3.78365,91.7647
110.8366,3.98629,99.5059,111.037,4.35562,99.54224,99.94858,7.94491,99.67152,179.5718,3.78224,91.73198
110.9193,3.98622,99.50413,111.1206,4.35564,99.54274,100.0313,7.9449,99.67136,179.7368,3.78051,91.6921
111.0042,3.98629,99.50593,111.2017,4.35557,99.54112,100.1168,7.94495,99.67194,179.9022,3.77885,91.65344
111.0883,3.98621,99.50405,111.2874,4.35548,99.53895,100.1992,7.94518,99.67479,180.0689,3.77727,91.61683
111.1705,3.98618,99.50313,111.3718,4.35533,99.53566,100.2831,7.94568,99.68098,180.2336,3.77562,91.57863
111.2515,3.98601,99.49911,111.4531,4.35526,99.53394,100.3671,7.94565,99.68061,180.4005,3.77378,91.53604
111.3358,3.98587,99.49549,111.537,4.35535,99.53611,100.4497,7.94559,99.67986,180.5657,3.7719,91.49251
111.4164,3.98602,99.49926,111.6202,4.35536,99.5363,100.5318,7.94543,99.67794,180.732,3.7702,91.45312
111.4991,3.98631,99.5065,111.7049,4.35539,99.53691,100.615,7.94539,99.6774,180.8972,3.76858,91.41543
111.5837,3.98645,99.50997,111.7898,4.35547,99.53886,100.6997,7.94525,99.67567,181.0638,3.76665,91.37087
111.6656,3.98621,99.5039,111.8712,4.35545,99.53845,100.783,7.94494,99.67192,181.2314,3.76466,91.32468
111.7499,3.98581,99.49392,111.9554,4.35537,99.53662,100.8644,7.94478,99.66988,181.395,3.76265,91.27803
111.8324,3.98573,99.49192,112.0388,4.35515,99.53145,100.9497,7.94468,99.66868,181.5606,3.7608,91.23516
111.9161,3.98584,99.49467,112.1217,4.35495,99.52688,101.0342,7.9447,99.66886,181.7261,3.75829,91.17715
111.9996,3.98583,99.49447,112.2022,4.35491,99.52597,101.1148,7.94461,99.6678,181.8932,3.7559,91.12162
112.0799,3.98561,99.48898,112.2874,4.35497,99.52748,101.1999,7.94443,99.66556,182.0598,3.75392,91.07581
112.1662,3.98535,99.48244,112.3703,4.35497,99.52748,101.2844,7.94421,99.6628,182.2228,3.75175,91.0254
112.246,3.98521,99.47904,112.4527,4.35489,99.52546,101.3665,7.94415,99.66216,182.3901,3.74936,90.97006
112.3307,3.98503,99.47462,112.5359,4.35474,99.52222,101.4481,7.94403,99.66062,182.5564,3.74715,90.91896
112.4159,3.98443,99.45957,112.6196,4.35451,99.51683,101.5309,7.94402,99.6605,182.7214,3.74533,90.87676
112.4984,3.98391,99.44654,112.7007,4.35443,99.51509,101.6151,7.94404,99.66074,182.8902,3.74346,90.83335
112.5823,3.98377,99.4432,112.7871,4.35436,99.51351,101.6965,7.94389,99.65891,183.0547,3.7413,90.78322
112.6635,3.98403,99.44961,112.867,4.35428,99.51152,101.7804,7.94373,99.65697,183.2214,3.73906,90.73131
112.7489,3.98428,99.4559,112.9506,4.35424,99.5107,101.8638,7.94367,99.65616,183.3864,3.7368,90.67907
112.8322,3.98425,99.45508,113.0343,4.35422,99.51034,101.9469,7.94361,99.65552,183.5515,3.73455,90.627
112.9134,3.98387,99.44557,113.1186,4.35413,99.50828,102.0296,7.94347,99.65377,183.7178,3.73219,90.57219
112.9959,3.98364,99.43993,113.2017,4.354,99.50531,102.1129,7.94344,99.6534,183.886,3.73008,90.52334
113.0818,3.98371,99.4417,113.2856,4.35375,99.49959,102.1959,7.94334,99.65214,184.0503,3.72811,90.47771
113.164,3.98406,99.45029,113.3662,4.35359,99.4958,102.2809,7.9431,99.64919,184.2162,3.72634,90.43662
113.2496,3.98416,99.45283,113.4519,4.35339,99.49137,102.3634,7.94302,99.64815,184.3835,3.72394,90.38104
113.333,3.98405,99.45009,113.535,4.35334,99.49018,102.4475,7.9431,99.64922,184.5497,3.72174,90.33001
113.416,3.98385,99.44504,113.62,4.3534,99.49146,102.5299,7.94322,99.65062,184.7162,3.71971,90.2829
113.4975,3.98384,99.44494,113.7019,4.35344,99.49237,102.615,7.94325,99.65102,184.8808,3.71748,90.23129
113.5809,3.98401,99.44899,113.7858,4.35344,99.49244,102.698,7.94319,99.65027,185.0482,3.7152,90.17852
113.6641,3.9839,99.44627,113.8676,4.35339,99.49123,102.7809,7.943,99.64792,185.2151,3.71318,90.13168
113.7472,3.98353,99.43698,113.9508,4.35335,99.49032,102.8633,7.94279,99.64532,185.3825,3.71165,90.09629
113.8319,3.98331,99.43161,114.0352,4.35334,99.49022,102.9467,7.94262,99.6433,185.548,3.71054,90.07048
113.9161,3.98334,99.43231,114.119,4.35341,99.49164,103.032,7.94275,99.64486,185.7121,3.70878,90.02976
113.9974,3.98334,99.43231,114.2013,4.35335,99.49036,103.1135,7.94292,99.64697,185.88,3.70682,89.98433
114.0807,3.98326,99.43047,114.2846,4.35323,99.48771,103.1972,7.94289,99.64658,186.0451,3.70497,89.94144
114.1634,3.98304,99.42482,114.3693,4.3532,99.48684,103.2792,7.94279,99.64542,186.2112,3.70258,89.88603
114.2461,3.98281,99.41906,114.4526,4.35294,99.4809,103.3626,7.94278,99.64522,186.376,3.7002,89.83082
114.33,3.98292,99.4219,114.5368,4.35266,99.47455,103.4449,7.94252,99.64204,186.5434,3.69798,89.77935
114.4134,3.98323,99.42959,114.618,4.35246,99.47002,103.5293,7.94249,99.64166,186.7092,3.696,89.73346
114.4958,3.98325,99.43019,114.7007,4.35238,99.46826,103.6112,7.94253,99.64217,186.8756,3.69375,89.6813
114.5797,3.98283,99.41963,114.785,4.35227,99.46563,103.6948,7.94245,99.64118,187.0404,3.69143,89.62758
114.6638,3.98245,99.4102,114.8674,4.35234,99.46723,103.7774,7.94235,99.63999,187.2065,3.68895,89.57008
114.7454,3.98254,99.41239,114.9519,4.35229,99.46623,103.8634,7.94233,99.6397,187.3742,3.6865,89.51328
114.829,3.98338,99.43339,115.0361,4.35214,99.46266,103.9456,7.94221,99.63825,187.5395,3.68409,89.4575
114.9112,3.98387,99.44554,115.1182,4.35192,99.45759,104.028,7.94213,99.63724,187.7069,3.68164,89.40072
114.9949,3.98368,99.44085,115.2015,4.35158,99.44982,104.112,7.94207,99.63645,187.8733,3.67906,89.34088
115.0774,3.98336,99.43286,115.2842,4.35136,99.44493,104.1941,7.94191,99.63453,188.0382,3.67652,89.28209
115.1623,3.98329,99.43101,115.369,4.35136,99.44497,104.279,7.94148,99.62918,188.2047,3.67397,89.22287
115.2458,3.98337,99.43316,115.4516,4.35133,99.44415,104.3613,7.94109,99.62438,188.3706,3.67174,89.17126
115.3285,3.98343,99.43463,115.533,4.35139,99.44566,104.4459,7.94088,99.62182,188.5366,3.66954,89.12039
115.4122,3.98325,99.43024,115.6162,4.35148,99.44756,104.5292,7.94105,99.6239,188.7031,3.66713,89.06443
115.4951,3.98297,99.42303,115.7004,4.35157,99.44959,104.6108,7.94115,99.62517,188.869,3.66484,89.01131
115.5763,3.98271,99.41666,115.7808,4.35159,99.45005,104.6953,7.94123,99.6261,189.0364,3.66249,88.95701
115.66,3.98255,99.41254,115.8667,4.35153,99.44884,104.7761,7.94125,99.62636,189.202,3.65978,88.89404
115.7442,3.98227,99.40565,115.9484,4.3513,99.4436,104.8601,7.94128,99.62679,189.3673,3.65721,88.83441
115.8274,3.98202,99.39946,116.0338,4.35108,99.43848,104.9426,7.94124,99.62629,189.5354,3.65455,88.77282
115.9088,3.9818,99.39392,116.1182,4.35094,99.43522,105.0268,7.9411,99.62459,189.7,3.65185,88.71038
115.9937,3.98192,99.39697,116.2012,4.35097,99.43597,105.1074,7.94111,99.62467,189.8668,3.64912,88.647
116.0764,3.98221,99.40416,116.2834,4.3509,99.43446,105.1928,7.9412,99.62583,190.0339,3.64646,88.58549
116.159,3.98221,99.40413,116.3644,4.35102,99.437,105.2751,7.94114,99.62509,190.1976,3.64409,88.53057
116.2442,3.98195,99.39774,116.4484,4.35087,99.43359,105.359,7.94102,99.62355,190.3633,3.64187,88.47893
116.326,3.98175,99.39257,116.5318,4.35059,99.42738,105.4429,7.94082,99.62108,190.5312,3.63952,88.42454
116.4086,3.98165,99.3903,116.6156,4.35037,99.42223,105.5261,7.94046,99.61667,190.696,3.63694,88.36487
116.4921,3.98153,99.38723,116.6984,4.35027,99.42002,105.61,7.94032,99.61493,190.8649,3.63439,88.30561
116.5741,3.98153,99.38713,116.7803,4.35011,99.41622,105.6939,7.94041,99.61603,191.0298,3.63221,88.25506
116.6563,3.98131,99.38166,116.8631,4.35008,99.41568,105.7785,7.94061,99.61846,191.1956,3.62976,88.19847
116.7415,3.98107,99.37567,116.9463,4.35004,99.41476,105.8609,7.94065,99.61901,191.3606,3.62707,88.13608
116.8238,3.98103,99.37475,117.0282,4.35003,99.41449,105.9428,7.9405,99.61711,191.5268,3.62439,88.07386
116.9062,3.98116,99.37805,117.114,4.34989,99.41129,106.0258,7.94032,99.61493,191.6928,3.62176,88.01293
116.9907,3.98109,99.37622,117.1966,4.34968,99.40653,106.1108,7.94028,99.61447,191.8594,3.61883,87.94517
117.0717,3.98088,99.37083,117.2803,4.34949,99.40205,106.1925,7.94023,99.61378,192.025,3.61585,87.8759
117.1546,3.98061,99.36422,117.3631,4.34938,99.3997,106.2761,7.94018,99.61327,192.193,3.61315,87.81353
117.2381,3.98051,99.36182,117.446,4.34943,99.40087,106.3607,7.94016,99.61301,192.359,3.61063,87.75513
117.3227,3.98066,99.36546,117.5284,4.34944,99.40105,106.4442,7.94001,99.61109,192.5246,3.60799,87.69377
117.4053,3.98064,99.36497,117.6134,4.34936,99.39922,106.5254,7.93999,99.61089,192.6896,3.60503,87.62531
117.4878,3.98038,99.35857,117.6967,4.3492,99.39552,106.6079,7.93991,99.60983,192.8576,3.60214,87.55822
117.5706,3.98017,99.35333,117.7794,4.34902,99.3914,106.691,7.93967,99.60691,193.0214,3.59922,87.49066
117.653,3.98015,99.35278,117.8606,4.34868,99.38373,106.7756,7.93936,99.60314,193.1887,3.59621,87.42093
117.7388,3.98033,99.35713,117.9452,4.34859,99.38153,106.8575,7.93933,99.60275,193.3561,3.59325,87.35231
117.8226,3.98041,99.35915,118.0276,4.34853,99.38023,106.9432,7.93932,99.60261,193.5208,3.59057,87.29006
117.9043,3.98017,99.35311,118.1115,4.34849,99.37934,107.0244,7.93941,99.60377,193.6882,3.5878,87.22586
117.9871,3.97966,99.34045,118.1936,4.34846,99.37852,107.1076,7.93955,99.60546,193.852,3.5847,87.15409
118.0722,3.97944,99.33496,118.2758,4.34845,99.37847,107.1931,7.93946,99.60437,194.0194,3.58161,87.08241
118.1549,3.97945,99.33519,118.3605,4.34824,99.37349,107.2763,7.93943,99.60393,194.1869,3.57858,87.01238
118.2364,3.97933,99.33226,118.4444,4.34794,99.36663,107.3593,7.93949,99.60472,194.3514,3.57551,86.94102
118.3214,3.97932,99.33199,118.5289,4.34775,99.36247,107.4404,7.93955,99.60543,194.519,3.57228,86.86619
118.4024,3.97934,99.33241,118.6105,4.34769,99.36103,107.5239,7.93961,99.60624,194.6851,3.56902,86.79071
118.4871,3.97933,99.33239,118.6944,4.34782,99.364,107.6074,7.93944,99.60415,194.8513,3.56606,86.7222
118.5706,3.97931,99.33184,118.7783,4.34783,99.36412,107.689,7.93914,99.60042,195.0154,3.5631,86.65346
118.6518,3.97909,99.32635,118.8606,4.3478,99.36343,107.7729,7.93915,99.60053,195.182,3.55992,86.57979
118.7378,3.97884,99.32008,118.9446,4.34762,99.35932,107.8569,7.93916,99.6006,195.3488,3.55652,86.50104
118.8194,3.9787,99.31664,119.0274,4.34736,99.35342,107.9391,7.93915,99.6005,195.5169,3.55335,86.42746
118.9038,3.9787,99.31654,119.1114,4.3472,99.34993,108.0248,7.93896,99.59824,195.6832,3.55009,86.35203
118.9871,3.9786,99.31404,119.1946,4.34735,99.35317,108.1059,7.93864,99.59426,195.8479,3.54704,86.28134
119.0706,3.97837,99.3083,119.2769,4.3474,99.35443,108.188,7.93843,99.59168,196.0154,3.54404,86.21187
119.1544,3.97804,99.30019,119.3597,4.34734,99.35301,108.2695,7.93832,99.5903,196.1818,3.54121,86.14614
119.238,3.97783,99.29492,119.443,4.34713,99.34821,108.3562,7.93824,99.58927,196.3466,3.53826,86.07791
119.3226,3.97762,99.2897,119.5288,4.34692,99.34343,108.4387,7.93817,99.58851,196.5144,3.53507,86.00385
119.4038,3.97756,99.28798,119.6099,4.34674,99.33939,108.5201,7.9381,99.58759,196.6792,3.53177,85.92753
119.4864,3.97748,99.28618,119.6928,4.3466,99.33619,108.6056,7.93813,99.58798,196.8445,3.52834,85.84786
119.5694,3.97757,99.28831,119.7765,4.34644,99.33246,108.688,7.93816,99.58836,197.0119,3.525,85.77057
119.6509,3.97765,99.29038,119.8593,4.34633,99.33002,108.7732,7.93813,99.58799,197.1786,3.52182,85.6968
119.7354,3.97758,99.28853,119.9413,4.34625,99.32801,108.8557,7.93813,99.58794,197.3431,3.51869,85.62426
119.8198,3.97742,99.28454,120.0255,4.34613,99.32531,108.9382,7.93808,99.58737,197.51,3.51528,85.54521
119.9017,3.9774,99.28396,120.1085,4.34591,99.32042,109.0209,7.93807,99.58727,197.6755,3.51174,85.46331
119.9859,3.9775,99.28666,120.193,4.34568,99.31512,109.103,7.93801,99.58649,197.8414,3.50831,85.38385
120.0682,3.97745,99.28541,120.2743,4.3456,99.31327,109.1862,7.93784,99.58442,198.0084,3.505,85.30709
120.1516,3.97728,99.28104,120.3567,4.3455,99.31096,109.2698,7.93749,99.58013,198.1729,3.50175,85.23175
120.2351,3.977,99.27415,120.4417,4.34549,99.31082,109.3531,7.93716,99.57599,198.3403,3.49845,85.15516
120.3187,3.97682,99.26966,120.5226,4.34551,99.31123,109.4368,7.937,99.57404,198.5056,3.49511,85.07791
120.4019,3.97675,99.26776,120.6047,4.34536,99.30767,109.5191,7.93705,99.57463,198.6714,3.49175,84.99993
120.4854,3.97656,99.26312,120.688,4.34515,99.30291,109.6008,7.93712,99.57551,198.8396,3.48837,84.92167
120.5686,3.9764,99.2592,120.773,4.34491,99.2975,109.6857,7.93714,99.57581,199.0055,3.48477,84.83829
120.6523,3.97623,99.25491,120.8556,4.34472,99.29307,109.7686,7.93701,99.57413,199.1712,3.48118,84.75513
120.7367,3.97606,99.25069,120.9407,4.3446,99.29051,109.8516,7.93678,99.57128,199.3367,3.47776,84.67576
120.8182,3.97588,99.24617,121.0234,4.34455,99.28936,109.9336,7.93659,99.56897,199.5031,3.47439,84.59768
120.9006,3.97553,99.23741,121.1081,4.34455,99.28932,110.0179,7.93659,99.56905,199.6696,3.47107,84.52083
120.984,3.97522,99.22967,121.1898,4.34455,99.28923,110.1,7.9366,99.56917,199.8359,3.46751,84.43826
121.0679,3.97517,99.22852,121.2742,4.34436,99.28486,110.1842,7.93668,99.57009,200.0018,3.46395,84.35569
121.15,3.97531,99.23179,121.3572,4.34403,99.27746,110.2672,7.93675,99.57093,200.1687,3.46031,84.27129
121.2352,3.9755,99.23661,121.4402,4.34381,99.27238,110.3513,7.93674,99.57079,200.3351,3.45652,84.18348
121.3184,3.97549,99.23631,121.5231,4.34364,99.26838,110.4343,7.93658,99.56887,200.5006,3.4528,84.09733
121.3989,3.97517,99.22847,121.6066,4.34367,99.26916,110.5162,7.93626,99.56499,200.6678,3.44921,84.01402
121.4846,3.9748,99.21914,121.6878,4.34366,99.26895,110.5972,7.93594,99.56103,200.8338,3.44561,83.93061
121.5671,3.97463,99.21494,121.7692,4.34345,99.26418,110.6824,7.93573,99.55842,200.9998,3.44219,83.85156
121.6499,3.97465,99.21542,121.8546,4.34309,99.25588,110.765,7.93565,99.55738,201.1654,3.43886,83.77437
121.7331,3.97471,99.21684,121.9362,4.34277,99.24857,110.8505,7.9356,99.5568,201.3324,3.43526,83.69075
121.8169,3.97481,99.21936,122.0211,4.34258,99.24418,110.9331,7.93555,99.55619,201.4986,3.43126,83.59817
121.9,3.9747,99.21657,122.1047,4.34256,99.24377,111.017,7.93524,99.55241,201.6651,3.42705,83.50058
121.9825,3.97453,99.21245,122.1889,4.34247,99.24164,111.1004,7.93501,99.54949,201.8312,3.42302,83.40723
122.0646,3.97432,99.20721,122.2693,4.34231,99.2381,111.1833,7.93498,99.54911,201.9978,3.41913,83.3171
122.1496,3.97417,99.20351,122.3545,4.3422,99.23545,111.2653,7.93497,99.54906,202.1633,3.41512,83.2241
122.2334,3.97405,99.20052,122.4382,4.34204,99.23184,111.3473,7.93505,99.54997,202.3306,3.41109,83.13071
122.3152,3.97404,99.20014,122.5185,4.34183,99.22704,111.4318,7.93504,99.54994,202.4955,3.40719,83.04039
122.3988,3.97394,99.19779,122.6004,4.34172,99.22457,111.5136,7.93496,99.54895,202.6618,3.40318,82.94749
122.4821,3.97366,99.19078,122.6861,4.34164,99.22265,111.5968,7.93483,99.54726,202.8292,3.39918,82.85469
122.565,3.97322,99.17965,122.7693,4.34157,99.22114,111.6823,7.93475,99.54633,202.9935,3.39525,82.76366
122.6464,3.97283,99.17006,122.8524,4.34168,99.22375,111.7646,7.93484,99.54744,203.1606,3.39128,82.67152
122.7333,3.97246,99.16088,122.9352,4.34153,99.22023,111.8478,7.93485,99.54751,203.3268,3.38725,82.57824
122.8172,3.97245,99.16053,123.0184,4.34136,99.21632,111.9311,7.93487,99.54779,203.4917,3.38316,82.48343
122.8995,3.97258,99.16377,123.1012,4.34111,99.2107,112.0132,7.93489,99.54806,203.6595,3.37925,82.39282
122.9824,3.97267,99.16597,123.1841,4.34092,99.20638,112.0974,7.93474,99.5462,203.8267,3.37512,82.29703
123.0673,3.97264,99.16537,123.268,4.34097,99.20734,112.1794,7.93447,99.54283,203.9905,3.37075,82.19578
123.1489,3.97245,99.16063,123.349,4.34099,99.20782,112.2624,7.93403,99.53743,204.1568,3.36641,82.09523
123.2335,3.97237,99.15843,123.4336,4.34082,99.204,112.3444,7.93369,99.53329,204.323,3.36233,82.00081
123.3167,3.97236,99.15833,123.517,4.34047,99.19601,112.4275,7.93371,99.53353,204.4887,3.35837,81.90897
123.3998,3.97241,99.15943,123.602,4.34022,99.19022,112.5134,7.9338,99.53467,204.6557,3.35426,81.8137
123.4829,3.97238,99.15878,123.685,4.34003,99.1859,112.5939,7.93393,99.53623,204.8216,3.34993,81.71333
123.567,3.97226,99.15578,123.7678,4.33987,99.18238,112.6794,7.93391,99.536,204.9882,3.34544,81.60927
123.6494,3.97196,99.14827,123.8507,4.33968,99.17786,112.7618,7.93388,99.53566,205.1553,3.34093,81.50484
123.7334,3.97167,99.14096,123.9344,4.33956,99.17519,112.846,7.9338,99.53466,205.3216,3.33648,81.40153
123.8171,3.9715,99.13681,124.0179,4.33951,99.17411,112.9291,7.93363,99.53252,205.4875,3.33213,81.30074
123.8993,3.97123,99.13007,124.1008,4.33955,99.17489,113.0115,7.93346,99.53039,205.6538,3.32796,81.20413
123.9827,3.97107,99.12605,124.1848,4.33934,99.17027,113.0936,7.9334,99.5297,205.82,3.32357,81.10234
124.0669,3.97107,99.12613,124.2668,4.339,99.16234,113.178,7.93336,99.52923,205.9862,3.31906,80.99796
124.15,3.97108,99.12643,124.3509,4.33871,99.15567,113.2617,7.93313,99.52639,206.1534,3.3146,80.89455
124.2326,3.97104,99.12538,124.4322,4.3385,99.15094,113.3445,7.93273,99.52149,206.3188,3.31024,80.79346
124.3167,3.9708,99.11929,124.5159,4.33846,99.15007,113.4288,7.93253,99.51898,206.4853,3.30576,80.68959
124.3989,3.97065,99.11547,124.599,4.33836,99.14778,113.5112,7.93241,99.51756,206.6521,3.30101,80.57961
124.4826,3.97045,99.11063,124.6823,4.33812,99.14218,113.5969,7.9324,99.51738,206.8172,3.2964,80.47286
124.5656,3.9703,99.10696,124.7665,4.33779,99.13485,113.679,7.9325,99.51863,206.9839,3.29197,80.37006
124.6492,3.97001,99.09964,124.85,4.3375,99.12813,113.7623,7.93257,99.51952,207.1498,3.28741,80.26447
124.7314,3.96966,99.09098,124.9336,4.33739,99.12555,113.8441,7.93261,99.51999,207.3148,3.28275,80.15655
124.8163,3.96954,99.08789,125.017,4.33734,99.12443,113.9276,7.93263,99.52026,207.4812,3.27818,80.05059
124.8982,3.96958,99.08883,125.0996,4.33729,99.12324,114.0106,7.93248,99.51834,207.6491,3.27339,79.93961
124.9817,3.9696,99.08926,125.1803,4.33726,99.12274,114.0943,7.9323,99.5161,207.8148,3.26848,79.82561
125.0657,3.96962,99.09001,125.2634,4.33717,99.12056,114.1781,7.93196,99.51193,207.9821,3.26365,79.71384
125.1504,3.96944,99.08547,125.3477,4.33691,99.11474,114.261,7.9318,99.50994,208.1481,3.25887,79.60306
125.2312,3.96942,99.08482,125.4311,4.33666,99.10886,114.3428,7.9317,99.50874,208.3133,3.25416,79.49388
125.314,3.9693,99.0819,125.5147,4.3364,99.10306,114.428,7.93166,99.50832,208.4801,3.24942,79.3841
125.3962,3.96916,99.0785,125.5978,4.33617,99.09762,114.5084,7.93153,99.50671,208.6455,3.24476,79.27597
125.4822,3.96895,99.07316,125.6811,4.33608,99.09565,114.5927,7.93164,99.50802,208.8117,3.23998,79.16519
125.5647,3.9688,99.06951,125.764,4.33601,99.09415,114.6751,7.93162,99.50776,208.9792,3.23503,79.05048
125.6463,3.9686,99.06442,125.848,4.33587,99.09081,114.7597,7.93134,99.50434,209.1446,3.23011,78.9365
125.7295,3.96838,99.05901,125.9309,4.33562,99.08519,114.8412,7.93114,99.50192,209.3113,3.22516,78.82185
125.812,3.96829,99.05668,126.0124,4.33528,99.07744,114.927,7.93102,99.50043,209.4794,3.22028,78.7086
125.8953,3.96824,99.05541,126.0972,4.33513,99.07394,115.0098,7.931,99.50009,209.6449,3.21546,78.59687
125.9796,3.96796,99.04855,126.1806,4.33509,99.07294,115.0913,7.93104,99.50057,209.8084,3.21062,78.48494
126.0643,3.96763,99.04011,126.2632,4.33508,99.0728,115.1737,7.93095,99.49952,209.9765,3.20566,78.3699
126.1472,3.96727,99.0312,126.3468,4.33497,99.07036,115.2575,7.93057,99.49488,210.1443,3.20043,78.24876
126.2312,3.96696,99.02338,126.4299,4.33478,99.06588,115.3407,7.93034,99.492,210.3104,3.19512,78.12556
126.3142,3.96676,99.01859,126.5112,4.33458,99.06135,115.4232,7.93011,99.48919,210.4762,3.18986,78.0038
126.3973,3.96673,99.01764,126.595,4.33436,99.05646,115.5062,7.93009,99.48896,210.6407,3.18464,77.88269
126.4774,3.96678,99.01899,126.6784,4.33408,99.05002,115.5914,7.93014,99.48951,210.8088,3.17958,77.76538
126.5615,3.96678,99.01909,126.7607,4.33398,99.04762,115.674,7.92989,99.48646,210.9734,3.17448,77.64732
126.643,3.96652,99.0126,126.8446,4.33387,99.04512,115.7581,7.92983,99.48573,211.1402,3.16932,77.52776
126.7281,3.96627,99.00619,126.9276,4.33376,99.04266,115.8415,7.92982,99.48555,211.3055,3.16397,77.40362
126.81,3.96606,99.00107,127.0116,4.33357,99.03827,115.9224,7.92974,99.48462,211.4726,3.1585,77.27685
126.8939,3.96607,99.00129,127.0944,4.33337,99.03372,116.0076,7.92971,99.48418,211.6378,3.15303,77.1501
126.9787,3.96603,99.00037,127.1776,4.33303,99.02609,116.0922,7.92968,99.48392,211.8057,3.14757,77.02352
127.0616,3.96582,98.99498,127.2602,4.33284,99.02154,116.1732,7.92954,99.48212,211.9705,3.14215,76.89794
127.1445,3.96547,98.98634,127.3439,4.33274,99.01939,116.2567,7.92947,99.48126,212.1376,3.13684,76.77506
127.2268,3.9649,98.97211,127.4273,4.33279,99.0204,116.3414,7.92943,99.48077,212.3053,3.13178,76.65782
127.3103,3.96452,98.96268,127.5108,4.33271,99.01875,116.422,7.92923,99.47831,212.472,3.12679,76.54216
127.3949,3.96443,98.96033,127.5938,4.33245,99.01276,116.5074,7.92928,99.47892,212.6388,3.12147,76.41882
127.4766,3.96442,98.96021,127.6774,4.33202,99.0028,116.5893,7.92914,99.47722,212.803,3.11588,76.28925
127.5615,3.96443,98.96028,127.7607,4.33169,98.99535,116.6722,7.9289,99.4743,212.9706,3.11031,76.16021
127.6452,3.96441,98.95991,127.8444,4.33163,98.99398,116.756,7.92875,99.47248,213.1362,3.10479,76.03221
127.729,3.96428,98.95654,127.9269,4.33164,98.99416,116.8408,7.9287,99.47179,213.3045,3.09913,75.90104
127.81,3.96417,98.95389,128.0106,4.33158,98.99286,116.9215,7.92865,99.47121,213.4685,3.09323,75.76436
127.8934,3.96397,98.9488,128.093,4.33129,98.98621,117.0029,7.92859,99.47042,213.6339,3.08757,75.63305
127.9762,3.96372,98.94266,128.1767,4.33091,98.97748,117.0864,7.92825,99.4663,213.8032,3.08188,75.50127
128.0591,3.96363,98.94036,128.2605,4.33061,98.97067,117.17,7.92789,99.46183,213.9689,3.07596,75.36403
128.1441,3.96362,98.94009,128.3431,4.33039,98.96566,117.2533,7.92762,99.45847,214.1344,3.06989,75.22345
128.2266,3.96353,98.93791,128.4252,4.3302,98.96139,117.3366,7.92747,99.45662,214.3001,3.06393,75.08528
128.31,3.96317,98.92883,128.5058,4.33016,98.96047,117.419,7.92738,99.45553,214.4657,3.05796,74.94695
128.3933,3.96285,98.92084,128.5902,4.33007,98.95837,117.5018,7.92736,99.45524,214.635,3.05196,74.80795
128.4748,3.9627,98.9172,128.6748,4.32995,98.95563,117.5881,7.92731,99.45463,214.8016,3.04611,74.67233
128.5595,3.96266,98.91615,128.7586,4.32977,98.95147,117.6698,7.92728,99.45433,214.9671,3.04034,74.53868
128.6419,3.9626,98.91465,128.8412,4.32948,98.94493,117.7544,7.92743,99.45614,215.1324,3.03467,74.40728
128.7243,3.96255,98.9134,128.9246,4.32908,98.93566,117.8353,7.92734,99.45509,215.2991,3.02881,74.27133
128.8086,3.96217,98.90389,129.0064,4.32871,98.9272,117.9189,7.92711,99.45226,215.4658,3.02278,74.1317
128.8888,3.96158,98.88929,129.091,4.32843,98.92091,118.0026,7.92697,99.45051,215.6316,3.01663,73.9892
128.9751,3.96128,98.8818,129.1744,4.32824,98.91653,118.0859,7.92693,99.45001,215.7976,3.01074,73.85265
129.0561,3.96122,98.88015,129.2562,4.32801,98.91125,118.1669,7.9268,99.4484,215.9624,3.00473,73.71321
129.1404,3.96096,98.87374,129.3409,4.32761,98.90217,118.2518,7.92649,99.44457,216.1318,2.99863,73.57191
129.2242,3.96055,98.86345,129.4236,4.32716,98.89194,118.3336,7.92618,99.44075,216.2978,2.9922,73.42297
129.307,3.96044,98.86083,129.5069,4.32697,98.88755,118.4173,7.92588,99.43711,216.4635,2.98572,73.27282
129.3909,3.96051,98.86248,129.5892,4.32692,98.88634,118.5003,7.92567,99.4345,216.6311,2.97927,73.12338
129.4754,3.96052,98.8626,129.6715,4.32696,98.8873,118.5834,7.92556,99.43314,216.7962,2.97287,72.97488
129.5574,3.96011,98.85259,129.7562,4.32695,98.88709,118.6668,7.92543,99.43152,216.9612,2.96645,72.82612
129.6411,3.95968,98.84171,129.8413,4.32671,98.88145,118.7504,7.92538,99.43088,217.1305,2.96009,72.67884
129.7238,3.95958,98.83924,129.9229,4.32641,98.87459,118.833,7.92518,99.42845,217.294,2.95377,72.53233
129.806,3.95974,98.84323,130.0066,4.32625,98.87093,118.9165,7.92531,99.42999,217.4601,2.94739,72.3845
129.8882,3.95975,98.84351,130.0907,4.32616,98.86888,118.9974,7.92533,99.43028,217.6276,2.94081,72.2321
129.9721,3.95936,98.83367,130.1726,4.32603,98.86602,119.0821,7.92523,99.42899,217.7929,2.93406,72.07546
130.055,3.95862,98.81523,130.2575,4.32579,98.86049,119.1657,7.9251,99.42749,217.9603,2.92739,71.92097
130.139,3.95808,98.80177,130.3394,4.32557,98.85553,119.2479,7.92503,99.42659,218.1278,2.92078,71.76783
130.2225,3.95788,98.79685,130.4227,4.32528,98.84886,119.3325,7.92494,99.42546,218.2922,2.91415,71.61404
130.3052,3.9579,98.79733,130.5058,4.32495,98.84138,119.4165,7.92465,99.42194,218.459,2.9076,71.46225
130.3892,3.95771,98.79266,130.59,4.32454,98.83201,119.4985,7.92436,99.41836,218.6251,2.90098,71.30883
130.4691,3.95755,98.78869,130.6712,4.32431,98.82667,119.582,7.924,99.4139,218.7914,2.89441,71.15657
130.5544,3.95735,98.78372,130.7542,4.32427,98.82587,119.664,7.92389,99.4125,218.9591,2.88775,71.00232
130.6369,3.95721,98.7801,130.8363,4.32413,98.82248,119.7448,7.92386,99.41218,219.1255,2.88088,70.84315
130.7201,3.95707,98.77661,130.9194,4.32365,98.81149,119.8308,7.92382,99.4117,219.2938,2.87395,70.6825
130.8048,3.95689,98.77202,131.0053,4.32305,98.79798,119.9144,7.92352,99.40801,219.4606,2.86697,70.52079
130.8872,3.95658,98.76438,131.0867,4.3226,98.78768,119.9963,7.92315,99.40348,219.6279,2.86011,70.36185
130.9707,3.95645,98.76106,131.1715,4.32245,98.78418,120.081,7.92279,99.39898,219.7908,2.85325,70.20283
131.0529,3.95647,98.76166,131.2558,4.32244,98.78388,120.1627,7.92257,99.39624,219.9605,2.84643,70.04468
131.1372,3.95638,98.75946,131.3394,4.32242,98.7835,120.2458,7.92252,99.39562,220.1242,2.83961,69.8867
131.2212,3.95598,98.74943,131.4188,4.32229,98.78059,120.3278,7.92256,99.39616,220.2902,2.83254,69.7229
131.3033,3.9555,98.73742,131.5025,4.32197,98.77326,120.4115,7.92254,99.39588,220.4562,2.82533,69.55564
131.3882,3.95508,98.72701,131.5873,4.32167,98.76629,120.495,7.9225,99.3954,220.6225,2.81811,69.38832
131.4684,3.9549,98.72254,131.6699,4.32142,98.76073,120.5783,7.92244,99.39465,220.7889,2.81093,69.22192
131.5536,3.95495,98.72376,131.7548,4.32106,98.75241,120.6603,7.9223,99.39298,220.9564,2.80364,69.05298
131.6352,3.95487,98.72174,131.8375,4.32084,98.74739,120.7446,7.92193,99.38839,221.1215,2.79636,68.88431
131.7207,3.9545,98.71251,131.9215,4.32067,98.74341,120.8266,7.92143,99.38222,221.2871,2.78921,68.71863
131.8029,3.95406,98.70147,132.0037,4.32048,98.73916,120.9126,7.92124,99.37988,221.455,2.7819,68.54934
131.886,3.95379,98.69478,132.0887,4.32027,98.73445,120.9944,7.92124,99.37989,221.6203,2.77465,68.38118
131.9694,3.95363,98.69074,132.1706,4.32008,98.73004,121.0772,7.92137,99.38148,221.7871,2.7673,68.21098
132.0516,3.95343,98.6858,132.2546,4.31987,98.72517,121.1603,7.92131,99.38081,221.9528,2.75982,68.03752
132.1356,3.95282,98.67065,132.3367,4.31964,98.71998,121.2434,7.92107,99.37781,222.1191,2.75227,67.86253
132.2172,3.95241,98.66019,132.4201,4.31953,98.71736,121.3241,7.92062,99.37224,222.2859,2.74493,67.69256
132.3022,3.95214,98.6535,132.5048,4.31938,98.71409,121.4095,7.92012,99.36613,222.451,2.73738,67.51745
132.3849,3.95184,98.64616,132.5862,4.31931,98.71244,121.4926,7.91991,99.36348,222.6194,2.72968,67.339
132.4689,3.95155,98.63894,132.6681,4.31898,98.70492,121.575,7.91982,99.36238,222.784,2.72178,67.15592
132.5509,3.95126,98.63153,132.7522,4.31834,98.69025,121.659,7.9198,99.36221,222.9498,2.7139,66.97344
132.6333,3.95102,98.62569,132.8344,4.31775,98.67686,121.7408,7.9198,99.36219,223.1178,2.7063,66.7972
132.7176,3.95093,98.62334,132.918,4.31738,98.66833,121.8248,7.91977,99.36174,223.283,2.69861,66.61896
132.8027,3.95105,98.62641,133.0009,4.31714,98.66274,121.9076,7.91944,99.35773,223.4516,2.69084,66.43896
132.8844,3.95104,98.62599,133.0825,4.31701,98.65981,121.992,7.91904,99.35286,223.6156,2.68317,66.26109
132.9662,3.95075,98.61885,133.1682,4.31681,98.65529,122.0757,7.91879,99.34977,223.7824,2.67547,66.08278
133.0506,3.95037,98.60941,133.2509,4.31656,98.6495,122.1582,7.91867,99.34819,223.9496,2.66767,65.90188
133.1355,3.9501,98.60272,133.3344,4.31634,98.64452,122.2432,7.91865,99.34801,224.1153,2.65973,65.71805
133.2174,3.95006,98.60173,133.4179,4.31609,98.63879,122.3242,7.91856,99.34692,224.2815,2.65173,65.53247
133.3016,3.95004,98.60115,133.5011,4.31591,98.63472,122.4074,7.91847,99.34575,224.4481,2.64363,65.34487
133.3844,3.94986,98.59663,133.5844,4.31582,98.63264,122.4918,7.91845,99.34549,224.6169,2.6355,65.1565
133.4659,3.94948,98.58717,133.6652,4.31569,98.62964,122.5739,7.91828,99.34339,224.7821,2.62729,64.96605
133.5499,3.9491,98.57761,133.7486,4.31545,98.62418,122.6549,7.91842,99.34511,224.9477,2.6191,64.77636
133.633,3.9489,98.57274,133.8345,4.31525,98.61973,122.7385,7.91836,99.34445,225.1136,2.6109,64.58635
133.7154,3.94875,98.56893,133.9181,4.31495,98.61275,122.8224,7.91833,99.34411,225.2802,2.60269,64.39597
133.7986,3.94843,98.56094,133.9973,4.31455,98.60359,122.9066,7.9182,99.34249,225.4462,2.59439,64.20364
133.8815,3.94817,98.5544,134.0816,4.31433,98.59865,122.9895,7.9181,99.34122,225.6146,2.58606,64.01064
133.967,3.94794,98.54871,134.1677,4.31415,98.59449,123.0722,7.91776,99.33704,225.7806,2.57766,63.81604
134.0483,3.94753,98.53837,134.2481,4.31396,98.59008,123.1564,7.91742,99.33289,225.9455,2.56945,63.62561
134.1319,3.94718,98.52971,134.3315,4.31368,98.58384,123.238,7.91704,99.32817,226.1113,2.56119,63.43428
134.2152,3.94685,98.5216,134.4156,4.3133,98.57518,123.3202,7.91668,99.32378,226.278,2.55281,63.24
134.2978,3.94659,98.51511,134.4992,4.31287,98.56529,123.4035,7.91663,99.32311,226.4452,2.5443,63.04297
134.3816,3.94638,98.50972,134.5829,4.31257,98.55848,123.4894,7.91655,99.32206,226.6117,2.53566,62.84271
134.4635,3.94622,98.50587,134.6644,4.31228,98.5518,123.572,7.91642,99.32051,226.777,2.52696,62.64097
134.5467,3.94595,98.49903,134.748,4.31198,98.54486,123.6535,7.9163,99.31908,226.9437,2.51844,62.44352
134.629,3.94551,98.48815,134.8319,4.31165,98.53734,123.7388,7.91617,99.31749,227.1112,2.50984,62.24436
134.714,3.94509,98.47766,134.9146,4.31138,98.53128,123.8232,7.91606,99.31614,227.2773,2.5011,62.04176
134.7966,3.94487,98.472,134.9959,4.31115,98.52589,123.9069,7.91573,99.31196,227.4439,2.49232,61.83819
134.8806,3.94491,98.47312,135.0797,4.31079,98.51775,123.988,7.91542,99.30816,227.6106,2.48342,61.63205
134.9624,3.94484,98.47137,135.1635,4.31033,98.50722,124.0726,7.9152,99.30545,227.7769,2.47454,61.42612
135.0447,3.94455,98.46408,135.2468,4.31001,98.49986,124.1568,7.91504,99.30356,227.9433,2.46564,61.21988
135.129,3.94406,98.45178,135.3297,4.30966,98.49193,124.2398,7.91499,99.30295,228.1098,2.45673,61.01333
135.2112,3.94362,98.44094,135.4125,4.30946,98.4874,124.3221,7.91487,99.30142,228.2752,2.44796,60.81027
135.2934,3.94307,98.42724,135.496,4.3093,98.48365,124.4045,7.91466,99.29881,228.4414,2.43917,60.6064
135.3779,3.94276,98.41935,135.5796,4.30902,98.47735,124.4892,7.91454,99.29734,228.608,2.43017,60.39801
135.4608,3.94239,98.41007,135.6611,4.30864,98.46866,124.5725,7.91428,99.29411,228.7748,2.42114,60.18853
135.546,3.94195,98.39906,135.7432,4.30825,98.45966,124.6551,7.914,99.29068,228.9423,2.41192,59.97492
135.628,3.94165,98.39164,135.8262,4.30784,98.45026,124.7373,7.91373,99.28734,229.1066,2.40226,59.75115
135.7098,3.94133,98.38381,135.9104,4.30747,98.44174,124.8221,7.91347,99.28421,229.276,2.39283,59.53249
135.7938,3.94114,98.37884,135.9934,4.30723,98.43635,124.9043,7.91333,99.2824,229.441,2.38364,59.31968
135.8762,3.94096,98.37442,136.0768,4.30695,98.42999,124.9886,7.91318,99.28059,229.6072,2.37452,59.10811
135.9608,3.94074,98.36903,136.1604,4.30658,98.4214,125.0735,7.91286,99.27668,229.773,2.36523,58.89302
136.0432,3.94049,98.36271,136.2433,4.30625,98.41388,125.1558,7.91269,99.27462,229.94,2.35579,58.67407
136.1267,3.94034,98.35894,136.3275,4.30591,98.4062,125.2376,7.91239,99.27088,230.1062,2.34633,58.45486
136.2101,3.9402,98.35545,136.4113,4.30559,98.39887,125.3208,7.91221,99.26869,230.2716,2.33679,58.23393
136.2916,3.93998,98.35011,136.4932,4.30519,98.38972,125.404,7.91208,99.26706,230.4372,2.32728,58.01337
136.3746,3.9396,98.34047,136.5764,4.30489,98.38282,125.4868,7.91188,99.26462,230.6035,2.31754,57.78776
136.4585,3.93917,98.32969,136.6587,4.30456,98.37533,125.572,7.91162,99.26144,230.7704,2.30789,57.56417
136.5418,3.93899,98.32535,136.7432,4.30434,98.37037,125.6532,7.91136,99.25822,230.9375,2.29833,57.34262
136.6252,3.93903,98.32637,136.8256,4.3042,98.36719,125.736,7.91104,99.25427,231.1031,2.28864,57.11794
136.7096,3.93891,98.32332,136.9082,4.30373,98.35645,125.8208,7.91069,99.24991,231.2694,2.27917,56.89849
136.793,3.93842,98.31094,136.992,4.30319,98.34409,125.9045,7.91026,99.24469,231.4374,2.26959,56.67638
136.8749,3.93785,98.29679,137.0756,4.30286,98.33657,125.9852,7.91011,99.24276,231.6008,2.25996,56.45321
136.9583,3.93743,98.28638,137.1609,4.30249,98.32811,126.0693,7.91005,99.24204,231.7683,2.25018,56.22654
137.0408,3.93724,98.28164,137.2432,4.3022,98.32132,126.1531,7.91013,99.24301,231.9347,2.24022,55.99587
137.1237,3.93699,98.27547,137.3258,4.30183,98.31284,126.2357,7.91004,99.24193,232.1022,2.23013,55.76197
137.2085,3.93646,98.26202,137.4075,4.30151,98.30558,126.3199,7.90978,99.23873,232.2677,2.22001,55.52751
137.2897,3.93577,98.24494,137.4921,4.30123,98.29932,126.4032,7.90941,99.23421,232.4358,2.21,55.2955
137.3724,3.93526,98.23214,137.5732,4.30091,98.29184,126.483,7.90913,99.23066,232.6006,2.20004,55.06475
137.4561,3.93501,98.22597,137.6572,4.30054,98.28341,126.5681,7.90898,99.22889,232.7675,2.18996,54.83115
137.541,3.93483,98.2214,137.7402,4.30028,98.27763,126.651,7.90878,99.22646,232.9354,2.17963,54.59156
137.6238,3.93465,98.21701,137.8244,4.30005,98.27217,126.7335,7.90853,99.22331,233.1005,2.16923,54.35064
137.709,3.93441,98.21099,137.9071,4.29986,98.26794,126.8174,7.90832,99.22077,233.2674,2.15877,54.10827
137.7896,3.93395,98.19939,137.9898,4.2995,98.25964,126.901,7.90824,99.21974,233.433,2.14837,53.86725
137.871,3.93339,98.18546,138.0734,4.29908,98.25,126.9848,7.90814,99.21854,233.597,2.13822,53.63194
137.9556,3.93287,98.17263,138.1561,4.29854,98.2377,127.0657,7.90793,99.21593,233.765,2.12806,53.39652
138.0387,3.93252,98.16382,138.2399,4.29814,98.22854,127.1496,7.90783,99.21471,233.9326,2.11776,53.15778
138.122,3.93228,98.15785,138.3232,4.29779,98.22065,127.2343,7.90767,99.21269,234.0986,2.10711,52.91094
138.2041,3.93214,98.15433,138.4074,4.29743,98.21229,127.3184,7.90747,99.2103,234.2653,2.0967,52.66978
138.2872,3.93186,98.14732,138.4905,4.29695,98.20136,127.4003,7.90721,99.20704,234.432,2.08617,52.42563
138.3732,3.93138,98.13533,138.5726,4.29656,98.19254,127.4825,7.90697,99.20414,234.5984,2.07554,52.17937
138.4554,3.93079,98.12061,138.6571,4.29614,98.18294,127.5662,7.90681,99.20215,234.7614,2.06481,51.93075
138.5386,3.9303,98.1083,138.7397,4.29587,98.17668,127.6502,7.90641,99.19723,234.9289,2.05412,51.68301
138.6215,3.93016,98.10476,138.8212,4.29553,98.16891,127.7344,7.906,99.19213,235.0966,2.04339,51.43425
138.7037,3.92993,98.09921,138.9029,4.2951,98.15904,127.817,7.90564,99.18779,235.2631,2.0326,51.18431
138.7872,3.92945,98.08711,138.9878,4.29463,98.14834,127.899,7.90535,99.18412,235.4298,2.02162,50.9299
138.8704,3.92891,98.07358,139.0731,4.29421,98.13877,127.9837,7.90527,99.18312,235.5954,2.01049,50.67194
138.9529,3.92851,98.06379,139.1552,4.29384,98.13033,128.0671,7.90517,99.18188,235.762,1.99936,50.414
139.034,3.92827,98.05765,139.2394,4.29363,98.12544,128.1491,7.905,99.17987,235.9266,1.98835,50.15877
139.1194,3.92803,98.05166,139.3206,4.29339,98.12007,128.2334,7.90466,99.17561,236.0957,1.97741,49.90517
139.2007,3.92761,98.04115,139.4024,4.29302,98.11164,128.3169,7.90431,99.17134,236.2614,1.96632,49.64816
139.2854,3.92696,98.0249,139.4884,4.29268,98.1038,128.3998,7.90402,99.16776,236.428,1.95515,49.38927
139.3695,3.92625,98.00728,139.5702,4.2924,98.09743,128.4834,7.9037,99.16384,236.5956,1.94399,49.13068
139.4515,3.9259,97.99862,139.6546,4.29216,98.09192,128.5642,7.9036,99.16259,236.7618,1.93268,48.86869
139.5339,3.92575,97.99475,139.7378,4.29173,98.08216,128.6484,7.90355,99.16198,236.928,1.9212,48.60257
139.6176,3.92549,97.98833,139.8198,4.29128,98.07192,128.7327,7.90335,99.15957,237.0935,1.90974,48.33692
139.7022,3.92503,97.97683,139.9034,4.29083,98.0615,128.8152,7.90301,99.15539,237.2598,1.89823,48.0701
139.7834,3.92453,97.96427,139.9867,4.2905,98.054,128.8993,7.90256,99.14982,237.4244,1.8869,47.8076
139.8656,3.92404,97.95201,140.0691,4.29028,98.04898,128.981,7.90201,99.14306,237.5938,1.87545,47.5422
139.9483,3.92362,97.94155,140.1525,4.29006,98.0439,129.0642,7.90161,99.13811,237.7591,1.86382,47.27286
140.0331,3.9233,97.93369,140.2377,4.28961,98.03357,129.1472,7.90151,99.13684,237.9254,1.85223,47.00429
140.1158,3.92305,97.92735,140.3198,4.28895,98.01853,129.2308,7.90137,99.1351,238.0922,1.84041,46.73024
140.1988,3.92261,97.91634,140.4031,4.28828,98.00325,129.3125,7.90111,99.13195,238.2576,1.82847,46.45358
140.2808,3.92229,97.90843,140.4853,4.28762,97.98828,129.3966,7.90074,99.12731,238.4255,1.81677,46.18243
140.3659,3.9218,97.8962,140.5684,4.28704,97.97495,129.4786,7.9004,99.12322,238.5911,1.80518,45.91381
140.4515,3.92133,97.88457,140.6527,4.28643,97.9609,129.5619,7.90023,99.12108,238.7582,1.79354,45.64403
140.5343,3.92099,97.87588,140.735,4.28606,97.95253,129.6457,7.9,99.11821,238.9243,1.78188,45.37379
140.6164,3.92081,97.87151,140.8176,4.28579,97.94629,129.7285,7.89996,99.11772,239.0903,1.76992,45.09652
140.7002,3.92075,97.86989,140.9002,4.28548,97.93921,129.8129,7.89973,99.11494,239.2574,1.75772,44.81386
140.7841,3.9205,97.86365,140.9866,4.28522,97.93327,129.8953,7.89941,99.11097,239.4224,1.74543,44.52918
140.8674,3.91986,97.84765,141.0667,4.28495,97.92717,129.9784,7.89899,99.10583,239.5894,1.7333,44.24795
140.9505,3.91914,97.8297,141.1507,4.28473,97.92209,130.0616,7.89887,99.10433,239.7556,1.72128,43.96948
141.0326,3.91895,97.82503,141.2334,4.28457,97.91843,130.1434,7.89873,99.10256,239.9231,1.70953,43.69701
141.1134,3.91907,97.82808,141.3161,4.28439,97.91428,130.2273,7.89845,99.09914,240.0902,1.69746,43.41733
141.198,3.91787,97.79815,141.3986,4.28405,97.90653,130.3107,7.89806,99.09438,240.2569,1.68514,43.13177
141.2802,3.91583,97.74712,141.4823,4.28364,97.89716,130.3936,7.89764,99.08924,240.4229,1.67281,42.84603
141.3634,3.9147,97.71907,141.5666,4.28325,97.88831,130.4766,7.89732,99.08524,240.5894,1.6604,42.55849
141.4481,3.91445,97.71273,141.6495,4.28282,97.87849,130.5593,7.89694,99.08056,240.7569,1.64796,42.27031
141.5306,3.9139,97.69907,141.7319,4.28271,97.87597,130.6432,7.89666,99.07706,240.923,1.63548,41.9809
141.6125,3.91318,97.68097,141.8151,4.28247,97.87051,130.7277,7.89628,99.07245,241.0876,1.62301,41.69203
141.6945,3.91286,97.67314,141.8956,4.28214,97.86288,130.8092,7.89586,99.06725,241.2568,1.6106,41.4044
141.7784,3.91291,97.67434,141.9817,4.28166,97.85202,130.8926,7.89563,99.06447,241.4199,1.59801,41.11258
141.8609,3.91277,97.67077,142.0641,4.28117,97.84087,130.9759,7.89562,99.06428,241.5888,1.58547,40.82211
141.9459,3.91273,97.66984,142.1472,4.28043,97.82387,131.061,7.89568,99.06502,241.7528,1.57284,40.52922
142.0298,3.91244,97.6626,142.23,4.27964,97.80572,131.1424,7.89564,99.06453,241.9204,1.56022,40.23685
142.1133,3.91212,97.65454,142.3154,4.27871,97.78465,131.2239,7.89542,99.06178,242.0887,1.54766,39.9457
142.1959,3.912,97.65152,142.3966,4.27772,97.76202,131.308,7.89524,99.05963,242.2544,1.53508,39.65418
142.2794,3.91222,97.65704,142.4806,4.27693,97.74383,131.3911,7.89519,99.05905,242.4213,1.52247,39.36209
142.3638,3.91222,97.65719,142.5634,4.27618,97.72669,131.4754,7.89497,99.05626,242.5878,1.50986,39.06969
142.4462,3.91167,97.64346,142.6484,4.27522,97.70489,131.5572,7.89465,99.0524,242.7534,1.49694,38.77043
142.5287,3.91088,97.62371,142.7302,4.27451,97.68857,131.6416,7.89428,99.0478,242.9212,1.48392,38.46862
142.6122,3.91045,97.6128,142.8122,4.27381,97.67248,131.7242,7.89377,99.04151,243.0884,1.47094,38.16783
142.695,3.91003,97.60232,142.8959,4.27359,97.6675,131.8071,7.89331,99.03581,243.2544,1.45799,37.86767
142.7784,3.90944,97.58769,142.9777,4.27313,97.65701,131.8915,7.89292,99.03101,243.4205,1.44512,37.56932
142.8606,3.90854,97.5651,143.0637,4.27293,97.65242,131.9748,7.89253,99.02628,243.5866,1.43224,37.27096
142.9431,3.90751,97.53959,143.1447,4.27267,97.64645,132.0579,7.89218,99.02192,243.753,1.41941,36.97353
143.0276,3.90688,97.52366,143.2272,4.27258,97.64456,132.141,7.89201,99.01985,243.9198,1.40631,36.66992
143.1096,3.90672,97.51987,143.3123,4.27234,97.63905,132.2239,7.89193,99.01881,244.0856,1.39308,36.36343
143.1934,3.90605,97.50302,143.3946,4.27174,97.62518,132.3074,7.89169,99.01585,244.2523,1.37989,36.05766
143.2766,3.90476,97.47087,143.4759,4.27122,97.61331,132.39,7.89143,99.01268,244.4199,1.36685,35.75548
143.3607,3.90372,97.44488,143.5581,4.27059,97.59908,132.4732,7.89111,99.00876,244.5861,1.35357,35.44774
143.4417,3.90358,97.44134,143.6428,4.27016,97.58923,132.5564,7.89066,99.00316,244.7523,1.33999,35.13312
143.5252,3.90404,97.45287,143.725,4.26971,97.5789,132.6397,7.89016,98.99702,244.9178,1.32669,34.82482
143.612,3.90378,97.44636,143.8102,4.26904,97.56354,132.721,7.88971,98.99152,245.0847,1.3135,34.519
143.6929,3.90292,97.42486,143.8929,4.26851,97.55136,132.8055,7.88946,98.98841,245.253,1.3002,34.21078
143.7774,3.90209,97.40425,143.9764,4.26853,97.55191,132.8908,7.88945,98.98831,245.4172,1.28662,33.89615
143.8602,3.90167,97.39381,144.0588,4.26789,97.53733,132.9716,7.88947,98.98851,245.5853,1.27295,33.57926
143.9418,3.90153,97.39022,144.1408,4.26684,97.51326,133.0535,7.88918,98.98497,245.7503,1.25946,33.2667
144.0264,3.90101,97.37729,144.2241,4.26596,97.49315,133.137,7.88888,98.98129,245.9182,1.24601,32.95506
144.1106,3.89989,97.3493,144.307,4.26539,97.48012,133.2195,7.88863,98.97814,246.0834,1.23267,32.64582
144.1919,3.89927,97.3338,144.3892,4.26492,97.46945,133.3037,7.88825,98.97352,246.2519,1.21912,32.3318
144.2766,3.89928,97.33405,144.4739,4.2646,97.46205,133.3855,7.88783,98.96831,246.4163,1.20557,32.01787
144.3598,3.89938,97.33642,144.556,4.26399,97.44813,133.4688,7.88763,98.96589,246.5834,1.19191,31.70137
144.4406,3.89889,97.32429,144.6401,4.26387,97.44552,133.5521,7.88734,98.96233,246.7513,1.17823,31.38433
144.5261,3.89797,97.30133,144.7244,4.26349,97.43675,133.6364,7.88699,98.95798,246.9184,1.16472,31.07115
144.6091,3.89701,97.27729,144.8049,4.26321,97.43035,133.7194,7.88671,98.95458,247.084,1.15104,30.75407
144.6918,3.89672,97.27007,144.8898,4.26302,97.42603,133.8016,7.88632,98.94976,247.251,1.13747,30.43958
144.774,3.89669,97.26938,144.972,4.26275,97.41988,133.8865,7.88583,98.94368,247.4164,1.12391,30.12547
144.8577,3.89634,97.26074,145.0557,4.26249,97.41382,133.9676,7.8854,98.93837,247.584,1.11022,29.80809
144.9424,3.89563,97.24294,145.1387,4.2621,97.40489,134.0531,7.88504,98.9339,247.75,1.09643,29.48844
145.0237,3.89474,97.22075,145.2235,4.26173,97.39641,134.1344,7.88463,98.92894,247.9162,1.08238,29.16285
145.1084,3.89429,97.20949,145.3064,4.26127,97.3859,134.2177,7.88434,98.9253,248.082,1.06859,28.84324
145.1896,3.89407,97.2039,145.3904,4.26085,97.37644,134.3012,7.88403,98.92155,248.2508,1.05465,28.52023
145.2714,3.89343,97.18805,145.4701,4.2606,97.37068,134.3841,7.88376,98.91815,248.415,1.04064,28.19567
145.3572,3.8925,97.16483,145.5552,4.26029,97.36361,134.4664,7.88337,98.91344,248.5812,1.02685,27.87592
145.4368,3.8918,97.14746,145.6386,4.26,97.35687,134.552,7.88311,98.91014,248.7484,1.01327,27.56121
145.5204,3.8915,97.1398,145.7211,4.25979,97.35216,134.6339,7.88291,98.90779,248.9141,0.99944,27.24089
145.6058,3.89144,97.1384,145.8052,4.25966,97.34924,134.7167,7.8827,98.90519,249.0811,0.98551,26.91785
145.6875,3.89104,97.12846,145.8861,4.25925,97.33992,134.7986,7.88242,98.90164,249.2487,0.97132,26.5892
145.7723,3.8902,97.1073,145.9714,4.25871,97.32755,134.8832,7.88222,98.89927,249.4148,0.95692,26.25543
145.8543,3.88931,97.08518,146.055,4.25816,97.31487,134.966,7.88185,98.89468,249.582,0.94286,25.92963
145.9365,3.88873,97.07075,146.1369,4.25752,97.3002,135.0488,7.88131,98.88806,249.7484,0.92901,25.60848
146.0215,3.88848,97.06434,146.2194,4.25668,97.28104,135.134,7.88077,98.88141,249.9147,0.91521,25.28886
146.1027,3.88803,97.05323,146.305,4.25585,97.26217,135.2146,7.88026,98.87509,250.0823,0.90131,24.96656
146.1864,3.88713,97.03076,146.386,4.25543,97.25248,135.2986,7.87984,98.86991,250.2487,0.88742,24.64468
146.2708,3.8861,97.00495,146.4682,4.25516,97.24635,135.3804,7.87949,98.86554,250.4146,0.8735,24.32202
146.3536,3.88546,96.98898,146.5531,4.25457,97.23278,135.4663,7.87912,98.86105,250.5813,0.85956,23.99897
146.4387,3.88513,96.98084,146.6359,4.25383,97.21603,135.5485,7.87891,98.85849,250.7485,0.84589,23.68223
146.5206,3.88475,96.97145,146.7194,4.25334,97.20467,135.6317,7.8786,98.85464,250.914,0.83208,23.3623
146.6036,3.88396,96.95158,146.8015,4.25302,97.19751,135.7132,7.87822,98.84994,251.0816,0.81811,23.03837
146.687,3.88299,96.9273,146.8846,4.2524,97.18318,135.798,7.8777,98.84357,251.25,0.8041,22.71388
146.7707,3.88241,96.91284,146.9684,4.25162,97.16554,135.8801,7.87738,98.83965,251.4154,0.79008,22.38882
146.8504,3.88217,96.90705,147.0524,4.25084,97.14762,135.9662,7.87732,98.83885,251.5823,0.77592,22.06063
146.9333,3.88174,96.89614,147.1353,4.25018,97.13254,136.0458,7.87703,98.83528,251.7471,0.76183,21.73421
147.0187,3.88085,96.874,147.2188,4.24918,97.10973,136.131,7.87672,98.83147,251.9142,0.74778,21.40866
147.1018,3.87996,96.85184,147.3036,4.2476,97.07358,136.2138,7.87641,98.82764,252.0807,0.73395,21.0881
147.1828,3.87965,96.84405,147.3838,4.24649,97.04828,136.294,7.87603,98.82302,252.2483,0.71992,20.76298
147.2656,3.87956,96.8417,147.4682,4.24581,97.03258,136.3793,7.87546,98.816,252.4158,0.70575,20.43446
147.3488,3.87903,96.8286,147.5505,4.24493,97.01251,136.4627,7.87492,98.80927,252.5814,0.69199,20.11565
147.4324,3.87799,96.80261,147.6339,4.24402,96.99183,136.5477,7.87433,98.80203,252.7492,0.6787,19.80768
147.5159,3.8769,96.7755,147.7154,4.24375,96.98564,136.6305,7.87384,98.79598,252.914,0.66506,19.49144
147.5997,3.87625,96.75908,147.7993,4.24307,96.96996,136.7133,7.8733,98.78938,253.0805,0.65108,19.16755
147.681,3.87592,96.75089,147.8824,4.2424,96.95483,136.7953,7.87296,98.78514,253.2479,0.63698,18.84074
147.7636,3.87551,96.7406,147.9643,4.24169,96.93842,136.8792,7.87277,98.78284,253.4154,0.62303,18.51741
147.8478,3.87471,96.72061,148.0488,4.24151,96.93451,136.9611,7.87244,98.77873,253.5808,0.60908,18.19413
147.9312,3.87375,96.69677,148.1327,4.2414,96.93193,137.0428,7.87197,98.77293,253.747,0.59511,17.87054
148.0142,3.87305,96.6793,148.2166,4.24094,96.92137,137.1269,7.87139,98.76582,253.9141,0.58109,17.54545
148.0988,3.87253,96.66622,148.2989,4.24048,96.91084,137.2122,7.87077,98.75816,254.0805,0.5672,17.22368
148.1812,3.87198,96.65249,148.382,4.2401,96.90217,137.2938,7.87024,98.75165,254.2466,0.55344,16.9047
148.2649,3.87107,96.62982,148.4641,4.23991,96.89788,137.3778,7.87003,98.74908,254.4136,0.53958,16.58355
148.3466,3.87012,96.60621,148.5488,4.23957,96.88997,137.4615,7.86975,98.74555,254.5793,0.52566,16.26104
148.4304,3.86959,96.59283,148.6316,4.23904,96.87786,137.5448,7.86941,98.74138,254.7473,0.51177,15.93904
148.5121,3.86926,96.58464,148.716,4.23849,96.86538,137.627,7.86888,98.73494,254.9148,0.49791,15.61777
148.5968,3.86892,96.57625,148.7959,4.23823,96.85939,137.7095,7.86853,98.73056,255.0785,0.48416,15.29912
148.6776,3.86812,96.55628,148.8799,4.23797,96.85359,137.7938,7.86841,98.72913,255.2477,0.47054,14.98356
148.7622,3.8672,96.53314,148.9622,4.23761,96.84518,137.8785,7.86801,98.7242,255.4131,0.45697,14.66902
148.8468,3.86657,96.51744,149.0463,4.237,96.83133,137.9603,7.86755,98.71855,255.579,0.44329,14.35196
148.9288,3.86634,96.5119,149.1303,4.23647,96.81912,138.0426,7.86704,98.7122,255.7451,0.42974,14.03812
149.0112,3.86593,96.50167,149.2129,4.23605,96.80955,138.1275,7.86666,98.70755,255.9138,0.41627,13.72591
149.0924,3.86497,96.4776,149.295,4.23557,96.79856,138.209,7.86637,98.704,256.0779,0.40304,13.41914
149.177,3.86382,96.44892,149.3785,4.2349,96.78343,138.2936,7.86609,98.70054,256.2458,0.38961,13.10794
149.2607,3.86294,96.42693,149.461,4.23412,96.76549,138.3775,7.86559,98.69434,256.4118,0.37598,12.79221
149.3439,3.86235,96.41215,149.5452,4.23348,96.75097,138.4594,7.86506,98.68787,256.5787,0.36261,12.48228
149.4278,3.86179,96.39822,149.6284,4.23295,96.73877,138.5434,7.86458,98.68187,256.7446,0.34942,12.17649
149.5121,3.86108,96.3806,149.7126,4.23219,96.72142,138.6267,7.86412,98.67623,256.9121,0.33617,11.86954
149.5932,3.8601,96.35599,149.7954,4.23159,96.70769,138.7098,7.86389,98.67347,257.0777,0.32298,11.56377
149.6759,3.85913,96.33185,149.8794,4.23111,96.69667,138.7919,7.86353,98.66905,257.2446,0.31,11.26308
149.7591,3.85872,96.32169,149.9614,4.23057,96.68438,138.8738,7.86329,98.66603,257.4113,0.29706,10.96316
149.8417,3.85807,96.30549,150.0443,4.22997,96.67067,138.9582,7.86294,98.66177,257.5785,0.28385,10.65695
149.9253,3.85726,96.28505,150.1273,4.22916,96.65215,139.0428,7.86246,98.65577,257.7453,0.27074,10.3532
150.009,3.85641,96.26398,150.2117,4.22862,96.63984,139.1251,7.86206,98.65083,257.9114,0.25798,10.05746
150.0922,3.85576,96.24783,150.2936,4.2282,96.63012,139.2066,7.86189,98.64885,258.078,0.24535,9.76483
150.1728,3.85529,96.23592,150.3761,4.22738,96.61147,139.289,7.86145,98.64334,258.2459,0.23297,9.47793
150.2574,3.85442,96.21425,150.4597,4.22645,96.59018,139.3729,7.86088,98.63636,258.4127,0.2207,9.19361
150.3409,3.85325,96.1851,150.5446,4.22603,96.58065,139.4571,7.8604,98.63044,258.5794,0.2086,8.91305
150.4228,3.85219,96.15859,150.6264,4.22567,96.5723,139.5391,7.86003,98.62587,258.7468,0.19634,8.62902
150.5067,3.85166,96.14531,150.7111,4.22489,96.55459,139.6236,7.85959,98.62051,258.913,0.18439,8.35204
150.5891,3.85135,96.13752,150.7931,4.22399,96.53393,139.7075,7.85904,98.61373,259.08,0.17281,8.08362
150.6724,3.85064,96.11992,150.8757,4.22327,96.51764,139.7887,7.85842,98.60609,259.2468,0.1614,7.81913
150.7554,3.84962,96.09449,150.9592,4.22233,96.49611,139.8722,7.85776,98.59785,259.4139,0.15028,7.56147
150.8396,3.84842,96.06453,151.0418,4.22079,96.46094,139.9559,7.85715,98.59044,259.5797,0.13963,7.31479
150.9236,3.84753,96.04222,151.1237,4.21934,96.42764,140.0397,7.8568,98.58614,259.7489,0.12908,7.07026
151.004,3.84722,96.03445,151.208,4.21927,96.42618,140.1216,7.85656,98.58308,259.9146,0.11858,6.82693
151.0888,3.84694,96.02749,151.2925,4.21859,96.41052,140.2061,7.85617,98.5783,260.0808,0.10856,6.59456
151.1721,3.84628,96.01104,151.3736,4.21755,96.38685,140.2889,7.8558,98.57371,260.2484,0.09871,6.36641
151.2554,3.84546,95.99054,151.4564,4.21688,96.37151,140.3722,7.85534,98.56808,260.4146,0.0893,6.14841
151.3398,3.8448,95.97412,151.5409,4.21658,96.36465,140.4548,7.85474,98.56072,260.5815,0.08013,5.93592
151.4221,3.84427,95.96096,151.626,4.21564,96.34317,140.5371,7.8541,98.55276,260.7477,0.07117,5.72822
151.506,3.84367,95.94579,151.7089,4.21425,96.31141,140.6202,7.85349,98.54528,260.916,0.06273,5.53264
151.5882,3.84282,95.92467,151.7911,4.21305,96.28409,140.7062,7.85297,98.53885,261.0822,0.05469,5.34625
151.6706,3.84199,95.90395,151.8756,4.21243,96.26972,140.7866,7.85263,98.53471,261.2498,0.04706,5.16945
151.7548,3.8413,95.88665,151.9554,4.21188,96.25724,140.8717,7.85224,98.52992,261.4168,0.03979,5.00092
151.8391,3.84089,95.87644,152.0406,4.2107,96.23034,140.9529,7.85191,98.52578,261.5838,0.03308,4.84548
151.9212,3.84057,95.86858,152.1227,4.20969,96.20712,141.0373,7.85155,98.5214,261.7514,0.02669,4.69731
152.0039,3.83977,95.84864,152.2059,4.20959,96.20491,141.121,7.8512,98.51712,261.9168,0.0204,4.55145
152.0868,3.83877,95.82347,152.2885,4.2093,96.19837,141.2048,7.85053,98.50889,262.0845,0.01452,4.41524
152.1704,3.83791,95.80206,152.3733,4.2087,96.18461,141.2891,7.8499,98.50102,262.251,0.00898,4.287
152.2538,3.83732,95.78733,152.4569,4.20813,96.17161,141.3697,7.84927,98.49335,262.4192,0.00411,4.17402
152.3358,3.8365,95.76703,152.5394,4.208,96.16866,141.453,7.84862,98.48534,262.5858,-4.20E-04,4.06906
152.4209,3.83547,95.74112,152.6212,4.20742,96.15527,141.5363,7.84804,98.47812,262.7539,-0.00451,3.97423
152.5035,3.83427,95.71132,152.7048,4.20684,96.14197,141.6191,7.84749,98.47137,262.92,-0.00829,3.88662
152.5864,3.83332,95.68768,152.786,4.2065,96.13438,141.7035,7.84708,98.46634,263.0883,-0.01183,3.80469
152.6682,3.83268,95.67145,152.8697,4.20613,96.12592,141.787,7.84656,98.45989,263.2542,-0.015,3.73108
152.7518,3.83204,95.65573,152.9551,4.20558,96.11329,141.8684,7.84595,98.45242,263.4206,-0.01789,3.66419
152.8331,3.83115,95.63326,153.036,4.20487,96.09708,141.9524,7.84536,98.44517,263.5884,-0.02068,3.59964
152.9177,3.83019,95.60937,153.1196,4.20425,96.08282,142.0356,7.8449,98.43953,263.7574,-0.02335,3.53759
152.9998,3.82917,95.58401,153.2034,4.20347,96.065,142.1192,7.8445,98.4345,263.9233,-0.02569,3.48339
153.0851,3.82828,95.56165,153.2857,4.20243,96.04118,142.2027,7.84401,98.42858,264.0906,-0.02787,3.43301
153.1671,3.82733,95.53793,153.3694,4.20171,96.02482,142.2858,7.84369,98.42456,264.2586,-0.02993,3.38517
153.2513,3.82627,95.5117,153.4534,4.20126,96.01444,142.3699,7.84344,98.42155,264.4246,-0.0318,3.34177
153.3334,3.82514,95.48342,153.5361,4.20056,95.99845,142.4514,7.84335,98.42046,264.5918,-0.03334,3.3062
153.4156,3.82425,95.4611,153.6187,4.19983,95.98176,142.5354,7.8431,98.41735,264.7595,-0.03474,3.27378
153.4996,3.82362,95.44532,153.703,4.19934,95.97063,142.6186,7.84248,98.40973,264.927,-0.03608,3.24256
153.5816,3.82291,95.42765,153.786,4.19889,95.96039,142.6996,7.84183,98.40167,265.0937,-0.03745,3.21098
153.6648,3.8218,95.40004,153.8678,4.19791,95.93797,142.7844,7.84138,98.39608,265.2607,-0.03871,3.18159
153.7488,3.82069,95.37231,153.9515,4.19697,95.9164,142.8682,7.84091,98.39036,265.4266,-0.04015,3.14836
153.8298,3.81987,95.35172,154.0338,4.19638,95.90292,142.9488,7.84038,98.38386,265.595,-0.04137,3.12012
153.9133,3.81937,95.33943,154.1168,4.19592,95.8924,143.0325,7.83969,98.37533,265.7622,-0.04252,3.09346
153.9976,3.81874,95.32348,154.1995,4.1951,95.87371,143.1164,7.83898,98.36654,265.9306,-0.04347,3.07138
154.0801,3.81777,95.29934,154.2839,4.19416,95.85227,143.2013,7.83827,98.35777,266.0965,-0.04425,3.05328
154.1646,3.81654,95.26864,154.3665,4.19345,95.83605,143.2817,7.83763,98.34996,266.2629,-0.04509,3.03393
154.2476,3.81538,95.23984,154.4508,4.19268,95.81854,143.3655,7.83709,98.34328,266.4308,-0.04591,3.01481
154.3302,3.81442,95.21567,154.5335,4.19138,95.78876,143.4494,7.83672,98.33877,266.599,-0.04653,3.00048
154.4146,3.81349,95.19251,154.6162,4.19034,95.76493,143.5339,7.83607,98.33076,266.764,-0.04722,2.9844
154.4967,3.81249,95.16747,154.7002,4.18967,95.74961,143.6152,7.83547,98.32337,266.9324,-0.04804,2.9654
154.5801,3.81147,95.14223,154.7825,4.18894,95.73305,143.6984,7.83476,98.31462,267.0995,-0.04891,2.94529
154.6622,3.8106,95.12029,154.8656,4.18796,95.7106,143.782,7.83416,98.30719,267.2668,-0.04982,2.92414
154.7463,3.80986,95.10202,154.9482,4.18678,95.68364,143.8643,7.83355,98.29972,267.4334,-0.05065,2.90492
154.83,3.80895,95.0791,155.0312,4.18603,95.66652,143.9479,7.83288,98.29139,267.6016,-0.05111,2.89437
154.9125,3.80788,95.0526,155.1166,4.18524,95.64851,144.0312,7.83224,98.28352,267.7677,-0.05153,2.88469
154.9951,3.8068,95.02546,155.1987,4.18425,95.62579,144.1118,7.83183,98.27847,267.9346,-0.0523,2.86679
155.0783,3.80579,95.00035,155.2816,4.18339,95.60614,144.1973,7.83158,98.2754,268.1014,-0.0531,2.8481
155.1608,3.80488,94.97763,155.3647,4.18281,95.59291,144.2791,7.8311,98.26949,268.2697,-0.05384,2.83099
155.2459,3.8039,94.95312,155.4488,4.18229,95.58102,144.3634,7.83079,98.26572,268.435,-0.05442,2.81761
155.3284,3.80263,94.92157,155.5312,4.18138,95.5602,144.4467,7.83017,98.25808,268.6041,-0.05498,2.80469
155.4095,3.8013,94.88817,155.6145,4.18067,95.54407,144.531,7.82944,98.24909,268.771,-0.05552,2.79206
155.4949,3.80023,94.86166,155.6981,4.18016,95.53234,144.6127,7.82889,98.24225,268.9363,-0.05625,2.77509
155.5752,3.79944,94.84174,155.7818,4.17946,95.51635,144.6964,7.82834,98.23543,269.1035,-0.05683,2.7618
155.66,3.79862,94.82137,155.8626,4.17849,95.49416,144.7793,7.82752,98.22539,269.271,-0.05722,2.75261
155.7446,3.7977,94.79831,155.9458,4.17765,95.47491,144.8618,7.82674,98.21582,269.4378,-0.05761,2.74358
155.8264,3.79668,94.77295,156.028,4.1768,95.45544,144.9446,7.82592,98.20567,269.6065,-0.05805,2.73348
155.9093,3.79572,94.74886,156.1143,4.17601,95.43759,145.0281,7.8252,98.19682,269.7744,-0.05845,2.72431
155.9933,3.79482,94.72664,156.1958,4.17518,95.41851,145.1105,7.82481,98.19206,269.9398,-0.05896,2.71241
156.0758,3.79399,94.70592,156.2794,4.17422,95.39655,145.1952,7.82442,98.18721,270.1075,-0.05952,2.69933
156.1587,3.79298,94.68049,156.3634,4.17315,95.37212,145.2797,7.82383,98.17995,270.2753,-0.06023,2.68308
156.2409,3.7918,94.65108,156.4448,4.172,95.34588,145.362,7.82335,98.17402,270.4435,-0.06068,2.67259
156.3245,3.79066,94.62272,156.528,4.17108,95.32469,145.4446,7.82281,98.16734,270.6092,-0.06088,2.66802
156.4061,3.78946,94.59277,156.6107,4.17042,95.30984,145.5266,7.82209,98.15844,270.7756,-0.0613,2.65818
156.4896,3.78856,94.57013,156.6934,4.16971,95.29352,145.6106,7.82138,98.14978,270.944,-0.06186,2.64518
156.5726,3.78768,94.54839,156.7771,4.16862,95.26859,145.6952,7.8207,98.1414,271.1101,-0.06233,2.63423
156.6544,3.78638,94.51584,156.86,4.16761,95.24548,145.777,7.82014,98.13444,271.2773,-0.06289,2.62126
156.7393,3.78537,94.49062,156.9414,4.16666,95.2237,145.8592,7.81972,98.1293,271.446,-0.06386,2.59884
156.8208,3.78455,94.47021,157.0261,4.16547,95.19665,145.9429,7.81934,98.1246,271.6125,-0.06464,2.5808
156.9044,3.7836,94.44632,157.1102,4.16439,95.17192,146.0254,7.81885,98.11857,271.7791,-0.06504,2.57143
156.9881,3.78237,94.41564,157.1931,4.16363,95.15462,146.1095,7.81819,98.11048,271.9449,-0.06515,2.56887
157.0698,3.78105,94.38274,157.276,4.16311,95.14269,146.1923,7.81748,98.10174,272.114,-0.06542,2.5628
157.1538,3.77977,94.35094,157.3596,4.16212,95.12009,146.2764,7.81674,98.09257,272.2824,-0.06567,2.557
157.2385,3.77853,94.31993,157.4412,4.16097,95.0938,146.36,7.81602,98.08371,272.4484,-0.06595,2.55051
157.3202,3.77718,94.28616,157.5249,4.16006,95.07303,146.4419,7.81548,98.07712,272.615,-0.06653,2.53694
157.4045,3.77582,94.25219,157.6077,4.15903,95.04951,146.5268,7.8148,98.0687,272.7834,-0.06703,2.52537
157.4878,3.77437,94.21609,157.6906,4.15781,95.02154,146.6089,7.81424,98.06175,272.9511,-0.06758,2.51257
157.5691,3.77303,94.18264,157.7728,4.15701,95.00317,146.6929,7.81374,98.05564,273.1174,-0.06799,2.50311
157.6537,3.7717,94.14934,157.8572,4.15651,94.99172,146.7772,7.8131,98.04772,273.2852,-0.06815,2.4995
157.7363,3.77026,94.11335,157.9403,4.15587,94.97713,146.8576,7.81234,98.03839,273.4519,-0.06842,2.49321
157.8187,3.76879,94.07665,158.0238,4.15486,94.95403,146.9432,7.81165,98.02987,273.619,-0.06895,2.4808
157.9021,3.76746,94.04363,158.1052,4.15377,94.92932,147.028,7.81082,98.01967,273.786,-0.06946,2.46902
157.9852,3.76638,94.01664,158.1903,4.15283,94.90777,147.1093,7.81025,98.01265,273.9535,-0.06979,2.46148
158.0669,3.76513,93.98552,158.2727,4.15191,94.88675,147.1942,7.80981,98.00728,274.1209,-0.07,2.45652
158.1503,3.76368,93.94925,158.3558,4.15082,94.86188,147.2765,7.80927,98.0006,274.288,-0.07034,2.44864
158.2338,3.76233,93.9155,158.4397,4.14999,94.84291,147.3588,7.80866,97.99308,274.4534,-0.07048,2.44535
158.3161,3.76109,93.88455,158.5205,4.14946,94.83073,147.4413,7.80806,97.98569,274.621,-0.07059,2.44296
158.4008,3.75962,93.84783,158.6041,4.14863,94.81181,147.5244,7.80729,97.97623,274.7887,-0.07046,2.44579
158.4832,3.75814,93.81101,158.6889,4.14765,94.78941,147.6081,7.80651,97.96657,274.9554,-0.07064,2.44165
158.5664,3.75666,93.77404,158.7709,4.14676,94.76901,147.6924,7.80594,97.9596,275.1213,-0.07109,2.43131
158.6489,3.75521,93.73782,158.8536,4.14576,94.74611,147.7746,7.80533,97.95201,275.2881,-0.07133,2.42566
158.7334,3.75386,93.70407,158.9371,4.14412,94.70872,147.8582,7.80476,97.94505,275.4556,-0.07159,2.41975
158.8163,3.75258,93.67199,159.0201,4.1427,94.67617,147.9394,7.8042,97.93818,275.6217,-0.07195,2.41144
158.9004,3.75143,93.64329,159.1035,4.14171,94.65362,148.0231,7.80376,97.93265,275.7898,-0.07214,2.40702
158.9832,3.74992,93.60564,159.1853,4.14095,94.63627,148.107,7.80323,97.92619,275.9548,-0.07219,2.40569
159.0671,3.74811,93.56056,159.2701,4.14011,94.6171,148.1899,7.80225,97.91413,276.123,-0.07267,2.39468
159.15,3.74648,93.51975,159.3537,4.13913,94.59468,148.2741,7.80142,97.90381,276.2906,-0.07302,2.38667
159.2341,3.74492,93.48103,159.4358,4.13821,94.57356,148.3568,7.80069,97.89485,276.456,-0.07307,2.38534
159.3154,3.7433,93.44037,159.5218,4.13739,94.55496,148.4369,7.80004,97.88682,276.6225,-0.0732,2.38245
159.3992,3.74179,93.40265,159.602,4.13653,94.53521,148.5216,7.79943,97.8793,276.789,-0.0735,2.37547
159.4821,3.74024,93.36416,159.6866,4.13561,94.51423,148.6055,7.79882,97.87184,276.9566,-0.07397,2.36452
159.5657,3.7387,93.32555,159.7695,4.13463,94.49179,148.6877,7.7979,97.86051,277.1245,-0.0744,2.35468
159.648,3.73704,93.28431,159.8514,4.1337,94.47044,148.7716,7.79696,97.84891,277.2887,-0.07473,2.34698
159.731,3.73512,93.23633,159.9347,4.13252,94.44366,148.8532,7.79604,97.83765,277.4572,-0.07507,2.33911
159.8146,3.73312,93.18646,160.0182,4.13135,94.41676,148.9377,7.79531,97.82858,277.6236,-0.07531,2.3334
159.8983,3.73128,93.14035,160.1011,4.13028,94.39244,149.0198,7.79472,97.82134,277.792,-0.07562,2.3263
159.98,3.7296,93.09842,160.1864,4.12932,94.37053,149.1041,7.79401,97.81259,277.9574,-0.07604,2.31648
160.0634,3.72802,93.059,160.2693,4.12832,94.34758,149.187,7.79314,97.8019,278.1246,-0.07647,2.30657
160.1474,3.72643,93.01946,160.3499,4.12722,94.32247,149.269,7.79241,97.79288,278.2908,-0.07679,2.29918
160.2287,3.72466,92.97518,160.4354,4.1265,94.30608,149.3515,7.79186,97.78615,278.4597,-0.07709,2.29233
160.312,3.72255,92.92251,160.5172,4.1262,94.29916,149.4351,7.79118,97.77774,278.6255,-0.07727,2.28798
160.3964,3.72039,92.86849,160.6002,4.12548,94.28272,149.5188,7.79039,97.76797,278.7912,-0.07744,2.28402
160.4783,3.7185,92.82131,160.6839,4.12444,94.259,149.6018,7.78971,97.75963,278.9584,-0.07737,2.28574
160.5608,3.71684,92.78007,160.7676,4.1231,94.22829,149.6843,7.78906,97.75165,279.126,-0.07748,2.28323
160.643,3.71513,92.73736,160.8511,4.12182,94.19903,149.7683,7.7883,97.74224,279.2922,-0.07783,2.27509
160.7273,3.71331,92.69176,160.9335,4.12072,94.17389,149.8509,7.78738,97.73089,279.4575,-0.07819,2.26675
160.8093,3.7112,92.63924,161.018,4.11979,94.15253,149.9333,7.78648,97.71989,279.6247,-0.0784,2.26195
160.892,3.70905,92.58547,161.0993,4.11867,94.127,150.0162,7.78573,97.71064,279.7931,-0.0784,2.26198
160.9764,3.70704,92.53535,161.1816,4.11741,94.09816,150.1008,7.785,97.70157,279.9604,-0.07859,2.25756
161.0601,3.70517,92.48859,161.2648,4.11621,94.07082,150.1834,7.78421,97.69183,280.127,-0.079,2.24802
161.1433,3.70331,92.44224,161.3506,4.11515,94.04651,150.2666,7.78355,97.68379,280.2929,-0.0793,2.24105
161.2263,3.70132,92.39246,161.432,4.114,94.02043,150.3501,7.78313,97.67856,280.4606,-0.07973,2.23105
161.3096,3.69921,92.33984,161.5137,4.11288,93.99465,150.4336,7.78284,97.67504,280.6255,-0.0802,2.2202
161.3922,3.69716,92.2886,161.597,4.11182,93.9704,150.518,7.78211,97.66603,280.7944,-0.08054,2.21227
161.4756,3.69514,92.2382,161.6806,4.11078,93.94668,150.6009,7.78116,97.65436,280.9606,-0.08076,2.20716
161.5585,3.6931,92.18728,161.7631,4.1097,93.92195,150.6832,7.78015,97.64187,281.1278,-0.08085,2.20519
161.6414,3.69116,92.13902,161.8458,4.1085,93.89462,150.7674,7.77904,97.62818,281.2959,-0.08108,2.19985
161.7262,3.68926,92.09142,161.9304,4.10736,93.86859,150.8502,7.77802,97.61559,281.4631,-0.08125,2.19593
161.8088,3.68741,92.04542,162.0131,4.10621,93.84235,150.9326,7.77713,97.60465,281.6299,-0.08151,2.18976
161.8936,3.68547,91.99684,162.0957,4.10508,93.81646,151.0175,7.77636,97.59521,281.7958,-0.08189,2.18104
161.975,3.68336,91.94432,162.178,4.10382,93.78778,151.1004,7.77574,97.58753,281.9637,-0.08209,2.17638
162.0597,3.68104,91.88626,162.2629,4.10271,93.76221,151.1814,7.77495,97.5778,282.1292,-0.08226,2.17251
162.1412,3.67884,91.83142,162.3444,4.10166,93.73839,151.2652,7.77407,97.56691,282.296,-0.08244,2.16816
162.2235,3.67679,91.78029,162.4278,4.10041,93.70967,151.3486,7.77337,97.55836,282.4621,-0.08287,2.1583
162.3064,3.67467,91.72737,162.5092,4.09908,93.67925,151.43,7.77269,97.54993,282.631,-0.08326,2.14932
162.3894,3.67241,91.67081,162.5928,4.09792,93.65292,151.5155,7.7719,97.54025,282.7969,-0.08355,2.14259
162.4753,3.67011,91.61355,162.6752,4.09695,93.63059,151.5976,7.77107,97.52995,282.9627,-0.0839,2.13443
162.5558,3.66797,91.56018,162.7593,4.09582,93.60493,151.681,7.77039,97.52165,283.1296,-0.0841,2.12967
162.64,3.66591,91.50853,162.84,4.0944,93.57238,151.7624,7.76978,97.51416,283.2973,-0.08411,2.12946
162.7241,3.6638,91.45594,162.9256,4.09313,93.5434,151.8461,7.76881,97.50215,283.4645,-0.08419,2.1277
162.8056,3.66164,91.40217,163.0065,4.09189,93.51507,151.9302,7.76788,97.49068,283.6317,-0.08441,2.12267
162.8892,3.65931,91.34388,163.0923,4.09072,93.48835,152.0128,7.76693,97.479,283.7961,-0.08464,2.1172
162.9755,3.65693,91.28445,163.174,4.08954,93.46122,152.0952,7.76601,97.46765,283.965,-0.08491,2.11107
163.056,3.65476,91.23028,163.2569,4.08838,93.43492,152.1778,7.76518,97.45744,284.1306,-0.08536,2.10066
163.1389,3.65257,91.17566,163.3395,4.08724,93.4087,152.2599,7.7643,97.44655,284.2965,-0.08567,2.09337
163.2229,3.65023,91.11725,163.4251,4.08599,93.38011,152.3451,7.76358,97.43776,284.4635,-0.08573,2.09203
163.3076,3.6478,91.05667,163.5101,4.08471,93.35084,152.428,7.76299,97.43051,284.632,-0.086,2.08568
163.3901,3.64555,91.00033,163.5907,4.08327,93.31804,152.5118,7.762,97.41828,284.7981,-0.08649,2.07441
163.4741,3.64335,90.94561,163.6757,4.08204,93.28982,152.5954,7.76083,97.40383,284.965,-0.08683,2.0664
163.5552,3.64111,90.88965,163.7569,4.08088,93.26347,152.6768,7.75984,97.39164,285.1324,-0.08717,2.05863
163.6418,3.63877,90.83119,163.8404,4.07976,93.2379,152.7602,7.75895,97.38068,285.2984,-0.08737,2.054
163.7234,3.63635,90.77085,163.9229,4.07852,93.20951,152.8436,7.75811,97.3703,285.4668,-0.08736,2.0543
163.8058,3.63416,90.71601,164.0069,4.07723,93.18001,152.9284,7.75748,97.36256,285.632,-0.0874,2.05337
163.8879,3.63218,90.66676,164.0885,4.0758,93.1473,153.0106,7.75655,97.35109,285.7998,-0.08764,2.04768
163.9736,3.63013,90.61561,164.1729,4.0743,93.11314,153.0948,7.75565,97.34004,285.966,-0.08778,2.0446
164.056,3.62789,90.5595,164.2548,4.07291,93.08117,153.1786,7.75464,97.32759,286.1331,-0.08804,2.03853
164.139,3.62557,90.50179,164.3394,4.07163,93.05205,153.2591,7.75365,97.31543,286.2996,-0.08842,2.02977
164.2229,3.62321,90.44265,164.4231,4.07045,93.02494,153.3434,7.75271,97.30383,286.4673,-0.08881,2.02069
164.3049,3.62093,90.38584,164.5052,4.06888,92.98906,153.4262,7.75176,97.29217,286.6336,-0.08905,2.01505
164.3879,3.61871,90.33052,164.5881,4.06746,92.95679,153.5089,7.75091,97.28168,286.7998,-0.0894,2.00704
164.4735,3.61627,90.26952,164.6724,4.06623,92.92866,153.5925,7.74994,97.26966,286.9663,-0.0896,2.00222
164.5558,3.6136,90.20302,164.7538,4.06498,92.90005,153.6761,7.74883,97.25604,287.1342,-0.08974,1.99899
164.6404,3.61083,90.1337,164.8384,4.06384,92.874,153.7594,7.74756,97.24042,287.3009,-0.08992,1.99492
164.7218,3.60832,90.07104,164.9216,4.06275,92.84911,153.8426,7.74644,97.22661,287.4669,-0.09035,1.9849
164.8058,3.60596,90.01218,165.0046,4.06168,92.82449,153.9248,7.74552,97.21531,287.6348,-0.09065,1.97809
164.8883,3.6037,89.95564,165.0876,4.06057,92.79933,154.0081,7.74467,97.20472,287.803,-0.09058,1.97961
164.9714,3.60128,89.89538,165.1714,4.05945,92.77365,154.0906,7.74385,97.19471,287.9686,-0.09081,1.9742
165.0561,3.59885,89.83463,165.255,4.05806,92.74195,154.1757,7.74295,97.1836,288.1356,-0.09112,1.96718
165.1396,3.59652,89.77654,165.337,4.05632,92.70211,154.2592,7.74209,97.17299,288.3027,-0.09133,1.96219
165.2225,3.59415,89.7173,165.4201,4.05441,92.65837,154.341,7.74127,97.1629,288.47,-0.09171,1.95332
165.3045,3.59172,89.6567,165.5038,4.0528,92.62158,154.4253,7.74036,97.15164,288.6345,-0.09196,1.9477
165.3876,3.58932,89.59686,165.5879,4.05133,92.58807,154.5063,7.73936,97.13935,288.8025,-0.09235,1.93849
165.4711,3.58704,89.53987,165.6715,4.05006,92.559,154.5894,7.73836,97.12705,288.9708,-0.09247,1.9357
165.5544,3.58465,89.48034,165.7535,4.04882,92.53071,154.6738,7.73742,97.11541,289.1375,-0.09256,1.93376
165.6388,3.58226,89.42053,165.8382,4.04763,92.50363,154.7566,7.7366,97.10537,289.3024,-0.09257,1.93354
165.7208,3.57954,89.35258,165.9222,4.04651,92.47783,154.8414,7.73577,97.0952,289.4694,-0.09269,1.93081
165.8041,3.57685,89.28561,166.0052,4.04575,92.4605,154.924,7.73501,97.08577,289.6374,-0.09288,1.92633
165.8884,3.57442,89.2248,166.0882,4.04476,92.43795,155.0051,7.73419,97.07564,289.805,-0.09315,1.92002
165.972,3.57219,89.16926,166.1718,4.0436,92.41148,155.0892,7.73343,97.06632,289.9723,-0.09343,1.91358
166.0541,3.56982,89.11,166.2541,4.04223,92.38006,155.1735,7.73248,97.0546,290.1378,-0.09378,1.90547
166.1368,3.56731,89.0475,166.3367,4.04081,92.34756,155.2559,7.73153,97.04292,290.3063,-0.09383,1.90419
166.2209,3.56463,88.9805,166.4208,4.03971,92.32242,155.3394,7.73059,97.03139,290.4712,-0.09398,1.90078
166.3049,3.56194,88.91333,166.502,4.03882,92.30224,155.4231,7.72954,97.01835,290.6396,-0.09408,1.89856
166.3879,3.55947,88.8517,166.5874,4.03769,92.27632,155.5056,7.7284,97.00435,290.8059,-0.09448,1.88927
166.4723,3.55722,88.79558,166.6731,4.03629,92.24428,155.5894,7.72712,96.98857,290.9725,-0.09487,1.88025
166.5552,3.55469,88.73233,166.754,4.03495,92.21373,155.6715,7.72617,96.97686,291.14,-0.09507,1.87554
166.6376,3.55195,88.66398,166.8373,4.03351,92.18084,155.7552,7.72534,96.96671,291.308,-0.09502,1.87675
166.7206,3.54908,88.59234,166.9199,4.03189,92.1438,155.8381,7.72448,96.95605,291.474,-0.09505,1.8759
166.8031,3.54647,88.52729,166.9998,4.03008,92.10232,155.921,7.72343,96.94318,291.6416,-0.09529,1.87039
166.8881,3.54406,88.46693,167.083,4.02825,92.06056,156.0039,7.72232,96.92949,291.8078,-0.0956,1.86328
166.9706,3.54157,88.40497,167.1683,4.0266,92.02281,156.0874,7.72127,96.91648,291.9753,-0.09588,1.85677
167.0538,3.53901,88.34105,167.2523,4.02511,91.9888,156.1697,7.72016,96.90284,292.1412,-0.09618,1.84987
167.1384,3.53621,88.27113,167.3331,4.02376,91.95795,156.2541,7.71927,96.89184,292.3106,-0.09652,1.84187
167.2197,3.53352,88.20391,167.4186,4.02231,91.9249,156.3375,7.71822,96.87891,292.4781,-0.09683,1.83484
167.3044,3.53098,88.14045,167.5014,4.02066,91.88724,156.4207,7.71725,96.86694,292.6438,-0.09697,1.83144
167.3868,3.52835,88.0748,167.5842,4.019,91.84933,156.5028,7.71613,96.85321,292.8107,-0.09731,1.82366
167.4712,3.52578,88.01067,167.6666,4.01741,91.81299,156.585,7.71514,96.84101,292.9778,-0.0974,1.82149
167.5525,3.52326,87.94779,167.7509,4.016,91.78074,156.6681,7.71399,96.82687,293.1436,-0.09727,1.82456
167.6363,3.5207,87.88384,167.8346,4.01452,91.74687,156.7525,7.71301,96.81481,293.313,-0.09742,1.82118
167.7196,3.51809,87.81889,167.9155,4.013,91.71209,156.8361,7.71186,96.80063,293.4784,-0.09779,1.81257
167.8037,3.51536,87.75069,168.0011,4.01157,91.67929,156.9204,7.71061,96.78515,293.6465,-0.09804,1.80682
167.8876,3.51267,87.6834,168.0834,4.01008,91.64536,157.0023,7.70956,96.77229,293.8125,-0.09818,1.8035
167.9713,3.51011,87.61949,168.1655,4.0087,91.61382,157.0844,7.70855,96.75977,293.98,-0.09833,1.80008
168.0546,3.50741,87.5522,168.2482,4.00724,91.58038,157.1684,7.70735,96.74503,294.1467,-0.09856,1.79462
168.1375,3.50459,87.48175,168.3326,4.00573,91.54583,157.2523,7.70613,96.73003,294.3128,-0.0989,1.78673
168.2193,3.50178,87.41168,168.4136,4.00394,91.50492,157.3359,7.70479,96.71349,294.4804,-0.09912,1.78166
168.3034,3.499,87.34224,168.4977,4.00221,91.46554,157.4191,7.70379,96.70125,294.649,-0.09922,1.77949
168.3864,3.49638,87.27691,168.5808,4.00063,91.42934,157.5006,7.70284,96.68944,294.8135,-0.09941,1.77488
168.4703,3.49379,87.21229,168.6651,3.9991,91.39447,157.5852,7.70184,96.67722,294.9812,-0.09961,1.77033
168.5531,3.49126,87.14911,168.747,3.99753,91.35861,157.6682,7.70093,96.66596,295.1482,-0.09961,1.77043
168.6363,3.4886,87.08268,168.8316,3.99591,91.32161,157.7513,7.6996,96.64952,295.315,-0.09989,1.7638
168.7186,3.48581,87.01307,168.9146,3.99434,91.28573,157.8338,7.69827,96.63315,295.4803,-0.1002,1.75677
168.8032,3.48299,86.94265,168.9956,3.99282,91.25081,157.9156,7.69724,96.62051,295.6504,-0.10057,1.74813
168.8864,3.48028,86.875,169.0776,3.99106,91.21077,158.0004,7.69632,96.60913,295.8154,-0.1009,1.74033
168.9684,3.47761,86.80818,169.161,3.98937,91.17212,158.0838,7.69527,96.59623,295.9834,-0.10115,1.7346
169.0523,3.47498,86.74265,169.245,3.98781,91.13638,158.1655,7.69426,96.5838,296.1494,-0.10136,1.72973
169.1346,3.47234,86.67688,169.3266,3.98624,91.10045,158.251,7.69322,96.57096,296.3158,-0.10153,1.72589
169.2184,3.46944,86.60436,169.4114,3.9846,91.06313,158.3325,7.69212,96.55746,296.4848,-0.10154,1.72571
169.3031,3.46645,86.5296,169.4929,3.98284,91.02271,158.4149,7.69086,96.54189,296.6504,-0.10158,1.72471
169.3849,3.46363,86.45921,169.5765,3.98129,90.98749,158.4978,7.68962,96.52659,296.8158,-0.10174,1.72096
169.4656,3.46097,86.39288,169.6587,3.97967,90.95028,158.5804,7.68838,96.51132,296.9862,-0.10188,1.71782
169.551,3.45821,86.32399,169.7422,3.97796,90.9112,158.6644,7.68725,96.49743,297.1515,-0.10194,1.71632
169.6352,3.45531,86.25175,169.8252,3.97628,90.87299,158.747,7.68616,96.48402,297.3177,-0.10194,1.71632
169.7165,3.45227,86.17576,169.9089,3.97456,90.83354,158.8299,7.685,96.4697,297.4858,-0.10187,1.71789
169.7999,3.44925,86.10033,169.9919,3.97282,90.79378,158.9159,7.68384,96.45547,297.6528,-0.10192,1.71688
169.8824,3.4463,86.02684,170.0759,3.97116,90.75589,158.9969,7.68296,96.44462,297.8198,-0.10221,1.71012
169.9666,3.44344,85.95527,170.1602,3.96954,90.7188,159.078,7.68203,96.43314,297.9851,-0.10268,1.69928
170.0502,3.44065,85.8856,170.2429,3.968,90.68372,159.1646,7.68088,96.41896,298.1533,-0.10295,1.69293
170.1334,3.43792,85.81756,170.3269,3.96644,90.64793,159.2469,7.67965,96.40381,298.3195,-0.10298,1.69221
170.2162,3.43509,85.74689,170.4102,3.96476,90.60967,159.3305,7.67845,96.38902,298.4867,-0.10293,1.69331
170.2982,3.43209,85.6721,170.4926,3.96299,90.56926,159.4122,7.67725,96.37432,298.6539,-0.10305,1.69057
170.3837,3.42902,85.59547,170.5768,3.96133,90.53133,159.494,7.67587,96.35721,298.821,-0.10329,1.68501
170.466,3.426,85.52003,170.6596,3.9596,90.49174,159.5787,7.67456,96.34112,298.9868,-0.10361,1.67761
170.5492,3.42319,85.44987,170.7438,3.95775,90.44951,159.6597,7.67331,96.32567,299.1538,-0.10399,1.66872
170.634,3.42035,85.37897,170.827,3.95591,90.40741,159.7438,7.67207,96.31045,299.3209,-0.10439,1.65954
170.7166,3.41732,85.30334,170.9095,3.95435,90.37167,159.8265,7.67089,96.29592,299.4881,-0.10463,1.65394
170.7988,3.41407,85.22231,170.9935,3.95278,90.33584,159.9103,7.66971,96.28142,299.6547,-0.10473,1.65175
170.88,3.41097,85.1448,171.0762,3.95107,90.29676,159.9928,7.66854,96.26696,299.8215,-0.10485,1.64901
170.9655,3.40809,85.07286,171.16,3.94924,90.25493,160.0759,7.66745,96.25353,299.9899,-0.10503,1.64474
171.0476,3.4052,85.00087,171.2425,3.94741,90.21302,160.1586,7.66648,96.24161,300.1558,-0.10529,1.63881
171.1309,3.4023,84.92836,171.3252,3.94561,90.17204,160.243,7.66549,96.22936,300.3248,-0.10553,1.63319
171.2132,3.3993,84.85342,171.4102,3.94392,90.13331,160.3252,7.66398,96.21076,300.4902,-0.10575,1.628
171.2968,3.39615,84.77482,171.4922,3.94213,90.0924,160.4086,7.66244,96.19184,300.6577,-0.1059,1.62459
171.3805,3.39304,84.69736,171.5742,3.94045,90.054,160.4908,7.66114,96.17575,300.8262,-0.10607,1.62057
171.4625,3.39013,84.62465,171.6594,3.93873,90.01467,160.5751,7.65999,96.16169,300.9917,-0.10614,1.61911
171.5464,3.38713,84.54981,171.7417,3.93703,89.97594,160.6577,7.65875,96.14636,301.1605,-0.10626,1.61614
171.6299,3.38423,84.47724,171.8262,3.93536,89.93772,160.7396,7.65745,96.13036,301.3261,-0.10657,1.60915
171.7133,3.38119,84.40148,171.9087,3.93367,89.8991,160.8233,7.65608,96.11341,301.4935,-0.10679,1.60394
171.7961,3.37803,84.32253,171.9921,3.93196,89.85998,160.9066,7.65466,96.09593,301.66,-0.10692,1.60095
171.8798,3.37487,84.2438,172.0759,3.93027,89.8214,160.9898,7.65328,96.07895,301.8276,-0.107,1.59919
171.9632,3.37177,84.16627,172.1585,3.92844,89.77962,161.0736,7.65199,96.06312,301.9954,-0.10699,1.59926
172.0456,3.3687,84.08973,172.2428,3.92666,89.73894,161.1564,7.65071,96.04738,302.1608,-0.10706,1.59779
172.1278,3.36558,84.01185,172.3272,3.92487,89.6979,161.2383,7.64945,96.03178,302.3287,-0.10728,1.59263
172.2114,3.36259,83.93724,172.4091,3.92304,89.6561,161.3217,7.64822,96.01667,302.4933,-0.1075,1.58755
172.2954,3.3595,83.85996,172.491,3.92106,89.61096,161.4066,7.64696,96.00112,302.6611,-0.10771,1.58272
172.3777,3.35626,83.77906,172.5752,3.91904,89.56466,161.4903,7.64564,95.98487,302.8268,-0.10786,1.57908
172.4602,3.35313,83.70097,172.6591,3.91721,89.52284,161.5726,7.6442,95.96711,302.9955,-0.10794,1.5773
172.544,3.35004,83.62379,172.7425,3.91539,89.48133,161.6554,7.64261,95.94754,303.1615,-0.10805,1.57464
172.6263,3.34685,83.54426,172.8254,3.91354,89.43908,161.7393,7.64111,95.92908,303.3295,-0.10813,1.57292
172.7108,3.34382,83.46868,172.907,3.91159,89.3944,161.8222,7.63967,95.91134,303.4968,-0.10819,1.57148
172.7941,3.34069,83.3904,172.9918,3.90963,89.34979,161.9054,7.63819,95.89314,303.6633,-0.10824,1.57035
172.8761,3.33755,83.31204,173.0749,3.90772,89.30614,161.9885,7.63681,95.87605,303.8316,-0.10841,1.56633
172.9611,3.33429,83.23074,173.1575,3.90588,89.26409,162.0722,7.63546,95.85947,303.9991,-0.10862,1.56159
173.0424,3.33101,83.14891,173.2415,3.90414,89.22418,162.1558,7.63414,95.84322,304.1659,-0.10877,1.55798
173.1262,3.32782,83.06913,173.324,3.90242,89.18485,162.2387,7.63299,95.82902,304.331,-0.10877,1.55805
173.2091,3.32462,82.98941,173.4074,3.90062,89.14381,162.3215,7.63184,95.81483,304.499,-0.10888,1.55551
173.2925,3.32145,82.91033,173.4912,3.89873,89.10055,162.4048,7.63048,95.79811,304.6672,-0.10912,1.54984
173.3755,3.31834,82.83249,173.5741,3.89677,89.0558,162.4885,7.62903,95.7802,304.8331,-0.10949,1.54133
173.4585,3.31518,82.75376,173.6568,3.89484,89.01171,162.5719,7.6278,95.76508,305,-0.10987,1.53252
173.5414,3.31192,82.67244,173.7401,3.89287,88.96667,162.653,7.62648,95.74884,305.1666,-0.11025,1.52366
173.6248,3.30867,82.59126,173.8237,3.89084,88.92037,162.7363,7.62515,95.73246,305.3345,-0.11041,1.51998
173.7069,3.3055,82.51201,173.9061,3.88876,88.87283,162.8191,7.62394,95.71755,305.5018,-0.11063,1.51505
173.7901,3.30212,82.42768,173.9893,3.88678,88.82756,162.9018,7.62268,95.702,305.6688,-0.11086,1.50957
173.8738,3.29887,82.34668,174.0723,3.88476,88.78135,162.9856,7.62119,95.68362,305.8348,-0.11105,1.50522
173.9564,3.29551,82.26266,174.1541,3.88272,88.73479,163.0666,7.61961,95.66414,306.0025,-0.11126,1.50043
174.0398,3.29201,82.17522,174.2371,3.8808,88.69089,163.1512,7.61794,95.64368,306.1688,-0.11137,1.49787
174.1227,3.28864,82.0911,174.3218,3.87885,88.64617,163.2337,7.61645,95.62527,306.3365,-0.1116,1.49245
174.205,3.28534,82.00887,174.4028,3.87683,88.60014,163.3179,7.61502,95.60769,306.503,-0.11165,1.49121
174.2898,3.28206,81.9269,174.4877,3.87513,88.56115,163.4013,7.61353,95.58925,306.669,-0.11169,1.49049
174.3709,3.27879,81.84544,174.5718,3.8734,88.52171,163.4832,7.61219,95.57275,306.8378,-0.11172,1.48974
174.4539,3.27543,81.7616,174.6536,3.87148,88.47773,163.5682,7.6109,95.55695,307.0034,-0.11178,1.48832
174.5356,3.27193,81.67398,174.7366,3.86927,88.42721,163.6506,7.6096,95.5409,307.1716,-0.11194,1.48448
174.62,3.26854,81.58948,174.8201,3.86717,88.37924,163.7356,7.60797,95.52079,307.3384,-0.11221,1.4784
174.7051,3.26532,81.50898,174.9034,3.86537,88.3381,163.8168,7.60628,95.49997,307.5049,-0.11258,1.4698
174.7856,3.26209,81.4285,174.9841,3.86366,88.29904,163.8996,7.60468,95.48034,307.6736,-0.11262,1.4689
174.8687,3.25872,81.34441,175.0681,3.86155,88.25082,163.9828,7.6033,95.46333,307.8414,-0.11255,1.47055
174.9522,3.25532,81.25949,175.1519,3.85934,88.20029,164.0663,7.60195,95.44666,308.0076,-0.11276,1.46554
175.0345,3.2518,81.17172,175.236,3.85712,88.14971,164.1514,7.60058,95.42978,308.1758,-0.11295,1.46122
175.1178,3.24832,81.08465,175.3171,3.85534,88.10906,164.2335,7.59919,95.41261,308.3409,-0.11315,1.45654
175.2019,3.24478,80.99634,175.3996,3.85363,88.0698,164.3161,7.59769,95.39419,308.5084,-0.11342,1.45027
175.2854,3.24141,80.91231,175.4847,3.85169,88.02548,164.4013,7.59601,95.37344,308.6753,-0.11347,1.44914
175.3672,3.2381,80.82964,175.5675,3.84916,87.96764,164.4837,7.5943,95.3524,308.8412,-0.11344,1.44975
175.4528,3.2348,80.74731,175.6514,3.84666,87.91048,164.5646,7.59273,95.33305,309.0102,-0.11344,1.44976
175.5346,3.23141,80.66259,175.733,3.84464,87.86452,164.6496,7.59115,95.31364,309.1784,-0.11348,1.44887
175.6194,3.22782,80.57293,175.8163,3.84283,87.82297,164.7315,7.58974,95.29621,309.3456,-0.11376,1.4425
175.701,3.22428,80.48469,175.9011,3.84067,87.77375,164.8157,7.58828,95.27831,309.5115,-0.11405,1.43574
175.7839,3.22069,80.39505,175.984,3.83825,87.7183,164.8994,7.58683,95.26039,309.6772,-0.11462,1.42241
175.8651,3.21719,80.30766,176.0664,3.83604,87.6678,164.9808,7.58542,95.24301,309.845,-0.11526,1.40768
175.9504,3.21382,80.22366,176.1504,3.83402,87.62168,165.0651,7.58401,95.22571,310.0133,-0.11546,1.40292
176.033,3.21042,80.13871,176.2338,3.83209,87.57753,165.1477,7.58261,95.20844,310.1802,-0.11523,1.40826
176.1167,3.20686,80.04985,176.3158,3.82992,87.528,165.2309,7.58066,95.18443,310.3466,-0.11537,1.40516
176.2006,3.20313,79.95679,176.3998,3.8274,87.47036,165.3125,7.57878,95.16121,310.5144,-0.11562,1.39925
176.2826,3.19939,79.86341,176.482,3.82499,87.41536,165.3964,7.57709,95.14039,310.6808,-0.1157,1.39746
176.3662,3.19587,79.77554,176.5652,3.82309,87.37193,165.4786,7.57542,95.11987,310.8488,-0.1156,1.39982
176.4486,3.19239,79.68852,176.648,3.82149,87.33537,165.562,7.57387,95.10075,311.0145,-0.11553,1.40147
176.5313,3.18893,79.60215,176.7312,3.81939,87.28747,165.6466,7.57247,95.08344,311.1836,-0.11547,1.40285
176.6162,3.18543,79.51499,176.8134,3.8168,87.22818,165.7281,7.57107,95.06624,311.3504,-0.11548,1.40246
176.6991,3.18182,79.42477,176.8994,3.81426,87.17011,165.8104,7.56941,95.04579,311.5168,-0.11541,1.40417
176.7815,3.17811,79.33212,176.9814,3.81221,87.12331,165.8955,7.5676,95.02353,311.6849,-0.11564,1.39884
176.8658,3.17447,79.2413,177.0634,3.81051,87.08443,165.9792,7.56591,95.00268,311.852,-0.11576,1.3961
176.9463,3.1708,79.14962,177.1462,3.80854,87.03939,166.0618,7.56431,94.98293,312.0195,-0.11609,1.38851
177.0317,3.16722,79.06033,177.2294,3.8061,86.98353,166.1443,7.56269,94.963,312.1864,-0.11642,1.38067
177.1141,3.1637,78.97249,177.3133,3.80353,86.92494,166.2284,7.56105,94.9428,312.3538,-0.11667,1.37498
177.1981,3.1601,78.8825,177.3966,3.80146,86.87752,166.3105,7.55952,94.92402,312.5218,-0.1165,1.37888
177.2817,3.15639,78.79011,177.4785,3.79969,86.83722,166.3955,7.55825,94.90828,312.6869,-0.11657,1.37735
177.3651,3.15255,78.69404,177.5615,3.79761,86.78967,166.4784,7.55683,94.89086,312.8539,-0.11631,1.38329
177.4484,3.14878,78.60013,177.6448,3.79487,86.72705,166.5599,7.55509,94.86934,313.021,-0.11632,1.38302
177.531,3.14516,78.50967,177.7289,3.79216,86.66502,166.6446,7.55328,94.84704,313.1896,-0.11664,1.37578
177.6149,3.14152,78.41878,177.8122,3.79007,86.61721,166.7283,7.55149,94.82501,313.3562,-0.11699,1.36752
177.6975,3.13796,78.32994,177.8954,3.78824,86.57537,166.8099,7.54974,94.80347,313.5228,-0.11727,1.36097
177.78,3.13436,78.2401,177.9782,3.78601,86.52461,166.8946,7.54827,94.78544,313.6892,-0.1175,1.35562
177.864,3.13053,78.14437,178.0604,3.78319,86.46009,166.9761,7.54657,94.76446,313.8572,-0.11771,1.35086
177.9468,3.12655,78.04505,178.1445,3.78045,86.39736,167.0601,7.54483,94.74301,314.0236,-0.11795,1.3454
178.031,3.12266,77.94807,178.2256,3.77834,86.34911,167.1426,7.54321,94.72301,314.1905,-0.11818,1.34004
178.1144,3.11892,77.85474,178.3118,3.77658,86.30889,167.225,7.54142,94.70096,314.358,-0.11844,1.33387
178.1961,3.11527,77.76355,178.3941,3.77445,86.26026,167.3096,7.53976,94.68051,314.5252,-0.1186,1.33024
178.2788,3.11162,77.67241,178.4763,3.77181,86.19997,167.3916,7.53803,94.65922,314.6919,-0.11863,1.32962
178.3632,3.10792,77.58005,178.5596,3.76903,86.13635,167.4753,7.53593,94.63339,314.8591,-0.11868,1.32833
178.4445,3.1041,77.4848,178.6445,3.76673,86.0838,167.558,7.53378,94.60692,315.0265,-0.11867,1.32872
178.528,3.10019,77.38715,178.7269,3.76488,86.04162,167.6419,7.53173,94.58165,315.1921,-0.11874,1.32702
178.613,3.0964,77.29262,178.8094,3.76269,85.99154,167.7254,7.52995,94.55971,315.3598,-0.11903,1.32021
178.6947,3.09263,77.19846,178.8926,3.75991,85.92803,167.8076,7.52841,94.5408,315.5254,-0.11931,1.31377
178.7796,3.08885,77.10405,178.9761,3.7571,85.86377,167.8902,7.52679,94.52077,315.6944,-0.11945,1.31046
178.8637,3.08513,77.01127,179.0611,3.75482,85.81171,167.9731,7.52515,94.50052,315.8579,-0.11972,1.3043
178.9472,3.08138,76.91749,179.1433,3.75295,85.76902,168.0558,7.52349,94.48018,316.0273,-0.11978,1.30301
179.0305,3.07738,76.81761,179.2268,3.75085,85.72098,168.14,7.52175,94.45864,316.1942,-0.11967,1.30538
179.1116,3.07334,76.71694,179.3093,3.74804,85.65676,168.2223,7.5196,94.43221,316.3618,-0.11971,1.30447
179.1978,3.06941,76.61876,179.3932,3.74494,85.58584,168.3048,7.51752,94.40656,316.5279,-0.1201,1.29538
179.2785,3.06537,76.51804,179.475,3.74232,85.52608,168.3904,7.516,94.38786,316.693,-0.12039,1.28867
179.3623,3.0614,76.41884,179.5584,3.74038,85.48161,168.4698,7.51447,94.36899,316.8612,-0.1204,1.28863
179.4447,3.05759,76.32379,179.6419,3.73827,85.43348,168.5546,7.51255,94.34532,317.0284,-0.12044,1.28764
179.5295,3.05374,76.22768,179.7249,3.73555,85.3712,168.6397,7.5107,94.32264,317.1963,-0.12036,1.28935
179.6125,3.04977,76.12853,179.8059,3.73265,85.30499,168.7215,7.50883,94.29949,317.3634,-0.12055,1.28509
179.6954,3.04581,76.02968,179.8909,3.73009,85.24656,168.804,7.50697,94.27669,317.5312,-0.12076,1.28029
179.7786,3.04196,75.93353,179.972,3.72812,85.20156,168.8877,7.50499,94.25221,317.6966,-0.12094,1.27612
179.8618,3.03823,75.8404,180.0562,3.72599,85.1529,168.9712,7.50293,94.22686,317.8635,-0.12109,1.27257
179.9454,3.03452,75.74796,180.1397,3.72318,85.08868,169.0539,7.50123,94.20587,318.0311,-0.12114,1.27147
180.0276,3.03074,75.65351,180.2224,3.72019,85.02031,169.1385,7.49955,94.18518,318.1994,-0.12091,1.27673
180.1123,3.0267,75.55256,180.3054,3.71781,84.96589,169.2197,7.49758,94.16094,318.3667,-0.12079,1.27951
180.1968,3.0227,75.45281,180.3886,3.71586,84.92126,169.3038,7.49561,94.13664,318.5337,-0.12094,1.27595
180.2792,3.01859,75.35034,180.4722,3.71371,84.87214,169.3853,7.49371,94.1133,318.7007,-0.12122,1.26955
180.3623,3.01458,75.25024,180.5562,3.71084,84.80671,169.4689,7.49175,94.08917,318.8664,-0.12144,1.26439
180.4446,3.01067,75.15262,180.6393,3.70754,84.73123,169.5523,7.48989,94.06617,319.0365,-0.12152,1.26263
180.5284,3.00673,75.05407,180.7202,3.70475,84.66731,169.6366,7.48793,94.04207,319.203,-0.12163,1.26004
180.6102,3.00275,74.95487,180.8058,3.70263,84.61893,169.7186,7.48598,94.01807,319.3706,-0.12162,1.26016
180.6953,2.99861,74.85158,180.8882,3.70044,84.56892,169.8008,7.48418,93.99588,319.5393,-0.12198,1.25203
180.7794,2.99457,74.75063,180.9718,3.69746,84.50077,169.8829,7.48231,93.97285,319.7049,-0.12237,1.24282
180.8606,2.99061,74.6518,181.0548,3.69412,84.42449,169.9693,7.48033,93.94843,319.8728,-0.12266,1.23612
180.9451,2.98668,74.55368,181.138,3.6913,84.36008,170.0496,7.47827,93.92303,320.039,-0.12271,1.23489
181.0281,2.98274,74.45543,181.2215,3.68918,84.31166,170.1353,7.47623,93.898,320.2063,-0.12257,1.23819
181.1105,2.97891,74.3596,181.3058,3.68699,84.26163,170.2179,7.47418,93.87267,320.3712,-0.12252,1.23946
181.1939,2.97498,74.2616,181.3885,3.68414,84.19636,170.3011,7.47211,93.84723,320.54,-0.12255,1.23878
181.2775,2.97088,74.15938,181.4719,3.68088,84.12197,170.3834,7.47015,93.82305,320.7081,-0.12265,1.23632
181.3602,2.96683,74.05823,181.5539,3.67803,84.05679,170.4679,7.46813,93.79816,320.8728,-0.12284,1.23188
181.4434,2.96282,73.95808,181.6391,3.67606,84.01177,170.5503,7.4664,93.77686,321.0402,-0.12309,1.22622
181.5287,2.95884,73.85873,181.7211,3.67396,83.96387,170.6339,7.46458,93.7545,321.2072,-0.12327,1.2221
181.6114,2.95495,73.76158,181.8063,3.67104,83.89714,170.7162,7.46255,93.72948,321.3762,-0.12317,1.22436
181.6925,2.95104,73.66403,181.8866,3.66764,83.81923,170.7991,7.46058,93.70511,321.5434,-0.12316,1.22465
181.7765,2.94699,73.56298,181.9714,3.66473,83.75281,170.8844,7.4586,93.68077,321.7102,-0.12333,1.2206
181.8586,2.94279,73.45807,182.0537,3.66269,83.70615,170.9666,7.45663,93.65645,321.8767,-0.12368,1.21253
181.944,2.93866,73.3549,182.1372,3.66068,83.66035,171.0504,7.45478,93.63369,322.0449,-0.12399,1.20523
182.0271,2.93451,73.25131,182.2212,3.65791,83.59686,171.1317,7.45269,93.60792,322.2104,-0.12423,1.19985
182.1129,2.93038,73.14826,182.3028,3.65456,83.52032,171.2156,7.45061,93.58236,322.3779,-0.12419,1.2007
182.1952,2.9262,73.044,182.3874,3.6515,83.45046,171.2975,7.44858,93.55736,322.545,-0.12433,1.19736
182.2766,2.92192,72.93714,182.4697,3.64917,83.3973,171.3808,7.44642,93.53073,322.7116,-0.12453,1.1927
182.3607,2.91768,72.83117,182.5521,3.6468,83.34295,171.4659,7.44409,93.50201,322.8789,-0.12478,1.18698
182.4439,2.91342,72.72506,182.6356,3.64371,83.27245,171.5472,7.44168,93.47239,323.045,-0.1249,1.18418
182.5269,2.90907,72.61642,182.7191,3.6403,83.1945,171.6317,7.43953,93.44585,323.2132,-0.12568,1.16608
182.6106,2.90486,72.51128,182.803,3.63727,83.12516,171.715,7.43748,93.42065,323.3804,-0.12655,1.14592
182.6934,2.9008,72.41004,182.8842,3.63506,83.07465,171.7962,7.43547,93.39583,323.5482,-0.12701,1.13534
182.7765,2.89667,72.30687,182.9679,3.63285,83.02412,171.8828,7.43338,93.37014,323.7134,-0.12711,1.13314
182.8596,2.89253,72.2035,183.0514,3.62984,82.95554,171.9642,7.43131,93.34453,323.8802,-0.12706,1.13419
182.9431,2.88826,72.09679,183.1353,3.62628,82.87409,172.0481,7.42916,93.31816,324.0483,-0.12686,1.13892
183.0258,2.88383,71.98646,183.2191,3.62328,82.80562,172.1301,7.42711,93.29292,324.2167,-0.12647,1.14787
183.1085,2.87961,71.88109,183.3022,3.62106,82.75481,172.2136,7.42493,93.26597,324.3824,-0.12627,1.15247
183.192,2.87553,71.7792,183.3852,3.61891,82.70572,172.2956,7.4227,93.23858,324.5502,-0.12615,1.15518
183.275,2.87136,71.67515,183.4679,3.61605,82.64025,172.3798,7.42049,93.21135,324.7192,-0.12581,1.16305
183.3564,2.86715,71.56991,183.5515,3.61254,82.56012,172.4617,7.41826,93.18385,324.8878,-0.12524,1.17634
183.4416,2.86285,71.4627,183.6348,3.60943,82.48905,172.5463,7.41609,93.15708,325.0532,-0.12447,1.19429
183.5231,2.85862,71.35706,183.7189,3.60709,82.43557,172.6282,7.41393,93.13044,325.2211,-0.12431,1.198
183.6072,2.85442,71.2523,183.8011,3.6048,82.38328,172.7123,7.41179,93.10411,325.388,-0.12455,1.1923
183.6916,2.85015,71.14556,183.8854,3.60173,82.31312,172.7951,7.4094,93.07469,325.5552,-0.12504,1.18091
183.7746,2.84588,71.03892,183.9685,3.59819,82.23219,172.8794,7.40686,93.0434,325.722,-0.12548,1.17071
183.8585,2.84144,70.92824,184.0509,3.59504,82.16023,172.9635,7.40415,93.00998,325.8892,-0.1258,1.16328
183.941,2.83703,70.81806,184.1349,3.59253,82.10268,173.0471,7.40158,92.97831,326.0548,-0.12602,1.1583
184.0231,2.83255,70.7062,184.2171,3.59013,82.04786,173.1299,7.39919,92.94887,326.2238,-0.12632,1.15131
184.1075,2.82807,70.5945,184.2998,3.58704,81.9774,173.2131,7.39697,92.92162,326.3898,-0.12659,1.14512
184.1893,2.82356,70.48192,184.3846,3.58343,81.89478,173.2949,7.39481,92.89498,326.5554,-0.12683,1.13949
184.2727,2.81909,70.37031,184.4684,3.5802,81.82103,173.3785,7.39266,92.86851,326.7237,-0.12703,1.13494
184.3562,2.81469,70.26045,184.5511,3.57773,81.76447,173.4633,7.39065,92.84368,326.8931,-0.12725,1.12989
184.4391,2.81042,70.15394,184.6344,3.5753,81.709,173.546,7.38859,92.81839,327.0604,-0.12725,1.12986
184.5222,2.80612,70.04665,184.717,3.57221,81.63848,173.6291,7.38639,92.79122,327.2263,-0.12734,1.12761
184.6046,2.80171,69.93645,184.8007,3.5686,81.55593,173.7129,7.38406,92.7625,327.3938,-0.12752,1.12357
184.6888,2.79733,69.82711,184.8826,3.5651,81.47596,173.7956,7.38178,92.73445,327.5583,-0.1278,1.11698
184.7711,2.79305,69.72025,184.9665,3.56234,81.41275,173.8792,7.37956,92.70707,327.7264,-0.1279,1.11468
184.8547,2.78872,69.61209,185.0502,3.5598,81.35477,173.9606,7.37735,92.67994,327.8934,-0.12793,1.11402
184.9378,2.78428,69.50123,185.1337,3.55676,81.28529,174.0454,7.3751,92.65218,328.0612,-0.128,1.11235
185.0209,2.7798,69.3895,185.2165,3.55304,81.20021,174.1291,7.37308,92.62727,328.229,-0.12804,1.11146
185.1047,2.77536,69.2787,185.2977,3.54944,81.1181,174.2114,7.37153,92.60816,328.3956,-0.12821,1.10756
185.1884,2.77105,69.17116,185.3817,3.54673,81.05603,174.2949,7.36995,92.58873,328.5631,-0.1284,1.10319
185.2721,2.7668,69.0649,185.4659,3.54438,81.00232,174.378,7.36768,92.56078,328.7308,-0.12853,1.10019
185.3545,2.76228,68.95224,185.5482,3.54126,80.93097,174.4626,7.36511,92.52904,328.8972,-0.12861,1.09829
185.439,2.7578,68.84049,185.6316,3.53755,80.84623,174.5449,7.36244,92.49615,329.0638,-0.12875,1.09506
185.5216,2.75325,68.72679,185.7147,3.53401,80.76528,174.628,7.35975,92.46303,329.2325,-0.12892,1.09106
185.6053,2.74866,68.61216,185.7996,3.53134,80.70435,174.7086,7.3571,92.43046,329.3975,-0.12903,1.08845
185.6878,2.74412,68.49888,185.8828,3.52902,80.65122,174.7948,7.35438,92.39686,329.5656,-0.12916,1.08563
185.7714,2.73981,68.39127,185.9644,3.526,80.58231,174.875,7.35191,92.36644,329.7314,-0.1292,1.08459
185.8554,2.73557,68.28533,186.0484,3.52224,80.49643,174.9592,7.34949,92.33665,329.8978,-0.12932,1.08179
185.9368,2.73101,68.17153,186.1337,3.51869,80.41523,175.0414,7.34694,92.30524,330.0649,-0.12937,1.08066
186.0211,2.72635,68.05523,186.2152,3.51583,80.34994,175.1262,7.34437,92.27358,330.233,-0.12933,1.08149
186.1036,2.72169,67.93906,186.2986,3.51319,80.28963,175.2096,7.3419,92.24318,330.3987,-0.12935,1.08103
186.187,2.71707,67.82361,186.3817,3.51031,80.22365,175.2914,7.33946,92.21314,330.567,-0.12955,1.07641
186.2719,2.7125,67.70953,186.4653,3.50687,80.14514,175.3741,7.33703,92.18316,330.7346,-0.12963,1.07468
186.3541,2.708,67.59725,186.5494,3.50338,80.06548,175.4579,7.33452,92.15229,330.9016,-0.12969,1.07328
186.4345,2.70348,67.48432,186.6315,3.50042,79.9976,175.5418,7.33174,92.11799,331.0687,-0.12971,1.07288
186.5207,2.69899,67.37224,186.7158,3.49773,79.93612,175.6236,7.32909,92.08534,331.2358,-0.12979,1.07087
186.6048,2.69446,67.25922,186.7993,3.4944,79.86014,175.7072,7.32656,92.05418,331.4014,-0.13001,1.0659
186.6861,2.68978,67.14239,186.8825,3.49036,79.76771,175.7902,7.32407,92.0236,331.5686,-0.13019,1.06176
186.7694,2.68498,67.0226,186.9648,3.4866,79.68183,175.8725,7.3216,91.99311,331.736,-0.13,1.066
186.8521,2.68015,66.90193,187.0476,3.48364,79.61414,175.9551,7.31908,91.96209,331.9042,-0.13,1.06611
186.9374,2.67549,66.78584,187.1318,3.48095,79.55271,176.0392,7.3164,91.92909,332.0706,-0.13023,1.06082
187.0197,2.67096,66.67263,187.2132,3.4778,79.48074,176.1246,7.31359,91.89448,332.2378,-0.13044,1.05576
187.1015,2.66638,66.55823,187.2983,3.47388,79.39118,176.2066,7.31077,91.85967,332.4046,-0.13047,1.05523
187.1856,2.66175,66.44281,187.3811,3.47006,79.30392,176.2871,7.30794,91.82478,332.5718,-0.13051,1.05423
187.2693,2.65703,66.32484,187.4645,3.46692,79.23221,176.3705,7.3051,91.78987,332.7392,-0.13072,1.04935
187.3515,2.65238,66.20889,187.5463,3.46425,79.17105,176.4543,7.30239,91.75651,332.9071,-0.13088,1.04559
187.4333,2.64779,66.09419,187.6288,3.46106,79.09821,176.5374,7.29972,91.7236,333.0739,-0.13103,1.04216
187.5182,2.64316,65.97861,187.7125,3.45718,79.00943,176.6219,7.29709,91.69124,333.2405,-0.1311,1.04058
187.6023,2.63843,65.86069,187.797,3.45342,78.92357,176.7054,7.29466,91.66122,333.4075,-0.13125,1.0371
187.6854,2.6337,65.74267,187.8785,3.45043,78.85514,176.7875,7.29208,91.62945,333.5746,-0.13136,1.0345
187.7687,2.62886,65.62185,187.9628,3.44765,78.79179,176.8701,7.28938,91.5962,333.7422,-0.1315,1.03128
187.8504,2.62409,65.50279,188.0443,3.4444,78.71749,176.9542,7.28664,91.56248,333.9104,-0.13162,1.02847
187.9342,2.61932,65.38369,188.1288,3.44052,78.62887,177.0364,7.28402,91.53019,334.0764,-0.13162,1.02841
188.017,2.61462,65.26622,188.2122,3.4367,78.54147,177.1208,7.28161,91.50043,334.2453,-0.13154,1.03038
188.1003,2.60991,65.14862,188.2948,3.4336,78.47054,177.2049,7.27907,91.46919,334.411,-0.13151,1.03112
188.1837,2.60528,65.03315,188.3765,3.43094,78.40993,177.2855,7.2765,91.43752,334.5795,-0.13157,1.02975
188.2676,2.60057,64.91545,188.4601,3.42769,78.33558,177.369,7.27373,91.40336,334.7452,-0.13172,1.02621
188.3498,2.59568,64.79341,188.5445,3.42378,78.24625,177.4527,7.27109,91.37088,334.9122,-0.13198,1.0202
188.433,2.59073,64.66988,188.6259,3.41978,78.15474,177.5362,7.26825,91.33596,335.079,-0.13214,1.01656
188.5172,2.58574,64.54534,188.7105,3.41641,78.07777,177.618,7.26531,91.29967,335.2463,-0.13223,1.01429
188.5989,2.58081,64.42225,188.7938,3.41353,78.01202,177.7023,7.26263,91.26668,335.4156,-0.13217,1.01578
188.6837,2.5761,64.30471,188.8764,3.41042,77.9409,177.7851,7.26009,91.23538,335.5811,-0.13214,1.01635
188.7646,2.57157,64.19175,188.9607,3.40659,77.85344,177.8692,7.25743,91.2026,335.7481,-0.13217,1.01568
188.849,2.56674,64.07099,189.0428,3.40269,77.7641,177.9509,7.25466,91.16853,335.916,-0.13221,1.01487
188.9319,2.5618,63.94767,189.1266,3.39936,77.68814,178.0339,7.25197,91.13542,336.0823,-0.13238,1.01092
189.0154,2.55693,63.82631,189.2114,3.39636,77.61967,178.1202,7.24921,91.1014,336.2494,-0.13251,1.00781
189.099,2.5521,63.70554,189.293,3.39292,77.54094,178.2014,7.24623,91.0646,336.4172,-0.13256,1.00661
189.1811,2.5474,63.58827,189.3753,3.38888,77.44852,178.2858,7.24318,91.0271,336.5832,-0.13247,1.00878
189.2639,2.54267,63.47015,189.4604,3.38482,77.35578,178.3679,7.24029,90.99142,336.7502,-0.13252,1.00764
189.349,2.53771,63.34644,189.5425,3.38147,77.27919,178.452,7.23747,90.95679,336.9174,-0.13273,1.00269
189.4322,2.5327,63.2215,189.6246,3.37851,77.21152,178.5352,7.23475,90.92326,337.0847,-0.13296,0.99744
189.5136,2.52758,63.09355,189.7094,3.37516,77.13501,178.6194,7.23194,90.8886,337.2522,-0.13308,0.99474
189.5972,2.52259,62.96901,189.7925,3.37115,77.04348,178.7004,7.22918,90.85459,337.4188,-0.13313,0.9936
189.6803,2.51773,62.84772,189.8752,3.36716,76.95227,178.7834,7.22638,90.82017,337.5857,-0.13327,0.99035
189.7633,2.51292,62.7277,189.9587,3.36369,76.87292,178.8668,7.22343,90.78377,337.7536,-0.13333,0.98897
189.8472,2.508,62.60479,190.0418,3.36057,76.80171,178.9511,7.22061,90.74906,337.9196,-0.13346,0.98579
189.931,2.50286,62.47641,190.1243,3.35713,76.723,179.0316,7.21781,90.71456,338.086,-0.13347,0.98554
190.0137,2.49784,62.35123,190.2076,3.35313,76.63154,179.1176,7.21485,90.67805,338.2526,-0.13338,0.98774
190.0984,2.49279,62.22514,190.2915,3.34907,76.5388,179.2015,7.21185,90.6411,338.4204,-0.1337,0.98028
190.1825,2.48767,62.09734,190.374,3.34565,76.46053,179.2833,7.20901,90.60609,338.588,-0.134,0.97336
190.2628,2.48278,61.97532,190.4578,3.34264,76.39194,179.3655,7.20615,90.57092,338.7553,-0.13397,0.97403
190.3482,2.47791,61.85363,190.5397,3.33924,76.31415,179.4474,7.20313,90.53366,338.9225,-0.13391,0.97553
190.4314,2.47292,61.72917,190.6219,3.33516,76.22102,179.5318,7.20015,90.49697,339.0903,-0.13396,0.97437
190.5135,2.46778,61.60094,190.7067,3.33106,76.12711,179.6154,7.19731,90.46204,339.2572,-0.13417,0.9695
190.5985,2.46253,61.46972,190.7903,3.32755,76.0469,179.6989,7.1944,90.42619,339.4223,-0.13443,0.96339
190.6798,2.45736,61.34071,190.8737,3.32443,75.97564,179.781,7.1914,90.38921,339.5906,-0.13459,0.95978
190.7648,2.45233,61.2152,190.9559,3.32106,75.89858,179.8662,7.18844,90.35268,339.7569,-0.1346,0.95952
190.8462,2.44753,61.09539,191.0388,3.31687,75.80295,179.947,7.18549,90.31643,339.9235,-0.13455,0.9606
190.932,2.44257,60.9715,191.1222,3.31249,75.7027,180.0318,7.18257,90.28048,340.091,-0.13453,0.96099
191.0138,2.43754,60.84594,191.205,3.30878,75.61802,180.1152,7.17953,90.24305,340.2587,-0.13466,0.958
191.0964,2.4324,60.71761,191.2889,3.30552,75.54361,180.1989,7.17637,90.20407,340.423,-0.13492,0.95206
191.1805,2.42733,60.59105,191.3708,3.30208,75.46499,180.2825,7.17316,90.16448,340.5938,-0.13516,0.94638
191.2638,2.42198,60.45773,191.4552,3.29815,75.37509,180.3647,7.17016,90.12757,340.7587,-0.13534,0.9424
191.3458,2.41678,60.32783,191.5372,3.29398,75.27974,180.4463,7.16713,90.09025,340.9288,-0.13519,0.94588
191.4302,2.41172,60.20159,191.6208,3.29036,75.1971,180.5299,7.16414,90.05338,341.0954,-0.13514,0.94695
191.5123,2.40673,60.07693,191.7033,3.28712,75.12306,180.6144,7.16109,90.01579,341.262,-0.1352,0.94546
191.5958,2.4017,59.95125,191.7872,3.28351,75.04058,180.6967,7.15789,89.97646,341.431,-0.13544,0.93991
191.6792,2.39646,59.82065,191.8716,3.2793,74.94439,180.7815,7.1547,89.93706,341.5977,-0.13568,0.93436
191.7622,2.39123,59.69012,191.9529,3.27502,74.84648,180.8636,7.15145,89.89713,341.7639,-0.13566,0.93499
191.8447,2.38606,59.56099,192.0366,3.27126,74.76046,180.9478,7.14829,89.85813,341.9303,-0.13549,0.93886
191.9287,2.38091,59.43241,192.1196,3.26789,74.68358,181.0287,7.14505,89.8182,342.0963,-0.13551,0.93833
192.0112,2.37574,59.30328,192.2028,3.26445,74.60492,181.1128,7.14199,89.78055,342.2641,-0.13555,0.9374
192.0954,2.37046,59.17158,192.2875,3.26022,74.5082,181.1972,7.13905,89.74429,342.4313,-0.13563,0.93564
192.1784,2.36505,59.03651,192.369,3.25578,74.40673,181.2779,7.13618,89.70899,342.5988,-0.13572,0.93339
192.2629,2.35974,58.90392,192.4514,3.25191,74.31831,181.3635,7.13288,89.66829,342.7663,-0.13588,0.92967
192.3446,2.35447,58.77252,192.5352,3.24846,74.2396,181.4435,7.12961,89.62804,342.9325,-0.13589,0.92954
192.428,2.34925,58.64219,192.6187,3.24487,74.15753,181.5272,7.12646,89.58917,343.0988,-0.13603,0.92621
192.5098,2.34408,58.51318,192.7014,3.24081,74.06465,181.6112,7.12329,89.55013,343.2656,-0.13607,0.92544
192.5959,2.33877,58.38061,192.7845,3.23657,73.96768,181.6935,7.12004,89.5102,343.4331,-0.13611,0.92444
192.6779,2.33372,58.25443,192.8685,3.23274,73.88018,181.7768,7.11678,89.47004,343.6016,-0.13625,0.92126
192.7592,2.32857,58.12577,192.9516,3.22918,73.79889,181.8609,7.11349,89.42946,343.7672,-0.13654,0.91454
192.8444,2.3232,57.99178,193.0333,3.22539,73.71213,181.9456,7.11016,89.38844,343.934,-0.1368,0.9085
192.9273,2.31782,57.85761,193.1166,3.22104,73.61279,182.0274,7.10701,89.34963,344.1002,-0.13693,0.90534
193.0102,2.31249,57.72441,193.1994,3.21653,73.50967,182.1105,7.10381,89.31019,344.268,-0.13686,0.90696
193.0937,2.3072,57.59241,193.282,3.21258,73.41961,182.1949,7.10048,89.26919,344.4344,-0.13668,0.9112
193.1767,2.30192,57.46066,193.3649,3.20913,73.34074,182.2772,7.09701,89.22643,344.6014,-0.1368,0.90848
193.2594,2.29651,57.32557,193.4491,3.20547,73.25698,182.3594,7.09343,89.18236,344.7703,-0.13696,0.90474
193.3426,2.29102,57.1887,193.5325,3.20108,73.15667,182.4459,7.09004,89.14056,344.9368,-0.13705,0.90277
193.425,2.28557,57.05261,193.6165,3.19641,73.04986,182.5286,7.08666,89.09897,345.1032,-0.13722,0.89865
193.5098,2.28013,56.91674,193.6996,3.1924,72.9583,182.6094,7.08328,89.05732,345.2695,-0.13734,0.89605
193.5926,2.2748,56.78374,193.7816,3.18876,72.87505,182.6936,7.07974,89.01366,345.4378,-0.13735,0.89563
193.6748,2.26939,56.64854,193.8656,3.18491,72.78701,182.778,7.07626,88.97083,345.6049,-0.13741,0.89443
193.7572,2.26394,56.51253,193.9495,3.18056,72.68781,182.8595,7.0729,88.92948,345.7724,-0.13775,0.88653
193.8416,2.25838,56.37391,194.0329,3.17596,72.58254,182.9443,7.06973,88.89038,345.939,-0.13796,0.88167
193.9232,2.25292,56.23764,194.1145,3.17184,72.48832,183.0268,7.06638,88.84914,346.1058,-0.13798,0.88105
194.0072,2.24745,56.10098,194.1984,3.16811,72.40319,183.1094,7.06281,88.80518,346.2722,-0.13791,0.8827
194.0906,2.24209,55.96728,194.2815,3.16421,72.31406,183.1918,7.05917,88.76024,346.4397,-0.13789,0.88312
194.175,2.2367,55.83258,194.3649,3.15984,72.21428,183.2766,7.05561,88.7164,346.6062,-0.13786,0.884
194.2567,2.23129,55.69756,194.4488,3.15528,72.10988,183.3592,7.0521,88.67325,346.7737,-0.13792,0.88251
194.3386,2.22574,55.5591,194.5319,3.15116,72.01584,183.442,7.04867,88.63093,346.9412,-0.1379,0.88301
194.4215,2.22007,55.41759,194.6164,3.14753,71.93279,183.5245,7.04527,88.5891,347.1082,-0.13812,0.87791
194.5057,2.21446,55.27755,194.6976,3.14369,71.84505,183.6084,7.04183,88.54672,347.2756,-0.13826,0.87464
194.5888,2.20907,55.14298,194.7821,3.1394,71.74703,183.6927,7.03817,88.5016,347.4434,-0.13836,0.87239
194.6714,2.20369,55.00874,194.8637,3.13479,71.64165,183.7754,7.03441,88.45526,347.6118,-0.13843,0.87058
194.7556,2.19826,54.87314,194.947,3.13047,71.54302,183.8572,7.03103,88.41366,347.7775,-0.13849,0.86938
194.8397,2.19264,54.73291,195.0306,3.12663,71.45512,183.9409,7.02747,88.36975,347.9456,-0.13849,0.86935
194.9219,2.18713,54.59537,195.1122,3.12273,71.36613,184.0238,7.0238,88.32463,348.1106,-0.13858,0.86722
195.004,2.18169,54.45937,195.1958,3.11826,71.26402,184.1084,7.02028,88.28123,348.2774,-0.13871,0.86424
195.0879,2.17633,54.3257,195.2795,3.1136,71.15752,184.1923,7.01677,88.23794,348.446,-0.13888,0.86016
195.1713,2.1709,54.19008,195.3637,3.10954,71.06457,184.274,7.01307,88.19247,348.613,-0.13894,0.85898
195.2559,2.16525,54.0492,195.4462,3.10575,70.978,184.3588,7.00953,88.14874,348.779,-0.13876,0.86312
195.3378,2.15941,53.90322,195.5284,3.10165,70.88428,184.4403,7.00583,88.10318,348.9458,-0.13879,0.86235
195.4205,2.15354,53.75684,195.6118,3.09706,70.77931,184.5236,7.00201,88.05619,349.1138,-0.13882,0.86169
195.5059,2.14779,53.61336,195.6949,3.0923,70.67069,184.6068,6.99857,88.01382,349.2803,-0.13887,0.86042
195.5885,2.14222,53.47414,195.7793,3.08787,70.56931,184.6909,6.99496,87.9693,349.4472,-0.13928,0.85091
195.6709,2.13652,53.33199,195.8616,3.08395,70.47972,184.7733,6.99123,87.92335,349.6148,-0.13976,0.83995
195.7546,2.13099,53.1939,195.9461,3.0799,70.38719,184.8559,6.98746,87.87696,349.7795,-0.14039,0.82537
195.8384,2.12545,53.05571,196.0277,3.07526,70.28131,184.9391,6.98368,87.83039,349.9478,-0.14084,0.81485
195.922,2.11976,52.91367,196.1113,3.07031,70.16814,185.0238,6.98006,87.78581,350.1135,-0.141,0.81114
196.0044,2.1141,52.77221,196.1944,3.06569,70.06255,185.1073,6.97631,87.73953,350.2826,-0.14081,0.81556
196.0884,2.1084,52.62993,196.2781,3.06171,69.97155,185.1884,6.97257,87.69355,350.4506,-0.1406,0.82048
196.1711,2.10273,52.48854,196.361,3.05773,69.88063,185.273,6.96886,87.6478,350.617,-0.14028,0.8279
196.2552,2.09715,52.34915,196.4429,3.05324,69.77798,185.3547,6.96512,87.60178,350.7855,-0.14018,0.83017
196.3378,2.09154,52.20904,196.5269,3.04838,69.66679,185.4385,6.96135,87.55533,350.9525,-0.14018,0.83011
196.4219,2.08579,52.06569,196.6094,3.04385,69.56338,185.5226,6.95768,87.5101,351.1194,-0.14015,0.83078
196.5029,2.08002,51.92158,196.6932,3.03962,69.46666,185.6062,6.95395,87.46416,351.2859,-0.14011,0.83176
196.5872,2.07424,51.7773,196.7775,3.03551,69.37278,185.6896,6.9501,87.41664,351.4538,-0.13981,0.83864
196.6701,2.06839,51.63135,196.8608,3.0309,69.26751,185.7723,6.94619,87.36855,351.6228,-0.13938,0.84858
196.7545,2.06261,51.48699,196.944,3.02591,69.15331,185.8539,6.9423,87.32057,351.7878,-0.13905,0.85637
196.836,2.05677,51.34116,197.0255,3.02138,69.04986,185.9364,6.9383,87.27138,351.9548,-0.13905,0.85621
196.9186,2.05089,51.19431,197.1084,3.0173,68.95661,186.022,6.93443,87.22369,352.1238,-0.13919,0.85309
197.0036,2.0449,51.04494,197.1917,3.01306,68.85967,186.1049,6.93056,87.17603,352.2918,-0.13942,0.84764
197.0851,2.03905,50.89901,197.2756,3.0083,68.75088,186.1876,6.92673,87.12879,352.457,-0.13966,0.84209
197.1685,2.03335,50.75648,197.3596,3.00323,68.63501,186.2721,6.92289,87.08149,352.6238,-0.13975,0.84015
197.2534,2.02759,50.61277,197.4413,2.99858,68.52884,186.3553,6.91909,87.03469,352.7922,-0.13998,0.83485
197.3346,2.02177,50.46761,197.5258,2.99446,68.43461,186.4364,6.91504,86.98478,352.9574,-0.14002,0.83389
197.4197,2.01598,50.32306,197.6088,2.99021,68.33741,186.5202,6.91101,86.93523,353.125,-0.14018,0.8301
197.5003,2.01014,50.17723,197.6914,2.98541,68.22781,186.6029,6.90707,86.88663,353.2936,-0.14019,0.82996
197.5847,2.00421,50.02923,197.7747,2.98042,68.11372,186.686,6.90316,86.8385,353.4584,-0.14026,0.82835
197.667,1.99844,49.88505,197.8572,2.97571,68.00617,186.7684,6.89919,86.78961,353.6263,-0.14037,0.82578
197.7531,1.99273,49.74272,197.94,2.97118,67.90255,186.8526,6.89525,86.74108,353.7938,-0.14027,0.82805
197.8364,1.98698,49.59898,198.024,2.96648,67.79523,186.9354,6.89134,86.69286,353.9621,-0.14043,0.82425
197.9185,1.98116,49.45386,198.1064,2.96165,67.68476,187.0182,6.88742,86.64462,354.1289,-0.14072,0.81757
198.0018,1.97534,49.3086,198.1897,2.95666,67.57067,187.1008,6.88342,86.59532,354.2968,-0.1409,0.81343
198.0842,1.96946,49.16187,198.2751,2.95195,67.46321,187.1832,6.87918,86.54311,354.4638,-0.14099,0.81141
198.1684,1.96363,49.01625,198.3558,2.94766,67.36512,187.267,6.8749,86.49027,354.629,-0.14088,0.81392
198.25,1.95766,48.86712,198.4389,2.94327,67.26484,187.3493,6.87076,86.43934,354.7982,-0.14077,0.81644
198.3346,1.95171,48.71867,198.5209,2.93834,67.15208,187.4334,6.86653,86.38723,354.9652,-0.1407,0.81804
198.4158,1.94582,48.57177,198.6038,2.93317,67.03397,187.517,6.86234,86.33561,355.1316,-0.14085,0.81465
198.4996,1.93977,48.42065,198.6875,2.92814,66.91902,187.6004,6.85814,86.28389,355.3,-0.14121,0.80633
198.5827,1.93374,48.27013,198.7717,2.92363,66.81586,187.6832,6.85388,86.23141,355.4652,-0.14146,0.80043
198.6664,1.92781,48.12208,198.8536,2.91921,66.71489,187.7683,6.84978,86.18089,355.6316,-0.14158,0.79765
198.7498,1.92197,47.9762,198.9379,2.91423,66.60103,187.8502,6.84565,86.13001,355.8006,-0.14153,0.79877
198.8345,1.91621,47.83242,199.0205,2.90886,66.4784,187.9321,6.84132,86.07669,355.9678,-0.14149,0.79985
198.9166,1.91032,47.68562,199.1033,2.90381,66.36285,188.0166,6.8371,86.02471,356.1336,-0.14173,0.79431
199.0005,1.90436,47.53677,199.187,2.89932,66.26024,188.0992,6.83299,85.97403,356.3011,-0.14221,0.78317
199.0831,1.89835,47.3868,199.2692,2.8949,66.15931,188.1828,6.82883,85.92279,356.4685,-0.14242,0.77823
199.1674,1.89229,47.23555,199.3517,2.8901,66.04952,188.2669,6.82468,85.87172,356.6362,-0.14268,0.77213
199.2475,1.88641,47.0887,199.4348,2.88488,65.93036,188.3507,6.82044,85.81943,356.802,-0.1426,0.77398
199.3325,1.8806,46.94367,199.5183,2.87988,65.81603,188.4352,6.81623,85.76761,356.9694,-0.1426,0.77398
199.4163,1.87478,46.79832,199.6023,2.87535,65.71252,188.5167,6.8119,85.71427,357.136,-0.14251,0.77617
199.4988,1.86878,46.64849,199.6842,2.87062,65.60438,188.6001,6.80736,85.65833,357.3026,-0.14239,0.77882
199.5828,1.86252,46.49231,199.7686,2.86531,65.48305,188.684,6.80308,85.60561,357.4709,-0.14242,0.77823
199.6654,1.85622,46.33512,199.8507,2.85979,65.35687,188.7673,6.79875,85.55229,357.6372,-0.14248,0.77675
199.7486,1.85011,46.18248,199.9347,2.85459,65.23808,188.8502,6.79443,85.4991,357.805,-0.1424,0.7787
199.8314,1.84408,46.03193,200.0164,2.84978,65.12808,188.9331,6.79012,85.44591,357.9731,-0.14232,0.78065
199.916,1.8381,45.88281,200.1005,2.84512,65.02159,189.015,6.78571,85.39158,358.1392,-0.14244,0.77782
199.9998,1.83202,45.73109,200.1828,2.84004,64.90565,189.1001,6.78127,85.33696,358.305,-0.14248,0.7769
200.0816,1.82587,45.5776,200.2668,2.8347,64.78345,189.183,6.77665,85.28003,358.4704,-0.14255,0.77525
200.1645,1.81972,45.42391,200.3483,2.82953,64.66539,189.2651,6.77242,85.22791,358.6382,-0.14278,0.76996
200.248,1.81355,45.26986,200.4322,2.82489,64.55939,189.35,6.76838,85.1782,358.804,-0.14298,0.76521
200.3306,1.8075,45.11897,200.5151,2.82013,64.45045,189.4325,6.76406,85.12488,358.9723,-0.14312,0.76202
200.414,1.80158,44.97114,200.5983,2.81463,64.32493,189.5153,6.75947,85.06844,359.1395,-0.14314,0.76143
200.4972,1.7956,44.82177,200.6806,2.80909,64.19819,189.5994,6.75483,85.01125,359.3059,-0.14305,0.76371
200.5828,1.78949,44.66935,200.7656,2.80391,64.07992,189.6816,6.75018,84.95395,359.4712,-0.14303,0.76405
200.6621,1.78323,44.51307,200.8471,2.79913,63.9705,189.7652,6.74572,84.89903,359.6387,-0.14316,0.76111
200.7464,1.77703,44.35828,200.9298,2.79437,63.8618,189.8485,6.74102,84.84109,359.8042,-0.14329,0.75795
200.8292,1.77088,44.20468,201.0131,2.78918,63.74324,189.9326,6.73657,84.78626,359.9715,-0.14351,0.75303
200.913,1.7648,44.05309,201.0968,2.78359,63.61537,190.0168,6.73216,84.73191,360.1365,-0.14364,0.74994
200.9964,1.75885,43.90447,201.18,2.77817,63.49169,190.0997,6.7275,84.67458,360.305,-0.14354,0.75215
201.0797,1.7529,43.75597,201.2624,2.77328,63.37982,190.1811,6.7228,84.61666,360.4713,-0.14332,0.75744
201.1642,1.74661,43.59893,201.3456,2.76841,63.26845,190.2657,6.71823,84.56041,360.639,-0.14327,0.75862
201.2459,1.74028,43.44092,201.4277,2.76309,63.14705,190.3487,6.71375,84.50518,360.8052,-0.14345,0.75438
201.3299,1.73394,43.28269,201.5122,2.75749,63.01903,190.4318,6.70905,84.44723,360.9717,-0.14367,0.74913
201.4128,1.72778,43.12884,201.5952,2.75214,62.89662,190.5167,6.70438,84.3897,361.136,-0.14392,0.74338
201.4964,1.72176,42.97872,201.6795,2.74709,62.78119,190.5995,6.70009,84.33688,361.3028,-0.14396,0.74256
201.5788,1.71572,42.82783,201.7624,2.74201,62.66525,190.6804,6.69557,84.28127,361.47,-0.1441,0.73924
201.6621,1.70953,42.67339,201.8446,2.73651,62.53953,190.7653,6.69082,84.22276,361.6365,-0.14415,0.73804
201.7444,1.7032,42.51535,201.928,2.73085,62.41006,190.8482,6.68609,84.16448,361.803,-0.14409,0.73958
201.8283,1.69704,42.36166,202.0114,2.72505,62.27754,190.9309,6.68146,84.1074,361.9696,-0.14428,0.73507
201.9107,1.69095,42.20962,202.0926,2.71977,62.15694,191.0139,6.67657,84.04712,362.135,-0.14444,0.73148
201.9955,1.68504,42.06197,202.1781,2.7147,62.04118,191.0947,6.67157,83.98563,362.3015,-0.14464,0.7267
202.0794,1.67905,41.91244,202.2611,2.70934,61.91859,191.1815,6.66661,83.92448,362.4685,-0.14457,0.72832
202.1623,1.67296,41.76047,202.3434,2.70365,61.78858,191.2628,6.66151,83.86162,362.635,-0.14431,0.73441
202.2464,1.6668,41.60673,202.4271,2.69809,61.66149,191.3474,6.65639,83.79859,362.8015,-0.14415,0.73804
202.3295,1.66059,41.45179,202.5114,2.69307,61.54686,191.4297,6.65161,83.73963,362.9686,-0.14408,0.73977
202.4118,1.65446,41.29875,202.593,2.688,61.43092,191.512,6.64687,83.6813,363.1319,-0.14419,0.73711
202.4959,1.64841,41.14781,202.6771,2.68258,61.30701,191.5956,6.64203,83.6217,363.299,-0.14431,0.7343
202.5804,1.64231,40.99551,202.76,2.67686,61.17637,191.6791,6.6372,83.56219,363.466,-0.14448,0.73041
202.6622,1.63626,40.84447,202.8439,2.67129,61.04899,191.7615,6.63244,83.5036,363.6306,-0.14475,0.72411
202.7449,1.63023,40.69382,202.9274,2.66604,60.929,191.8444,6.6277,83.44509,363.7986,-0.14474,0.72445
202.8283,1.62404,40.53936,203.0098,2.66073,60.80761,191.9272,6.62289,83.38591,363.9646,-0.14481,0.72284
202.9125,1.61769,40.3809,203.0901,2.65507,60.67821,192.0111,6.61801,83.32573,364.1309,-0.14504,0.71756
202.9955,1.61151,40.22668,203.1751,2.64921,60.54428,192.0939,6.61314,83.26579,364.2967,-0.14525,0.71266
203.0793,1.6055,40.07663,203.259,2.64382,60.42115,192.1762,6.60812,83.20392,364.463,-0.14527,0.71206
203.163,1.59949,39.92651,203.3406,2.63885,60.30754,192.2611,6.60317,83.14298,364.631,-0.14529,0.71164
203.2442,1.59331,39.7724,203.424,2.63386,60.19362,192.3431,6.59823,83.08213,364.7965,-0.14522,0.71343
203.3291,1.58697,39.61414,203.5074,2.6284,60.06872,192.4266,6.59314,83.01944,364.9628,-0.14525,0.71257
203.4119,1.58061,39.45533,203.5901,2.6225,59.93404,192.511,6.58807,82.95701,365.1287,-0.14543,0.7085
203.4947,1.57432,39.29822,203.6734,2.61665,59.80035,192.5934,6.58293,82.89367,365.2937,-0.14548,0.70721
203.5782,1.56807,39.1423,203.7577,2.61115,59.67452,192.6741,6.57792,82.83191,365.4622,-0.14554,0.70588
203.6612,1.56195,38.98954,203.8404,2.60571,59.55031,192.7585,6.57294,82.77063,365.6269,-0.14546,0.70774
203.7445,1.55585,38.83727,203.9242,2.59995,59.41853,192.8425,6.56783,82.7076,365.7924,-0.1453,0.71159
203.8269,1.54974,38.68457,204.0061,2.59385,59.27926,192.9246,6.56289,82.64682,365.9602,-0.1451,0.7162
203.9112,1.54377,38.53563,204.0899,2.58795,59.14431,193.0106,6.55793,82.58565,366.1266,-0.1452,0.71382
203.9947,1.53766,38.38311,204.1717,2.58233,59.01596,193.0924,6.55281,82.52264,366.2936,-0.14546,0.70782
204.0768,1.53151,38.22974,204.2558,2.57678,58.88897,193.1759,6.54763,82.45882,366.46,-0.14561,0.7043
204.1608,1.52554,38.08052,204.339,2.57088,58.75427,193.2584,6.54235,82.39377,366.625,-0.14579,0.70005
204.2445,1.51949,37.92952,204.4211,2.56482,58.61586,193.3421,6.53702,82.32803,366.7914,-0.14589,0.69771
204.3283,1.5133,37.77513,204.5058,2.55894,58.48128,193.4252,6.53184,82.26423,366.9571,-0.14605,0.69403
204.4112,1.50732,37.62591,204.5888,2.5534,58.3548,193.507,6.5267,82.20096,367.1226,-0.14619,0.69078
204.4937,1.50118,37.47257,204.6713,2.54797,58.23064,193.5919,6.52137,82.13531,367.2894,-0.14629,0.68847
204.576,1.49497,37.3175,204.7541,2.54216,58.09797,193.6744,6.51612,82.07065,367.4561,-0.14634,0.68729
204.6591,1.48881,37.16381,204.8372,2.53611,57.95957,193.7582,6.51086,82.00589,367.6228,-0.14643,0.68523
204.7426,1.48265,37.00999,204.9217,2.53011,57.82259,193.8416,6.50549,81.93968,367.7906,-0.14647,0.68442
204.8262,1.47666,36.86047,205.0039,2.52445,57.69314,193.9242,6.50004,81.87258,367.9562,-0.14642,0.68542
204.9108,1.47067,36.71105,205.0882,2.51889,57.56612,194.0074,6.49469,81.80664,368.1225,-0.14637,0.68678
204.9937,1.46478,36.564,205.1708,2.51308,57.43339,194.0902,6.48923,81.73933,368.2887,-0.14644,0.68505
205.0777,1.459,36.41952,205.252,2.50701,57.29464,194.1736,6.48389,81.67364,368.4548,-0.14668,0.67938
205.1578,1.45303,36.27054,205.3372,2.50076,57.15176,194.2577,6.47851,81.60728,368.6219,-0.14679,0.67684
205.2445,1.44687,36.11685,205.4199,2.49494,57.01866,194.3394,6.47319,81.54174,368.7866,-0.14683,0.67608
205.3258,1.44079,35.96518,205.5037,2.48926,56.88887,194.4224,6.46773,81.47455,368.9556,-0.14673,0.67832
205.41,1.43479,35.81529,205.588,2.48329,56.75253,194.5063,6.4622,81.40643,369.1192,-0.14674,0.67814
205.4936,1.42888,35.66774,205.6699,2.47705,56.6099,194.5906,6.45665,81.33798,369.2871,-0.14661,0.68123
205.5764,1.42296,35.51996,205.7535,2.47097,56.47097,194.6734,6.45103,81.2688,369.4552,-0.14654,0.68273
205.6586,1.4169,35.36861,205.8362,2.46528,56.34098,194.7547,6.44557,81.20149,369.62,-0.1467,0.67913
205.7433,1.41078,35.21587,205.9199,2.45958,56.21067,194.8386,6.44012,81.13438,369.7876,-0.14679,0.67698
205.8259,1.40483,35.06742,206.0013,2.45349,56.07153,194.9205,6.4346,81.06638,369.9519,-0.14691,0.67416
205.908,1.39897,34.92122,206.0844,2.44687,55.92008,195.0047,6.42903,80.99779,370.12,-0.14699,0.67235
205.9929,1.39311,34.77494,206.1697,2.43995,55.76202,195.0868,6.42334,80.9277,370.2862,-0.14692,0.67401
206.0755,1.38722,34.62797,206.2522,2.43367,55.61855,195.1697,6.41767,80.85785,370.4535,-0.14682,0.67614
206.1586,1.3813,34.48012,206.3358,2.42784,55.48515,195.2522,6.41198,80.78771,370.619,-0.14694,0.67352
206.2421,1.37555,34.33646,206.4207,2.42185,55.34844,195.3372,6.40618,80.71626,370.786,-0.14705,0.67102
206.3246,1.36972,34.191,206.5006,2.4158,55.20997,195.4192,6.4005,80.64639,370.9518,-0.1472,0.66733
206.4083,1.36397,34.04745,206.5865,2.40959,55.06814,195.5045,6.39481,80.57622,371.1178,-0.14729,0.66541
206.4918,1.35816,33.90244,206.6686,2.40366,54.93273,195.5857,6.38905,80.50529,371.2848,-0.14735,0.66387
206.575,1.35236,33.75776,206.7525,2.39776,54.79771,195.6683,6.38332,80.43465,371.4521,-0.14727,0.6658
206.6571,1.3465,33.61141,206.8373,2.39167,54.65862,195.7523,6.37737,80.36144,371.618,-0.14717,0.66805
206.7407,1.34064,33.46503,206.921,2.38522,54.51112,195.8364,6.37138,80.28764,371.7845,-0.14733,0.66439
206.8226,1.33483,33.3201,207.0022,2.37895,54.36783,195.9197,6.36561,80.21654,371.95,-0.14756,0.65911
206.9073,1.329,33.17455,207.086,2.37291,54.22995,196.001,6.35996,80.14695,372.116,-0.1478,0.65361
206.9901,1.32324,33.03069,207.1696,2.36688,54.09219,196.085,6.35424,80.07642,372.2827,-0.14794,0.65027
207.072,1.31751,32.88781,207.2532,2.36061,53.94881,196.1688,6.34835,80.00388,372.4504,-0.14805,0.64769
207.156,1.31172,32.74326,207.3364,2.35415,53.8012,196.2519,6.34243,79.93098,372.6156,-0.14794,0.65039
207.2382,1.30588,32.59745,207.4203,2.34772,53.65427,196.3339,6.3365,79.85792,372.7804,-0.14804,0.64787
207.321,1.30011,32.45337,207.5025,2.34165,53.5155,196.4189,6.33058,79.78501,372.9466,-0.14806,0.64755
207.4053,1.29431,32.30867,207.5872,2.33583,53.38238,196.5001,6.32453,79.7105,373.1141,-0.14799,0.64905
207.4875,1.28832,32.15917,207.6709,2.3301,53.2514,196.5828,6.31852,79.6365,373.279,-0.14807,0.64736
207.571,1.28245,32.01269,207.7545,2.32392,53.11019,196.6671,6.31275,79.56537,373.4462,-0.14825,0.64305
207.6544,1.27689,31.87368,207.8372,2.31744,52.96221,196.7508,6.30678,79.49189,373.6129,-0.14809,0.64683
207.7373,1.27142,31.73731,207.921,2.31115,52.81839,196.8325,6.30092,79.41964,373.7784,-0.14782,0.65299
207.8203,1.26588,31.59892,208.0034,2.3049,52.6756,196.9163,6.29505,79.34739,373.9452,-0.14779,0.65372
207.9041,1.26022,31.45776,208.0871,2.29834,52.52573,196.9988,6.28899,79.27268,374.1118,-0.14795,0.64998
207.9867,1.25456,31.3165,208.1676,2.29156,52.37069,197.082,6.28303,79.19923,374.2786,-0.14804,0.64805
208.0707,1.24912,31.18051,208.2537,2.28488,52.21802,197.1665,6.277,79.12494,374.4434,-0.14803,0.64832
208.1545,1.24372,31.04589,208.3354,2.27841,52.07012,197.2496,6.27109,79.05222,374.6104,-0.14812,0.64609
208.2384,1.23831,30.91069,208.419,2.27201,51.92392,197.3325,6.2651,78.97837,374.7754,-0.14839,0.6399
208.3225,1.2328,30.77325,208.5008,2.26542,51.77334,197.4156,6.2591,78.90445,374.9422,-0.14845,0.63858
208.4037,1.22731,30.63631,208.5847,2.25852,51.61558,197.4989,6.25305,78.82989,375.1078,-0.14852,0.63682
208.4905,1.22186,30.50004,208.6671,2.25177,51.46147,197.582,6.24679,78.75284,375.2766,-0.14843,0.63899
208.573,1.21635,30.3627,208.7518,2.24543,51.31658,197.6652,6.24058,78.67635,375.4406,-0.14821,0.64401
208.6556,1.21098,30.22853,208.834,2.23918,51.17372,197.7494,6.23474,78.60441,375.6062,-0.14817,0.64504
208.7381,1.20572,30.09725,208.9184,2.23265,51.02437,197.8299,6.22891,78.53253,375.773,-0.14833,0.6412
208.8216,1.20044,29.96555,209.0012,2.22588,50.86968,197.9137,6.22284,78.45783,375.9387,-0.14835,0.6407
208.9053,1.19527,29.83627,209.0846,2.21928,50.71877,197.9974,6.21651,78.37982,376.1069,-0.14852,0.6368
208.9885,1.19,29.70485,209.1671,2.21289,50.57281,198.0794,6.21015,78.30147,376.272,-0.14866,0.63372
209.0729,1.18475,29.5737,209.2511,2.20638,50.4241,198.1639,6.20384,78.22371,376.4379,-0.14872,0.63223
209.1553,1.17941,29.44053,209.3332,2.1996,50.26915,198.2478,6.1975,78.14561,376.6048,-0.14878,0.63083
209.2388,1.17415,29.30915,209.4175,2.19259,50.10894,198.3307,6.19118,78.06778,376.7717,-0.14897,0.62638
209.3223,1.16904,29.18174,209.4992,2.18564,49.95016,198.4121,6.18462,77.98697,376.9357,-0.14896,0.62665
209.4039,1.16393,29.05421,209.5834,2.17907,49.79982,198.4954,6.17799,77.9053,377.1042,-0.14907,0.62399
209.4885,1.15859,28.92072,209.6668,2.17264,49.65287,198.5789,6.17155,77.82596,377.2696,-0.14914,0.62239
209.5723,1.1533,28.78874,209.7496,2.16615,49.50474,198.662,6.16514,77.74702,377.4352,-0.14918,0.62167
209.6556,1.14804,28.65749,209.8346,2.15939,49.35025,198.7437,6.1589,77.67014,377.6033,-0.14933,0.61816
209.7386,1.14285,28.52791,209.916,2.15253,49.19345,198.8281,6.15254,77.59183,377.7688,-0.14925,0.61999
209.8206,1.13769,28.39898,210.0004,2.14597,49.04348,198.9114,6.14606,77.51199,377.9362,-0.14904,0.62485
209.905,1.13251,28.26966,210.0826,2.13954,48.89644,198.9938,6.13978,77.43463,378.1012,-0.14874,0.63175
209.9867,1.12752,28.14529,210.1665,2.13276,48.74149,199.0776,6.13344,77.35648,378.2672,-0.14878,0.63083
210.0734,1.1226,28.02236,210.2498,2.12581,48.58272,199.1597,6.12727,77.2805,378.4359,-0.14893,0.62746
210.1535,1.11764,27.89859,210.3332,2.11896,48.42618,199.2439,6.12099,77.20318,378.6,-0.1491,0.62338
210.2378,1.11261,27.77303,210.4174,2.11229,48.27363,199.3263,6.11452,77.12343,378.7667,-0.14935,0.61752
210.3194,1.10768,27.64985,210.4996,2.10564,48.1217,199.41,6.1079,77.04182,378.9339,-0.14931,0.61845
210.4046,1.10294,27.53168,210.5806,2.09878,47.96499,199.4933,6.10124,76.95979,379.1014,-0.14934,0.61796
210.4876,1.09819,27.41303,210.6649,2.09156,47.80008,199.5766,6.09462,76.87834,379.2661,-0.14933,0.61797
210.5702,1.09345,27.29471,210.7488,2.0844,47.63647,199.6576,6.08793,76.79582,379.4326,-0.1494,0.61634
210.653,1.08875,27.17754,210.8331,2.07762,47.48131,199.7414,6.08115,76.71239,379.5986,-0.14962,0.6114
210.7355,1.08413,27.06202,210.9147,2.07101,47.33041,199.8262,6.07433,76.62837,379.7656,-0.14977,0.60799
210.8184,1.07936,26.9431,210.9984,2.06407,47.17183,199.908,6.06765,76.54605,379.9326,-0.14999,0.6027
210.9011,1.07455,26.82305,211.083,2.05688,47.00744,199.9911,6.06085,76.46225,380.0992,-0.15001,0.6024
210.986,1.06988,26.70648,211.1672,2.04982,46.84598,200.0735,6.05409,76.37906,380.2637,-0.14994,0.60403
211.0688,1.06533,26.59273,211.2496,2.04301,46.69041,200.1571,6.04741,76.29676,380.4302,-0.15,0.60257
211.1511,1.06085,26.48105,211.3323,2.03626,46.53617,200.2398,6.04067,76.21371,380.5958,-0.14999,0.60289
211.2358,1.05633,26.36815,211.4163,2.02933,46.3777,200.3238,6.034,76.13147,380.7628,-0.14991,0.60458
211.3168,1.05163,26.2509,211.4992,2.02214,46.21336,200.4058,6.02711,76.04669,380.9284,-0.14997,0.60333
211.401,1.04706,26.13682,211.582,2.01502,46.05071,200.4888,6.02009,75.96021,381.0953,-0.15003,0.60193
211.4854,1.04269,26.02759,211.6652,2.00818,45.89448,200.5715,6.01325,75.87592,381.261,-0.15002,0.60208
211.57,1.03848,25.9227,211.7481,2.00136,45.73867,200.6551,6.00644,75.792,381.4287,-0.15011,0.60001
211.6532,1.03422,25.81616,211.833,1.99431,45.5775,200.7401,5.99949,75.70639,381.5946,-0.15029,0.59581
211.736,1.02983,25.70668,211.9145,1.98697,45.40973,200.8215,5.99261,75.62169,381.7604,-0.15053,0.59028
211.8174,1.0254,25.59599,211.9999,1.97971,45.2437,200.9069,5.98573,75.5369,381.9279,-0.15084,0.58302
211.9009,1.021,25.48624,212.0837,1.97256,45.08048,200.9875,5.97881,75.45168,382.093,-0.15081,0.58374
211.9852,1.01682,25.38179,212.1661,1.96569,44.92329,201.0708,5.97173,75.36447,382.2592,-0.15081,0.58379
212.0676,1.01274,25.28002,212.2498,1.95885,44.76702,201.1541,5.96467,75.27747,382.4268,-0.15098,0.57988
212.1511,1.00871,25.1795,212.3344,1.95162,44.60194,201.2384,5.9577,75.19159,382.5922,-0.15113,0.57629
212.2338,1.00463,25.07753,212.4162,1.94431,44.43472,201.3192,5.95053,75.10333,382.7605,-0.15142,0.56963
212.318,1.0004,24.97214,212.4995,1.93722,44.27269,201.4032,5.94336,75.01491,382.926,-0.15147,0.56853
212.4006,0.99628,24.86925,212.5828,1.93024,44.11326,201.4864,5.93624,74.92725,383.0919,-0.15139,0.57025
212.484,0.99237,24.77167,212.6684,1.92305,43.9489,201.5693,5.92924,74.84103,383.2581,-0.15127,0.57312
212.568,0.98845,24.67382,212.7493,1.91569,43.78079,201.6524,5.92216,74.75382,383.4242,-0.15106,0.57787
212.6514,0.98452,24.57557,212.832,1.90836,43.61327,201.7359,5.91514,74.66735,383.591,-0.15108,0.57741
212.7341,0.98059,24.47758,212.9161,1.90129,43.45165,201.8193,5.9079,74.57809,383.758,-0.15128,0.57284
212.8178,0.97669,24.38028,212.999,1.89432,43.2924,201.9023,5.90041,74.48587,383.9236,-0.1513,0.57234
212.899,0.9728,24.28307,213.0836,1.88726,43.13085,201.9866,5.8932,74.39703,384.091,-0.1512,0.5748
212.9823,0.96885,24.18449,213.1664,1.87993,42.96333,202.0707,5.88606,74.30906,384.2575,-0.15116,0.57576
213.066,0.96506,24.08982,213.2487,1.8724,42.79133,202.1522,5.87878,74.21944,384.4238,-0.15104,0.57833
213.1484,0.96142,23.99899,213.3318,1.86507,42.62388,202.2362,5.87134,74.12783,384.5891,-0.15112,0.57666
213.2328,0.95788,23.9106,213.416,1.85782,42.45808,202.3178,5.86413,74.03895,384.7578,-0.15129,0.57265
213.3174,0.95426,23.82025,213.4999,1.85052,42.29136,202.4034,5.85699,73.95102,384.924,-0.15151,0.56749
213.398,0.95074,23.73254,213.5836,1.84319,42.12387,202.485,5.84975,73.86184,385.0905,-0.15164,0.56452
213.4826,0.94712,23.64198,213.666,1.83587,41.95656,202.5676,5.84232,73.77029,385.2577,-0.15163,0.56478
213.5653,0.94341,23.54937,213.7499,1.8288,41.79496,202.6518,5.83487,73.6785,385.424,-0.15178,0.56138
213.6489,0.93986,23.46095,213.8334,1.82177,41.63423,202.7358,5.82745,73.58705,385.5904,-0.15186,0.55949
213.7323,0.93654,23.37806,213.9167,1.81433,41.46415,202.817,5.82019,73.49766,385.7552,-0.15175,0.56207
213.8158,0.93328,23.29653,213.999,1.80679,41.29197,202.901,5.81284,73.40715,385.9212,-0.15186,0.55953
213.8978,0.93,23.2148,214.0826,1.79937,41.1223,202.9831,5.80527,73.31387,386.0882,-0.15195,0.5574
213.9808,0.92662,23.13032,214.167,1.79211,40.95652,203.068,5.79759,73.21921,386.2548,-0.15196,0.55711
214.0641,0.92335,23.04871,214.25,1.785,40.79389,203.1502,5.78972,73.12233,386.421,-0.15196,0.55703
214.1466,0.92005,22.96633,214.3324,1.77765,40.62603,203.2337,5.78211,73.02857,386.5894,-0.15199,0.55635
214.2312,0.91674,22.88364,214.4176,1.76989,40.44853,203.3151,5.77452,72.93507,386.7552,-0.15214,0.55293
214.314,0.91354,22.80376,214.4996,1.7621,40.27063,203.4006,5.76689,72.84109,386.9229,-0.15227,0.54996
214.3978,0.91044,22.72642,214.5835,1.75454,40.0977,203.4831,5.75918,72.74605,387.089,-0.15237,0.54768
214.4813,0.90738,22.65001,214.6675,1.74726,39.93132,203.566,5.75164,72.65327,387.254,-0.15242,0.54645
214.5632,0.90425,22.57191,214.7503,1.73985,39.76209,203.6489,5.74419,72.56142,387.4196,-0.15239,0.54709
214.6472,0.90116,22.49473,214.834,1.73229,39.58936,203.7323,5.73687,72.47124,387.5868,-0.15202,0.55583
214.731,0.89812,22.41881,214.918,1.72471,39.416,203.8169,5.72929,72.37793,387.7539,-0.15171,0.56304
214.8118,0.89516,22.34509,215.0017,1.71728,39.24626,203.8989,5.72187,72.28651,387.9198,-0.1516,0.56554
214.8962,0.89229,22.27333,215.0836,1.71001,39.08025,203.9805,5.71439,72.1943,388.0875,-0.15156,0.56635
214.9788,0.88946,22.20277,215.1686,1.70251,38.90864,204.0654,5.70674,72.10008,388.2533,-0.1515,0.56786
215.0631,0.88655,22.13008,215.2499,1.6949,38.73493,204.1479,5.69875,72.00172,388.419,-0.15127,0.57316
215.1445,0.88371,22.05918,215.3348,1.68734,38.56197,204.2322,5.69055,71.90064,388.5877,-0.15117,0.57542
215.2294,0.88098,21.991,215.4163,1.68005,38.39555,204.315,5.6824,71.80027,388.7526,-0.1511,0.57716
215.3142,0.87829,21.92386,215.5014,1.67278,38.22929,204.3986,5.67436,71.70116,388.9192,-0.15107,0.57781
215.3957,0.87571,21.85963,215.5835,1.66532,38.05887,204.4824,5.66644,71.60364,389.0833,-0.1511,0.57703
215.4791,0.87322,21.79729,215.666,1.65762,37.88281,204.5667,5.6585,71.5058,389.2512,-0.15121,0.5745
215.5621,0.87069,21.73434,215.7482,1.64988,37.70587,204.6503,5.65051,71.4074,389.4187,-0.15126,0.57338
215.6468,0.86809,21.66942,215.8332,1.6423,37.53271,204.732,5.64239,71.30734,389.5847,-0.15069,0.5865
215.7295,0.86546,21.60365,215.9176,1.63484,37.36229,204.815,5.63444,71.20948,389.751,-0.15354,0.52058
215.8114,0.86288,21.53916,215.9998,1.62731,37.19013,204.8997,5.62657,71.11247,389.9193,-0.1542,0.50528
215.8955,0.86047,21.47921,216.0842,1.61946,37.01064,204.9828,5.61852,71.01329,390.0861,-0.15243,0.54625
215.9768,0.85821,21.42258,216.1662,1.61163,36.83172,205.0668,5.61047,70.91416,390.2534,-0.15035,0.5945
216.0612,0.85584,21.36346,216.2498,1.60399,36.65721,205.1487,5.60247,70.81563,390.418,-0.14949,0.61444
216.1448,0.85347,21.3043,216.3344,1.59652,36.48651,205.2316,5.59436,70.71578,390.5848,-0.14884,0.62953
216.229,0.85089,21.24001,216.4174,1.5888,36.30999,205.3144,5.58629,70.61634,390.752,-0.14819,0.64461
216.3104,0.84822,21.17343,216.4992,1.58084,36.12805,205.3985,5.57827,70.51755,390.9181,-0.14779,0.65378
216.3938,0.84574,21.11134,216.5838,1.57285,35.9454,205.4826,5.57028,70.41904,391.0836,-0.14786,0.65203
216.4775,0.84348,21.05502,216.6666,1.56514,35.76934,205.5667,5.562,70.31707,391.2512,-0.14826,0.64279
216.561,0.84125,20.99939,216.7499,1.55764,35.59796,205.6498,5.5535,70.21239,391.4191,-0.14838,0.64006
216.6427,0.83907,20.94489,216.8332,1.55007,35.42498,205.7344,5.54501,70.10781,391.5841,-0.1482,0.64435
216.7262,0.83692,20.89132,216.9158,1.54216,35.24404,205.8146,5.53665,70.00482,391.7519,-0.14803,0.64814
216.8098,0.83453,20.8315,216.9989,1.53423,35.06288,205.899,5.52839,69.90304,391.9158,-0.14816,0.64512
216.8926,0.83124,20.74957,217.0844,1.52649,34.88611,205.9818,5.52002,69.79997,392.0842,-0.14846,0.6382
216.9754,0.82763,20.65926,217.1678,1.51883,34.71091,206.0639,5.51171,69.69754,392.2503,-0.14858,0.63536
217.057,0.82545,20.60494,217.25,1.51098,34.53156,206.1453,5.50311,69.5916,392.4165,-0.14864,0.6341
217.1429,0.82408,20.5708,217.3323,1.50305,34.35033,206.2304,5.49366,69.47521,392.5828,-0.14863,0.63426
217.2289,0.82268,20.53582,217.4164,1.49517,34.17015,206.3139,5.48329,69.34749,392.7496,-0.14857,0.63573
217.3082,0.82172,20.51177,217.4998,1.4874,33.99266,206.398,5.47679,69.26742,392.916,-0.14871,0.63236
217.3937,0.8213,20.50133,217.5838,1.47982,33.81936,206.4816,5.46963,69.17923,393.0816,-0.14881,0.6302
217.4763,0.8205,20.48146,217.6666,1.47213,33.64362,206.5648,5.46186,69.0835,393.2472,-0.14885,0.62924
217.5615,0.8188,20.43893,217.7517,1.46426,33.46387,206.6484,5.45359,68.98167,393.4142,-0.14912,0.62289
217.6442,0.81654,20.3826,217.8333,1.45628,33.28146,206.7311,5.44504,68.87634,393.5812,-0.14931,0.61864
217.7287,0.81437,20.32837,217.9152,1.44845,33.1026,206.8152,5.43624,68.76793,393.7492,-0.14909,0.62355
217.8117,0.81212,20.27212,217.9985,1.44069,32.92507,206.8984,5.4275,68.66023,393.9152,-0.14886,0.6289
217.896,0.81003,20.21996,218.082,1.43274,32.74352,206.9791,5.41873,68.55214,394.0814,-0.14912,0.62298
217.9774,0.80809,20.17152,218.1656,1.42453,32.55573,207.064,5.40979,68.44208,394.2473,-0.14963,0.61118
218.0602,0.80625,20.12566,218.249,1.41648,32.37183,207.1474,5.40112,68.33525,394.4153,-0.14951,0.61398
218.1447,0.80453,20.08272,218.3316,1.40865,32.19289,207.2298,5.39245,68.22847,394.5798,-0.14944,0.61543
218.2262,0.80275,20.03827,218.4162,1.40087,32.01506,207.3112,5.38394,68.12369,394.7468,-0.14962,0.61129
218.3098,0.80091,19.99227,218.4991,1.39279,31.83038,207.3962,5.3756,68.02085,394.9139,-0.14968,0.60999
218.3928,0.79917,19.94897,218.583,1.38467,31.6449,207.4793,5.36684,67.91293,395.0796,-0.1496,0.61181
218.4758,0.79743,19.90537,218.6647,1.37659,31.46017,207.5627,5.35802,67.80434,395.247,-0.1494,0.61644
218.5582,0.79581,19.86499,218.7488,1.36854,31.27624,207.6454,5.34947,67.69895,395.4128,-0.14953,0.61346
218.6434,0.79429,19.82719,218.8312,1.36063,31.09547,207.7303,5.34072,67.59121,395.5784,-0.14968,0.60998
218.726,0.79274,19.78852,218.9153,1.35277,30.91586,207.811,5.33172,67.48033,395.7471,-0.14949,0.61435
218.8108,0.79116,19.74886,218.9999,1.34478,30.73329,207.8938,5.32277,67.37003,395.913,-0.14913,0.62263
218.892,0.78952,19.70798,219.0822,1.33668,30.54824,207.9778,5.31393,67.26117,396.0786,-0.14918,0.62165
218.9742,0.78792,19.66812,219.1659,1.32871,30.366,208.0617,5.30504,67.15163,396.2452,-0.14959,0.61201
219.059,0.78655,19.63399,219.2483,1.32083,30.18596,208.1447,5.29594,67.03964,396.4115,-0.14975,0.6083
219.1416,0.78524,19.60118,219.331,1.31283,30.00311,208.2254,5.28661,66.92467,396.5803,-0.14969,0.60973
219.2251,0.78385,19.56648,219.4143,1.30472,29.81781,208.3094,5.27729,66.80981,396.7456,-0.14987,0.60562
219.3078,0.78239,19.53013,219.4986,1.29677,29.63599,208.3932,5.26814,66.69708,396.913,-0.1499,0.60491
219.3922,0.78098,19.4948,219.5822,1.28899,29.45816,208.476,5.25923,66.58735,397.0783,-0.14958,0.61227
219.4754,0.77945,19.45657,219.6658,1.28105,29.27686,208.5598,5.25033,66.4777,397.2459,-0.14943,0.61585
219.557,0.77814,19.4239,219.7485,1.27286,29.08953,208.6427,5.24119,66.36513,397.413,-0.14923,0.62043
219.6406,0.77678,19.39014,219.8332,1.26449,28.89845,208.7259,5.23217,66.25404,397.5775,-0.14953,0.6134
219.7242,0.77544,19.3567,219.9158,1.25628,28.71061,208.808,5.22304,66.14156,397.7446,-0.14926,0.61959
219.8058,0.77403,19.32146,219.9974,1.24821,28.52634,208.893,5.21396,66.02964,397.9124,-0.14865,0.63393
219.8902,0.77261,19.28593,220.0816,1.24042,28.34822,208.9739,5.20503,65.91968,398.0778,-0.14826,0.64295
219.974,0.77118,19.25029,220.1648,1.23246,28.1664,209.0578,5.1961,65.80965,398.2444,-0.14838,0.64001
220.0564,0.76998,19.22031,220.2477,1.22425,27.97861,209.142,5.18703,65.698,398.4128,-0.14822,0.64378
220.1395,0.76883,19.19147,220.3327,1.2161,27.79242,209.2248,5.17766,65.58247,398.578,-0.14788,0.65159
220.2229,0.7677,19.16328,220.4141,1.20806,27.60868,209.3083,5.16781,65.46114,398.7464,-0.14775,0.65479
220.3073,0.76649,19.13306,220.499,1.19997,27.4239,209.3908,5.15827,65.34362,398.9131,-0.14804,0.64786
220.3903,0.76527,19.1027,220.5808,1.19181,27.23739,209.477,5.14899,65.22932,399.0794,-0.14817,0.64506
220.4743,0.76397,19.07036,220.6644,1.18356,27.04885,209.5593,5.13975,65.11552,399.2444,-0.14788,0.65158
220.5566,0.76261,19.03625,220.7471,1.17537,26.86161,209.6417,5.13036,64.99989,399.4118,-0.14782,0.65303
220.6398,0.76131,19.00399,220.8312,1.16725,26.67606,209.7248,5.12096,64.88402,399.5809,-0.14824,0.6434
220.7234,0.76015,18.97499,220.9121,1.15909,26.4895,209.8073,5.11158,64.76856,399.7465,-0.14838,0.63998
220.805,0.75906,18.94776,220.9966,1.15082,26.30053,209.8902,5.10196,64.64999,399.9126,-0.14818,0.64463
220.8898,0.75799,18.92089,221.0809,1.14243,26.1089,209.9744,5.0922,64.52974,400.0767,-0.14797,0.64966
220.9717,0.75676,18.89036,221.1634,1.13398,25.91572,210.0579,5.08265,64.41206,400.2456,-0.14812,0.64621
221.0555,0.75558,18.86086,221.2474,1.12581,25.72898,210.1416,5.0731,64.2945,400.4114,-0.14828,0.64242
221.1389,0.75452,18.83448,221.3287,1.1178,25.54594,210.2238,5.0636,64.1774,400.5782,-0.14823,0.6435
221.2223,0.75333,18.80462,221.4106,1.10969,25.36051,210.3075,5.05399,64.05904,400.7459,-0.14826,0.64294
221.3047,0.75203,18.77218,221.4961,1.10142,25.17167,210.3915,5.04438,63.94072,400.9108,-0.1483,0.64203
221.3874,0.75104,18.74753,221.5772,1.09312,24.982,210.4738,5.03468,63.82113,401.0774,-0.14826,0.64286
221.4721,0.75004,18.72253,221.6616,1.08496,24.7954,210.5582,5.02496,63.7014,401.2446,-0.14826,0.64285
221.5537,0.74906,18.69817,221.744,1.07688,24.6107,210.642,5.01517,63.58083,401.411,-0.14834,0.64107
221.6379,0.74826,18.67813,221.8292,1.0687,24.42371,210.7245,5.00537,63.4601,401.5767,-0.14856,0.63581
221.7215,0.74767,18.66332,221.91,1.06035,24.23299,210.809,4.99556,63.33923,401.745,-0.14865,0.63373
221.8056,0.74701,18.647,221.993,1.05198,24.04169,210.8924,4.98571,63.21799,401.9108,-0.14851,0.63715
221.8862,0.74613,18.62492,222.0783,1.04383,23.85552,210.9768,4.97583,63.09623,402.0782,-0.14855,0.6362
221.9696,0.7452,18.6018,222.1582,1.03572,23.67004,211.0586,4.966,62.97519,402.2442,-0.14855,0.63605
222.0522,0.74423,18.57762,222.2422,1.02761,23.48469,211.1416,4.95598,62.85176,402.4122,-0.14877,0.63102
222.137,0.74337,18.55601,222.3259,1.0194,23.29716,211.2247,4.94609,62.72988,402.5781,-0.1485,0.63738
222.2205,0.7424,18.53186,222.4089,1.01103,23.10573,211.3092,4.93597,62.60519,402.7446,-0.14861,0.63486
222.303,0.74128,18.50392,222.4921,1.0028,22.91772,211.392,4.92595,62.48175,402.911,-0.14877,0.63113
222.3858,0.74015,18.47574,222.5756,0.99482,22.73538,211.4745,4.91599,62.35912,403.0778,-0.14886,0.62903
222.4676,0.73905,18.4482,222.6575,0.98671,22.54992,211.5584,4.90614,62.23774,403.2461,-0.14871,0.63255
222.553,0.73801,18.42226,222.741,0.97852,22.36286,211.643,4.89621,62.11537,403.4102,-0.14843,0.63882
222.6364,0.73709,18.39924,222.8245,0.9703,22.17492,211.7255,4.88616,61.99157,403.5778,-0.14833,0.64135
222.7202,0.73632,18.38006,222.9077,0.96204,21.98622,211.8108,4.87598,61.86624,403.7446,-0.14874,0.63174
222.803,0.73547,18.35889,222.9907,0.95385,21.79912,211.8928,4.86571,61.73976,403.9093,-0.14894,0.62709
222.8851,0.73451,18.33491,223.075,0.94548,21.60766,211.9766,4.85555,61.61454,404.078,-0.14971,0.60926
222.9683,0.73359,18.3119,223.1558,0.93717,21.41795,212.0593,4.84531,61.48842,404.2441,-0.15041,0.59295
223.051,0.73276,18.29122,223.2383,0.92887,21.22808,212.1434,4.83519,61.36371,404.412,-0.1505,0.59088
223.1338,0.7319,18.26977,223.3224,0.92081,21.04389,212.2246,4.82503,61.23863,404.5774,-0.15032,0.59518
223.217,0.73119,18.2521,223.4056,0.91274,20.85948,212.3101,4.81481,61.11267,404.7459,-0.15008,0.60073
223.3014,0.73044,18.2332,223.4885,0.90456,20.67254,212.39,4.80451,60.98584,404.9124,-0.15003,0.60189
223.3844,0.72968,18.21419,223.5715,0.89631,20.48396,212.474,4.79418,60.85859,405.0794,-0.15029,0.59593
223.4678,0.72889,18.19447,223.6554,0.88801,20.29438,212.5588,4.78404,60.73365,405.2468,-0.15068,0.58679
223.5508,0.72804,18.17338,223.7376,0.87981,20.10701,212.6411,4.77374,60.60673,405.4124,-0.15047,0.59172
223.6338,0.7272,18.15238,223.8212,0.87176,19.92292,212.7255,4.76321,60.47703,405.5782,-0.15005,0.60129
223.7166,0.72638,18.13198,223.9055,0.86364,19.73744,212.8086,4.75259,60.34617,405.7474,-0.14988,0.60523
223.8003,0.72564,18.11347,223.9885,0.8554,19.54901,212.8917,4.74215,60.2176,405.9126,-0.14999,0.60282
223.8834,0.7249,18.09502,224.0712,0.84714,19.36023,212.976,4.73174,60.08936,406.0784,-0.14999,0.60286
223.9664,0.72406,18.07397,224.1537,0.83901,19.17455,213.0604,4.72123,59.9599,406.246,-0.14962,0.61126
224.0496,0.72318,18.05216,224.2388,0.83091,18.98936,213.1424,4.71059,59.82883,406.4125,-0.14947,0.61473
224.1324,0.72239,18.03228,224.3197,0.82279,18.80376,213.2262,4.70001,59.69846,406.5783,-0.14969,0.60981
224.2166,0.72154,18.01124,224.4035,0.81458,18.61616,213.31,4.68959,59.57013,406.743,-0.14973,0.60891
224.299,0.72079,17.99243,224.486,0.8065,18.43149,213.393,4.67917,59.44173,406.9119,-0.14926,0.61965
224.3833,0.7201,17.97508,224.5684,0.79818,18.24132,213.4751,4.66842,59.30934,407.0771,-0.14912,0.62306
224.4656,0.71931,17.95542,224.6524,0.78935,18.03952,213.559,4.65763,59.17637,407.2439,-0.14961,0.61149
224.5511,0.71854,17.93616,224.7356,0.78074,17.84279,213.6419,4.64669,59.04165,407.4106,-0.14986,0.60588
224.6322,0.71776,17.91672,224.8188,0.77222,17.64803,213.7248,4.63588,58.90844,407.5772,-0.14963,0.61105
224.7162,0.71699,17.89758,224.9015,0.76405,17.46129,213.8088,4.62511,58.77581,407.7436,-0.14961,0.61165
224.7982,0.71615,17.87649,224.9849,0.75622,17.28252,213.8918,4.61435,58.64323,407.9104,-0.14998,0.60312
224.8828,0.71543,17.85859,225.0707,0.7486,17.10833,213.9752,4.60361,58.51097,408.0758,-0.15019,0.59803
224.9657,0.71474,17.84142,225.1515,0.74096,16.93376,214.0576,4.5929,58.37905,408.2426,-0.14995,0.60377
225.0484,0.71407,17.82464,225.2372,0.73322,16.75683,214.1437,4.58193,58.24383,408.411,-0.15004,0.60168
225.1329,0.71343,17.80861,225.3206,0.7255,16.58043,214.2265,4.57116,58.1112,408.5778,-0.15002,0.60218
225.216,0.71275,17.7917,225.404,0.71786,16.40571,214.3092,4.56019,57.97608,408.7438,-0.15021,0.59779
225.2989,0.712,17.773,225.4875,0.71023,16.23147,214.3916,4.54915,57.84006,408.9114,-0.15036,0.59427
225.3814,0.7114,17.7581,225.5703,0.70251,16.05507,214.4754,4.53802,57.70303,409.0781,-0.15015,0.59916
225.4657,0.7109,17.74543,225.656,0.6951,15.8856,214.5572,4.52687,57.5656,409.245,-0.15054,0.58994
225.5483,0.71024,17.72911,225.7385,0.68784,15.71975,214.6404,4.51554,57.42605,409.4132,-0.151,0.57947
225.63,0.70957,17.71238,225.8205,0.68034,15.54826,214.7234,4.50425,57.28695,409.5779,-0.15077,0.58466
225.7156,0.70888,17.69501,225.9018,0.67257,15.37083,214.8078,4.49331,57.15221,409.7459,-0.15044,0.59246
225.7972,0.70805,17.67432,225.9861,0.66463,15.18926,214.8892,4.48218,57.01505,409.9121,-0.15085,0.58273
225.8805,0.70738,17.65758,226.0673,0.65655,15.00471,214.9724,4.47081,56.87501,410.0789,-0.15107,0.57779
225.964,0.70672,17.64124,226.1522,0.64846,14.81984,215.0564,4.45956,56.73643,410.2438,-0.15071,0.58603
226.0477,0.70611,17.62596,226.2347,0.64036,14.63465,215.1398,4.44834,56.59821,410.4118,-0.15069,0.58645
226.1317,0.70554,17.61167,226.3184,0.63234,14.45137,215.2238,4.43712,56.46007,410.5774,-0.15095,0.58042
226.2147,0.70501,17.59853,226.4022,0.62435,14.26877,215.3068,4.42577,56.32023,410.7456,-0.15116,0.57571
226.2983,0.70429,17.58044,226.4846,0.61623,14.08305,215.3908,4.41432,56.17913,410.9128,-0.15101,0.57914
226.3812,0.7035,17.56091,226.5674,0.60818,13.89916,215.4729,4.40297,56.03936,411.0786,-0.15095,0.58063
226.4647,0.70293,17.54665,226.6505,0.60044,13.72236,215.5572,4.39166,55.90006,411.2456,-0.15115,0.57587
226.5468,0.70247,17.53516,226.7342,0.59246,13.53994,215.6404,4.38035,55.76069,411.4115,-0.15097,0.58005
226.6277,0.70198,17.52288,226.8168,0.58451,13.35826,215.724,4.36909,55.62198,411.5802,-0.15075,0.58506
226.7144,0.70135,17.50713,226.9007,0.57663,13.17822,215.8068,4.35774,55.48215,411.7473,-0.15058,0.58922
226.798,0.70051,17.48617,226.9813,0.56888,13.00097,215.8907,4.34621,55.34015,411.9127,-0.15072,0.58582
226.8801,0.69971,17.4663,227.0656,0.5612,12.82555,215.9739,4.33462,55.19733,412.0796,-0.15086,0.58267
226.964,0.69914,17.45197,227.1478,0.5536,12.65186,216.0557,4.32305,55.05482,412.245,-0.15066,0.58727
227.0475,0.6986,17.43856,227.2316,0.54588,12.47539,216.1378,4.31141,54.91143,412.4126,-0.15077,0.58481
227.1299,0.69799,17.42316,227.3145,0.53804,12.29614,216.2223,4.29975,54.76782,412.578,-0.15099,0.57952
227.213,0.69735,17.40724,227.397,0.53022,12.11756,216.3068,4.2884,54.62797,412.7472,-0.15092,0.58133
227.294,0.69669,17.39075,227.4807,0.52268,11.94514,216.389,4.27679,54.48496,412.9133,-0.15082,0.58356
227.3788,0.69592,17.37167,227.5652,0.51517,11.77359,216.4724,4.26518,54.34189,413.0809,-0.15123,0.574
227.4618,0.6953,17.35611,227.6473,0.5077,11.60276,216.5548,4.25369,54.20035,413.2465,-0.15139,0.57035
227.5448,0.69475,17.3425,227.7293,0.5,11.42685,216.6387,4.24207,54.05725,413.4142,-0.15143,0.56937
227.6276,0.69413,17.32701,227.8134,0.49234,11.25181,216.7223,4.23034,53.91273,413.581,-0.15142,0.56958
227.7129,0.69345,17.3099,227.8972,0.48468,11.07679,216.8052,4.21858,53.76784,413.7462,-0.15134,0.57154
227.7951,0.69285,17.29506,227.9803,0.47682,10.89721,216.8878,4.20655,53.61966,413.9141,-0.1512,0.57475
227.878,0.6922,17.27878,228.0633,0.46901,10.71864,216.9718,4.19414,53.46688,414.08,-0.15133,0.57163
227.9603,0.69155,17.26239,228.1462,0.46145,10.54583,217.0542,4.18173,53.31394,414.2478,-0.15169,0.56336
228.0426,0.69123,17.25457,228.2297,0.45383,10.37167,217.138,4.16957,53.16415,414.413,-0.15187,0.5592
228.1265,0.69087,17.24559,228.3138,0.44634,10.20049,217.2206,4.15755,53.01605,414.5795,-0.15179,0.56106
228.2085,0.69039,17.23344,228.3963,0.43889,10.03026,217.3048,4.14571,52.87022,414.7472,-0.15188,0.5589
228.291,0.68974,17.2173,228.4795,0.43142,9.85963,217.3877,4.1341,52.72721,414.9123,-0.15191,0.5582
228.3762,0.68916,17.20294,228.5613,0.42396,9.68908,217.4705,4.12223,52.58097,415.0797,-0.15174,0.56215
228.4578,0.68865,17.19017,228.645,0.41654,9.51958,217.5558,4.11033,52.43439,415.2447,-0.1515,0.56786
228.5407,0.68809,17.17611,228.7288,0.40918,9.35134,217.6386,4.09835,52.28676,415.4131,-0.15148,0.56836
228.626,0.68745,17.1602,228.8117,0.40186,9.18411,217.7211,4.08629,52.13827,415.5799,-0.15173,0.56247
228.7093,0.68685,17.14529,228.8963,0.39457,9.01739,217.8038,4.07425,51.98993,415.7461,-0.15178,0.56132
228.7924,0.68629,17.13109,228.9796,0.38727,8.85047,217.888,4.06205,51.83961,415.9135,-0.15153,0.56699
228.8747,0.68565,17.1153,229.0629,0.38021,8.6893,217.9706,4.04969,51.68735,416.0811,-0.15142,0.56954
228.959,0.68498,17.0986,229.1449,0.37323,8.52981,218.0555,4.0373,51.53469,416.2462,-0.15183,0.56012
229.0424,0.68446,17.08557,229.2282,0.36629,8.37112,218.1358,4.02516,51.3852,416.4133,-0.15203,0.55544
229.1258,0.68404,17.07501,229.311,0.3595,8.21581,218.2198,4.01294,51.23469,416.5799,-0.1519,0.55849
229.2086,0.68355,17.06284,229.394,0.35259,8.05794,218.3034,4.00068,51.0837,416.7465,-0.15185,0.55967
229.2921,0.68298,17.0487,229.4791,0.34555,7.89716,218.3861,3.98849,50.93352,416.9135,-0.15217,0.55225
229.376,0.68238,17.0337,229.5618,0.33853,7.73674,218.4698,3.97619,50.78195,417.0797,-0.1523,0.54929
229.4585,0.68164,17.01525,229.6458,0.33161,7.57863,218.552,3.9638,50.62929,417.2454,-0.1525,0.54465
229.5418,0.68097,16.99845,229.7292,0.32489,7.42485,218.636,3.95138,50.47626,417.4142,-0.15286,0.53622
229.6241,0.68039,16.98382,229.8119,0.31816,7.27121,218.7183,3.93916,50.32583,417.5802,-0.1536,0.51907
229.7082,0.67991,16.97202,229.8963,0.31148,7.11839,218.8006,3.92702,50.17627,417.7464,-0.15433,0.50214
229.7908,0.67947,16.96101,229.9778,0.3049,6.96811,218.8852,3.91477,50.02529,417.9132,-0.15431,0.50262
229.8754,0.67898,16.94867,230.0613,0.29851,6.82202,218.9661,3.90222,49.87073,418.0809,-0.15424,0.50434
229.9584,0.6783,16.93188,230.1448,0.29223,6.67866,219.052,3.88924,49.7109,418.2484,-0.15439,0.50072
230.04,0.6778,16.91919,230.2278,0.28602,6.53668,219.1358,3.8764,49.55272,418.4148,-0.15449,0.49856
230.1238,0.67732,16.90732,230.3104,0.27979,6.39414,219.2182,3.86362,49.39521,418.5797,-0.15448,0.49866
230.2072,0.67684,16.8954,230.3946,0.27375,6.2561,219.3012,3.85082,49.23758,418.746,-0.15474,0.49263
230.2885,0.67638,16.88391,230.4773,0.26786,6.1215,219.384,3.83767,49.07557,418.9139,-0.15493,0.48834
230.3731,0.67584,16.87045,230.5603,0.262,5.98771,219.4682,3.82482,48.91727,419.0816,-0.15485,0.4902
230.4558,0.67522,16.85476,230.6448,0.25606,5.85192,219.551,3.81221,48.76193,419.2482,-0.15489,0.48925
230.5387,0.67452,16.83729,230.7267,0.2504,5.72264,219.6336,3.79945,48.60474,419.4141,-0.15495,0.48781
230.6224,0.67398,16.82403,230.81,0.24503,5.59977,219.7156,3.78653,48.4456,419.5813,-0.15497,0.48744
230.7053,0.6736,16.81448,230.894,0.23979,5.48016,219.7994,3.77362,48.28655,419.7467,-0.15496,0.48768
230.7875,0.67314,16.80297,230.976,0.23467,5.36315,219.8826,3.76078,48.1284,419.9138,-0.15501,0.48639
230.8695,0.67257,16.78871,231.0589,0.22961,5.24744,219.965,3.74787,47.96928,420.0813,-0.15505,0.48559
230.9554,0.67196,16.77348,231.143,0.22464,5.13382,220.0478,3.73478,47.80813,420.2464,-0.15493,0.48834
231.0381,0.67128,16.75663,231.2265,0.22002,5.02827,220.1308,3.72179,47.64812,420.4137,-0.15498,0.48709
231.1209,0.67072,16.74248,231.3092,0.21557,4.92667,220.2134,3.70883,47.48846,420.5796,-0.15509,0.48451
231.2039,0.67024,16.73059,231.3915,0.21109,4.8243,220.2974,3.69566,47.32614,420.7468,-0.15528,0.48014
231.2875,0.66984,16.7207,231.4768,0.20681,4.7264,220.3804,3.68238,47.16253,420.9141,-0.15541,0.47708
231.3716,0.66942,16.7102,231.5588,0.20277,4.63411,220.4642,3.66914,46.99955,421.0816,-0.15551,0.47479
231.4541,0.6688,16.69469,231.6433,0.19889,4.54549,220.5476,3.65585,46.83581,421.2491,-0.1556,0.47269
231.537,0.66825,16.6808,231.725,0.19506,4.45782,220.6297,3.64236,46.66961,421.4178,-0.15547,0.47585
231.6211,0.66774,16.66826,231.8093,0.19115,4.36843,220.7118,3.62892,46.50398,421.5836,-0.15549,0.47534
231.7028,0.66736,16.65857,231.8925,0.18746,4.28426,220.7964,3.61589,46.34353,421.7481,-0.15569,0.47066
231.7861,0.66698,16.64912,231.9749,0.18401,4.20542,220.88,3.60241,46.17751,421.9141,-0.15587,0.46648
231.8705,0.66644,16.63574,232.0582,0.18087,4.13357,220.9618,3.58903,46.01264,422.0824,-0.15581,0.46781
231.953,0.66586,16.62134,232.1409,0.17804,4.06892,221.045,3.57586,45.85038,422.2474,-0.15578,0.46861
232.0362,0.66522,16.60528,232.2252,0.1751,4.00165,221.128,3.56265,45.68764,422.4156,-0.15578,0.46851
232.1194,0.66464,16.59075,232.3076,0.17233,3.93846,221.2119,3.54925,45.52258,422.5797,-0.1559,0.46572
232.2024,0.66409,16.57716,232.3902,0.16964,3.877,221.2956,3.53596,45.35886,422.748,-0.15589,0.46598
232.2853,0.66352,16.56276,232.4734,0.16729,3.82313,221.3789,3.52282,45.19704,422.9149,-0.15578,0.46869
232.3686,0.66308,16.55178,232.5575,0.16514,3.77395,221.4598,3.50956,45.03362,423.0811,-0.15584,0.46726
232.4527,0.66264,16.54077,232.6413,0.16296,3.72436,221.5446,3.49603,44.86698,423.249,-0.15604,0.46269
232.5364,0.66217,16.52907,232.7254,0.16097,3.67867,221.6268,3.48235,44.69843,423.4152,-0.1559,0.46579
232.618,0.66161,16.51519,232.8057,0.15914,3.63702,221.7112,3.46867,44.53001,423.5824,-0.15582,0.46775
232.7019,0.66111,16.50267,232.8906,0.15767,3.60341,221.7932,3.45489,44.36021,423.7488,-0.15595,0.46476
232.7858,0.66071,16.49268,232.9745,0.15631,3.57222,221.877,3.44129,44.19272,423.9149,-0.1559,0.46593
232.8678,0.66021,16.48013,233.0578,0.1549,3.54014,221.9602,3.42767,44.02484,424.0813,-0.15591,0.46558
232.9504,0.65972,16.46788,233.1411,0.1536,3.51038,222.043,3.41411,43.85786,424.2492,-0.15569,0.47077
233.0358,0.65915,16.45379,233.2245,0.15238,3.48249,222.126,3.40033,43.68815,424.416,-0.15594,0.46493
233.1189,0.65857,16.43918,233.3083,0.15134,3.45877,222.2095,3.3865,43.51772,424.5833,-0.15613,0.46043
233.2028,0.65804,16.42604,233.3927,0.15054,3.44038,222.2922,3.37264,43.34701,424.7492,-0.15581,0.4679
233.2851,0.6576,16.41503,233.4756,0.14982,3.42398,222.3766,3.35865,43.17465,424.918,-0.15534,0.4787
233.368,0.65721,16.40537,233.559,0.14907,3.40682,222.4598,3.34455,43.00096,425.0817,-0.15532,0.47922
233.4505,0.65674,16.39354,233.6418,0.14835,3.39045,222.5424,3.33046,42.82744,425.2488,-0.15559,0.47305
233.5342,0.65624,16.38101,233.7251,0.14775,3.37668,222.6267,3.31631,42.65303,425.4172,-0.15574,0.46956
233.6188,0.65569,16.36729,233.8094,0.14713,3.36244,222.7091,3.30212,42.47828,425.5819,-0.1556,0.47277
233.7013,0.6553,16.35769,233.8916,0.14663,3.35107,222.7927,3.28817,42.30649,425.751,-0.15588,0.46638
233.7831,0.65499,16.34996,233.9772,0.14603,3.3373,222.8744,3.2743,42.13555,425.9158,-0.15617,0.45962
233.867,0.65473,16.34336,234.06,0.14547,3.32447,222.9594,3.26047,41.96519,426.085,-0.15633,0.45587
233.9499,0.65419,16.32991,234.1424,0.14512,3.31663,223.0386,3.24659,41.79416,426.2509,-0.15634,0.45565
234.0348,0.6536,16.31514,234.2254,0.14476,3.30834,223.1211,3.23254,41.62114,426.4194,-0.15644,0.45321
234.1168,0.65297,16.29949,234.3098,0.14434,3.29881,223.2065,3.21836,41.44651,426.5866,-0.1565,0.452
234.1999,0.65236,16.28422,234.3921,0.14385,3.28748,223.2903,3.20424,41.27256,426.7539,-0.15645,0.45313
234.2826,0.65175,16.26907,234.4768,0.1433,3.27505,223.373,3.19031,41.10091,426.9187,-0.15638,0.45469
234.3679,0.65117,16.2546,234.5596,0.14288,3.26535,223.4562,3.17592,40.92372,427.0878,-0.15656,0.45055
234.4505,0.65059,16.23998,234.6422,0.14258,3.2586,223.5411,3.16139,40.74471,427.253,-0.15682,0.44448
234.532,0.65002,16.22582,234.727,0.1423,3.25211,223.6239,3.14728,40.57082,427.4183,-0.15695,0.44138
234.6174,0.64945,16.21158,234.8101,0.14198,3.24484,223.7062,3.13304,40.39545,427.5868,-0.15687,0.44343
234.7002,0.64883,16.19601,234.8939,0.14167,3.2378,223.7889,3.11873,40.21911,427.7525,-0.15669,0.44755
234.7854,0.64831,16.18304,234.9775,0.14145,3.23259,223.8718,3.10406,40.03843,427.9196,-0.15673,0.44651
234.866,0.64774,16.16886,235.0617,0.1413,3.22923,223.9562,3.08959,39.86016,428.0856,-0.15663,0.4488
234.9497,0.64717,16.15476,235.1426,0.14109,3.22434,224.038,3.07549,39.68654,428.253,-0.15655,0.45072
235.0318,0.64655,16.13915,235.228,0.14076,3.2168,224.1222,3.06105,39.50859,428.419,-0.15675,0.44604
235.115,0.64609,16.1277,235.3101,0.14052,3.21131,224.2035,3.04633,39.32725,428.5839,-0.15758,0.4268
235.199,0.64556,16.11441,235.3942,0.14034,3.20736,224.288,3.03166,39.14658,428.7523,-0.15843,0.40713
235.2823,0.64502,16.10115,235.4781,0.14009,3.20164,224.3718,3.01714,38.96764,428.9196,-0.1589,0.39622
235.3658,0.64458,16.08997,235.5606,0.13979,3.19469,224.4541,3.00258,38.78833,429.0868,-0.15899,0.3941
235.4491,0.6442,16.08061,235.6444,0.13953,3.18873,224.5368,2.98823,38.61151,429.2556,-0.1588,0.39851
235.5328,0.64366,16.06719,235.7276,0.13918,3.18069,224.618,2.97388,38.43476,429.42,-0.15855,0.40447
235.6152,0.64312,16.05362,235.8108,0.13896,3.1757,224.7027,2.95947,38.25723,429.5881,-0.15841,0.40756
235.6987,0.64261,16.0408,235.8948,0.13863,3.16822,224.7862,2.94477,38.07621,429.7553,-0.15813,0.41422
235.783,0.64228,16.0327,235.9777,0.13844,3.1639,224.871,2.92971,37.89062,429.922,-0.15792,0.41903
235.866,0.64194,16.0241,236.0627,0.13827,3.15995,224.9528,2.91455,37.70395,430.09,-0.15799,0.41747
235.9489,0.64141,16.0109,236.1436,0.1381,3.15602,225.0358,2.89955,37.51913,430.256,-0.158,0.41707
236.0314,0.64077,15.99499,236.2284,0.13795,3.15262,225.12,2.88462,37.33524,430.4239,-0.1579,0.41957
236.1153,0.64001,15.97603,236.3105,0.13786,3.15073,225.2024,2.86964,37.1507,430.5904,-0.15783,0.421
236.1986,0.63924,15.95682,236.395,0.13767,3.14626,225.2871,2.85471,36.96679,430.7576,-0.15779,0.42199
236.2828,0.63857,15.94011,236.4778,0.13732,3.13821,225.371,2.83955,36.78003,430.925,-0.15759,0.42659
236.365,0.638,15.92589,236.5609,0.13699,3.13073,225.453,2.82468,36.59677,431.0912,-0.15721,0.43545
236.4493,0.63761,15.91604,236.6458,0.13681,3.12657,225.5348,2.80985,36.41417,431.2563,-0.15662,0.44914
236.5323,0.63726,15.90728,236.7284,0.13688,3.12832,225.6193,2.79488,36.22979,431.4242,-0.15581,0.46782
236.616,0.63693,15.89905,236.8114,0.13683,3.12705,225.7016,2.77974,36.0432,431.5907,-0.15571,0.47021
236.6984,0.63647,15.88749,236.8945,0.13651,3.11983,225.7866,2.76451,35.85556,431.7584,-0.15592,0.46546
236.7826,0.63602,15.87644,236.9794,0.13626,3.11414,225.8682,2.7497,35.67311,431.925,-0.15615,0.45995
236.866,0.63565,15.86712,237.062,0.13604,3.10902,225.9515,2.73477,35.48925,432.0909,-0.15658,0.45005
236.9489,0.63522,15.8565,237.1463,0.13595,3.10696,226.0366,2.71943,35.30031,432.2566,-0.15689,0.44285
237.0317,0.63492,15.84879,237.2295,0.13578,3.10318,226.1187,2.70385,35.10837,432.4233,-0.15688,0.44311
237.1153,0.63448,15.83791,237.3125,0.13547,3.0959,226.2015,2.68843,34.91836,432.5903,-0.15701,0.43998
237.1978,0.63393,15.82431,237.3954,0.13515,3.08859,226.2856,2.67303,34.72864,432.7545,-0.15734,0.4325
237.2813,0.63336,15.80985,237.4775,0.13503,3.08584,226.3702,2.65785,34.54171,432.921,-0.15754,0.42778
237.3631,0.63279,15.79574,237.5616,0.13487,3.08237,226.4518,2.64284,34.35678,433.0878,-0.15768,0.42448
237.4483,0.63214,15.77957,237.6451,0.13462,3.07663,226.5352,2.62769,34.17017,433.2534,-0.15772,0.42358
237.5291,0.63162,15.76648,237.728,0.13441,3.07182,226.6178,2.61226,33.9801,433.4203,-0.15791,0.41916
237.6123,0.63097,15.75023,237.8115,0.13424,3.06785,226.7013,2.59689,33.79071,433.5872,-0.15806,0.41572
237.6969,0.63023,15.73186,237.8949,0.13419,3.06675,226.7851,2.58151,33.6013,433.7541,-0.15819,0.41281
237.7792,0.62947,15.71288,237.9787,0.13412,3.06518,226.8676,2.56606,33.4109,433.9215,-0.15815,0.41359
237.864,0.62889,15.69843,238.0629,0.13401,3.06266,226.9511,2.55061,33.22065,434.0865,-0.15806,0.41571
237.9465,0.62839,15.68584,238.1457,0.13378,3.05739,227.037,2.53523,33.03123,434.2542,-0.15791,0.41916
238.0303,0.6278,15.67111,238.2297,0.13361,3.05344,227.1194,2.51984,32.84153,434.4204,-0.15796,0.41807
238.1122,0.62733,15.65932,238.3126,0.13344,3.04961,227.203,2.50433,32.65051,434.5876,-0.15799,0.41743
238.1965,0.62669,15.64359,238.3979,0.13327,3.04567,227.2856,2.48856,32.45628,434.7531,-0.15809,0.41509
238.28,0.62619,15.63088,238.4789,0.13305,3.04058,227.3698,2.47265,32.26027,434.9212,-0.15822,0.41212
238.3628,0.62577,15.62042,238.5625,0.13289,3.03692,227.4525,2.45681,32.06514,435.0881,-0.15832,0.40983
238.4461,0.62532,15.60928,238.647,0.13272,3.03309,227.535,2.44128,31.87383,435.2547,-0.15842,0.40747
238.528,0.62491,15.59899,238.7313,0.13268,3.03226,227.6173,2.42572,31.68211,435.4219,-0.15868,0.40128
238.6128,0.62443,15.58701,238.8144,0.13263,3.03101,227.7034,2.41015,31.49038,435.5898,-0.15877,0.39921
238.6955,0.62397,15.5757,238.8989,0.1324,3.02585,227.7851,2.3947,31.30008,435.7546,-0.15872,0.40038
238.7804,0.62348,15.56323,238.9808,0.1321,3.019,227.8681,2.37924,31.10952,435.9231,-0.15868,0.4013
238.8634,0.62292,15.54926,239.0646,0.13195,3.01557,227.9516,2.36366,30.91763,436.0902,-0.15867,0.40163
238.9452,0.62239,15.5361,239.148,0.13192,3.01491,228.036,2.34788,30.72332,436.2564,-0.15867,0.40156
239.0285,0.62187,15.52316,239.2317,0.13181,3.01232,228.1179,2.33198,30.5274,436.4222,-0.15881,0.39847
239.112,0.62137,15.51077,239.315,0.13168,3.00935,228.201,2.31612,30.33204,436.5899,-0.15889,0.39658
239.1954,0.62091,15.49921,239.398,0.13142,3.0034,228.2862,2.30038,30.1381,436.7574,-0.15896,0.39486
239.2773,0.62045,15.48759,239.4804,0.13106,2.99523,228.3696,2.28418,29.93854,436.9244,-0.15908,0.39204
239.361,0.61982,15.47204,239.5642,0.13089,2.99126,228.4511,2.26796,29.73869,437.0924,-0.15906,0.39257
239.4444,0.61913,15.45487,239.6484,0.13084,2.99018,228.536,2.25205,29.54276,437.2568,-0.15909,0.39186
239.5292,0.61845,15.43789,239.7312,0.13079,2.98906,228.6184,2.23609,29.34618,437.4235,-0.15912,0.39122
239.6098,0.61779,15.42131,239.8144,0.13068,2.98654,228.7022,2.22034,29.15209,437.5907,-0.15924,0.38838
239.6944,0.61718,15.40607,239.8984,0.13044,2.98093,228.784,2.20474,28.95999,437.757,-0.15934,0.38599
239.776,0.61648,15.38855,239.9808,0.13023,2.97631,228.8675,2.18901,28.76623,437.9241,-0.15932,0.38667
239.8592,0.61587,15.37347,240.0644,0.13002,2.97145,228.9507,2.17299,28.56891,438.0914,-0.15928,0.38742
239.9448,0.61552,15.36467,240.149,0.12974,2.96498,229.0347,2.15695,28.37121,438.2581,-0.15938,0.38524
240.0274,0.6151,15.35408,240.2313,0.12948,2.95903,229.117,2.14093,28.17387,438.4264,-0.15939,0.38498
240.1108,0.61458,15.34115,240.3146,0.12938,2.95674,229.2001,2.12483,27.97552,438.5938,-0.15945,0.38356
240.1944,0.61403,15.32739,240.3973,0.12937,2.95649,229.284,2.10864,27.77615,438.761,-0.15949,0.38259
240.2778,0.61332,15.30979,240.4807,0.12941,2.95757,229.3672,2.0925,27.57734,438.9278,-0.15963,0.37927
240.3584,0.61263,15.29242,240.5648,0.12932,2.95548,229.4504,2.0765,27.38024,439.095,-0.15958,0.38051
240.4425,0.6121,15.27937,240.6478,0.12907,2.94977,229.532,2.06045,27.18245,439.2598,-0.15944,0.38383
240.5263,0.61179,15.27144,240.7308,0.12876,2.94268,229.6157,2.04438,26.98459,439.429,-0.15932,0.38665
240.6096,0.61147,15.26364,240.8158,0.12857,2.93828,229.6998,2.02837,26.78727,439.5967,-0.15925,0.38819
240.6953,0.61103,15.25259,240.8985,0.12838,2.93403,229.7846,2.01239,26.59044,439.7616,-0.15938,0.38511
240.7776,0.61039,15.23667,240.9848,0.12818,2.92933,229.8676,1.99642,26.39371,439.9287,-0.15946,0.38322
240.8616,0.60967,15.21862,241.0667,0.12807,2.92698,229.9505,1.98069,26.19991,440.0967,-0.15941,0.38454
240.9452,0.60913,15.20516,241.1484,0.12799,2.92506,230.0334,1.96451,26.00064,440.2636,-0.15936,0.38553
241.0261,0.60875,15.19556,241.232,0.12784,2.9217,230.1166,1.94814,25.79895,440.4308,-0.15926,0.38805
241.1111,0.60849,15.18911,241.3153,0.12769,2.91815,230.2016,1.93181,25.59786,440.5974,-0.15941,0.3844
241.1927,0.60811,15.17959,241.4,0.12753,2.91455,230.2851,1.91555,25.39755,440.765,-0.15947,0.38305
241.2766,0.60761,15.1671,241.4858,0.12736,2.91068,230.3672,1.89941,25.19864,440.9343,-0.15963,0.3793
241.3591,0.60697,15.15117,241.5667,0.12716,2.90597,230.45,1.88341,25.00154,441.0994,-0.15986,0.37409
241.4435,0.60637,15.13616,241.6512,0.12699,2.90228,230.5347,1.86729,24.80295,441.2668,-0.15989,0.37336
241.5265,0.60566,15.11852,241.7334,0.12701,2.90262,230.618,1.8511,24.60353,441.4328,-0.15977,0.37607
241.6094,0.60511,15.10488,241.817,0.12699,2.90227,230.7002,1.83497,24.40484,441.6004,-0.16005,0.36954
241.6925,0.60472,15.09512,241.901,0.12682,2.89823,230.7839,1.81924,24.21106,441.7657,-0.1603,0.36375
241.7764,0.60421,15.08232,241.9821,0.12642,2.88924,230.8661,1.80332,24.01496,441.933,-0.1601,0.36857
241.8597,0.60353,15.06529,242.0679,0.12622,2.88454,230.9493,1.78727,23.81727,442.0996,-0.16006,0.36931
241.9443,0.60281,15.04748,242.1508,0.12614,2.88268,231.0332,1.77137,23.62145,442.2666,-0.16004,0.36993
242.0256,0.6021,15.02956,242.234,0.126,2.87952,231.115,1.75566,23.42784,442.4333,-0.16023,0.3655
242.1106,0.60153,15.0154,242.318,0.12592,2.87767,231.1988,1.74005,23.23555,442.5996,-0.16008,0.36905
242.1938,0.60114,15.00571,242.401,0.12584,2.87597,231.2835,1.72428,23.04125,442.7672,-0.15992,0.37255
242.2754,0.60066,14.99374,242.4836,0.1258,2.8751,231.3682,1.70866,22.84889,442.9336,-0.1601,0.36843
242.358,0.60016,14.98135,242.5672,0.12578,2.87465,231.4508,1.69297,22.65567,443.099,-0.16029,0.36404
242.4419,0.59957,14.96644,242.6507,0.12561,2.87063,231.5324,1.67727,22.46218,443.2658,-0.15999,0.37102
242.5254,0.59901,14.9525,242.7332,0.12526,2.86257,231.6168,1.66158,22.26898,443.4337,-0.15981,0.37523
242.6088,0.59856,14.94132,242.818,0.12505,2.85777,231.7,1.64598,22.07674,443.6015,-0.15982,0.37501
242.6915,0.59824,14.93328,242.9008,0.12493,2.85501,231.783,1.63054,21.88658,443.7664,-0.16002,0.37041
242.7755,0.5977,14.9198,242.9839,0.12479,2.85182,231.8689,1.6151,21.6964,443.9357,-0.16002,0.37032
242.8588,0.5971,14.90487,243.067,0.12457,2.84695,231.9508,1.59946,21.50373,444.101,-0.16003,0.37016
242.9424,0.59645,14.88869,243.1512,0.12443,2.8438,232.0325,1.58366,21.30901,444.2684,-0.16007,0.36929
243.0254,0.59579,14.87208,243.2339,0.12439,2.84275,232.1184,1.56789,21.11482,444.4352,-0.16013,0.36775
243.1094,0.59516,14.85643,243.317,0.12441,2.84314,232.1996,1.55206,20.91974,444.6026,-0.16014,0.36762
243.1924,0.59457,14.84167,243.4001,0.12442,2.84339,232.2828,1.53617,20.72409,444.77,-0.16024,0.36514
243.2752,0.59398,14.82689,243.4826,0.12444,2.8439,232.367,1.52039,20.52963,444.9361,-0.16037,0.36222
243.3592,0.59337,14.8117,243.5674,0.12438,2.84246,232.4504,1.50468,20.3361,445.1022,-0.16029,0.36416
243.4419,0.59268,14.79442,243.651,0.12423,2.83923,232.5334,1.4889,20.14169,445.2709,-0.16034,0.36286
243.5262,0.59202,14.77795,243.7338,0.12417,2.83769,232.6186,1.4729,19.94466,445.4373,-0.16044,0.36052
243.6076,0.59134,14.76108,243.8183,0.12424,2.83929,232.7013,1.4567,19.74504,445.602,-0.1605,0.35911
243.6916,0.59078,14.74698,243.9002,0.12398,2.83345,232.7832,1.44051,19.54566,445.7696,-0.16058,0.35741
243.7742,0.59029,14.73488,243.9834,0.1236,2.82468,232.8651,1.42448,19.34817,445.9368,-0.16076,0.3532
243.8583,0.58985,14.72399,244.0678,0.1233,2.81785,232.9502,1.40855,19.15193,446.1054,-0.16082,0.3519
243.9408,0.58926,14.7092,244.151,0.12313,2.81389,233.0338,1.3926,18.95549,446.2724,-0.16081,0.35198
244.0238,0.5886,14.69269,244.2334,0.12306,2.81249,233.1162,1.37654,18.75766,446.4387,-0.16097,0.34835
244.1076,0.58799,14.67746,244.3168,0.1229,2.80875,233.2005,1.36038,18.55859,446.6067,-0.1612,0.34298
244.1915,0.58745,14.66406,244.3988,0.12275,2.80528,233.2824,1.3442,18.35927,446.7725,-0.1612,0.34298
244.2732,0.5869,14.65029,244.4834,0.1226,2.80182,233.3667,1.32793,18.15882,446.9398,-0.1611,0.34536
244.3578,0.5864,14.63779,244.5661,0.12247,2.79884,233.4489,1.31176,17.95962,447.1072,-0.16126,0.34148
244.4417,0.58592,14.62586,244.6495,0.12244,2.7981,233.5333,1.29545,17.75869,447.274,-0.16139,0.33858
244.5239,0.58545,14.61403,244.7324,0.12234,2.79595,233.6159,1.2792,17.55848,447.4412,-0.16123,0.34241
244.6074,0.58494,14.60134,244.818,0.12226,2.7941,233.7001,1.26288,17.35746,447.6072,-0.16107,0.34597
244.6911,0.58445,14.58901,244.901,0.12222,2.79318,233.7832,1.24668,17.1579,447.775,-0.16102,0.3471
244.7741,0.58396,14.57681,244.9828,0.12216,2.79172,233.8667,1.23044,16.95779,447.9402,-0.1612,0.34294
244.8568,0.58337,14.56202,245.0671,0.12211,2.79065,233.9509,1.21427,16.7587,448.1085,-0.16136,0.33926
244.9418,0.58277,14.54725,245.1512,0.12201,2.7885,234.0337,1.19811,16.55953,448.2754,-0.16147,0.3367
245.0249,0.58221,14.53326,245.2328,0.12192,2.78624,234.1189,1.18124,16.35179,448.4432,-0.16152,0.33567
245.1102,0.58151,14.51578,245.3158,0.12174,2.7822,234.2007,1.16443,16.14463,448.6078,-0.16169,0.33168
245.1908,0.58079,14.49781,245.4006,0.12159,2.77873,234.2834,1.14769,15.93851,448.7768,-0.16179,0.32932
245.2754,0.58023,14.48378,245.4846,0.12146,2.77593,234.3683,1.13099,15.73272,448.9426,-0.16173,0.33063
245.358,0.57961,14.46818,245.568,0.12134,2.77307,234.4503,1.11462,15.5311,449.1092,-0.16159,0.33406
245.4414,0.57908,14.45508,245.6502,0.12098,2.7649,234.5332,1.09818,15.32858,449.277,-0.16147,0.33679
245.5249,0.57856,14.44195,245.7329,0.1207,2.75846,234.6148,1.08157,15.12392,449.4448,-0.16137,0.33912
245.6086,0.57805,14.42923,245.8163,0.1205,2.75396,234.6999,1.06493,14.91898,449.6108,-0.1611,0.3454
245.6913,0.57756,14.41702,245.8985,0.12046,2.75293,234.7823,1.04814,14.71219,449.7778,-0.16085,0.35107
245.775,0.57708,14.40507,245.9826,0.12031,2.7496,234.8663,1.0313,14.50464,449.946,-0.16114,0.34438
245.8577,0.57661,14.39338,246.0656,0.12011,2.74487,234.9491,1.0145,14.2977,450.1132,-0.16136,0.33926
245.9413,0.5761,14.38052,246.1488,0.11972,2.73603,235.0351,0.99777,14.09167,450.2795,-0.16149,0.33626
246.0239,0.57561,14.36835,246.2325,0.11957,2.73261,235.116,0.98096,13.88463,450.4448,-0.16151,0.3358
246.1075,0.57505,14.35454,246.3178,0.11957,2.73266,235.199,0.96401,13.67572,450.6122,-0.16153,0.33546
246.1903,0.5745,14.34073,246.4004,0.11951,2.73127,235.2834,0.94715,13.4681,450.7789,-0.16158,0.33419
246.2744,0.57389,14.3255,246.4856,0.11952,2.73139,235.367,0.9303,13.26056,450.9462,-0.16162,0.33316
246.3576,0.57329,14.31047,246.567,0.11954,2.732,235.4508,0.91338,13.05212,451.1137,-0.16159,0.33399
246.4406,0.57272,14.29619,246.6505,0.1194,2.72882,235.5346,0.89653,12.84456,451.2791,-0.16169,0.33152
246.5244,0.57218,14.28283,246.734,0.11913,2.72264,235.6172,0.8798,12.63843,451.448,-0.16163,0.33302
246.6075,0.57167,14.27001,246.8189,0.11877,2.71445,235.7004,0.86305,12.43208,451.6142,-0.16161,0.3335
246.6918,0.57124,14.25938,246.9003,0.11856,2.70947,235.7856,0.84627,12.2254,451.7814,-0.16147,0.33663
246.7756,0.57091,14.25119,246.984,0.11843,2.70661,235.8683,0.82967,12.02086,451.9486,-0.1617,0.33138
246.8581,0.57041,14.23851,247.0678,0.11845,2.70699,235.9516,0.81271,11.81192,452.1141,-0.16189,0.32699
246.9404,0.56978,14.2229,247.1499,0.11834,2.70454,236.035,0.79578,11.60333,452.2816,-0.1617,0.33145
247.0232,0.56915,14.20726,247.2328,0.1181,2.69897,236.1178,0.77912,11.39811,452.4474,-0.16152,0.3355
247.1066,0.56854,14.19185,247.3183,0.11784,2.69303,236.2015,0.7623,11.19091,452.6156,-0.1616,0.33383
247.1914,0.56796,14.17742,247.4009,0.11768,2.68943,236.2843,0.74539,10.9827,452.7828,-0.16174,0.33044
247.2752,0.56732,14.16159,247.4854,0.11757,2.687,236.3688,0.72847,10.77422,452.9502,-0.16185,0.32787
247.3578,0.56672,14.14659,247.5676,0.11763,2.68818,236.452,0.71153,10.56556,453.117,-0.16201,0.32412
247.4394,0.56624,14.13455,247.6514,0.11774,2.69088,236.5333,0.69459,10.35685,453.2836,-0.16226,0.31842
247.525,0.56576,14.12249,247.7344,0.11772,2.6904,236.6176,0.67757,10.14714,453.4486,-0.16241,0.31502
247.608,0.56537,14.11283,247.8185,0.11766,2.6889,236.7028,0.66052,9.93713,453.6184,-0.16229,0.31771
247.6934,0.56483,14.09943,247.9017,0.11751,2.68548,236.7853,0.64355,9.72805,453.7856,-0.16229,0.3177
247.775,0.56418,14.08308,247.984,0.11723,2.6791,236.8673,0.62631,9.51569,453.9508,-0.16228,0.31806
247.8565,0.56347,14.06542,248.0673,0.11695,2.67283,236.9506,0.60906,9.30327,454.1187,-0.16225,0.31856
247.9409,0.56288,14.05053,248.1524,0.11688,2.67121,237.034,0.59195,9.09242,454.2848,-0.16247,0.31348
248.0244,0.56232,14.03677,248.2364,0.117,2.67382,237.1184,0.57482,8.88146,454.4516,-0.16273,0.30752
248.1078,0.56184,14.02479,248.318,0.11699,2.67363,237.2,0.55777,8.67136,454.6192,-0.1627,0.30831
248.1903,0.56133,14.01191,248.4024,0.11682,2.66972,237.2837,0.54076,8.46188,454.788,-0.16253,0.31212
248.2724,0.56073,13.99697,248.4838,0.11662,2.66526,237.3666,0.52345,8.24867,454.9522,-0.16261,0.31029
248.3566,0.56006,13.98026,248.5678,0.11643,2.66082,237.4494,0.50634,8.03784,455.121,-0.16268,0.30877
248.4409,0.55942,13.96415,248.6525,0.11637,2.65955,237.533,0.48958,7.83141,455.2877,-0.16269,0.30855
248.5242,0.55869,13.94606,248.7329,0.11624,2.65658,237.6177,0.47266,7.62298,455.4542,-0.16268,0.30859
248.6076,0.55812,13.93175,248.8197,0.11616,2.65465,237.7004,0.45564,7.41335,455.6218,-0.16269,0.3085
248.6902,0.55763,13.91954,248.8999,0.11608,2.65296,237.7842,0.43842,7.20113,455.788,-0.16269,0.30838
248.7758,0.55717,13.90805,248.9836,0.11587,2.64803,237.8675,0.4213,6.99028,455.9552,-0.1627,0.30817
248.8594,0.5567,13.8964,249.0669,0.1157,2.64417,237.9498,0.40421,6.77978,456.123,-0.16276,0.30693
248.9413,0.55618,13.88346,249.151,0.11556,2.64093,238.0335,0.38702,6.56805,456.2898,-0.16289,0.30375
249.0246,0.55554,13.86754,249.2334,0.11537,2.63673,238.1174,0.36999,6.3582,456.4547,-0.163,0.30127
249.1083,0.55499,13.85364,249.3169,0.11517,2.63212,238.2003,0.35289,6.14754,456.6225,-0.1631,0.29886
249.1914,0.5544,13.83889,249.401,0.11499,2.62794,238.2852,0.33592,5.93855,456.7903,-0.16307,0.29973
249.274,0.5538,13.82401,249.484,0.11491,2.62619,238.3696,0.31898,5.72987,456.9562,-0.16316,0.29767
249.357,0.55319,13.80877,249.5677,0.11495,2.62696,238.4515,0.30183,5.51861,457.1222,-0.16324,0.29579
249.4407,0.55259,13.79373,249.6512,0.11505,2.62941,238.5342,0.28458,5.30612,457.2908,-0.16321,0.2965
249.5239,0.55213,13.7823,249.7352,0.11502,2.62858,238.6158,0.26742,5.09469,457.457,-0.16312,0.29861
249.6071,0.5518,13.77404,249.8169,0.11474,2.62218,238.6996,0.25018,4.88228,457.6264,-0.16298,0.30169
249.6902,0.55142,13.76455,249.9,0.11441,2.61475,238.7848,0.23295,4.67004,457.792,-0.16299,0.30159
249.7737,0.55107,13.75586,249.9836,0.11417,2.60925,238.8668,0.21579,4.45866,457.959,-0.16292,0.30315
249.857,0.55066,13.74551,250.0657,0.1139,2.603,238.9502,0.19862,4.24716,458.1252,-0.16287,0.30437
249.9407,0.55018,13.73373,250.1504,0.11377,2.59998,239.033,0.18165,4.03808,458.294,-0.16308,0.29935
250.0244,0.54964,13.72006,250.2349,0.11374,2.59928,239.1165,0.16465,3.82867,458.4598,-0.16324,0.29562
250.107,0.54907,13.70601,250.3172,0.11364,2.59719,239.1992,0.14764,3.61914,458.6254,-0.16326,0.29521
250.1892,0.54849,13.69151,250.4,0.1137,2.59845,239.2822,0.1307,3.4104,458.792,-0.1631,0.29886
250.2731,0.54792,13.67733,250.4849,0.11359,2.59594,239.3674,0.11385,3.20288,458.9594,-0.16312,0.29844
250.3572,0.54748,13.66617,250.5687,0.11345,2.5927,239.4496,0.09717,2.99741,459.1265,-0.16331,0.29413
250.4398,0.54691,13.652,250.6524,0.11334,2.59029,239.5309,0.08059,2.79313,459.296,-0.16341,0.29187
250.523,0.54602,13.62978,250.734,0.11322,2.58759,239.6156,0.06404,2.58933,459.4631,-0.16358,0.28792
250.607,0.54512,13.60735,250.818,0.11302,2.58288,239.6992,0.04768,2.38772,459.6288,-0.16371,0.28473
250.6904,0.54431,13.58697,250.9029,0.11293,2.58092,239.784,0.03177,2.19182,459.7961,-0.16365,0.2861
250.7756,0.54366,13.57094,250.9848,0.11279,2.5776,239.8655,0.01633,2.00162,459.9626,-0.16357,0.28806
250.8566,0.5431,13.55687,251.0705,0.11271,2.57575,239.9479,0.00129,1.8163,460.1294,-0.16356,0.28821
250.9396,0.54257,13.54365,251.1516,0.11259,2.57309,240.0306,-0.01301,1.64016,460.2953,-0.16367,0.28564
251.023,0.54198,13.52902,251.2348,0.11238,2.56827,240.1143,-0.0267,1.47146,460.4628,-0.16373,0.28425
251.1062,0.54142,13.5149,251.3194,0.11232,2.56699,240.1977,-0.03938,1.31531,460.629,-0.16378,0.28319
251.1906,0.54082,13.49993,251.4023,0.11216,2.56324,240.2799,-0.05111,1.17082,460.7973,-0.16379,0.28295
251.2734,0.54041,13.4898,251.4846,0.11204,2.56054,240.365,-0.06211,1.0353,460.9618,-0.16431,0.27101
251.3573,0.54002,13.47995,251.569,0.11204,2.56061,240.4466,-0.07246,0.90773,461.1299,-0.16457,0.26478
251.4394,0.53944,13.46562,251.6522,0.11201,2.55984,240.5311,-0.08209,0.78917,461.2966,-0.16462,0.26373
251.5236,0.53881,13.44981,251.7357,0.11194,2.55813,240.6136,-0.0906,0.68439,461.4638,-0.16467,0.26252
251.6082,0.53811,13.43223,251.8182,0.11185,2.55614,240.697,-0.09796,0.59361,461.6312,-0.16467,0.26255
251.6898,0.53756,13.41855,251.9028,0.11168,2.5524,240.7789,-0.10448,0.51335,461.7994,-0.16454,0.26557
251.772,0.53716,13.40863,251.9848,0.11169,2.55251,240.8612,-0.11033,0.44125,461.9652,-0.16456,0.26511
251.8556,0.53673,13.39781,252.0676,0.11154,2.54921,240.9454,-0.11577,0.37421,462.1331,-0.16457,0.26489
251.9398,0.53617,13.38388,252.1515,0.11107,2.53836,241.0289,-0.12047,0.31634,462.299,-0.16454,0.26554
252.0224,0.53565,13.37098,252.2347,0.11085,2.53339,241.1134,-0.12449,0.26679,462.4666,-0.16447,0.26729
252.1073,0.53509,13.357,252.3187,0.11068,2.52934,241.1956,-0.12769,0.22745,462.6325,-0.16444,0.26798
252.1891,0.53456,13.34375,252.4024,0.11052,2.5259,241.2795,-0.13006,0.19828,462.8008,-0.16457,0.26485
252.2746,0.5341,13.33214,252.4856,0.1104,2.52311,241.362,-0.13173,0.17769,462.9685,-0.16455,0.26525
252.3558,0.53359,13.31946,252.5688,0.11031,2.52096,241.4444,-0.13315,0.16011,463.1362,-0.16444,0.26789
252.4392,0.53305,13.30601,252.6512,0.11026,2.51979,241.5284,-0.1342,0.14721,463.3027,-0.16436,0.26977
252.5222,0.53254,13.29336,252.7348,0.11022,2.51886,241.6112,-0.13489,0.13868,463.4694,-0.16433,0.27051
252.6051,0.53191,13.27752,252.8192,0.11022,2.51904,241.6943,-0.13528,0.1339,463.6348,-0.16435,0.27009
252.6889,0.53127,13.2617,252.9033,0.1104,2.52297,241.777,-0.13581,0.12738,463.8036,-0.16427,0.2719
252.7727,0.53079,13.24967,252.986,0.11046,2.5245,241.8608,-0.13626,0.1218,463.9687,-0.16427,0.27177
252.8561,0.53022,13.23539,253.0696,0.11045,2.52413,241.9442,-0.13666,0.11695,464.1367,-0.16407,0.2765
252.9394,0.52962,13.22045,253.1513,0.11022,2.51904,242.0279,-0.1369,0.11396,464.303,-0.16345,0.29094
253.0224,0.52909,13.20705,253.2351,0.10999,2.51378,242.1088,-0.13722,0.11001,464.4713,-0.16316,0.29746
253.1066,0.52865,13.19623,253.319,0.10969,2.50674,242.1918,-0.13739,0.10789,464.6374,-0.16329,0.29467
253.191,0.52812,13.18284,253.4017,0.10952,2.50302,242.2763,-0.13722,0.11003,464.8029,-0.16364,0.28654
253.2734,0.5276,13.16992,253.4868,0.10946,2.50163,242.3592,-0.13728,0.10926,464.9697,-0.16387,0.28119
253.3564,0.52712,13.15804,253.5684,0.10941,2.5005,242.4438,-0.13773,0.10376,465.1365,-0.1639,0.28033
253.4396,0.52667,13.14678,253.6533,0.10937,2.49944,242.5272,-0.13788,0.10192,465.3042,-0.16415,0.27451
253.5224,0.5261,13.13256,253.7348,0.10928,2.49738,242.6114,-0.13785,0.10231,465.4708,-0.16445,0.26761
253.6064,0.52551,13.11791,253.8182,0.10921,2.49579,242.693,-0.13781,0.10282,465.636,-0.16462,0.26368
253.6885,0.52475,13.09889,253.9018,0.10912,2.49388,242.7769,-0.13762,0.10516,465.8031,-0.16472,0.26142
253.7703,0.52404,13.08099,253.9831,0.10901,2.49136,242.8603,-0.13751,0.1064,465.9699,-0.16479,0.25986
253.8542,0.52352,13.06817,254.0665,0.10896,2.49005,242.9448,-0.13735,0.10848,466.1367,-0.16486,0.25823
253.9384,0.523,13.05514,254.15,0.10885,2.48753,243.0256,-0.13731,0.10888,466.3026,-0.16487,0.25796
254.0207,0.52251,13.04289,254.2337,0.10873,2.48494,243.11,-0.13724,0.10976,466.4716,-0.16494,0.25625
254.104,0.52197,13.02939,254.3177,0.1086,2.48189,243.1938,-0.13717,0.1107,466.6379,-0.16513,0.2519
254.188,0.52139,13.01504,254.4,0.10845,2.47849,243.2759,-0.13721,0.11013,466.8034,-0.16514,0.25158
254.2728,0.52084,13.00135,254.4846,0.10826,2.47415,243.3602,-0.13722,0.10997,466.9722,-0.16503,0.25414
254.3546,0.5202,12.98527,254.5674,0.1081,2.47058,243.4442,-0.13719,0.11044,467.1375,-0.16498,0.25529
254.4397,0.51967,12.97211,254.65,0.10808,2.47006,243.5265,-0.13719,0.11042,467.305,-0.16471,0.26161
254.5224,0.51915,12.95908,254.7352,0.1079,2.46581,243.609,-0.13726,0.10954,467.4728,-0.16445,0.26759
254.6077,0.51863,12.94603,254.8192,0.10772,2.4619,243.6938,-0.13759,0.10543,467.6394,-0.1643,0.27116
254.6892,0.51822,12.93589,254.9018,0.10754,2.45771,243.7768,-0.1377,0.10407,467.8061,-0.16436,0.2698
254.7716,0.51778,12.92478,254.9845,0.10736,2.45355,243.8608,-0.13776,0.10332,467.9739,-0.16446,0.26754
254.8556,0.51734,12.91388,255.0696,0.10725,2.45096,243.9432,-0.13773,0.10372,468.1396,-0.1644,0.26878
254.937,0.5168,12.90052,255.1513,0.10717,2.44928,244.0275,-0.13758,0.10561,468.3078,-0.16444,0.26798
255.021,0.51624,12.8865,255.2351,0.10688,2.44258,244.1108,-0.13748,0.10686,468.4754,-0.16441,0.26858
255.1055,0.51581,12.87556,255.3158,0.10655,2.43514,244.1945,-0.1372,0.11029,468.6417,-0.16444,0.26801
255.1893,0.51541,12.86581,255.4008,0.10632,2.42971,244.2794,-0.13686,0.11447,468.808,-0.16437,0.26962
255.2714,0.51494,12.85391,255.4839,0.10616,2.42616,244.3618,-0.13683,0.11489,468.9746,-0.16441,0.2686
255.3555,0.51453,12.84372,255.566,0.1061,2.42473,244.4448,-0.13706,0.11201,469.1422,-0.16434,0.2702
255.4392,0.51422,12.83599,255.6506,0.10606,2.4238,244.528,-0.13731,0.10896,469.311,-0.16434,0.27032
255.5219,0.51376,12.82455,255.733,0.1059,2.42013,244.6118,-0.13743,0.1074,469.4765,-0.16425,0.27228
255.6035,0.51322,12.81099,255.8185,0.10592,2.42063,244.6955,-0.1375,0.10652,469.6425,-0.16428,0.27162
255.6879,0.51264,12.79643,255.8996,0.10579,2.41767,244.7778,-0.13746,0.10712,469.8104,-0.16432,0.27073
255.7695,0.51201,12.78076,255.9845,0.10558,2.41289,244.861,-0.13744,0.10729,469.9762,-0.16436,0.26985
255.8536,0.51144,12.76651,256.0674,0.10568,2.41518,244.9451,-0.13736,0.10835,470.1432,-0.16431,0.27084
255.9375,0.51102,12.75599,256.1509,0.10568,2.41528,245.028,-0.13717,0.11061,470.312,-0.16417,0.27405
256.0202,0.51041,12.74096,256.2339,0.10561,2.41351,245.1124,-0.13718,0.11055,470.4772,-0.1642,0.27337
256.1041,0.50963,12.72131,256.3176,0.10538,2.40822,245.1963,-0.13709,0.11159,470.646,-0.16413,0.27517
256.1865,0.50893,12.70392,256.3998,0.10515,2.40305,245.2802,-0.13697,0.11306,470.8102,-0.16428,0.27166
256.2711,0.50819,12.68552,256.4825,0.10501,2.39993,245.3624,-0.1369,0.11396,470.98,-0.1643,0.27115
256.3545,0.50754,12.66913,256.5666,0.10488,2.39682,245.447,-0.13694,0.11348,471.1467,-0.16429,0.27146
256.437,0.50712,12.65872,256.6514,0.10476,2.39419,245.5278,-0.13705,0.11218,471.3133,-0.16435,0.27002
256.5196,0.50673,12.6491,256.7344,0.10481,2.3954,245.615,-0.13715,0.11091,471.4791,-0.16431,0.27083
256.6042,0.50617,12.63513,256.8167,0.10442,2.38632,245.6965,-0.13727,0.10936,471.6469,-0.16436,0.26986
256.6875,0.50548,12.61787,256.9006,0.10431,2.38382,245.7802,-0.13753,0.10618,471.8139,-0.16447,0.26732
256.7716,0.50502,12.60622,256.9842,0.10436,2.38491,245.8623,-0.13773,0.10373,471.9813,-0.16461,0.26386
256.8528,0.50463,12.59669,257.0664,0.10437,2.38531,245.9464,-0.13789,0.10177,472.1474,-0.16482,0.25915
256.9375,0.50409,12.58312,257.1506,0.10442,2.38649,246.0318,-0.13791,0.1015,472.3157,-0.1649,0.25725
257.0214,0.50366,12.57231,257.2332,0.10444,2.38681,246.1133,-0.13804,0.09991,472.4824,-0.16478,0.2601
257.1031,0.50325,12.56215,257.3163,0.10431,2.38379,246.1969,-0.13796,0.10094,472.649,-0.1648,0.25951
257.1858,0.50276,12.54999,257.402,0.10423,2.38198,246.2802,-0.13777,0.1032,472.8172,-0.16479,0.25974
257.2691,0.50225,12.53716,257.4832,0.10425,2.38261,246.363,-0.13782,0.10261,472.9835,-0.16487,0.25797
257.3545,0.50189,12.52831,257.5668,0.10413,2.37972,246.4465,-0.1378,0.10286,473.1498,-0.16481,0.25933
257.4373,0.50138,12.51559,257.6506,0.10378,2.37175,246.5308,-0.1378,0.10291,473.3168,-0.16473,0.26127
257.5212,0.50091,12.50381,257.735,0.10353,2.36614,246.6154,-0.13782,0.10258,473.4835,-0.16474,0.26094
257.6042,0.50041,12.49118,257.8183,0.10343,2.36368,246.6968,-0.13787,0.10204,473.651,-0.16478,0.26007
257.688,0.49983,12.47689,257.9006,0.10359,2.36738,246.781,-0.13785,0.10226,473.8168,-0.16481,0.2593
257.7702,0.49923,12.46192,257.9846,0.1038,2.37231,246.8663,-0.13775,0.10353,473.9844,-0.16493,0.25654
257.8535,0.49868,12.44812,258.0666,0.10397,2.37604,246.949,-0.13761,0.10524,474.152,-0.16485,0.25838
257.9375,0.49812,12.43413,258.151,0.10412,2.37958,247.0314,-0.13764,0.10483,474.3197,-0.16476,0.26059
258.0215,0.49778,12.42558,258.232,0.10404,2.37766,247.116,-0.1374,0.10777,474.4852,-0.16462,0.26368
258.103,0.49753,12.41934,258.319,0.10386,2.3736,247.1984,-0.13747,0.10696,474.652,-0.16466,0.26292
258.1857,0.49698,12.40571,258.3996,0.10355,2.36654,247.2827,-0.13759,0.10548,474.8198,-0.16474,0.26102
258.271,0.49646,12.39273,258.4837,0.10357,2.3669,247.3669,-0.13756,0.10582,474.9859,-0.16506,0.2535
258.3539,0.49591,12.37893,258.5671,0.10359,2.36739,247.4484,-0.13748,0.1068,475.152,-0.16529,0.24828
258.4387,0.49543,12.36705,258.65,0.10343,2.36366,247.5332,-0.13747,0.10701,475.3191,-0.16511,0.25248
258.5224,0.49504,12.35722,258.7326,0.1033,2.3607,247.6168,-0.13779,0.10304,475.4869,-0.16512,0.25212
258.6058,0.49468,12.34812,258.815,0.1031,2.35624,247.7,-0.13788,0.10193,475.6531,-0.16509,0.25293
258.6886,0.49424,12.33718,258.8986,0.10291,2.35186,247.7844,-0.13779,0.10303,475.8207,-0.16508,0.25305
258.7716,0.49278,12.30088,258.9823,0.10274,2.34803,247.8684,-0.13764,0.10483,475.9866,-0.16504,0.25391
258.8542,0.49148,12.2683,259.065,0.10253,2.34311,247.9498,-0.1377,0.10407,476.1531,-0.16492,0.25673
258.9369,0.48986,12.22779,259.1477,0.10244,2.34122,248.0347,-0.13781,0.10276,476.3213,-0.16476,0.26038
259.0202,0.48861,12.19668,259.2312,0.10235,2.33916,248.1175,-0.13784,0.10234,476.4906,-0.16466,0.2629
259.1032,0.48751,12.16936,259.3137,0.10218,2.33518,248.201,-0.13783,0.10256,476.6566,-0.16454,0.26563
259.1882,0.48668,12.14855,259.3966,0.10206,2.33254,248.2846,-0.13764,0.10486,476.8224,-0.16446,0.26751
259.2716,0.48568,12.12366,259.479,0.102,2.33108,248.3684,-0.13757,0.1057,476.99,-0.16471,0.26175
259.3537,0.48494,12.10502,259.5627,0.10181,2.32676,248.4529,-0.13758,0.10556,477.1558,-0.16486,0.25818
259.4372,0.48438,12.09122,259.6456,0.10159,2.32179,248.5354,-0.1377,0.10418,477.3248,-0.16508,0.25315
259.5211,0.48378,12.07619,259.7285,0.10133,2.31571,248.6187,-0.13771,0.10398,477.4898,-0.16523,0.24967
259.604,0.48304,12.05776,259.8106,0.1012,2.31289,248.701,-0.1377,0.10417,477.659,-0.16529,0.24815
259.688,0.48238,12.04123,259.8922,0.10122,2.31331,248.7861,-0.13775,0.10348,477.8254,-0.16531,0.24778
259.7724,0.48205,12.03297,259.9775,0.10094,2.30688,248.8697,-0.13757,0.10571,477.9909,-0.16527,0.24868
259.8533,0.48165,12.02298,260.0608,0.10068,2.30087,248.9534,-0.13749,0.10672,478.1594,-0.16529,0.24817
259.9386,0.48147,12.01837,260.1426,0.10053,2.29756,249.0364,-0.13757,0.10577,478.3252,-0.16525,0.24906
260.0194,0.48118,12.01117,260.2268,0.10045,2.29569,249.1198,-0.1377,0.10409,478.4926,-0.16513,0.25183
260.1046,0.48073,12.00009,260.311,0.10028,2.29189,249.203,-0.13787,0.10206,478.6602,-0.16513,0.25184
260.1866,0.48015,11.9856,260.3929,0.10019,2.28971,249.2869,-0.13813,0.09886,478.8278,-0.16527,0.24876
260.2703,0.47966,11.97327,260.4772,0.10012,2.28805,249.3686,-0.13819,0.09814,478.9941,-0.16537,0.24629
260.353,0.47917,11.961,260.5588,0.10016,2.28899,249.4549,-0.138,0.10042,479.1611,-0.16545,0.2445
260.4358,0.47816,11.93595,260.6424,0.10017,2.28934,249.5368,-0.13787,0.10206,479.3296,-0.16549,0.24352
260.519,0.47729,11.91402,260.7258,0.10024,2.29089,249.6206,-0.13787,0.10198,479.4936,-0.16549,0.24368
260.6042,0.47676,11.9008,260.8106,0.10013,2.28839,249.7034,-0.1379,0.10163,479.6622,-0.16562,0.24057
260.6877,0.47645,11.8931,260.893,0.10003,2.28615,249.7873,-0.13797,0.10085,479.829,-0.16572,0.23816
260.7696,0.47599,11.88177,260.9758,0.09987,2.28234,249.8702,-0.13787,0.10202,479.9975,-0.16585,0.23517
260.8542,0.47558,11.87145,261.059,0.09992,2.28347,249.9546,-0.13775,0.10353,480.1644,-0.16585,0.23532
260.9361,0.47525,11.86317,261.1428,0.09985,2.28191,250.0396,-0.1377,0.10406,480.3318,-0.16569,0.23895
261.0203,0.47481,11.8522,261.2254,0.09964,2.27722,250.1214,-0.13757,0.10575,480.4975,-0.1659,0.23406
261.103,0.47421,11.83717,261.309,0.09935,2.2706,250.2043,-0.13759,0.10548,480.665,-0.16591,0.23378
261.1859,0.47352,11.82006,261.3924,0.09908,2.26441,250.2887,-0.13771,0.10404,480.8315,-0.16596,0.23277
261.2686,0.47318,11.81164,261.4775,0.09897,2.26188,250.3708,-0.13781,0.10279,481.0004,-0.16588,0.23464
261.3511,0.47287,11.80372,261.56,0.09892,2.26059,250.4569,-0.13798,0.1007,481.1669,-0.16583,0.23574
261.435,0.47227,11.7889,261.643,0.09888,2.2597,250.5384,-0.13798,0.10065,481.3334,-0.16592,0.23349
261.5189,0.47164,11.77315,261.7265,0.09878,2.25747,250.6226,-0.13804,0.09994,481.5,-0.16598,0.23211
261.6014,0.47109,11.75944,261.809,0.09869,2.25552,250.7066,-0.13813,0.09883,481.6668,-0.16587,0.2348
261.6853,0.47076,11.75121,261.8931,0.09853,2.25185,250.7906,-0.1383,0.09678,481.8319,-0.16584,0.2355
261.7685,0.47028,11.73905,261.9768,0.0983,2.24659,250.8736,-0.13822,0.09765,481.9996,-0.16575,0.23764
261.8513,0.46973,11.72547,262.0602,0.09813,2.24255,250.9564,-0.13808,0.09942,482.1657,-0.16569,0.23888
261.9342,0.46949,11.71946,262.1434,0.09803,2.24042,251.0408,-0.13802,0.10017,482.334,-0.16572,0.23822
262.0188,0.4693,11.71462,262.2253,0.09801,2.23982,251.1233,-0.13806,0.09972,482.5004,-0.16572,0.23822
262.1009,0.46855,11.69607,262.309,0.09805,2.24085,251.2078,-0.13811,0.09911,482.6684,-0.1658,0.23632
262.1841,0.46782,11.67782,262.3935,0.09807,2.24132,251.291,-0.1382,0.09797,482.8334,-0.1659,0.23407
262.2679,0.46738,11.66671,262.4764,0.09792,2.23785,251.3752,-0.13826,0.09726,483.0018,-0.1659,0.23407
262.3516,0.46719,11.66212,262.5578,0.0979,2.23742,251.4584,-0.13813,0.09878,483.1691,-0.16595,0.23296
262.4353,0.46682,11.65271,262.6415,0.09783,2.23578,251.5415,-0.13799,0.10055,483.3342,-0.16609,0.22956
262.5188,0.4664,11.64232,262.7259,0.09766,2.23198,251.6256,-0.13795,0.10108,483.5032,-0.16621,0.22681
262.6024,0.46595,11.63106,262.8091,0.09749,2.22811,251.7071,-0.138,0.10043,483.6698,-0.16631,0.22467
262.6836,0.46549,11.61952,262.892,0.09741,2.22615,251.7918,-0.13806,0.09973,483.8371,-0.16631,0.22464
262.7703,0.46505,11.60868,262.9737,0.09737,2.22519,251.8744,-0.13799,0.10051,484.003,-0.16632,0.22431
262.8517,0.46472,11.60027,263.0588,0.09731,2.22389,251.9587,-0.13779,0.10304,484.1706,-0.16631,0.22447
262.9352,0.46426,11.58882,263.1419,0.09736,2.22493,252.0415,-0.13758,0.10564,484.338,-0.16628,0.2253
263.019,0.46367,11.57408,263.2244,0.09728,2.2232,252.1258,-0.13761,0.10524,484.5062,-0.16624,0.22612
263.1033,0.4632,11.56246,263.3093,0.09721,2.22168,252.2094,-0.13768,0.10439,484.6716,-0.16636,0.22334
263.185,0.46276,11.55135,263.3917,0.09703,2.21746,252.293,-0.13775,0.10348,484.8406,-0.16653,0.21937
263.2694,0.46238,11.54202,263.4752,0.09693,2.21516,252.3764,-0.13779,0.10304,485.0071,-0.16652,0.21969
263.352,0.46207,11.53425,263.5596,0.09682,2.21277,252.4597,-0.13768,0.10441,485.1742,-0.16645,0.22135
263.437,0.46162,11.52309,263.641,0.09691,2.21478,252.5424,-0.13763,0.10493,485.3406,-0.16647,0.22076
263.5191,0.46121,11.51278,263.7265,0.09691,2.21484,252.6253,-0.13759,0.10546,485.5084,-0.16644,0.22159
263.6035,0.46096,11.50641,263.808,0.09685,2.2133,252.7098,-0.1378,0.10286,485.675,-0.1664,0.22256
263.6852,0.46055,11.49621,263.891,0.0968,2.21235,252.7927,-0.13802,0.10023,485.8402,-0.1664,0.22247
263.7676,0.46021,11.48773,263.9753,0.09678,2.21174,252.8773,-0.13805,0.0998,486.0094,-0.16649,0.22046
263.8526,0.45972,11.47565,264.059,0.09662,2.20812,252.9604,-0.13813,0.09878,486.1762,-0.16658,0.21822
263.9357,0.45929,11.46493,264.1416,0.09646,2.20455,253.044,-0.13814,0.09872,486.3422,-0.16648,0.22051
264.0183,0.45887,11.45439,264.2244,0.09625,2.19975,253.1287,-0.13834,0.09621,486.5098,-0.16654,0.21916
264.1003,0.45833,11.44088,264.3075,0.09612,2.19664,253.2106,-0.1384,0.09545,486.6768,-0.16658,0.21839
264.185,0.45763,11.42328,264.391,0.09598,2.19355,253.2938,-0.13851,0.09412,486.8438,-0.16647,0.22094
264.2672,0.45682,11.40307,264.474,0.0958,2.18948,253.376,-0.13847,0.09466,487.0089,-0.16645,0.22135
264.3503,0.45629,11.38988,264.5565,0.09572,2.18767,253.4626,-0.13844,0.09503,487.1768,-0.16647,0.22089
264.4338,0.45572,11.37561,264.6412,0.09572,2.18759,253.5435,-0.13842,0.09523,487.3453,-0.16648,0.22074
264.5166,0.45509,11.36006,264.7234,0.09555,2.18372,253.6277,-0.13837,0.09583,487.5102,-0.16655,0.21892
264.6003,0.45432,11.3408,264.8056,0.09548,2.18198,253.711,-0.13849,0.0944,487.6767,-0.16651,0.22001
264.6832,0.45368,11.32481,264.8886,0.09536,2.17937,253.7933,-0.13852,0.09408,487.8444,-0.16655,0.21909
264.7665,0.45328,11.31471,264.9715,0.09527,2.17731,253.8763,-0.13861,0.09294,488.0108,-0.1667,0.21556
264.8504,0.45313,11.31109,265.0576,0.09531,2.17825,253.9606,-0.13862,0.09283,488.1783,-0.16679,0.21349
264.9338,0.45313,11.31098,265.1392,0.09523,2.17647,254.0434,-0.13856,0.09355,488.3458,-0.16692,0.21042
265.019,0.45306,11.30925,265.2226,0.09511,2.17369,254.1272,-0.13837,0.09592,488.5124,-0.16699,0.20877
265.1015,0.45301,11.30811,265.3055,0.09529,2.17762,254.21,-0.13833,0.0963,488.681,-0.16698,0.20905
265.1838,0.45278,11.30241,265.3899,0.09511,2.1737,254.2932,-0.13848,0.09455,488.8481,-0.16697,0.20933
265.268,0.45268,11.29975,265.4725,0.0951,2.17328,254.3767,-0.13854,0.09375,489.0158,-0.16698,0.20906
265.3524,0.45278,11.30229,265.5542,0.09524,2.17668,254.461,-0.13871,0.09171,489.1816,-0.16695,0.20973
265.4361,0.45319,11.31261,265.638,0.09489,2.1685,254.5442,-0.13861,0.09285,489.3484,-0.16704,0.20774
265.5193,0.45361,11.3231,265.7213,0.09478,2.16615,254.6282,-0.13864,0.09255,489.5152,-0.1671,0.20616
265.6017,0.45364,11.32379,265.804,0.09459,2.16168,254.711,-0.13862,0.09279,489.6826,-0.16697,0.2092
265.685,0.45354,11.32132,265.8884,0.09449,2.15946,254.7951,-0.13856,0.09354,489.85,-0.16701,0.20845
265.7688,0.45374,11.32618,265.972,0.09435,2.15616,254.8776,-0.13866,0.09234,490.018,-0.16685,0.21208
265.853,0.45362,11.32326,266.0552,0.09434,2.15601,254.9618,-0.13889,0.0894,490.186,-0.16701,0.20823
265.9362,0.45299,11.30757,266.1382,0.09429,2.15497,255.0451,-0.1389,0.08937,490.3516,-0.16701,0.20832
266.0207,0.45255,11.29659,266.2218,0.09414,2.15154,255.1289,-0.13881,0.09042,490.5181,-0.16687,0.21157
266.1022,0.45265,11.29918,266.3044,0.09388,2.14553,255.2118,-0.13877,0.09091,490.6853,-0.16676,0.21414
266.1855,0.45243,11.29354,266.3877,0.09358,2.1387,255.2946,-0.13884,0.09013,490.8541,-0.16667,0.2162
266.2699,0.45197,11.28216,266.4703,0.09337,2.13382,255.3785,-0.13862,0.09283,491.019,-0.16679,0.21339
266.3545,0.45166,11.27448,266.5548,0.0933,2.13217,255.4615,-0.13866,0.09234,491.186,-0.16691,0.21055
266.436,0.45141,11.26816,266.6375,0.09335,2.13337,255.5449,-0.13878,0.09079,491.3532,-0.16702,0.20821
266.5207,0.45111,11.26067,266.7197,0.09333,2.1329,255.6295,-0.13881,0.09038,491.5197,-0.167,0.20868
266.604,0.45053,11.24606,266.8028,0.09328,2.13172,255.7118,-0.13884,0.09013,491.6866,-0.16687,0.21158
266.688,0.44997,11.23219,266.8858,0.09333,2.13291,255.7956,-0.13881,0.09045,491.8547,-0.16676,0.21404
266.7711,0.4497,11.22542,266.9694,0.09321,2.13015,255.8786,-0.13883,0.09013,492.0214,-0.16663,0.21707
266.8544,0.44913,11.21122,267.0529,0.09298,2.12501,255.9613,-0.13873,0.09141,492.1885,-0.16679,0.21347
266.939,0.4485,11.19551,267.1364,0.09302,2.12591,256.0459,-0.13855,0.09359,492.3558,-0.16688,0.21142
267.0222,0.44821,11.18818,267.2207,0.09285,2.12205,256.1282,-0.13858,0.09332,492.5226,-0.16705,0.20752
267.1052,0.44797,11.18221,267.3022,0.09271,2.11868,256.212,-0.13884,0.09003,492.6906,-0.16694,0.20994
267.1874,0.44739,11.16766,267.3877,0.09282,2.12133,256.2952,-0.13907,0.08726,492.8558,-0.16674,0.21453
267.2712,0.44675,11.15171,267.4702,0.09273,2.11917,256.3785,-0.13916,0.08618,493.0225,-0.16664,0.21698
267.354,0.44644,11.14403,267.5539,0.09244,2.11266,256.462,-0.13917,0.08598,493.1906,-0.16648,0.22066
267.4387,0.44614,11.13669,267.6368,0.0922,2.10718,256.5447,-0.13882,0.0903,493.3567,-0.16624,0.22629
267.5224,0.4458,11.12814,267.7213,0.09203,2.10312,256.6289,-0.13845,0.09487,493.5244,-0.16588,0.23448
267.6053,0.44554,11.12167,267.8048,0.0921,2.10486,256.713,-0.13858,0.09327,493.692,-0.16573,0.23799
267.6878,0.4454,11.11804,267.8875,0.09237,2.11106,256.7952,-0.13862,0.09282,493.8581,-0.16549,0.24349
267.772,0.44513,11.11133,267.9704,0.09234,2.11035,256.8784,-0.13865,0.09244,494.0243,-0.1652,0.25022
267.8547,0.44492,11.10607,268.0541,0.09209,2.10449,256.9613,-0.13871,0.09165,494.191,-0.16516,0.25119
267.9376,0.44463,11.09899,268.1365,0.09171,2.09587,257.0467,-0.13882,0.09027,494.36,-0.16526,0.24898
268.0225,0.44418,11.08765,268.2202,0.09161,2.0936,257.129,-0.13884,0.09005,494.5267,-0.16542,0.24524
268.1044,0.44382,11.07873,268.3042,0.09145,2.08987,257.213,-0.13895,0.08869,494.6925,-0.16553,0.24264
268.1887,0.44347,11.06995,268.3868,0.09144,2.08973,257.2948,-0.13901,0.088,494.8598,-0.16551,0.24303
268.273,0.44304,11.05912,268.4701,0.09145,2.08994,257.3787,-0.1389,0.08939,495.027,-0.16552,0.24295
268.3563,0.44264,11.04932,268.5542,0.09138,2.08829,257.4612,-0.13873,0.09145,495.1926,-0.16562,0.2406
268.4396,0.44228,11.04025,268.6364,0.09136,2.08788,257.5448,-0.13858,0.09326,495.3602,-0.16582,0.23585
268.5228,0.44189,11.03057,268.7204,0.09141,2.08903,257.628,-0.1386,0.09307,495.5266,-0.16604,0.23087
268.6062,0.44169,11.02547,268.8022,0.09148,2.09071,257.71,-0.13852,0.09406,495.6926,-0.16614,0.22839
268.69,0.44131,11.01596,268.8874,0.09146,2.09029,257.7941,-0.13833,0.09632,495.8614,-0.16622,0.22669
268.774,0.44063,10.99912,268.971,0.09131,2.08676,257.8778,-0.13838,0.09572,496.028,-0.16626,0.22574
268.857,0.44023,10.98897,269.0531,0.09117,2.08368,257.9615,-0.13845,0.09485,496.1952,-0.16625,0.22603
268.9404,0.44003,10.98405,269.1356,0.09123,2.08502,258.0452,-0.13859,0.09321,496.3617,-0.16629,0.22498
269.0236,0.43973,10.97648,269.2208,0.09118,2.08383,258.1276,-0.13859,0.09313,496.5282,-0.16642,0.22201
269.1067,0.43905,10.9597,269.3042,0.09111,2.08228,258.2102,-0.13843,0.09512,496.6954,-0.16642,0.22213
269.1899,0.43846,10.94494,269.387,0.0911,2.08207,258.293,-0.1386,0.09299,496.8628,-0.16634,0.22398
269.2727,0.43807,10.93509,269.4719,0.09104,2.08054,258.377,-0.13865,0.09237,497.0303,-0.16619,0.22734
269.3578,0.43767,10.92503,269.5549,0.0908,2.07515,258.4606,-0.13869,0.09187,497.1968,-0.16627,0.22559
269.44,0.43715,10.91215,269.6368,0.0907,2.07278,258.5444,-0.1387,0.09176,497.364,-0.16641,0.22224
269.5234,0.43694,10.90691,269.7211,0.09063,2.0713,258.6261,-0.13868,0.09199,497.532,-0.1665,0.22014
269.6066,0.43678,10.90296,269.8047,0.09069,2.07254,258.7092,-0.13863,0.0927,497.6987,-0.16654,0.21922
269.6898,0.43646,10.89485,269.8871,0.0907,2.07285,258.7914,-0.1387,0.09182,497.8654,-0.16671,0.21528
269.7715,0.43591,10.88123,269.9707,0.0907,2.07275,258.8785,-0.1388,0.09059,498.033,-0.1667,0.21553
269.8575,0.43549,10.8708,270.0535,0.09065,2.07179,258.9601,-0.13859,0.09311,498.202,-0.16671,0.21537
269.9388,0.43538,10.86801,270.1363,0.09055,2.06934,259.0422,-0.13872,0.09155,498.3675,-0.16673,0.21476
270.0225,0.43506,10.85991,270.2207,0.09059,2.07036,259.1262,-0.13896,0.08856,498.534,-0.16689,0.2112
270.1061,0.43456,10.84745,270.303,0.09046,2.06728,259.2106,-0.13911,0.08671,498.7006,-0.16684,0.21229
270.1894,0.43428,10.84046,270.3874,0.09031,2.06392,259.2929,-0.13904,0.08756,498.8689,-0.16734,0.20071
270.2732,0.43415,10.83729,270.4702,0.09028,2.06334,259.3749,-0.13905,0.08749,499.0359,-0.16814,0.18217
270.3555,0.43378,10.82792,270.5523,0.09027,2.06305,259.4601,-0.13903,0.08773,499.2028,-0.16903,0.1616
270.4392,0.43311,10.81126,270.6358,0.09031,2.06381,259.5416,-0.13884,0.09006,499.37,-0.16933,0.15466
270.5227,0.43269,10.80076,270.7187,0.09031,2.06401,259.6273,-0.1386,0.09306,499.5377,-0.1692,0.15768
270.605,0.43247,10.79541,270.801,0.09017,2.0608,259.7098,-0.13853,0.09386,499.7051,-0.16887,0.16533
270.6882,0.43204,10.78451,270.885,0.09008,2.05868,259.793,-0.13863,0.09271,499.8748,-0.16834,0.17747
270.7728,0.43158,10.77311,270.966,0.08979,2.05192,259.8766,-0.13864,0.0925,500.0428,-0.16785,0.18889
270.8554,0.43132,10.76664,271.0521,0.08962,2.04827,259.959,-0.13862,0.09272,500.21,-0.16739,0.19954
270.9373,0.43119,10.76332,271.1353,0.08971,2.05016,260.0416,-0.13878,0.09079,500.3766,-0.16606,0.23028
271.0221,0.43097,10.75795,271.2178,0.08986,2.0537,260.1239,-0.13906,0.0874,500.5435,-0.1654,0.24575
271.1043,0.43073,10.7519,271.303,0.08983,2.05291,260.2075,-0.13901,0.08801,500.7117,-0.16528,0.24838
271.1877,0.43052,10.7467,271.3846,0.08964,2.04856,260.2897,-0.13867,0.0922,500.8775,-0.16548,0.24381
271.271,0.43032,10.74165,271.4678,0.08958,2.04716,260.3737,-0.13856,0.09354,501.044,-0.16572,0.23814
271.356,0.42995,10.73254,271.5506,0.08951,2.04568,260.4579,-0.13857,0.0934,501.2122,-0.16616,0.22805
271.4376,0.42947,10.72045,271.6333,0.08939,2.04301,260.54,-0.13865,0.09237,501.3763,-0.16657,0.21857
271.52,0.42895,10.7075,271.7164,0.08924,2.03943,260.624,-0.1388,0.09061,501.5446,-0.16678,0.2137
271.6029,0.42858,10.69818,271.799,0.08907,2.03554,260.7066,-0.1388,0.09058,501.7107,-0.16694,0.21004
271.6867,0.42819,10.6884,271.8832,0.08909,2.03606,260.7893,-0.13852,0.09405,501.8786,-0.16712,0.20586
271.7706,0.42774,10.67715,271.9666,0.08916,2.03765,260.8736,-0.13845,0.09494,502.0438,-0.16725,0.20269
271.8545,0.4274,10.66867,272.0496,0.08917,2.0378,260.9544,-0.13843,0.09513,502.2113,-0.16747,0.19768
271.938,0.42699,10.65862,272.1346,0.08928,2.0403,261.039,-0.13835,0.09615,502.3776,-0.16736,0.20028
272.0199,0.42664,10.64991,272.2164,0.08927,2.04019,261.1232,-0.13836,0.09598,502.5453,-0.1673,0.20153
272.1031,0.42635,10.64254,272.299,0.08834,2.01885,261.2073,-0.13842,0.09527,502.7118,-0.16731,0.20139
272.1869,0.42598,10.63327,272.3823,0.0864,1.97456,261.2894,-0.13828,0.09691,502.8791,-0.16735,0.20048
272.2706,0.42572,10.62673,272.4664,0.08541,1.95198,261.373,-0.13827,0.09713,503.0446,-0.16736,0.20018
272.3544,0.42543,10.61963,272.5502,0.08572,1.95903,261.4548,-0.13844,0.09497,503.2106,-0.16741,0.19916
272.437,0.42523,10.61452,272.6342,0.08638,1.97411,261.5392,-0.13855,0.0936,503.3785,-0.16727,0.20221
272.5186,0.42501,10.6091,272.7185,0.08688,1.98555,261.6236,-0.13858,0.09328,503.5469,-0.16722,0.20356
272.604,0.42467,10.60074,272.8019,0.08737,1.99683,261.7058,-0.13864,0.09249,503.715,-0.16723,0.20334
272.6867,0.42433,10.5921,272.8847,0.08765,2.00318,261.789,-0.13875,0.09118,503.8799,-0.16705,0.20731
272.7706,0.42403,10.58454,272.9691,0.08771,2.00442,261.8724,-0.13891,0.08923,504.0478,-0.16694,0.21007
272.8532,0.42361,10.57408,273.0518,0.08759,2.00172,261.9554,-0.13882,0.09036,504.2139,-0.16668,0.21598
272.9365,0.4231,10.56153,273.137,0.08763,2.00269,262.0402,-0.13869,0.09196,504.3809,-0.16677,0.21382
273.0191,0.42276,10.55286,273.2194,0.08769,2.00394,262.1226,-0.13865,0.09239,504.548,-0.16688,0.21131
273.1017,0.42262,10.54958,273.303,0.0878,2.00658,262.2057,-0.13866,0.09227,504.7157,-0.16696,0.20962
273.1856,0.42231,10.54162,273.3895,0.08787,2.00823,262.2887,-0.13875,0.09114,504.8822,-0.16693,0.21012
273.2702,0.42185,10.53015,273.4697,0.08792,2.00939,262.3718,-0.13884,0.09003,505.049,-0.16699,0.20884
273.3528,0.42149,10.52114,273.5554,0.08785,2.00769,262.4553,-0.13902,0.08786,505.2161,-0.16675,0.21443
273.4356,0.42132,10.517,273.6375,0.08785,2.00768,262.5388,-0.13915,0.08624,505.383,-0.16694,0.21002
273.5176,0.42095,10.50776,273.7218,0.08775,2.00542,262.6215,-0.13912,0.08665,505.5512,-0.16701,0.20826
273.6022,0.42058,10.4986,273.8055,0.08762,2.0024,262.7042,-0.13912,0.08664,505.7188,-0.16728,0.20211
273.6841,0.42035,10.49274,273.8892,0.08742,1.99796,262.7876,-0.13905,0.08748,505.8835,-0.16743,0.1986
273.768,0.42007,10.48581,273.9722,0.08706,1.98971,262.87,-0.13898,0.08834,506.0508,-0.16756,0.19549
273.8513,0.41962,10.47463,274.0564,0.08657,1.97838,262.9543,-0.13886,0.08978,506.2192,-0.16764,0.19383
273.935,0.41926,10.46553,274.1393,0.08598,1.96497,263.0381,-0.13867,0.09215,506.3859,-0.16769,0.19256
274.019,0.41904,10.46,274.2216,0.08551,1.95417,263.1212,-0.13877,0.09089,506.5522,-0.16779,0.19025
274.1024,0.41855,10.44785,274.3064,0.08546,1.95308,263.2053,-0.13878,0.09083,506.7203,-0.16772,0.19187
274.1864,0.41807,10.43584,274.3898,0.08544,1.95253,263.2866,-0.13875,0.09118,506.8887,-0.16794,0.18678
274.269,0.4178,10.42911,274.4722,0.08576,1.96001,263.37,-0.13887,0.08967,507.0538,-0.16803,0.18481
274.3529,0.41759,10.42397,274.5572,0.08601,1.96555,263.4537,-0.13907,0.08724,507.2218,-0.16792,0.18717
274.4366,0.41735,10.41788,274.6412,0.08592,1.96348,263.5384,-0.13925,0.08508,507.3874,-0.16777,0.19068
274.5198,0.41698,10.40856,274.7237,0.08598,1.96505,263.621,-0.13935,0.08385,507.555,-0.16757,0.19538
274.603,0.41657,10.39847,274.8078,0.08613,1.96848,263.705,-0.13936,0.08363,507.7231,-0.1672,0.20385
274.6856,0.41634,10.3926,274.8919,0.08624,1.97087,263.7866,-0.13936,0.08368,507.891,-0.16682,0.21275
274.769,0.41619,10.38893,274.9758,0.08633,1.97288,263.869,-0.13947,0.08235,508.0574,-0.16675,0.21437
274.8528,0.41583,10.38006,275.0594,0.08701,1.98862,263.9532,-0.13937,0.08351,508.2264,-0.16673,0.21494
274.9353,0.41535,10.36809,275.142,0.0883,2.01789,264.0364,-0.13912,0.08658,508.3912,-0.16687,0.21164
275.018,0.41496,10.35834,275.2244,0.08924,2.03957,264.119,-0.13897,0.08847,508.5574,-0.16718,0.20446
275.1018,0.41471,10.35212,275.309,0.08927,2.04017,264.204,-0.13903,0.08776,508.7247,-0.16742,0.19893
275.1855,0.41428,10.34128,275.3917,0.08887,2.03104,264.2872,-0.13908,0.08711,508.8922,-0.16741,0.19911
275.2693,0.41402,10.33474,275.475,0.08834,2.01879,264.3705,-0.13906,0.08733,509.0587,-0.16757,0.19529
275.3516,0.41398,10.33374,275.5564,0.08787,2.0081,264.452,-0.13913,0.08649,509.2268,-0.16755,0.19592
275.436,0.41393,10.33247,275.6404,0.08756,2.00103,264.5362,-0.13924,0.08512,509.3922,-0.16761,0.19445
275.5188,0.41376,10.3283,275.7235,0.08736,1.99655,264.621,-0.13919,0.08582,509.5608,-0.16757,0.19544
275.6014,0.41347,10.32115,275.8064,0.08709,1.99026,264.7028,-0.13917,0.086,509.7289,-0.16781,0.18976
275.6842,0.41317,10.31368,275.8911,0.08684,1.98466,264.7867,-0.13928,0.0846,509.896,-0.16785,0.18898
275.7683,0.41283,10.30504,275.9694,0.08661,1.97933,264.8704,-0.13929,0.08447,510.0629,-0.16783,0.18943
275.8515,0.41254,10.29785,276.054,0.08636,1.97366,264.9543,-0.13915,0.08622,510.2303,-0.16795,0.18666
275.9336,0.41234,10.29282,276.1366,0.0861,1.96773,265.0366,-0.13911,0.08679,510.3961,-0.16794,0.18668
276.0183,0.41202,10.28488,276.22,0.08589,1.96294,265.1216,-0.13905,0.08744,510.5626,-0.16782,0.18949
276.1013,0.41161,10.2747,276.3032,0.08566,1.95765,265.2055,-0.13899,0.08818,510.7297,-0.16782,0.1896
276.1837,0.4111,10.26193,276.3859,0.08546,1.95297,265.2876,-0.13889,0.08943,510.8977,-0.16788,0.18826
276.2674,0.41059,10.24911,276.4697,0.08536,1.95068,265.3708,-0.1387,0.09183,511.0629,-0.16789,0.18805
276.35,0.41019,10.23917,276.5532,0.08538,1.95115,265.4532,-0.13868,0.09208,511.2309,-0.16791,0.18743
276.4333,0.40997,10.23359,276.6338,0.08464,1.93442,265.5378,-0.13881,0.09044,511.3988,-0.16809,0.18338
276.5178,0.40971,10.22728,276.7186,0.08413,1.92279,265.6203,-0.13905,0.08746,511.5661,-0.16808,0.18358
276.5995,0.40935,10.21819,276.8015,0.08391,1.91777,265.7034,-0.13917,0.08604,511.733,-0.16797,0.18606
276.6841,0.4089,10.20705,276.8845,0.08396,1.91877,265.7868,-0.13926,0.08493,511.9016,-0.16788,0.18824
276.7681,0.4084,10.19443,276.9672,0.08411,1.92214,265.8704,-0.13933,0.08403,512.0664,-0.16792,0.18727
276.8505,0.40787,10.18126,277.0513,0.08414,1.92299,265.9536,-0.13925,0.08503,512.2332,-0.16789,0.18802
276.932,0.40755,10.17324,277.1341,0.08418,1.92375,266.0362,-0.13916,0.08617,512.4004,-0.16779,0.19033
277.016,0.40727,10.16621,277.2184,0.08425,1.92543,266.1209,-0.13925,0.08507,512.5684,-0.16778,0.19048
277.1001,0.40695,10.15832,277.3016,0.08436,1.92788,266.2026,-0.13922,0.08534,512.735,-0.1678,0.18997
277.1832,0.40672,10.15252,277.3855,0.08434,1.92759,266.2883,-0.13918,0.08591,512.9028,-0.16793,0.18695
277.265,0.40649,10.14678,277.4674,0.08431,1.9269,266.372,-0.13912,0.08667,513.0698,-0.16814,0.18225
277.3511,0.40622,10.14005,277.5519,0.08419,1.92412,266.4549,-0.1392,0.08564,513.2368,-0.16811,0.18286
277.4336,0.40585,10.13083,277.6368,0.08417,1.92349,266.5378,-0.13953,0.08153,513.4028,-0.16796,0.18642
277.5179,0.40573,10.12779,277.7194,0.08421,1.92441,266.6213,-0.13967,0.07983,513.5712,-0.16792,0.18717
277.6015,0.40556,10.12372,277.8025,0.08435,1.92769,266.705,-0.13965,0.08007,513.7374,-0.16793,0.18709
277.6844,0.40532,10.11773,277.8874,0.08483,1.93864,266.788,-0.13961,0.08057,513.9039,-0.16792,0.18717
277.7662,0.40505,10.111,277.9698,0.08565,1.9575,266.8724,-0.13959,0.08078,514.071,-0.16795,0.18646
277.8494,0.40473,10.1028,278.0528,0.08587,1.96243,266.9553,-0.1396,0.08073,514.2402,-0.16793,0.187
277.9352,0.40449,10.09687,278.1368,0.08577,1.96027,267.0381,-0.13959,0.0808,514.4056,-0.16812,0.18254
278.017,0.40423,10.09048,278.2183,0.08556,1.95536,267.1225,-0.13962,0.08041,514.5739,-0.16826,0.1793
278.102,0.40388,10.08166,278.3016,0.08523,1.94781,267.2055,-0.13976,0.0787,514.7402,-0.16836,0.17702
278.1844,0.40369,10.07696,278.3862,0.08495,1.94138,267.2887,-0.13984,0.07778,514.9082,-0.16838,0.1767
278.2674,0.40349,10.07199,278.4703,0.0849,1.94019,267.372,-0.13981,0.07809,515.0756,-0.16837,0.17682
278.3512,0.40309,10.06206,278.5546,0.08492,1.94072,267.4554,-0.13972,0.07919,515.2432,-0.1683,0.17838
278.4343,0.40269,10.05205,278.6355,0.08491,1.94041,267.54,-0.13945,0.08257,515.4087,-0.16825,0.17963
278.5181,0.40239,10.04456,278.719,0.08477,1.93725,267.6227,-0.13922,0.08533,515.575,-0.16831,0.17824
278.6004,0.40224,10.04061,278.8028,0.08456,1.93257,267.7068,-0.13918,0.08588,515.7421,-0.16818,0.18118
278.685,0.402,10.03463,278.8867,0.08446,1.93028,267.7898,-0.13937,0.0836,515.9086,-0.16794,0.18671
278.7684,0.40173,10.02812,278.9684,0.08442,1.92934,267.8732,-0.13943,0.08275,516.0774,-0.1678,0.19006
278.8518,0.40164,10.02574,279.0522,0.08439,1.92864,267.9578,-0.13943,0.08282,516.2434,-0.16774,0.19146
278.9336,0.40146,10.02115,279.1353,0.08429,1.92639,268.0409,-0.13928,0.08464,516.4113,-0.16782,0.18956
279.0166,0.40111,10.01261,279.2194,0.08429,1.9264,268.1241,-0.1391,0.08687,516.5798,-0.16805,0.18416
279.1004,0.40087,10.00646,279.302,0.08429,1.9264,268.208,-0.13903,0.08778,516.7459,-0.1682,0.18071
279.1838,0.40069,10.00212,279.384,0.08423,1.92508,268.2905,-0.13895,0.08876,516.9141,-0.1683,0.1784
279.2674,0.4004,9.9949,279.4681,0.08415,1.92318,268.3734,-0.13905,0.08745,517.0803,-0.16835,0.17721
279.3498,0.40003,9.98568,279.5506,0.08415,1.92305,268.4578,-0.1391,0.08687,517.247,-0.16825,0.17965
279.4355,0.39981,9.98015,279.6345,0.08414,1.92293,268.541,-0.13909,0.08694,517.4154,-0.16829,0.17878
279.5176,0.39961,9.97505,279.7173,0.08396,1.91887,268.6236,-0.13905,0.08753,517.5824,-0.16832,0.17796
279.6007,0.39941,9.97009,279.801,0.08396,1.91876,268.7064,-0.13914,0.08641,517.749,-0.16818,0.18114
279.6862,0.3991,9.96244,279.8836,0.08382,1.91566,268.7906,-0.13928,0.08469,517.9152,-0.16892,0.16406
279.7675,0.39867,9.95151,279.9668,0.08358,1.91013,268.8733,-0.13916,0.08607,518.0816,-0.16988,0.1418
279.8507,0.3983,9.94246,280.0505,0.08323,1.90221,268.958,-0.13912,0.08668,518.2512,-0.17075,0.12165
279.9339,0.39794,9.93342,280.1326,0.08295,1.89567,269.041,-0.13902,0.08782,518.4176,-0.17097,0.11646
280.0166,0.39766,9.92642,280.2168,0.08279,1.89201,269.1237,-0.13907,0.0873,518.5869,-0.17063,0.12439
280.0996,0.39727,9.9168,280.3003,0.0829,1.89468,269.2082,-0.13903,0.0877,518.7532,-0.17038,0.13033
280.1842,0.39687,9.90673,280.3844,0.08299,1.89656,269.2902,-0.13906,0.08737,518.92,-0.17002,0.13854
280.2674,0.39655,9.89865,280.4673,0.083,1.8968,269.3751,-0.13904,0.08758,519.0883,-0.16964,0.14732
280.3514,0.39615,9.88873,280.5498,0.08296,1.8959,269.4564,-0.13903,0.08778,519.2541,-0.1694,0.15292
280.4346,0.39593,9.88327,280.6337,0.08299,1.89655,269.542,-0.13921,0.08546,519.4238,-0.16928,0.15581
280.5164,0.39566,9.87639,280.717,0.08289,1.89446,269.6242,-0.13936,0.08365,519.5906,-0.16909,0.1602
280.6006,0.39546,9.8716,280.8,0.08275,1.89117,269.7078,-0.13916,0.08616,519.7578,-0.16881,0.16655
280.6856,0.3954,9.86991,280.8844,0.08262,1.88826,269.7905,-0.13907,0.0873,519.924,-0.16853,0.17304
280.7668,0.39519,9.86476,280.9678,0.08256,1.88679,269.873,-0.13909,0.08701,520.0928,-0.16808,0.18365
280.8492,0.39497,9.85931,281.0502,0.08262,1.88816,269.9557,-0.13925,0.08507,520.259,-0.16681,0.21307
280.9348,0.39463,9.85066,281.1346,0.08269,1.88983,270.0408,-0.13906,0.08733,520.4262,-0.16618,0.22761
281.0176,0.39433,9.8432,281.217,0.08279,1.89212,270.1241,-0.13865,0.09239,520.5916,-0.16614,0.22853
281.0998,0.39412,9.83802,281.3011,0.08267,1.88938,270.2066,-0.13858,0.09332,520.7596,-0.16644,0.22144
281.1822,0.39393,9.83331,281.3838,0.0827,1.88989,270.2903,-0.13906,0.08739,520.9239,-0.16688,0.2114
281.2661,0.39373,9.82823,281.468,0.08269,1.88976,270.373,-0.14059,0.06852,521.0912,-0.1672,0.20397
281.35,0.3935,9.82269,281.5505,0.08257,1.88699,270.4544,-0.14202,0.05091,521.2561,-0.16736,0.20034
281.4331,0.39327,9.81673,281.6339,0.08244,1.88405,270.5391,-0.14244,0.04578,521.4252,-0.16751,0.1967
281.5146,0.39294,9.80858,281.718,0.08248,1.88496,270.6226,-0.14213,0.0496,521.5932,-0.16779,0.19021
281.5994,0.39257,9.79935,281.8004,0.08241,1.88346,270.7071,-0.14124,0.06053,521.76,-0.16814,0.1822
281.6832,0.39233,9.79339,281.8832,0.0824,1.88324,270.7919,-0.14056,0.06883,521.9257,-0.16838,0.17656
281.7649,0.39216,9.78919,281.9665,0.08235,1.88198,270.8746,-0.14008,0.07479,522.0921,-0.16847,0.1744
281.8489,0.39191,9.78284,282.0512,0.08235,1.88206,270.9578,-0.13976,0.07879,522.2594,-0.16855,0.17268
281.9318,0.39164,9.77615,282.1338,0.08228,1.88032,271.0425,-0.13947,0.08231,522.4253,-0.16867,0.16991
282.0156,0.39126,9.7666,282.2174,0.08221,1.87885,271.1252,-0.13938,0.08345,522.594,-0.16861,0.17132
282.0998,0.39095,9.75898,282.301,0.08199,1.87368,271.2095,-0.1395,0.08197,522.7606,-0.16865,0.17045
282.1813,0.39063,9.75094,282.3846,0.08194,1.87271,271.2937,-0.13966,0.07994,522.9276,-0.16878,0.1673
282.2658,0.39045,9.74642,282.4675,0.08204,1.87487,271.3758,-0.13986,0.07756,523.0958,-0.16891,0.16435
282.3478,0.39027,9.74186,282.5492,0.08198,1.87357,271.461,-0.13984,0.07781,523.2621,-0.16885,0.16577
282.4316,0.3899,9.73262,282.6331,0.08192,1.87215,271.5435,-0.13954,0.08145,523.4282,-0.16887,0.16532
282.5149,0.38948,9.72211,282.7158,0.08181,1.86956,271.6289,-0.13863,0.09272,523.595,-0.16889,0.16486
282.5981,0.38917,9.7144,282.7997,0.08173,1.86794,271.7115,-0.13736,0.10827,523.7618,-0.1688,0.16681
282.6813,0.389,9.71026,282.8818,0.08158,1.86447,271.7966,-0.13669,0.1165,523.93,-0.16886,0.16536
282.7657,0.38874,9.70387,282.9648,0.08147,1.86187,271.8777,-0.13668,0.11664,524.0962,-0.16897,0.16293
282.8489,0.38854,9.69868,283.0503,0.08162,1.86532,271.9602,-0.13695,0.1134,524.2642,-0.16903,0.16148
282.9324,0.38827,9.69198,283.1322,0.08168,1.86673,272.0448,-0.13733,0.10864,524.4316,-0.169,0.16218
283.0164,0.38795,9.684,283.215,0.08166,1.86625,272.1256,-0.13779,0.10297,524.5993,-0.16897,0.1628
283.0996,0.38761,9.67566,283.298,0.08166,1.86614,272.2085,-0.13814,0.09871,524.7672,-0.16876,0.1677
283.183,0.38723,9.66601,283.3832,0.08162,1.86537,272.2896,-0.1384,0.09555,524.9348,-0.16873,0.1685
283.2656,0.38698,9.65985,283.468,0.08148,1.8622,272.3739,-0.13848,0.09448,525.1003,-0.1687,0.16928
283.3496,0.38679,9.65508,283.5498,0.08147,1.86201,272.4568,-0.13873,0.09138,525.2687,-0.1686,0.17157
283.4324,0.38652,9.64833,283.6324,0.08139,1.85998,272.5392,-0.13896,0.08857,525.436,-0.16856,0.17253
283.5148,0.38613,9.63865,283.7168,0.08133,1.85871,272.6238,-0.13901,0.08803,525.6035,-0.16861,0.17129
283.5986,0.38579,9.6301,283.798,0.08132,1.85853,272.7054,-0.13908,0.08706,525.771,-0.16867,0.16982
283.6826,0.38571,9.62821,283.8815,0.08111,1.85374,272.7886,-0.1391,0.08686,525.9365,-0.16867,0.16995
283.7665,0.38564,9.62634,283.9646,0.08109,1.8532,272.873,-0.13911,0.08669,526.103,-0.16867,0.16995
283.8502,0.38533,9.61875,284.0494,0.08114,1.85442,272.9549,-0.13922,0.08543,526.2705,-0.16862,0.17108
283.9334,0.38493,9.6086,284.1328,0.08106,1.85253,273.0369,-0.13928,0.08461,526.4379,-0.16859,0.17168
284.0164,0.38455,9.59915,284.2146,0.08099,1.85093,273.1206,-0.13932,0.08422,526.6042,-0.16872,0.16863
284.0991,0.38421,9.59069,284.2981,0.08099,1.85086,273.2045,-0.13926,0.0849,526.772,-0.16869,0.16935
284.1851,0.38393,9.58379,284.381,0.08098,1.85078,273.286,-0.13936,0.08371,526.9397,-0.16872,0.16873
284.2687,0.38367,9.57712,284.4653,0.08106,1.8525,273.37,-0.13947,0.0823,527.106,-0.16886,0.16545
284.3518,0.38357,9.57473,284.5469,0.08119,1.85548,273.4545,-0.13952,0.0817,527.2739,-0.16897,0.16296
284.4334,0.38333,9.56876,284.6319,0.08112,1.8538,273.5347,-0.13957,0.08105,527.4411,-0.16895,0.16346
284.5172,0.38319,9.56523,284.7144,0.08102,1.85157,273.6204,-0.13953,0.08154,527.6082,-0.16888,0.16495
284.6018,0.38305,9.56179,284.7976,0.08084,1.84751,273.7022,-0.13971,0.07941,527.7751,-0.16888,0.16497
284.6842,0.38281,9.55573,284.8817,0.08074,1.84513,273.7846,-0.13996,0.07628,527.9422,-0.16881,0.16665
284.767,0.38255,9.54931,284.965,0.08075,1.84537,273.8696,-0.13995,0.0764,528.1098,-0.16884,0.16582
284.8496,0.38252,9.54844,285.0488,0.0807,1.8443,273.9526,-0.13991,0.07687,528.276,-0.16887,0.16514
284.935,0.38231,9.54313,285.1316,0.08054,1.84055,274.0356,-0.13976,0.07874,528.4434,-0.16894,0.16356
285.0177,0.38205,9.53664,285.2139,0.08054,1.84072,274.1172,-0.13956,0.08118,528.6115,-0.16905,0.16115
285.1012,0.38186,9.53192,285.298,0.08054,1.84071,274.2014,-0.13966,0.07999,528.778,-0.16918,0.15808
285.1844,0.38155,9.52418,285.3826,0.08039,1.83723,274.2852,-0.1397,0.07953,528.9444,-0.16925,0.15655
285.2676,0.3813,9.51809,285.4656,0.08042,1.83781,274.3676,-0.13976,0.0787,529.1127,-0.16923,0.15685
285.3511,0.38111,9.51338,285.5483,0.08042,1.83795,274.452,-0.13973,0.07912,529.2788,-0.1693,0.15532
285.4341,0.3809,9.50795,285.6312,0.08039,1.83723,274.5344,-0.13972,0.07924,529.447,-0.16937,0.15363
285.5185,0.38068,9.50266,285.7144,0.08026,1.83417,274.6177,-0.13972,0.07924,529.6143,-0.16931,0.15507
285.6,0.38043,9.49621,285.7978,0.08012,1.83103,274.7011,-0.13963,0.0804,529.7816,-0.16915,0.15881
285.685,0.38011,9.48845,285.8834,0.08021,1.83315,274.7848,-0.13957,0.08113,529.9487,-0.16919,0.15775
285.7659,0.37982,9.48106,285.9628,0.08042,1.83796,274.8677,-0.13959,0.08079,530.1153,-0.16926,0.15611
285.8499,0.37963,9.47641,286.0463,0.08053,1.84034,274.9514,-0.13957,0.0811,530.2837,-0.16932,0.15488
285.9348,0.37923,9.46627,286.1298,0.08057,1.84128,275.0353,-0.13961,0.08056,530.4503,-0.16938,0.15344
286.018,0.37875,9.45448,286.2131,0.0805,1.8398,275.1184,-0.13965,0.08015,530.6172,-0.16925,0.15639
286.1,0.37846,9.44717,286.297,0.08042,1.83793,275.2025,-0.13964,0.08021,530.7852,-0.16909,0.16007
286.185,0.37824,9.44171,286.3806,0.08037,1.83671,275.2875,-0.13953,0.08156,530.9511,-0.16911,0.15976
286.2675,0.37801,9.43603,286.4634,0.08034,1.836,275.3685,-0.13977,0.07861,531.1186,-0.16919,0.15771
286.3513,0.37771,9.4283,286.5468,0.08033,1.83595,275.4532,-0.13994,0.0765,531.2861,-0.16925,0.15651
286.4326,0.37732,9.41858,286.6289,0.08032,1.83556,275.5354,-0.1398,0.07828,531.4543,-0.16903,0.16152
286.5164,0.37693,9.4089,286.7125,0.08022,1.83325,275.6188,-0.13978,0.07854,531.6204,-0.16891,0.16436
286.6,0.37667,9.40235,286.7948,0.08012,1.831,275.7028,-0.13979,0.07833,531.7864,-0.16892,0.16403
286.6833,0.37628,9.39271,286.8772,0.0799,1.82612,275.7856,-0.13982,0.07804,531.9537,-0.16894,0.16356
286.7662,0.37591,9.38358,286.9615,0.07973,1.82223,275.8702,-0.13988,0.0773,532.122,-0.16902,0.16165
286.8485,0.376,9.3857,287.0437,0.07928,1.81192,275.9535,-0.13997,0.07616,532.29,-0.16918,0.15795
286.9326,0.3762,9.39066,287.129,0.07773,1.77638,276.0369,-0.14005,0.07516,532.4543,-0.1691,0.15987
287.0159,0.37615,9.38953,287.2124,0.07685,1.75631,276.1212,-0.13999,0.0759,532.6226,-0.16909,0.16012
287.1007,0.37594,9.38413,287.2966,0.07709,1.7619,276.2044,-0.13992,0.07676,532.7895,-0.16905,0.16111
287.1817,0.37571,9.37853,287.3799,0.07727,1.76589,276.2867,-0.1399,0.07703,532.958,-0.16911,0.15957
287.266,0.37554,9.37429,287.4642,0.07738,1.76832,276.3718,-0.1399,0.07706,533.123,-0.16931,0.15508
287.3498,0.37539,9.37042,287.5472,0.07755,1.77221,276.4532,-0.13987,0.07742,533.292,-0.16929,0.15542
287.4328,0.37519,9.36552,287.6298,0.07791,1.78047,276.5384,-0.13986,0.07757,533.4598,-0.16931,0.15506
287.5156,0.37486,9.35716,287.7147,0.07815,1.78599,276.6197,-0.13963,0.08029,533.6248,-0.16931,0.155
287.5996,0.37448,9.3479,287.7981,0.07851,1.79425,276.7043,-0.13958,0.08097,533.793,-0.1693,0.15527
287.6816,0.3742,9.34076,287.883,0.079,1.80544,276.7887,-0.13956,0.08126,533.9602,-0.16936,0.15394
287.7654,0.37388,9.33279,287.9668,0.07979,1.82357,276.8726,-0.13951,0.08179,534.127,-0.16945,0.1517
287.8491,0.37354,9.32444,288.0492,0.08105,1.85226,276.9555,-0.13948,0.08223,534.2942,-0.16958,0.14871
287.9328,0.37343,9.32155,288.134,0.08172,1.86764,277.0394,-0.13932,0.08414,534.4624,-0.16948,0.15105
288.0146,0.37327,9.31746,288.2162,0.08158,1.86444,277.121,-0.13926,0.08488,534.6298,-0.1694,0.15299
288.099,0.37294,9.30927,288.3002,0.08118,1.85531,277.2062,-0.13927,0.08477,534.7939,-0.16945,0.15184
288.1832,0.37263,9.30173,288.3828,0.0808,1.84669,277.2876,-0.13947,0.08233,534.9625,-0.1695,0.1507
288.2672,0.37241,9.29616,288.4656,0.0804,1.83742,277.3733,-0.13952,0.08167,535.1299,-0.1693,0.15537
288.3501,0.37216,9.28984,288.5502,0.08005,1.82933,277.4549,-0.13962,0.08044,535.2954,-0.16915,0.15881
288.4322,0.37182,9.28132,288.6335,0.07974,1.82239,277.538,-0.13976,0.0787,535.4634,-0.16916,0.1586
288.5176,0.37156,9.27498,288.7155,0.07951,1.81715,277.6224,-0.14003,0.07545,535.6303,-0.16908,0.16034
288.5988,0.37138,9.27043,288.7985,0.07928,1.81176,277.706,-0.14012,0.07432,535.7978,-0.16912,0.15956
288.683,0.37115,9.26465,288.8808,0.07912,1.80824,277.7882,-0.14013,0.07422,535.9659,-0.16918,0.15796
288.7676,0.37094,9.25938,288.9634,0.07912,1.80808,277.8722,-0.14019,0.0734,536.1326,-0.1693,0.15535
288.8496,0.3707,9.2534,289.0466,0.07897,1.8048,277.9564,-0.14003,0.0754,536.3014,-0.1696,0.14841
288.935,0.37041,9.24631,289.1315,0.07888,1.80271,278.0391,-0.13994,0.07652,536.4679,-0.16967,0.14667
289.0172,0.37026,9.24252,289.2139,0.07873,1.79922,278.1238,-0.14006,0.07507,536.6338,-0.16964,0.14746
289.101,0.37008,9.23793,289.298,0.07869,1.79838,278.2066,-0.14011,0.07441,536.8007,-0.16974,0.14503
289.1844,0.36973,9.22921,289.3795,0.07864,1.79722,278.2891,-0.14004,0.07529,536.968,-0.16966,0.14696
289.2686,0.36951,9.22378,289.4643,0.07862,1.79672,278.3742,-0.13994,0.07648,537.135,-0.16963,0.14772
289.3506,0.36923,9.21682,289.5459,0.07872,1.79893,278.456,-0.1397,0.07947,537.302,-0.16937,0.15357
289.433,0.36901,9.21125,289.6302,0.07881,1.80105,278.541,-0.13959,0.08083,537.4687,-0.16933,0.15449
289.5186,0.36874,9.2046,289.7128,0.07878,1.80039,278.6228,-0.1396,0.08072,537.6398,-0.16933,0.15448
289.6022,0.36855,9.19975,289.7955,0.0786,1.7964,278.7072,-0.13957,0.08111,537.803,-0.16945,0.15173
289.6854,0.36827,9.19284,289.8793,0.0784,1.79179,278.792,-0.13957,0.08107,537.9726,-0.16942,0.15241
289.7694,0.36799,9.18569,289.9629,0.07832,1.79,278.8743,-0.13975,0.0788,538.1386,-0.16939,0.15323
289.8534,0.36765,9.17732,290.0475,0.07829,1.78917,278.9567,-0.13996,0.07624,538.3052,-0.16943,0.15219
289.9367,0.3673,9.16853,290.129,0.07825,1.78821,279.04,-0.14019,0.07345,538.4726,-0.1695,0.15075
290.0198,0.36725,9.16734,290.2123,0.07822,1.78754,279.1257,-0.14024,0.07288,538.6392,-0.16957,0.14898
290.1017,0.36718,9.16555,290.2959,0.07818,1.7868,279.2078,-0.14016,0.07386,538.8054,-0.16976,0.14457
290.1858,0.36704,9.16216,290.3783,0.07811,1.785,279.2932,-0.14005,0.07516,538.9746,-0.16981,0.14346
290.268,0.36661,9.15139,290.461,0.07812,1.78528,279.3756,-0.13985,0.07762,539.1411,-0.16987,0.142
290.3516,0.36623,9.14195,290.5437,0.07802,1.78314,279.4589,-0.13982,0.07796,539.309,-0.16995,0.14022
290.4366,0.36609,9.13837,290.628,0.07782,1.77856,279.5418,-0.13989,0.07714,539.4748,-0.1699,0.14138
290.5183,0.36592,9.13403,290.712,0.07776,1.77709,279.6264,-0.1399,0.07703,539.6433,-0.16992,0.14102
290.6028,0.3658,9.13105,290.796,0.07779,1.77777,279.7107,-0.13984,0.07776,539.8079,-0.16988,0.14188
290.687,0.36561,9.12626,290.8788,0.07798,1.78212,279.7926,-0.1398,0.0782,539.9761,-0.16973,0.14533
290.7686,0.36522,9.11673,290.9614,0.07809,1.78458,279.8765,-0.13972,0.07929,540.1437,-0.1698,0.14367
290.8528,0.3649,9.10862,291.0457,0.07812,1.78543,279.9592,-0.13972,0.07918,540.3115,-0.16998,0.1396
290.9359,0.36465,9.1023,291.1282,0.07813,1.78562,280.0444,-0.1398,0.07822,540.4774,-0.16998,0.13951
291.0199,0.36448,9.09817,291.2126,0.07816,1.78621,280.1284,-0.13986,0.07746,540.6457,-0.16989,0.14167
291.1029,0.36437,9.09533,291.2957,0.07822,1.78759,280.21,-0.13978,0.07845,540.8122,-0.16973,0.14534
291.1854,0.36421,9.09132,291.3796,0.07821,1.78737,280.2942,-0.13978,0.07851,540.9804,-0.16958,0.14877
291.2699,0.36394,9.08477,291.4627,0.07811,1.78521,280.3777,-0.13975,0.0789,541.1484,-0.16972,0.14565
291.3518,0.36356,9.07515,291.5466,0.07806,1.7839,280.4603,-0.13973,0.07915,541.3135,-0.16977,0.14432
291.4356,0.36322,9.06663,291.629,0.07817,1.78651,280.5429,-0.13975,0.0789,541.4813,-0.16992,0.14079
291.5182,0.36298,9.06071,291.7128,0.07832,1.78986,280.6266,-0.13991,0.0769,541.6472,-0.16996,0.13993
291.601,0.36288,9.05834,291.795,0.07844,1.79266,280.7086,-0.14008,0.07475,541.8155,-0.16975,0.14473
291.6834,0.36265,9.05261,291.8785,0.07848,1.79356,280.793,-0.14008,0.07479,541.9809,-0.16962,0.14789
291.7675,0.36249,9.04847,291.9619,0.07849,1.79377,280.8768,-0.14,0.07579,542.1489,-0.16967,0.14672
291.8504,0.3622,9.04117,292.0458,0.07842,1.79209,280.9593,-0.13991,0.07688,542.3162,-0.1697,0.14596
291.9343,0.36181,9.03161,292.1297,0.07816,1.7862,281.044,-0.13981,0.07818,542.4828,-0.16963,0.14759
292.0181,0.36166,9.02768,292.2127,0.07803,1.78321,281.1263,-0.13983,0.0779,542.65,-0.16977,0.14449
292.102,0.36158,9.02568,292.2969,0.07783,1.77861,281.2102,-0.13987,0.0774,542.8176,-0.16981,0.14354
292.1844,0.36134,9.01979,292.3794,0.07775,1.77693,281.2944,-0.14,0.07572,542.9826,-0.16972,0.1456
292.2688,0.3612,9.0162,292.4627,0.0776,1.7734,281.3772,-0.14012,0.07427,543.1524,-0.16982,0.14317
292.352,0.36099,9.01115,292.5453,0.07767,1.77516,281.4609,-0.1402,0.07331,543.3188,-0.17006,0.13771
292.435,0.36059,9.00109,292.6302,0.07767,1.77512,281.5442,-0.14026,0.07261,543.4864,-0.16995,0.14026
292.5188,0.36034,8.99483,292.7119,0.07762,1.77384,281.6254,-0.14036,0.07139,543.653,-0.16977,0.14435
292.6016,0.36011,8.98908,292.7945,0.07756,1.77244,281.71,-0.14053,0.0692,543.8212,-0.16969,0.14626
292.6854,0.35978,8.9808,292.8797,0.0776,1.77353,281.7928,-0.14053,0.06921,543.9887,-0.16974,0.14511
292.7677,0.35955,8.97505,292.9622,0.07766,1.77491,281.8761,-0.14034,0.07161,544.154,-0.16984,0.14286
292.8518,0.35941,8.97167,293.0472,0.07763,1.77404,281.9606,-0.14015,0.07391,544.3218,-0.16982,0.1432
292.9365,0.35914,8.96495,293.1296,0.07757,1.77269,282.045,-0.14019,0.07346,544.4908,-0.1698,0.14374
293.0193,0.35887,8.95801,293.212,0.07754,1.77199,282.1284,-0.14048,0.06983,544.6568,-0.17,0.139
293.1012,0.35876,8.95549,293.2948,0.07755,1.77236,282.2118,-0.14077,0.06633,544.8235,-0.17014,0.13587
293.1856,0.35859,8.95121,293.379,0.07744,1.76971,282.2953,-0.14086,0.06513,544.9912,-0.17008,0.13712
293.269,0.35824,8.94236,293.4629,0.07727,1.76581,282.3784,-0.14057,0.06874,545.1584,-0.1704,0.12983
293.3523,0.35784,8.93247,293.5465,0.07733,1.76722,282.4611,-0.14051,0.06952,545.3258,-0.17117,0.11182
293.437,0.35759,8.92625,293.6303,0.07739,1.76874,282.5448,-0.14046,0.07016,545.493,-0.17204,0.09172
293.5209,0.35754,8.92505,293.7136,0.07733,1.76725,282.6285,-0.14028,0.07229,545.6602,-0.17244,0.08244
293.6033,0.35745,8.92279,293.7966,0.07727,1.76602,282.7108,-0.1403,0.07203,545.828,-0.17234,0.0849
293.6863,0.35725,8.91761,293.8808,0.07725,1.76543,282.7941,-0.14046,0.07007,545.9962,-0.17188,0.09548
293.7704,0.35698,8.91105,293.9651,0.07728,1.76611,282.8762,-0.14046,0.07016,546.1619,-0.17143,0.10586
293.8519,0.35669,8.90375,294.0466,0.07733,1.7672,282.962,-0.14027,0.07249,546.3311,-0.17094,0.11719
293.9354,0.35628,8.89357,294.13,0.07739,1.76864,283.0446,-0.14028,0.07232,546.4989,-0.17061,0.12482
294.0192,0.35604,8.88748,294.2129,0.0774,1.76893,283.127,-0.14023,0.07294,546.6664,-0.1703,0.13215
294.1029,0.35578,8.88105,294.2964,0.07736,1.76792,283.2105,-0.14021,0.07316,546.8336,-0.16941,0.15279
294.187,0.35569,8.87869,294.3805,0.07739,1.76869,283.2938,-0.1401,0.07459,547.0011,-0.16824,0.17973
294.2701,0.35538,8.87113,294.462,0.07738,1.76845,283.3758,-0.14019,0.0735,547.1676,-0.16784,0.189
294.3526,0.35504,8.86265,294.5446,0.07732,1.76711,283.4594,-0.14037,0.07119,547.3336,-0.16804,0.18437
294.4374,0.35479,8.85635,294.6288,0.07731,1.7669,283.5428,-0.14037,0.07122,547.5014,-0.16845,0.17495
294.52,0.35466,8.85307,294.7108,0.07726,1.76566,283.6266,-0.14032,0.07184,547.665,-0.1689,0.16461
294.6022,0.35447,8.84831,294.7957,0.07723,1.76505,283.71,-0.14017,0.07368,547.8331,-0.16919,0.15783
294.6866,0.35408,8.83853,294.8787,0.07731,1.76683,283.7944,-0.14005,0.07514,547.9988,-0.16951,0.15047
294.7708,0.35375,8.83033,294.9606,0.07751,1.77148,283.8778,-0.13998,0.07605,548.1653,-0.16968,0.14657
294.854,0.35345,8.82283,295.046,0.07754,1.77204,283.9616,-0.13989,0.07719,548.3324,-0.16992,0.14096
294.9385,0.35327,8.81826,295.1292,0.07739,1.76876,284.0431,-0.13984,0.07777,548.4967,-0.17013,0.13602
295.021,0.35318,8.81601,295.2123,0.0774,1.76888,284.1272,-0.13982,0.078,548.665,-0.17028,0.13257
295.103,0.35294,8.81008,295.297,0.07727,1.76585,284.2101,-0.13982,0.07803,548.8316,-0.17033,0.13149
295.1882,0.35265,8.80294,295.3802,0.07717,1.76365,284.2928,-0.13996,0.07621,548.999,-0.17035,0.13099
295.2715,0.35245,8.79785,295.4624,0.07704,1.76067,284.3772,-0.14011,0.07441,549.1661,-0.17026,0.13291
295.3562,0.35218,8.7912,295.5454,0.07686,1.75649,284.4613,-0.13991,0.07683,549.3338,-0.1702,0.13446
295.4386,0.35191,8.78435,295.6287,0.07676,1.75423,284.544,-0.13959,0.08083,549.5012,-0.17009,0.13702
295.5202,0.35155,8.77551,295.7121,0.07639,1.74568,284.6272,-0.13961,0.08055,549.6682,-0.16999,0.13926
295.6047,0.35136,8.77076,295.7942,0.07605,1.73799,284.7115,-0.13965,0.08011,549.8355,-0.16998,0.13956
295.6888,0.35107,8.76341,295.8794,0.07582,1.73287,284.794,-0.13971,0.07937,550.0012,-0.17005,0.13785
295.7711,0.35085,8.75798,295.9622,0.07588,1.73403,284.876,-0.13988,0.07721,550.1699,-0.16995,0.1403
295.8548,0.35061,8.75195,296.0458,0.07605,1.73811,284.9602,-0.14015,0.07397,550.3382,-0.17001,0.13884
295.9388,0.35037,8.74594,296.1305,0.07626,1.74275,285.0441,-0.14024,0.07288,550.5037,-0.17,0.13894
296.0222,0.35012,8.7397,296.2139,0.07635,1.74488,285.1275,-0.14039,0.07101,550.67,-0.17003,0.13827
296.104,0.34982,8.73219,296.2977,0.07638,1.74551,285.2105,-0.14061,0.06831,550.838,-0.17017,0.13501
296.188,0.34952,8.72481,296.3805,0.07632,1.74423,285.2946,-0.1404,0.07081,551.0059,-0.17033,0.13137
296.2718,0.34931,8.71941,296.4624,0.07609,1.73889,285.3787,-0.14014,0.074,551.1721,-0.17033,0.13129
296.3548,0.34918,8.71628,296.5476,0.07609,1.73887,285.4619,-0.14008,0.07475,551.3392,-0.17036,0.13065
296.439,0.34897,8.71099,296.6318,0.07607,1.73841,285.5435,-0.14022,0.07307,551.5079,-0.1703,0.13201
296.5218,0.34871,8.7044,296.7152,0.07593,1.73517,285.6272,-0.14054,0.06911,551.6743,-0.17036,0.1306
296.6056,0.34851,8.69944,296.7975,0.07604,1.73771,285.7125,-0.14085,0.06536,551.8402,-0.17035,0.13084
296.689,0.34829,8.69408,296.8802,0.07617,1.74081,285.7953,-0.1409,0.06466,552.0087,-0.17033,0.13139
296.7725,0.34795,8.68561,296.9622,0.07627,1.74295,285.8761,-0.14085,0.06535,552.176,-0.1702,0.1343
296.8567,0.34768,8.67892,297.0468,0.07631,1.74406,285.9606,-0.14079,0.06608,552.343,-0.17014,0.13582
296.9388,0.34749,8.6741,297.1302,0.07641,1.7463,286.0446,-0.14073,0.06676,552.5102,-0.1702,0.13442
297.0211,0.34735,8.67045,297.2136,0.07643,1.74663,286.127,-0.14044,0.07033,552.6785,-0.17034,0.13112
297.105,0.34723,8.66753,297.2988,0.07649,1.74813,286.2111,-0.14034,0.07158,552.8458,-0.17041,0.12965
297.1894,0.34704,8.66289,297.3814,0.07634,1.74457,286.2954,-0.14034,0.07163,553.0122,-0.17053,0.12667
297.273,0.34684,8.65777,297.4644,0.0762,1.74146,286.3782,-0.14033,0.07172,553.1788,-0.17067,0.12345
297.355,0.34679,8.65661,297.5458,0.07604,1.73791,286.4608,-0.14046,0.07012,553.346,-0.17076,0.12155
297.4379,0.3465,8.64927,297.631,0.07603,1.73765,286.5443,-0.14053,0.06928,553.5141,-0.17072,0.12238
297.5232,0.3462,8.6418,297.7138,0.07614,1.74019,286.6279,-0.14054,0.06912,553.6808,-0.17069,0.12295
297.6072,0.3458,8.63196,297.7976,0.07628,1.74327,286.71,-0.14052,0.06935,553.8488,-0.17051,0.12713
297.6892,0.34555,8.6256,297.8808,0.07625,1.74251,286.7932,-0.14045,0.07027,554.0136,-0.17049,0.12771
297.7724,0.34517,8.61626,297.9646,0.07622,1.74189,286.8761,-0.14036,0.07136,554.1826,-0.1704,0.12985
297.857,0.34476,8.60587,298.047,0.07616,1.74065,286.96,-0.14024,0.07278,554.3496,-0.17024,0.13352
297.9385,0.34437,8.59628,298.1306,0.0761,1.73918,287.0454,-0.14026,0.07263,554.5156,-0.17024,0.13347
298.0233,0.34413,8.59024,298.213,0.07598,1.73635,287.1279,-0.14017,0.07373,554.685,-0.17022,0.13401
298.1058,0.34398,8.58633,298.297,0.07592,1.73497,287.2105,-0.14009,0.07467,554.8492,-0.17017,0.13505
298.1903,0.3439,8.58447,298.3818,0.07582,1.73277,287.2946,-0.13993,0.0766,555.0183,-0.17014,0.13587
298.2736,0.34378,8.58141,298.4644,0.07579,1.73219,287.3768,-0.14011,0.07437,555.1856,-0.17019,0.13471
298.3578,0.34371,8.57975,298.5472,0.0758,1.73243,287.4595,-0.14022,0.07306,555.35,-0.17033,0.13135
298.4422,0.34351,8.57483,298.6307,0.07583,1.73291,287.5434,-0.14017,0.07374,555.5181,-0.17028,0.13265
298.525,0.34326,8.56848,298.7148,0.07592,1.73507,287.6255,-0.14013,0.07421,555.6826,-0.17011,0.13658
298.6076,0.34302,8.56236,298.7994,0.07595,1.73573,287.7113,-0.14012,0.07427,555.8489,-0.17007,0.13746
298.6913,0.34284,8.55794,298.8826,0.07591,1.73493,287.7936,-0.14042,0.0706,556.016,-0.17011,0.13648
298.775,0.34268,8.55394,298.9654,0.07594,1.73551,287.8752,-0.14035,0.07149,556.1812,-0.1701,0.13669
298.8578,0.34245,8.5482,299.0478,0.0759,1.73467,287.96,-0.14044,0.07038,556.3445,-0.1701,0.13665
298.94,0.3422,8.54195,299.1304,0.0759,1.73465,288.0424,-0.14062,0.0682,556.5098,-0.17008,0.13713
299.0251,0.342,8.53706,299.2149,0.07586,1.73374,288.1262,-0.14066,0.06769,556.6754,-0.17028,0.13262
299.1076,0.34182,8.53247,299.2976,0.07598,1.73645,288.2093,-0.1406,0.0684,556.8413,-0.17049,0.12768
299.1912,0.34154,8.52546,299.3801,0.07614,1.74012,288.2922,-0.14067,0.06747,557.0056,-0.17047,0.12811
299.2756,0.34123,8.51775,299.4655,0.07596,1.73592,288.3748,-0.14074,0.06671,557.171,-0.17031,0.13194
299.3598,0.34092,8.50998,299.5495,0.07573,1.73066,288.4592,-0.14075,0.0666,557.3355,-0.17044,0.12896
299.4419,0.34078,8.50646,299.6334,0.07559,1.72743,288.542,-0.14083,0.0655,557.5011,-0.17025,0.13335
299.5254,0.3406,8.50208,299.7157,0.07564,1.72857,288.6258,-0.14083,0.06553,557.6686,-0.17019,0.13463
299.6085,0.34032,8.49515,299.7992,0.07572,1.73056,288.7084,-0.14073,0.06684,557.8315,-0.17024,0.13359
299.6902,0.33989,8.4843,299.8824,0.07568,1.72967,288.7908,-0.14074,0.06668,557.9984,-0.17018,0.13494
299.7752,0.33949,8.47431,299.9668,0.07552,1.72599,288.8737,-0.14088,0.06493,558.1629,-0.17018,0.13489
299.858,0.33915,8.46587,300.0476,0.07553,1.72611,288.9563,-0.14103,0.06316,558.3297,-0.16996,0.13992
299.9428,0.33884,8.4582,300.1315,0.07544,1.724,289.041,-0.14097,0.06382,558.4931,-0.16982,0.14318
300.0265,0.33853,8.45032,300.2154,0.07541,1.72349,289.1236,-0.14071,0.06698,558.6601,-0.17002,0.13849
300.1096,0.33827,8.444,300.2992,0.07528,1.72036,289.2077,-0.14048,0.06989,558.8262,-0.17019,0.13464
300.1931,0.3381,8.43974,300.383,0.07521,1.71885,289.2908,-0.14036,0.0713,558.9937,-0.17009,0.13702
300.2775,0.33804,8.43815,300.464,0.0752,1.71868,289.374,-0.14035,0.0715,559.1593,-0.16987,0.14195
300.3594,0.33787,8.43389,300.5486,0.07524,1.7195,289.4556,-0.14046,0.07016,559.3266,-0.16979,0.14388
300.4428,0.33773,8.43041,300.6328,0.07525,1.71969,289.5392,-0.14068,0.06739,559.4929,-0.17,0.13903
300.5267,0.33752,8.42528,300.7173,0.07535,1.72203,289.6218,-0.14086,0.06519,559.6582,-0.17022,0.13403
300.6094,0.33726,8.41877,300.7987,0.07551,1.72567,289.7052,-0.14086,0.06525,559.8248,-0.17048,0.12795
300.6946,0.33713,8.41537,300.8828,0.07549,1.72513,289.789,-0.14065,0.06774,559.9922,-0.17066,0.1237
300.778,0.33691,8.40997,300.9662,0.07549,1.7253,289.8708,-0.14061,0.06823,560.1582,-0.17042,0.12935
300.86,0.33664,8.40319,301.0506,0.0754,1.72313,289.9538,-0.14063,0.06808,560.3247,-0.17026,0.13304
300.9428,0.33619,8.39192,301.1333,0.07532,1.72132,290.038,-0.14047,0.07004,560.492,-0.1705,0.12746
301.0268,0.33571,8.37999,301.2168,0.07518,1.71816,290.1222,-0.14031,0.07193,560.6598,-0.17049,0.12776
301.11,0.33535,8.37114,301.2995,0.07519,1.71849,290.2036,-0.14015,0.07389,560.8274,-0.1703,0.13201
301.1922,0.33513,8.36549,301.383,0.0752,1.71858,290.289,-0.14014,0.07402,560.994,-0.17023,0.13371
301.2756,0.33481,8.35754,301.4657,0.0752,1.71851,290.3715,-0.14005,0.07521,561.1602,-0.17007,0.13753
301.3602,0.33459,8.35204,301.5496,0.07526,1.71995,290.4568,-0.13994,0.07648,561.3262,-0.17,0.13893
301.4435,0.33435,8.34604,301.6339,0.07526,1.72001,290.5396,-0.1398,0.07824,561.4936,-0.17007,0.13743
301.5262,0.334,8.33728,301.7176,0.07523,1.71933,290.6224,-0.14008,0.0748,561.6621,-0.17005,0.13794
301.6105,0.3337,8.32986,301.8013,0.07531,1.72117,290.705,-0.14026,0.07261,561.8265,-0.1699,0.14147
301.6934,0.3335,8.32481,301.8844,0.0753,1.72078,290.7872,-0.14038,0.07106,561.9936,-0.17007,0.13741
301.7774,0.33332,8.32042,301.9673,0.07523,1.71931,290.8716,-0.14048,0.06993,562.1598,-0.17009,0.13696
301.8602,0.33311,8.31507,302.0515,0.07522,1.71899,290.9557,-0.14045,0.07019,562.3276,-0.17016,0.13529
301.9424,0.33287,8.3092,302.1345,0.07514,1.71721,291.0408,-0.14046,0.07013,562.4937,-0.1704,0.12971
302.0278,0.33253,8.30063,302.2168,0.07507,1.71555,291.1226,-0.14067,0.06756,562.6607,-0.1705,0.12756
302.1098,0.33224,8.29331,302.3002,0.07514,1.71713,291.2072,-0.14071,0.06702,562.8276,-0.17038,0.13029
302.1931,0.33208,8.28951,302.3834,0.07503,1.71482,291.2905,-0.14061,0.06826,562.9944,-0.17037,0.1304
302.277,0.33199,8.28724,302.467,0.07495,1.71294,291.375,-0.14066,0.06768,563.1599,-0.17039,0.12996
302.3601,0.33178,8.28196,302.5483,0.075,1.71402,291.4555,-0.14056,0.0689,563.3284,-0.17043,0.1291
302.443,0.33156,8.27647,302.632,0.07499,1.71381,291.5411,-0.14047,0.07004,563.495,-0.17048,0.12791
302.5265,0.33131,8.27005,302.7158,0.07494,1.71265,291.6245,-0.14051,0.06947,563.6615,-0.17062,0.12479
302.6086,0.33107,8.26421,302.8018,0.07493,1.7125,291.7076,-0.14044,0.07042,563.8276,-0.17063,0.12439
302.6932,0.33088,8.25957,302.885,0.07489,1.71152,291.7924,-0.1405,0.06962,563.9942,-0.17077,0.12129
302.7768,0.33067,8.2541,302.9676,0.07494,1.71259,291.8736,-0.14068,0.06746,564.162,-0.17085,0.11925
302.8617,0.33039,8.24723,303.0508,0.0749,1.71175,291.9598,-0.14071,0.06709,564.3282,-0.17084,0.11969
302.9444,0.33021,8.24269,303.1343,0.07473,1.7079,292.0413,-0.14065,0.06775,564.495,-0.17083,0.11974
303.0284,0.32991,8.23531,303.2185,0.07449,1.70244,292.128,-0.14055,0.06896,564.664,-0.17067,0.12341
303.1103,0.32948,8.22447,303.3003,0.07443,1.70093,292.2094,-0.14047,0.07,564.8287,-0.17056,0.12614
303.1945,0.32907,8.21418,303.3838,0.07425,1.69693,292.293,-0.14047,0.07002,564.9975,-0.1705,0.12747
303.2784,0.32862,8.20302,303.4686,0.07399,1.69103,292.3774,-0.14061,0.06829,565.1642,-0.17046,0.1283
303.3623,0.32842,8.19801,303.5506,0.07395,1.69008,292.4603,-0.14064,0.06792,565.3315,-0.1704,0.12984
303.4437,0.32827,8.19433,303.6338,0.07399,1.69097,292.5438,-0.14061,0.06831,565.4978,-0.17036,0.13069
303.5276,0.32798,8.18717,303.7169,0.07408,1.69302,292.6272,-0.14062,0.06811,565.665,-0.17055,0.12632
303.61,0.32772,8.18057,303.8015,0.0741,1.69339,292.7104,-0.14065,0.06775,565.8326,-0.17068,0.12333
303.695,0.32742,8.17316,303.885,0.07421,1.69607,292.7925,-0.1407,0.06716,565.9988,-0.1707,0.12279
303.777,0.32704,8.1636,303.969,0.07421,1.69592,292.8764,-0.14064,0.06794,566.167,-0.17085,0.1194
303.86,0.32671,8.15535,304.0513,0.07404,1.6921,292.9597,-0.14073,0.06677,566.3342,-0.17088,0.11873
303.945,0.32651,8.15038,304.1348,0.07408,1.69292,293.0442,-0.1407,0.06711,566.5008,-0.17092,0.11782
304.0293,0.32617,8.14197,304.2184,0.07417,1.69515,293.127,-0.14073,0.06673,566.6695,-0.17095,0.11696
304.1106,0.32591,8.13549,304.301,0.07425,1.69683,293.2115,-0.14073,0.06682,566.8352,-0.17084,0.11961
304.1952,0.3255,8.12525,304.3854,0.07432,1.69855,293.2935,-0.14075,0.06656,567.004,-0.17069,0.12311
304.2783,0.32512,8.11561,304.4693,0.07435,1.6991,293.3778,-0.14109,0.06232,567.169,-0.17065,0.12405
304.3613,0.32479,8.10731,304.5518,0.07425,1.697,293.461,-0.14119,0.06106,567.3388,-0.17063,0.12435
304.4444,0.32453,8.10105,304.6341,0.07422,1.69613,293.5444,-0.14116,0.06155,567.5032,-0.17068,0.12332
304.5272,0.32434,8.09611,304.7179,0.07405,1.69241,293.6262,-0.14114,0.06176,567.672,-0.17074,0.12186
304.611,0.32416,8.09164,304.8022,0.07382,1.68708,293.71,-0.14105,0.0628,567.8385,-0.17083,0.11976
304.6963,0.32392,8.08569,304.8861,0.07377,1.68586,293.7955,-0.14098,0.06376,568.005,-0.17083,0.11988
304.7794,0.32368,8.07978,304.9671,0.07382,1.68712,293.8763,-0.14097,0.06378,568.1723,-0.17088,0.11855
304.8622,0.32358,8.07712,305.0522,0.07399,1.691,293.9606,-0.141,0.06344,568.3384,-0.1708,0.12059
304.9458,0.32347,8.07438,305.1348,0.07417,1.6951,294.0442,-0.14103,0.0631,568.5054,-0.17063,0.12434
305.0303,0.32343,8.0734,305.2192,0.07417,1.69505,294.1272,-0.1408,0.06589,568.6739,-0.17051,0.12715
305.1138,0.32319,8.06755,305.302,0.07396,1.69026,294.212,-0.14059,0.06852,568.8389,-0.17054,0.12651
305.195,0.32297,8.06204,305.3855,0.07388,1.68854,294.2924,-0.14061,0.06828,569.0069,-0.17059,0.12536
305.2782,0.32263,8.05349,305.4701,0.07398,1.69068,294.3767,-0.1407,0.06719,569.1748,-0.17062,0.1246
305.3628,0.32231,8.04547,305.553,0.07405,1.6924,294.4614,-0.14077,0.06625,569.3421,-0.17087,0.11892
305.4436,0.32213,8.04098,305.637,0.07403,1.6919,294.5451,-0.14092,0.06441,569.5084,-0.17111,0.1134
305.5282,0.32194,8.03621,305.7202,0.07405,1.69226,294.6276,-0.14085,0.06529,569.6754,-0.17106,0.1144
305.6128,0.32177,8.03209,305.8037,0.07409,1.69324,294.711,-0.14073,0.06681,569.842,-0.17099,0.11614
305.697,0.3214,8.02272,305.8867,0.07415,1.69454,294.7936,-0.1407,0.06712,570.0094,-0.17091,0.11795
305.7795,0.32098,8.01232,305.9691,0.07403,1.69185,294.8776,-0.14068,0.06739,570.1772,-0.17088,0.11856
305.8612,0.3207,8.00528,306.053,0.07394,1.68971,294.9604,-0.14083,0.06554,570.344,-0.17081,0.12026
305.9468,0.32057,8.00203,306.1352,0.07384,1.68763,295.0442,-0.14092,0.06444,570.5116,-0.1707,0.12284
306.03,0.32027,7.99454,306.221,0.07379,1.68645,295.1277,-0.14081,0.06585,570.6816,-0.17065,0.12394
306.1125,0.31994,7.98629,306.3036,0.07372,1.68484,295.21,-0.14078,0.06617,570.8458,-0.17071,0.1225
306.197,0.31973,7.98121,306.3873,0.07365,1.68318,295.2926,-0.14075,0.06654,571.0142,-0.17082,0.12008
306.2786,0.3195,7.97538,306.47,0.07373,1.68495,295.3765,-0.14075,0.06655,571.1812,-0.17106,0.11445
306.3618,0.31937,7.97215,306.5534,0.07376,1.68566,295.4591,-0.14095,0.06409,571.348,-0.17118,0.11172
306.4463,0.31911,7.96554,306.6372,0.07382,1.68696,295.5427,-0.14099,0.06362,571.5141,-0.17129,0.10911
306.5284,0.31873,7.95608,306.7211,0.07394,1.68992,295.6252,-0.14104,0.063,571.6832,-0.17125,0.11019
306.6134,0.31832,7.94603,306.8047,0.07402,1.69159,295.7095,-0.14103,0.06312,571.8495,-0.17116,0.11227
306.6944,0.3181,7.94047,306.8863,0.07398,1.69079,295.791,-0.14097,0.0638,572.0176,-0.1712,0.11128
306.7791,0.31791,7.93572,306.97,0.07371,1.68454,295.877,-0.14082,0.06573,572.1839,-0.17113,0.11286
306.8639,0.31772,7.93086,307.0535,0.07342,1.67792,295.9578,-0.14083,0.06558,572.35,-0.17105,0.11479
306.9444,0.31747,7.92465,307.1363,0.07336,1.67658,296.0417,-0.14101,0.06332,572.5192,-0.17119,0.11143
307.0293,0.31714,7.91649,307.22,0.07335,1.67629,296.1226,-0.14116,0.0615,572.6854,-0.17126,0.10996
307.113,0.31686,7.90948,307.3028,0.07334,1.67618,296.2065,-0.1412,0.06098,572.853,-0.17114,0.11253
307.1958,0.31652,7.90109,307.3871,0.07346,1.67886,296.2921,-0.14122,0.06072,573.0218,-0.17108,0.11396
307.2791,0.31625,7.89415,307.4705,0.07363,1.68265,296.3728,-0.14119,0.06114,573.1887,-0.17105,0.11463
307.3628,0.31614,7.89161,307.5554,0.07364,1.68298,296.4562,-0.14112,0.06203,573.3546,-0.17091,0.11804
307.4466,0.3159,7.88543,307.6376,0.07351,1.68002,296.5411,-0.14117,0.06136,573.522,-0.17084,0.11948
307.5286,0.31551,7.87584,307.7214,0.07341,1.67766,296.622,-0.14119,0.06115,573.6902,-0.17083,0.1197
307.6124,0.31509,7.86526,307.804,0.07339,1.67733,296.7063,-0.14118,0.06129,573.8574,-0.1709,0.11822
307.696,0.31472,7.85594,307.8867,0.07335,1.67637,296.7898,-0.14111,0.06212,574.0245,-0.17091,0.1179
307.7804,0.3145,7.8505,307.9705,0.07326,1.67431,296.8736,-0.14107,0.06255,574.1921,-0.17086,0.11921
307.8624,0.31432,7.84597,308.0544,0.07315,1.67171,296.9554,-0.14105,0.06288,574.3589,-0.1707,0.12286
307.9468,0.31407,7.83984,308.1367,0.0732,1.67285,297.0381,-0.141,0.06342,574.526,-0.17087,0.11888
308.029,0.31387,7.83476,308.2206,0.07321,1.6731,297.1224,-0.14083,0.06552,574.6926,-0.17105,0.11464
308.1117,0.31366,7.82962,308.3054,0.07326,1.67429,297.207,-0.14093,0.0643,574.8576,-0.17115,0.11234
308.195,0.31346,7.8245,308.3883,0.07344,1.67828,297.2898,-0.14105,0.06287,575.0249,-0.17105,0.11476
308.2791,0.31316,7.81707,308.4715,0.07341,1.67777,297.3713,-0.14095,0.0641,575.1936,-0.17089,0.11835
308.3623,0.31278,7.80776,308.5557,0.0734,1.67745,297.4542,-0.1409,0.06474,575.3593,-0.17092,0.11772
308.4469,0.31251,7.80089,308.6385,0.07339,1.67725,297.5375,-0.14094,0.06418,575.5278,-0.17102,0.11541
308.5296,0.31234,7.79655,308.7206,0.07329,1.67501,297.6204,-0.14088,0.0649,575.6941,-0.17098,0.11622
308.614,0.31205,7.7893,308.805,0.07335,1.67634,297.703,-0.14075,0.06658,575.8628,-0.17077,0.12128
308.6967,0.31171,7.78102,308.8886,0.07345,1.67859,297.7867,-0.1409,0.06469,576.03,-0.17076,0.12145
308.7797,0.31151,7.77595,308.9719,0.07345,1.67861,297.8688,-0.1412,0.06099,576.1963,-0.17078,0.12102
308.8632,0.31117,7.76756,309.0561,0.07322,1.67335,297.9526,-0.14125,0.06039,576.3648,-0.17085,0.11942
308.9462,0.31093,7.76155,309.1386,0.07307,1.66995,298.0353,-0.14118,0.06124,576.5306,-0.17096,0.11683
309.03,0.31059,7.75287,309.224,0.07301,1.66849,298.118,-0.14122,0.06076,576.6982,-0.17114,0.11259
309.1128,0.31023,7.74409,309.3061,0.07304,1.66921,298.201,-0.14117,0.06136,576.8651,-0.17102,0.11542
309.1967,0.30999,7.73796,309.3896,0.07307,1.66986,298.2848,-0.14106,0.06277,577.0318,-0.1709,0.11813
309.2806,0.30972,7.73116,309.4716,0.07306,1.66961,298.3682,-0.14109,0.06241,577.1988,-0.1709,0.11808
309.3642,0.30942,7.7238,309.5564,0.07306,1.6696,298.451,-0.14122,0.06081,577.3672,-0.17094,0.11736
309.4476,0.30905,7.71443,309.6397,0.07315,1.67176,298.5328,-0.14123,0.06068,577.5332,-0.171,0.11588
309.532,0.30868,7.70524,309.7237,0.0732,1.67283,298.6178,-0.14131,0.05966,577.7037,-0.17124,0.11026
309.6139,0.30825,7.69454,309.8068,0.07322,1.67345,298.7004,-0.14138,0.05876,577.87,-0.17129,0.10909
309.6978,0.30805,7.68965,309.8894,0.07314,1.6715,298.7837,-0.14121,0.06093,578.0371,-0.1713,0.10902
309.7811,0.3078,7.68323,309.9732,0.07306,1.66968,298.8675,-0.14122,0.06076,578.2024,-0.17135,0.10778
309.8647,0.30738,7.67283,310.0564,0.07307,1.66986,298.9504,-0.14126,0.06028,578.3703,-0.17127,0.10964
309.9468,0.30707,7.66499,310.1394,0.073,1.66833,299.0338,-0.14106,0.06272,578.5381,-0.17124,0.11024
310.0317,0.30681,7.65872,310.2228,0.07296,1.66732,299.117,-0.14089,0.06476,578.7032,-0.17131,0.10874
310.115,0.30663,7.65411,310.3063,0.07297,1.66762,299.1992,-0.14097,0.06381,578.872,-0.17142,0.1061
310.198,0.30637,7.64766,310.3894,0.07296,1.66746,299.2835,-0.141,0.06344,579.0408,-0.17144,0.10578
310.2822,0.3061,7.64077,310.4717,0.07291,1.66623,299.366,-0.14094,0.06426,579.208,-0.17144,0.10567
310.3654,0.30577,7.63267,310.5564,0.07296,1.66746,299.4493,-0.14103,0.06307,579.3756,-0.1715,0.10421
310.4486,0.3054,7.62342,310.6384,0.07286,1.66507,299.5327,-0.14114,0.06175,579.543,-0.17164,0.10103
310.5328,0.30498,7.61289,310.7252,0.07261,1.65942,299.614,-0.14119,0.06111,579.711,-0.17164,0.10097
310.6174,0.30465,7.60462,310.8075,0.07247,1.65627,299.6988,-0.14115,0.0616,579.8762,-0.1717,0.09962
310.7,0.30449,7.60076,310.8912,0.07249,1.65671,299.7815,-0.14107,0.06259,580.044,-0.17174,0.09879
310.7834,0.30425,7.59469,310.9745,0.07244,1.6555,299.8654,-0.14093,0.06429,580.2113,-0.17162,0.10148
310.8666,0.30395,7.58717,311.0575,0.07246,1.65596,299.9485,-0.14081,0.06583,580.3794,-0.17154,0.10342
310.95,0.30382,7.58402,311.1411,0.07258,1.65866,300.032,-0.14064,0.06791,580.5472,-0.17151,0.10403
311.033,0.30357,7.5778,311.2242,0.07265,1.66024,300.114,-0.14064,0.06787,580.7144,-0.17166,0.10058
311.1156,0.30325,7.56973,311.3071,0.07275,1.66266,300.1973,-0.14065,0.0678,580.8822,-0.17179,0.09753
311.1994,0.30297,7.56285,311.3921,0.07276,1.66291,300.2806,-0.14061,0.06828,581.0495,-0.17193,0.0944
311.284,0.30283,7.55934,311.4741,0.07229,1.65218,300.3646,-0.14077,0.06631,581.215,-0.17201,0.09241
311.3678,0.30261,7.55386,311.5596,0.07204,1.64631,300.448,-0.14107,0.06261,581.3831,-0.17197,0.09339
311.451,0.30242,7.54892,311.6408,0.07203,1.64618,300.53,-0.14106,0.06275,581.5484,-0.17192,0.09449
311.5345,0.30209,7.54085,311.7259,0.0722,1.65014,300.6143,-0.14119,0.06107,581.7187,-0.17178,0.09779
311.6182,0.30167,7.53031,311.8108,0.07226,1.6513,300.6969,-0.14143,0.05821,581.8861,-0.17159,0.10228
311.7022,0.30128,7.52048,311.892,0.07214,1.64862,300.7794,-0.14163,0.05567,582.0522,-0.17156,0.10289
311.7852,0.30077,7.5079,311.9758,0.07205,1.64665,300.8634,-0.14157,0.05643,582.2187,-0.17164,0.10113
311.8689,0.30039,7.49836,312.0596,0.07213,1.64842,300.9475,-0.14157,0.05649,582.3882,-0.17157,0.10268
311.9538,0.30001,7.48878,312.1432,0.07225,1.65121,301.029,-0.1419,0.05242,582.5543,-0.17147,0.10502
312.0347,0.29964,7.47962,312.228,0.07224,1.65094,301.1127,-0.14222,0.0484,582.7209,-0.17151,0.10403
312.1169,0.29948,7.47576,312.3098,0.07215,1.64894,301.1955,-0.14236,0.04666,582.8886,-0.1715,0.10428
312.2016,0.2993,7.4711,312.3948,0.07203,1.64611,301.2784,-0.14213,0.0495,583.0562,-0.1714,0.10666
312.2861,0.29913,7.46682,312.476,0.07204,1.64647,301.3631,-0.14198,0.05137,583.2237,-0.17125,0.10998
312.3691,0.29872,7.45663,312.5602,0.07214,1.64872,301.4434,-0.14163,0.05565,583.3903,-0.17133,0.10832
312.4532,0.29837,7.44794,312.6448,0.07228,1.65184,301.527,-0.14141,0.05843,583.559,-0.17115,0.11244
312.5364,0.29817,7.44292,312.7295,0.07239,1.65446,301.6101,-0.14162,0.05582,583.7226,-0.17103,0.11514
312.6188,0.29787,7.43541,312.812,0.07264,1.66003,301.6942,-0.14169,0.05496,583.8916,-0.17118,0.11162
312.7022,0.29762,7.4291,312.8948,0.07294,1.66697,301.779,-0.14158,0.05628,584.0572,-0.17131,0.1087
312.7836,0.29735,7.42237,312.9786,0.0729,1.66613,301.8626,-0.14158,0.05627,584.2245,-0.17123,0.11063
312.869,0.29702,7.41431,313.0626,0.07277,1.6631,301.9439,-0.14164,0.05553,584.3926,-0.17116,0.11207
312.953,0.29664,7.40467,313.1461,0.07273,1.66211,302.0272,-0.14157,0.05647,584.5614,-0.17126,0.10978
313.0362,0.29626,7.39517,313.229,0.0726,1.65914,302.1106,-0.1415,0.05729,584.7273,-0.1714,0.10657
313.1197,0.29596,7.38789,313.3131,0.07261,1.65942,302.1948,-0.14135,0.0592,584.8948,-0.17148,0.10481
313.2044,0.29577,7.38308,313.3944,0.07268,1.6609,302.2787,-0.14139,0.05866,585.062,-0.17123,0.11051
313.287,0.29553,7.377,313.4788,0.07253,1.65769,302.3616,-0.14138,0.05874,585.2284,-0.17104,0.11492
313.3704,0.29512,7.36689,313.5613,0.07241,1.65477,302.444,-0.14139,0.0587,585.3962,-0.1711,0.11356
313.4515,0.29483,7.3595,313.644,0.07235,1.65342,302.5282,-0.14143,0.05818,585.5632,-0.17132,0.10838
313.536,0.29454,7.35235,313.7282,0.07233,1.65298,302.6111,-0.14149,0.05744,585.7299,-0.17152,0.1039
313.6212,0.29436,7.34783,313.8127,0.07231,1.65257,302.6944,-0.1414,0.05858,585.8968,-0.17142,0.10625
313.703,0.29408,7.34089,313.8948,0.07233,1.65311,302.7788,-0.14137,0.05888,586.0638,-0.17114,0.11257
313.7854,0.29375,7.33251,313.9778,0.07236,1.6537,302.8625,-0.14135,0.0591,586.2314,-0.17133,0.10821
313.8695,0.29332,7.32195,314.0619,0.0723,1.65222,302.9444,-0.14135,0.0591,586.399,-0.17136,0.10757
313.9539,0.29306,7.31535,314.1451,0.07232,1.65282,303.0294,-0.14131,0.05962,586.565,-0.17139,0.10686
314.0365,0.29286,7.31051,314.2284,0.07235,1.65355,303.1137,-0.1413,0.05971,586.7336,-0.17156,0.10283
314.1208,0.29264,7.30496,314.31,0.07251,1.6572,303.1955,-0.14135,0.05912,586.8996,-0.17148,0.1047
314.2046,0.29239,7.29876,314.3946,0.07229,1.65211,303.2783,-0.1414,0.05857,587.0664,-0.17142,0.10624
314.2871,0.29209,7.29123,314.4775,0.07208,1.64723,303.3616,-0.14138,0.05884,587.2338,-0.17147,0.10489
314.3711,0.29183,7.28461,314.5607,0.07203,1.64619,303.445,-0.14132,0.05951,587.4012,-0.17155,0.10308
314.4545,0.2917,7.28148,314.6467,0.07198,1.6449,303.5292,-0.14129,0.05991,587.569,-0.17169,0.09993
314.537,0.29161,7.2791,314.7292,0.0719,1.64313,303.6121,-0.14127,0.06017,587.7355,-0.17158,0.10236
314.6212,0.29134,7.27246,314.8132,0.07195,1.64432,303.6947,-0.14129,0.05988,587.9022,-0.17149,0.10443
314.7059,0.29105,7.26527,314.8946,0.07196,1.64446,303.7772,-0.14126,0.06022,588.072,-0.17138,0.10708
314.7875,0.29069,7.25614,314.9792,0.07189,1.64307,303.8615,-0.14124,0.06046,588.2365,-0.17134,0.10789
314.8715,0.29033,7.24719,315.0623,0.07197,1.64479,303.9444,-0.14133,0.05937,588.4055,-0.17133,0.10814
314.9537,0.28987,7.23583,315.1455,0.07205,1.64656,304.0278,-0.14139,0.05867,588.5726,-0.17159,0.10229
315.0372,0.28959,7.22886,315.2288,0.07195,1.64444,304.1107,-0.14143,0.05822,588.7399,-0.17162,0.1014
315.1226,0.28948,7.22605,315.3125,0.07194,1.64414,304.1949,-0.14144,0.05807,588.9072,-0.17185,0.09628
315.2042,0.28937,7.22325,315.3944,0.07196,1.64453,304.2793,-0.14138,0.05883,589.0722,-0.17196,0.09372
315.2875,0.28899,7.21385,315.4785,0.07174,1.63951,304.3626,-0.14137,0.05885,589.2395,-0.172,0.09258
315.371,0.2886,7.20397,315.5614,0.07154,1.6349,304.4443,-0.14136,0.05903,589.4066,-0.17198,0.09308
315.4538,0.28816,7.19297,315.6445,0.07147,1.63344,304.5281,-0.14142,0.05827,589.5748,-0.17213,0.08979
315.5376,0.28784,7.18503,315.728,0.07152,1.63454,304.6103,-0.1413,0.05973,589.7407,-0.17231,0.08554
315.621,0.2876,7.17916,315.8128,0.07155,1.63525,304.6954,-0.14126,0.0603,589.9094,-0.17243,0.08265
315.706,0.28727,7.17079,315.8942,0.07165,1.63756,304.7797,-0.14131,0.05961,590.0768,-0.17248,0.08155
315.7882,0.28684,7.16002,315.9783,0.0718,1.64084,304.8622,-0.14134,0.05928,590.2456,-0.17223,0.08727
315.8716,0.28667,7.1559,316.0619,0.07181,1.64104,304.945,-0.14132,0.05958,590.413,-0.17217,0.0887
315.9545,0.28663,7.15498,316.1445,0.07161,1.63646,305.0284,-0.14139,0.05865,590.5803,-0.17256,0.07977
316.0382,0.28633,7.14743,316.2278,0.07147,1.63337,305.1135,-0.14155,0.05663,590.7482,-0.17352,0.0575
316.1216,0.28596,7.13806,316.3124,0.07146,1.63307,305.1951,-0.14158,0.05634,590.9152,-0.17379,0.05116
316.2054,0.28571,7.1319,316.3944,0.07147,1.63338,305.2785,-0.14146,0.05779,591.0822,-0.17395,0.04745
316.2886,0.28549,7.12643,316.4784,0.07153,1.63478,305.362,-0.14137,0.05896,591.2505,-0.17402,0.04593
316.3716,0.28521,7.11949,316.5628,0.0716,1.63644,305.445,-0.14139,0.05869,591.4182,-0.17367,0.05407
316.455,0.28492,7.11217,316.6456,0.07158,1.63585,305.5283,-0.14154,0.05687,591.5878,-0.1732,0.06493
316.539,0.28469,7.10651,316.7283,0.07159,1.6361,305.6126,-0.14171,0.05473,591.754,-0.17296,0.07049
316.623,0.28453,7.10233,316.8132,0.07154,1.63497,305.6954,-0.14167,0.05515,591.9206,-0.17281,0.07397
316.7073,0.28417,7.09358,316.8946,0.07141,1.632,305.7795,-0.14159,0.05621,592.0874,-0.17179,0.09765
316.791,0.2837,7.08175,316.979,0.07138,1.63139,305.8608,-0.14158,0.05626,592.2551,-0.17052,0.1269
316.8728,0.28328,7.07116,317.0626,0.0714,1.63179,305.9448,-0.14174,0.05432,592.4213,-0.17,0.13897
316.9568,0.28292,7.06234,317.1459,0.07141,1.63198,306.0284,-0.14178,0.05384,592.5869,-0.16973,0.14522
317.039,0.28263,7.05503,317.2302,0.07147,1.63332,306.1133,-0.14182,0.05336,592.7535,-0.16964,0.14744
317.1223,0.28226,7.04569,317.312,0.07157,1.6357,306.1946,-0.14175,0.05427,592.921,-0.16962,0.14786
317.2053,0.28182,7.03474,317.3956,0.07148,1.6337,306.2788,-0.14177,0.05393,593.0882,-0.16951,0.15051
317.2902,0.28149,7.02652,317.4792,0.07129,1.62932,306.3628,-0.14173,0.05442,593.2539,-0.17004,0.13824
317.374,0.28126,7.02095,317.5627,0.0712,1.62724,306.445,-0.14171,0.05473,593.4206,-0.17078,0.12092
317.4564,0.28105,7.01571,317.6459,0.0712,1.62708,306.5282,-0.14163,0.05567,593.5868,-0.17135,0.10771
317.5409,0.28029,6.9965,317.7299,0.07114,1.62576,306.6126,-0.14162,0.05585,593.755,-0.172,0.09276
317.6232,0.27942,6.97487,317.8127,0.07112,1.62528,306.6956,-0.14151,0.05723,593.9214,-0.17177,0.09807
317.707,0.27893,6.96277,317.8972,0.07124,1.62813,306.7791,-0.14155,0.05666,594.0896,-0.17172,0.09916
317.7906,0.27871,6.95706,317.9797,0.07133,1.63025,306.8623,-0.14155,0.05672,594.2559,-0.17192,0.09454
317.8732,0.27852,6.95254,318.064,0.07137,1.63112,306.9446,-0.14146,0.05775,594.4244,-0.17185,0.09623
317.9565,0.27838,6.94884,318.1474,0.07132,1.62989,307.0292,-0.14144,0.05804,594.591,-0.17193,0.09424
318.0418,0.27822,6.94502,318.2308,0.07139,1.63162,307.112,-0.1414,0.05856,594.7576,-0.17214,0.08956
318.126,0.27796,6.93842,318.3136,0.07151,1.63418,307.1966,-0.1414,0.05858,594.9248,-0.17237,0.08406
318.2098,0.2776,6.92943,318.3964,0.07136,1.63076,307.279,-0.14133,0.05939,595.094,-0.17215,0.08928
318.2932,0.27747,6.92632,318.4812,0.07058,1.613,307.3609,-0.14129,0.05989,595.2602,-0.17193,0.09427
318.3754,0.27734,6.92297,318.5646,0.07055,1.6123,307.4455,-0.14126,0.06031,595.4274,-0.17183,0.09663
318.4595,0.27724,6.92037,318.648,0.06969,1.59262,307.528,-0.14139,0.05865,595.5945,-0.17199,0.09295
318.5434,0.2769,6.91205,318.7308,0.06872,1.57055,307.611,-0.14146,0.05786,595.7627,-0.17207,0.09117
318.6273,0.27666,6.90612,318.8154,0.06777,1.54891,307.695,-0.14132,0.05951,595.9272,-0.17196,0.09362
318.7108,0.27629,6.89686,318.8991,0.06712,1.53396,307.7789,-0.14133,0.05939,596.0968,-0.17197,0.0934
318.794,0.27601,6.88975,318.9813,0.06648,1.51922,307.8625,-0.14138,0.05882,596.264,-0.17218,0.08845
318.877,0.27578,6.88412,319.0662,0.0657,1.50155,307.946,-0.14135,0.05921,596.4313,-0.17235,0.08454
318.961,0.27564,6.88043,319.1478,0.06532,1.4928,308.0297,-0.14159,0.05614,596.601,-0.17246,0.08206
319.0442,0.2757,6.88199,319.2318,0.06535,1.49351,308.1131,-0.1417,0.05484,596.7669,-0.17247,0.08172
319.128,0.27621,6.89469,319.3144,0.06585,1.50497,308.195,-0.14159,0.05616,596.935,-0.17267,0.07711
319.2112,0.27635,6.89817,319.3978,0.06605,1.5096,308.2799,-0.14159,0.05619,597.1022,-0.17273,0.07578
319.2957,0.27601,6.88966,319.4826,0.0671,1.53345,308.3618,-0.14172,0.05457,597.2686,-0.17252,0.08076
319.3768,0.27548,6.87659,319.565,0.06782,1.54995,308.4452,-0.14167,0.05521,597.4358,-0.1725,0.0812
319.4602,0.27499,6.86424,319.6473,0.0679,1.55188,308.5289,-0.1417,0.05486,597.603,-0.17257,0.07942
319.5447,0.27455,6.85325,319.7314,0.06756,1.54389,308.6122,-0.14192,0.05219,597.771,-0.17252,0.08055
319.6272,0.27411,6.8423,319.8152,0.06672,1.52484,308.6969,-0.14182,0.05335,597.9376,-0.17252,0.08059
319.7102,0.27364,6.83067,319.8984,0.06593,1.50666,308.7798,-0.14178,0.05384,598.1054,-0.17259,0.07909
319.7932,0.27323,6.82045,319.9808,0.065,1.48545,308.8622,-0.14177,0.05402,598.2722,-0.1727,0.0765
319.8764,0.27271,6.80748,320.0647,0.06479,1.48065,308.9465,-0.14181,0.05351,598.4404,-0.17267,0.07714
319.96,0.2723,6.79718,320.1488,0.06449,1.47382,309.0304,-0.14186,0.0529,598.6068,-0.17265,0.0776
320.0425,0.27194,6.78818,320.2326,0.0643,1.46946,309.1141,-0.14194,0.05188,598.7751,-0.17257,0.07953
320.1248,0.27169,6.78206,320.3144,0.06433,1.47023,309.1969,-0.14181,0.05346,598.941,-0.17239,0.08368
320.2076,0.27131,6.77236,320.3984,0.06405,1.46383,309.2814,-0.14166,0.05537,599.1065,-0.17231,0.08544
320.2928,0.27092,6.76264,320.481,0.06388,1.4598,309.3629,-0.14156,0.05657,599.2756,-0.17195,0.0939
320.375,0.27064,6.75561,320.5645,0.0639,1.46026,309.4456,-0.14161,0.05598,599.4431,-0.17184,0.09643
320.4591,0.27038,6.74928,320.6493,0.06449,1.47384,309.5296,-0.14161,0.05596,599.6086,-0.17183,0.09657
320.5412,0.2701,6.74231,320.7322,0.06516,1.48924,309.6135,-0.14159,0.05624,599.7755,-0.17201,0.09247
320.6263,0.26971,6.73253,320.8159,0.06551,1.49717,309.6972,-0.14154,0.05676,599.9419,-0.17216,0.08905
320.7096,0.26929,6.72202,320.899,0.06558,1.49872,309.78,-0.14148,0.05754,,,
320.7932,0.269,6.71476,320.9812,0.06593,1.50676,309.8633,-0.14167,0.05521,,,
320.875,0.26864,6.70587,321.0634,0.06614,1.51164,309.9468,-0.14186,0.05283,,,
320.9586,0.26835,6.69868,321.1486,0.06581,1.50395,310.0304,-0.14178,0.05385,,,
321.0434,0.26814,6.69321,321.2329,0.06605,1.50938,310.1139,-0.14171,0.05467,,,
321.1264,0.26789,6.68715,321.3155,0.06637,1.5168,310.198,-0.14165,0.05549,,,
321.2084,0.26775,6.68357,321.399,0.0664,1.51757,310.2809,-0.14165,0.05544,,,
321.2915,0.26749,6.67711,321.482,0.06647,1.51919,310.364,-0.14173,0.05446,,,
321.3763,0.26718,6.66943,321.5644,0.0664,1.51759,310.4487,-0.14178,0.05391,,,
321.4583,0.26683,6.66063,321.6473,0.06651,1.5201,310.5318,-0.14172,0.0546,,,
321.5423,0.26651,6.65274,321.7316,0.06656,1.52105,310.6152,-0.1419,0.05242,,,
321.6268,0.26636,6.64879,321.8142,0.06601,1.50866,310.6978,-0.14192,0.05211,,,
321.7076,0.26611,6.64268,321.8992,0.06581,1.50403,310.7802,-0.14186,0.05289,,,
321.7935,0.2657,6.63253,321.9819,0.0661,1.51053,310.8647,-0.14188,0.05263,,,
321.8748,0.26529,6.6223,322.0685,0.0661,1.5106,310.949,-0.14199,0.05129,,,
321.959,0.26494,6.61339,322.1502,0.06606,1.50968,311.0302,-0.14207,0.05029,,,
322.0424,0.26463,6.60582,322.2333,0.06638,1.51701,311.1141,-0.14211,0.04985,,,
322.1259,0.26436,6.59887,322.3175,0.06659,1.52186,311.1984,-0.14206,0.05037,,,
322.2074,0.26407,6.59171,322.4014,0.06633,1.51597,311.2808,-0.14199,0.05122,,,
322.2934,0.26374,6.58349,322.4844,0.06613,1.51132,311.3642,-0.14191,0.05225,,,
322.3755,0.26343,6.57581,322.5681,0.06601,1.50853,311.4478,-0.14195,0.05178,,,
322.4592,0.26306,6.56653,322.6525,0.06656,1.52105,311.5306,-0.14197,0.05151,,,
322.5432,0.26284,6.56111,322.734,0.06629,1.51506,311.6136,-0.14208,0.05012,,,
322.6264,0.26267,6.55689,322.8194,0.06579,1.50366,311.6975,-0.14221,0.04857,,,
322.7084,0.2624,6.55009,322.9018,0.06535,1.49347,311.7795,-0.14227,0.04787,,,
322.7921,0.26205,6.54132,322.9846,0.06544,1.49554,311.8639,-0.14229,0.0476,,,
322.8765,0.2616,6.5302,323.0696,0.06502,1.48605,311.9485,-0.14214,0.04943,,,
322.96,0.26123,6.52081,323.1524,0.06422,1.46764,312.0306,-0.142,0.05111,,,
323.0434,0.26087,6.51177,323.2359,0.06441,1.47208,312.1152,-0.14182,0.05336,,,
323.1262,0.26051,6.50279,323.3191,0.06397,1.46191,312.1981,-0.1417,0.05486,,,
323.21,0.26024,6.49609,323.402,0.06385,1.45919,312.2827,-0.14149,0.05747,,,
323.294,0.26004,6.49108,323.4867,0.06507,1.48705,312.3631,-0.14143,0.05816,,,
323.3766,0.25987,6.48678,323.5705,0.06612,1.51119,312.4469,-0.14147,0.05772,,,
323.4608,0.25974,6.48358,323.6531,0.06637,1.5169,312.5312,-0.14158,0.05631,,,
323.544,0.25948,6.47705,323.738,0.06676,1.52561,312.6125,-0.14166,0.05534,,,
323.6264,0.25916,6.46913,323.8193,0.06769,1.5469,312.6975,-0.1417,0.05481,,,
323.7097,0.25904,6.46607,323.9028,0.06821,1.55875,312.7814,-0.14172,0.05466,,,
323.7956,0.25869,6.45753,323.9872,0.06787,1.55114,312.8646,-0.14161,0.05595,,,
323.876,0.25826,6.44669,324.0689,0.0679,1.55179,312.949,-0.14164,0.05564,,,
323.961,0.25796,6.4393,324.1526,0.06846,1.56467,313.0306,-0.14177,0.05402,,,
324.0447,0.25759,6.43009,324.2372,0.06866,1.56914,313.1151,-0.14176,0.05413,,,
324.1277,0.2573,6.42275,324.3196,0.0683,1.56083,313.1985,-0.14182,0.05335,,,
324.2109,0.25717,6.4196,324.4025,0.06824,1.55963,313.2841,-0.1417,0.05481,,,
324.2941,0.25696,6.41417,324.487,0.0686,1.56785,313.367,-0.14175,0.05423,,,
324.3773,0.25662,6.40584,324.5698,0.06874,1.57096,313.4489,-0.14174,0.0544,,,
324.4606,0.2563,6.39784,324.6548,0.06833,1.56157,313.533,-0.1418,0.05357,,,
324.5425,0.25599,6.39,324.7382,0.06817,1.558,313.6164,-0.14187,0.05278,,,
324.6266,0.25576,6.38428,324.8216,0.0684,1.56315,313.6994,-0.14191,0.05228,,,
324.7096,0.25555,6.37899,324.9033,0.06857,1.56698,313.7809,-0.14186,0.05288,,,
324.7924,0.25539,6.37517,324.987,0.06816,1.55761,313.8649,-0.14183,0.05327,,,
324.876,0.2552,6.37029,325.072,0.06782,1.54988,313.9497,-0.14172,0.05459,,,
324.9599,0.2548,6.36031,325.1537,0.06812,1.55672,314.032,-0.14161,0.05596,,,
325.0442,0.25441,6.3506,325.2371,0.06814,1.55716,314.1158,-0.14154,0.05684,,,
325.1273,0.25399,6.34009,325.3225,0.06792,1.55227,314.2002,-0.14173,0.05442,,,
325.21,0.25367,6.33218,325.4041,0.06799,1.5538,314.282,-0.14169,0.05498,,,
325.2936,0.25341,6.32555,325.4885,0.06831,1.56108,314.3652,-0.14181,0.05344,,,
325.3764,0.25307,6.31719,325.5726,0.0685,1.5654,314.4492,-0.1419,0.0524,,,
325.46,0.25252,6.30345,325.656,0.06852,1.56596,314.5322,-0.14188,0.0526,,,
325.5443,0.25223,6.2963,325.7396,0.06845,1.56435,314.6169,-0.14204,0.0506,,,
325.6264,0.25204,6.2914,325.8234,0.06867,1.56944,314.7005,-0.14217,0.049,,,
325.7106,0.25172,6.28335,325.907,0.06883,1.57298,314.7826,-0.14215,0.0493,,,
325.795,0.25141,6.27575,325.9918,0.06851,1.56573,314.8648,-0.14229,0.04755,,,
325.879,0.25111,6.26817,326.075,0.06825,1.55975,314.9498,-0.1423,0.04751,,,
325.961,0.2509,6.26303,326.1604,0.06818,1.55823,315.0325,-0.1421,0.04994,,,
326.0445,0.25065,6.25679,326.2424,0.06792,1.55225,315.1166,-0.14189,0.05248,,,
326.1287,0.25036,6.24945,326.3242,0.06771,1.5474,315.2005,-0.14184,0.0531,,,
326.2105,0.25004,6.24147,326.4088,0.06763,1.54563,315.2826,-0.1418,0.05365,,,
326.2953,0.24983,6.2363,326.4933,0.06765,1.54615,315.3671,-0.1415,0.0573,,,
326.3792,0.24947,6.22723,326.5766,0.06787,1.55119,315.4495,-0.14145,0.05796,,,
326.461,0.2491,6.21806,326.6589,0.06803,1.55485,315.5346,-0.1415,0.0573,,,
326.545,0.24885,6.21186,326.742,0.06784,1.5505,315.618,-0.14164,0.05555,,,
326.6296,0.24858,6.20513,326.8263,0.06744,1.54126,315.701,-0.14181,0.05345,,,
326.7154,0.2483,6.19816,326.9078,0.06739,1.54009,315.7835,-0.14169,0.05495,,,
326.7974,0.24819,6.19535,326.9928,0.06763,1.54556,315.8682,-0.14162,0.05578,,,
326.881,0.2481,6.19321,327.0764,0.06768,1.54669,315.9526,-0.14184,0.05308,,,
326.9622,0.24779,6.18539,327.1604,0.06746,1.54161,316.0345,-0.14187,0.05276,,,
327.048,0.24745,6.17685,327.2424,0.06742,1.54091,316.1192,-0.14213,0.04955,,,
327.1294,0.24706,6.16719,327.3271,0.06788,1.55137,316.2032,-0.14217,0.049,,,
327.2137,0.24654,6.15407,327.4114,0.06789,1.5515,316.2858,-0.14216,0.04914,,,
327.2968,0.24606,6.14218,327.494,0.06773,1.54791,316.3688,-0.14209,0.05001,,,
327.3821,0.24575,6.1345,327.577,0.06785,1.55069,316.4529,-0.14214,0.04944,,,
327.4642,0.24551,6.12846,327.66,0.06791,1.55206,316.5342,-0.14198,0.0514,,,
327.5488,0.24529,6.12282,327.7436,0.06775,1.54829,316.6188,-0.1418,0.05367,,,
327.633,0.24496,6.11467,327.827,0.06741,1.54052,316.7012,-0.14176,0.05411,,,
327.7163,0.24468,6.10772,327.9109,0.06711,1.53377,316.7862,-0.14182,0.05338,,,
327.8,0.24446,6.10223,327.9941,0.06705,1.53231,316.8706,-0.14184,0.05312,,,
327.8828,0.24433,6.09894,328.0776,0.06644,1.51836,316.9545,-0.14181,0.05354,,,
327.9646,0.24398,6.09019,328.1622,0.06599,1.50819,317.0372,-0.14183,0.05326,,,
328.05,0.24353,6.0791,328.2459,0.0661,1.51074,317.1227,-0.14196,0.05168,,,
328.1324,0.24307,6.06747,328.33,0.06649,1.51949,317.2036,-0.14204,0.05067,,,
328.2148,0.24284,6.06188,328.411,0.06623,1.51361,317.2872,-0.14211,0.04983,,,
328.2987,0.24255,6.05459,328.4937,0.06572,1.50189,317.3716,-0.14216,0.04922,,,
328.3816,0.24157,6.03016,328.578,0.06563,1.49978,317.4536,-0.14214,0.04941,,,
328.4662,0.24099,6.01557,328.6616,0.06574,1.50249,317.5384,-0.14212,0.04962,,,
328.5492,0.24067,6.00755,328.7455,0.06585,1.50481,317.6205,-0.14195,0.05177,,,
328.634,0.24041,6.00105,328.8283,0.06588,1.50569,317.7056,-0.14213,0.04957,,,
328.717,0.2403,5.99847,328.912,0.06585,1.50495,317.788,-0.14224,0.04824,,,
328.8024,0.24005,5.99223,328.9946,0.06569,1.50134,317.8728,-0.14222,0.04839,,,
328.8844,0.24001,5.99126,329.0772,0.06549,1.49662,317.955,-0.1422,0.04874,,,
328.9697,0.23997,5.99017,329.1614,0.06546,1.49602,318.0386,-0.14217,0.0491,,,
329.0521,0.23977,5.98514,329.2473,0.0656,1.4993,318.123,-0.14218,0.04893,,,
329.1357,0.23956,5.97998,329.3286,0.06594,1.50699,318.2048,-0.14209,0.05005,,,
329.2198,0.23922,5.97139,329.4109,0.06607,1.51,318.288,-0.14207,0.05033,,,
329.3032,0.23893,5.9642,329.4952,0.06619,1.51264,318.3725,-0.14217,0.04902,,,
329.3882,0.23875,5.9598,329.5787,0.06641,1.51772,318.456,-0.14204,0.0507,,,
329.4694,0.23838,5.95051,329.6616,0.06696,1.53035,318.5403,-0.14191,0.05225,,,
329.5527,0.23807,5.94274,329.7462,0.06768,1.54672,318.623,-0.14192,0.05215,,,
329.6365,0.23773,5.93434,329.8294,0.06807,1.55555,318.7063,-0.14186,0.0529,,,
329.7216,0.23763,5.93179,329.9114,0.06794,1.55273,318.7898,-0.14193,0.05196,,,
329.8044,0.2375,5.9286,329.995,0.06776,1.54853,318.8736,-0.14195,0.05176,,,
329.8898,0.23736,5.92504,330.0778,0.06784,1.5505,318.9553,-0.14198,0.05141,,,
329.973,0.23709,5.91823,330.1636,0.0677,1.54712,319.0404,-0.14202,0.05095,,,
330.0558,0.23679,5.91077,330.2454,0.06726,1.53704,319.1234,-0.14207,0.05031,,,
330.14,0.2366,5.90598,330.3291,0.06655,1.52093,319.2069,-0.14218,0.04894,,,
330.2235,0.2365,5.90365,330.4109,0.06606,1.50961,319.2908,-0.14229,0.0476,,,
330.307,0.23623,5.89685,330.4948,0.06565,1.50033,319.3738,-0.14228,0.04767,,,
330.3904,0.23593,5.88927,330.5775,0.06543,1.4953,319.4564,-0.14237,0.04658,,,
330.4734,0.23568,5.88301,330.6612,0.06532,1.49286,319.5408,-0.14244,0.0457,,,
330.5555,0.2355,5.87864,330.7466,0.0653,1.49233,319.6231,-0.14236,0.04668,,,
330.6391,0.2353,5.87369,330.8278,0.0652,1.4901,319.7069,-0.14238,0.04647,,,
330.7219,0.23511,5.86873,330.9124,0.06507,1.48699,319.7896,-0.1424,0.04625,,,
330.805,0.23494,5.8646,330.996,0.06504,1.48652,319.8743,-0.14228,0.04771,,,
330.8898,0.23471,5.85872,331.078,0.06512,1.4882,319.9576,-0.14243,0.04582,,,
330.9722,0.23448,5.85313,331.1614,0.06489,1.483,320.0405,-0.14253,0.04458,,,
331.0544,0.23473,5.85929,331.2456,0.06445,1.47288,320.1252,-0.14258,0.04405,,,
331.1384,0.23527,5.87273,331.3282,0.06429,1.46916,320.208,-0.1425,0.04498,,,
331.2228,0.23529,5.87339,331.4128,0.06437,1.47101,320.2908,-0.14233,0.04704,,,
331.3044,0.23485,5.86229,331.4968,0.06449,1.47373,320.3767,-0.14215,0.04935,,,
331.3876,0.23423,5.84678,331.5802,0.06457,1.47575,320.4586,-0.1422,0.04866,,,
331.4698,0.23352,5.82903,331.6644,0.0647,1.47852,320.5427,-0.14241,0.04614,,,
331.5539,0.23279,5.81093,331.7457,0.06481,1.48107,320.6264,-0.1425,0.04497,,,
331.6355,0.23216,5.79516,331.83,0.06508,1.48731,320.7083,-0.14239,0.04632,,,
331.7185,0.23134,5.77478,331.9149,0.06514,1.48872,320.7931,-0.14233,0.04709,,,
331.8008,0.23026,5.74781,331.9982,0.06497,1.48486,320.876,-0.14244,0.04575,,,
331.8855,0.22928,5.72337,332.082,0.06477,1.48019,320.9604,-0.14267,0.04286,,,
331.968,0.22868,5.70833,332.1648,0.06464,1.47727,321.0443,-0.14267,0.04291,,,
332.0521,0.22837,5.70064,332.2483,0.06451,1.47419,321.1263,-0.14275,0.04186,,,
332.1357,0.22831,5.69915,332.331,0.06447,1.47345,321.2114,-0.14257,0.04417,,,
332.2206,0.22834,5.69979,332.4148,0.06441,1.47211,321.2934,-0.14241,0.04606,,,
332.3041,0.22842,5.70191,332.4986,0.06476,1.4801,321.3774,-0.14239,0.04633,,,
332.3874,0.22834,5.69985,332.581,0.06504,1.48644,321.4587,-0.14226,0.04796,,,
332.47,0.22873,5.70963,332.666,0.06492,1.48364,321.543,-0.14227,0.04781,,,
332.5531,0.22941,5.72643,332.7468,0.06477,1.48012,321.6258,-0.14263,0.04344,,,
332.6374,0.22996,5.74033,332.8313,0.06482,1.48128,321.711,-0.14271,0.0424,,,
332.7202,0.22971,5.73394,332.9154,0.06469,1.47838,321.7934,-0.14268,0.04279,,,
332.8028,0.22926,5.72274,332.9994,0.06449,1.47388,321.8777,-0.14261,0.04368,,,
332.8861,0.22868,5.70828,333.0806,0.06448,1.47368,321.961,-0.14247,0.04541,,,
332.9689,0.22804,5.69227,333.1636,0.06467,1.47795,322.0434,-0.14249,0.0451,,,
333.0528,0.22752,5.67936,333.248,0.06465,1.47753,322.129,-0.1424,0.04623,,,
333.1371,0.22709,5.66862,333.3314,0.06463,1.47714,322.2108,-0.14237,0.04653,,,
333.2195,0.22672,5.65943,333.4135,0.06471,1.47876,322.2956,-0.14231,0.04735,,,
333.3005,0.22651,5.65413,333.4965,0.06471,1.47882,322.3786,-0.14227,0.04781,,,
333.3837,0.22636,5.65045,333.5812,0.06492,1.48358,322.4619,-0.14235,0.04689,,,
333.4661,0.2261,5.64385,333.6644,0.0648,1.48094,322.5459,-0.14267,0.04291,,,
333.5513,0.22587,5.6382,333.7494,0.06467,1.47785,322.6296,-0.14277,0.04165,,,
333.6346,0.22553,5.62962,333.8312,0.06462,1.47688,322.7123,-0.14276,0.04182,,,
333.7174,0.22516,5.62049,333.9139,0.06446,1.47316,322.7964,-0.14274,0.04208,,,
333.8,0.22482,5.61191,333.9993,0.06422,1.46774,322.8782,-0.14274,0.042,,,
333.884,0.22441,5.6017,334.0825,0.06401,1.46284,322.9627,-0.14272,0.04225,,,
333.9691,0.22397,5.59072,334.1656,0.06402,1.46309,323.0462,-0.14285,0.04067,,,
334.0516,0.22377,5.58583,334.2474,0.06427,1.46875,323.1295,-0.14285,0.04067,,,
334.1348,0.22355,5.58031,334.3324,0.0642,1.46713,323.2132,-0.14289,0.04019,,,
334.2178,0.2232,5.57143,334.4146,0.0641,1.46496,323.296,-0.14266,0.04299,,,
334.3004,0.22284,5.56258,334.498,0.06412,1.46543,323.3805,-0.14246,0.0455,,,
334.385,0.22247,5.55325,334.5803,0.06408,1.46442,323.4637,-0.14245,0.04558,,,
334.4688,0.22205,5.54287,334.6648,0.06407,1.46413,323.5469,-0.14245,0.04554,,,
334.5498,0.22178,5.53604,334.7488,0.0641,1.46497,323.6299,-0.14253,0.04465,,,
334.6354,0.22144,5.52752,334.8303,0.06437,1.471,323.7133,-0.1426,0.04371,,,
334.7179,0.22107,5.51838,334.9134,0.06446,1.47321,323.7963,-0.1426,0.04376,,,
334.8008,0.22079,5.51139,334.9975,0.06429,1.46923,323.8803,-0.14278,0.04158,,,
334.8852,0.22054,5.50506,335.0802,0.06415,1.466,323.9638,-0.14285,0.04064,,,
334.968,0.22028,5.4987,335.1653,0.06392,1.46074,324.0474,-0.14274,0.04205,,,
335.0523,0.22007,5.49334,335.2481,0.06417,1.46645,324.1298,-0.14266,0.043,,,
335.134,0.21975,5.48538,335.3332,0.06457,1.47573,324.2133,-0.14253,0.04456,,,
335.2188,0.21976,5.48569,335.4135,0.06475,1.47988,324.2967,-0.14239,0.04639,,,
335.304,0.21962,5.48224,335.497,0.06482,1.48132,324.381,-0.14224,0.04821,,,
335.3866,0.21935,5.47549,335.5813,0.06496,1.48453,324.4636,-0.14216,0.04917,,,
335.4706,0.21906,5.4683,335.665,0.06521,1.49039,324.5472,-0.14213,0.04958,,,
335.5545,0.21873,5.45988,335.7498,0.06506,1.48683,324.63,-0.14207,0.05033,,,
335.6366,0.21845,5.45293,335.8333,0.0643,1.46941,324.7129,-0.14217,0.04903,,,
335.719,0.21827,5.44849,335.9172,0.06378,1.45767,324.7962,-0.14221,0.04855,,,
335.8025,0.21803,5.44237,336,0.06386,1.45937,324.8788,-0.14241,0.04603,,,
335.887,0.21771,5.4344,336.0822,0.06401,1.46281,324.9632,-0.14261,0.04364,,,
335.9706,0.21725,5.42291,336.1679,0.0638,1.45812,325.0454,-0.1426,0.04371,,,
336.0536,0.21676,5.41071,336.25,0.06404,1.46344,325.1312,-0.14245,0.04566,,,
336.1366,0.21654,5.40538,336.3342,0.0641,1.46487,325.2109,-0.1423,0.04743,,,
336.221,0.21639,5.40158,336.4161,0.06417,1.46657,325.2974,-0.14221,0.04858,,,
336.3028,0.21619,5.39642,336.4995,0.06381,1.45835,325.3788,-0.14213,0.0496,,,
336.3866,0.21598,5.39142,336.5843,0.06377,1.4573,325.4642,-0.14212,0.04961,,,
336.4698,0.21577,5.386,336.6668,0.06374,1.45678,325.5468,-0.14217,0.049,,,
336.5526,0.21571,5.38453,336.7512,0.06352,1.45169,325.6289,-0.14234,0.0469,,,
336.637,0.2156,5.38184,336.8362,0.06362,1.45401,325.7138,-0.14242,0.04603,,,
336.7205,0.21537,5.37609,336.9194,0.06407,1.46423,325.7974,-0.1423,0.0474,,,
336.8064,0.21507,5.36862,337.0027,0.06461,1.47652,325.8795,-0.14225,0.04807,,,
336.888,0.21468,5.35888,337.0858,0.06457,1.4756,325.9629,-0.14229,0.04754,,,
336.9735,0.21447,5.35372,337.1676,0.06392,1.46092,326.0464,-0.14251,0.04489,,,
337.0572,0.21422,5.34739,337.2511,0.06367,1.45506,326.1304,-0.14264,0.04323,,,
337.1393,0.21396,5.34094,337.3345,0.06368,1.45527,326.214,-0.14265,0.04317,,,
337.2224,0.21362,5.33229,337.4214,0.06322,1.44475,326.297,-0.1426,0.04373,,,
337.3066,0.21326,5.32342,337.5031,0.0626,1.4307,326.3809,-0.14256,0.04419,,,
337.3912,0.21295,5.31565,337.587,0.06262,1.43105,326.4662,-0.14254,0.0445,,,
337.4744,0.21255,5.30566,337.6714,0.06309,1.44187,326.5478,-0.14254,0.04453,,,
337.5581,0.21229,5.29916,337.7524,0.0634,1.44896,326.6305,-0.14267,0.04285,,,
337.64,0.21207,5.29371,337.836,0.06338,1.44841,326.7131,-0.1428,0.04124,,,
337.725,0.21187,5.28883,337.919,0.06352,1.45178,326.798,-0.14269,0.04266,,,
337.8098,0.21158,5.28158,338.0029,0.06355,1.45243,326.882,-0.14261,0.04368,,,
337.8933,0.21134,5.27551,338.087,0.06335,1.44771,326.9653,-0.14257,0.04411,,,
337.9775,0.21113,5.27033,338.1694,0.06341,1.4492,327.0492,-0.14263,0.04338,,,
338.0602,0.21081,5.26223,338.254,0.06351,1.45137,327.1324,-0.14283,0.04086,,,
338.142,0.21054,5.25544,338.3361,0.0635,1.45128,327.2164,-0.14285,0.04065,,,
338.2268,0.2102,5.24697,338.4216,0.06322,1.44479,327.298,-0.14274,0.04198,,,
338.3106,0.20988,5.23896,338.504,0.06286,1.43667,327.3832,-0.14265,0.04316,,,
338.3938,0.20972,5.23506,338.5864,0.06298,1.43934,327.4644,-0.14254,0.0445,,,
338.4782,0.20947,5.22881,338.6702,0.06299,1.43947,327.5475,-0.14251,0.04482,,,
338.5602,0.20922,5.22256,338.7544,0.06272,1.43342,327.6325,-0.14254,0.04445,,,
338.644,0.20904,5.21807,338.8385,0.06251,1.42863,327.7157,-0.14261,0.04357,,,
338.7274,0.20882,5.21267,338.9219,0.06264,1.43149,327.7992,-0.14259,0.04385,,,
338.8122,0.20848,5.20402,339.005,0.06296,1.43876,327.8838,-0.14259,0.04389,,,
338.8934,0.20814,5.19552,339.0886,0.06315,1.44326,327.9672,-0.1425,0.04497,,,
338.9782,0.20787,5.18875,339.1715,0.06322,1.44472,328.0522,-0.14261,0.04369,,,
339.0606,0.20752,5.18009,339.2554,0.06302,1.44023,328.134,-0.14275,0.04192,,,
339.146,0.20723,5.17297,339.3391,0.06298,1.43923,328.2187,-0.14282,0.04105,,,
339.2287,0.2068,5.1621,339.423,0.06308,1.44157,328.3008,-0.14281,0.04121,,,
339.3136,0.20662,5.15778,339.5071,0.06321,1.44455,328.3837,-0.14278,0.04157,,,
339.3958,0.20655,5.15579,339.5902,0.06318,1.44395,328.4686,-0.14268,0.04283,,,
339.4796,0.2065,5.15464,339.6737,0.0633,1.44654,328.5525,-0.14259,0.04382,,,
339.563,0.2064,5.15211,339.7576,0.06346,1.4502,328.6341,-0.14249,0.04515,,,
339.6472,0.20626,5.14862,339.8395,0.06344,1.44986,328.7194,-0.14251,0.0448,,,
339.7298,0.20602,5.14258,339.924,0.06312,1.44248,328.8006,-0.14247,0.04534,,,
339.8133,0.20583,5.13786,340.0067,0.06247,1.42765,328.8846,-0.14263,0.04343,,,
339.8975,0.20554,5.13081,340.0902,0.06228,1.42333,328.9695,-0.14263,0.04334,,,
339.9794,0.2051,5.11971,340.1731,0.0625,1.42845,329.0519,-0.14261,0.04363,,,
340.065,0.20479,5.11194,340.258,0.06288,1.43695,329.1336,-0.14252,0.0447,,,
340.1481,0.20472,5.11017,340.34,0.06309,1.44178,329.2168,-0.14245,0.04557,,,
340.2308,0.20476,5.11132,340.4246,0.06367,1.45501,329.3004,-0.14253,0.04456,,,
340.3153,0.20452,5.10516,340.5082,0.06427,1.46884,329.385,-0.14259,0.0439,,,
340.3988,0.20421,5.09747,340.5903,0.06427,1.46891,329.4676,-0.14273,0.04217,,,
340.4826,0.20383,5.08807,340.6754,0.06433,1.47012,329.5524,-0.14278,0.04148,,,
340.565,0.20335,5.07608,340.7575,0.06464,1.47725,329.6347,-0.1428,0.04135,,,
340.6482,0.20317,5.07163,340.8414,0.06496,1.48458,329.7176,-0.14272,0.04233,,,
340.7302,0.203,5.06725,340.9253,0.06524,1.49106,329.803,-0.14291,0.03995,,,
340.8144,0.2026,5.0572,341.0093,0.06534,1.49328,329.8867,-0.14296,0.03927,,,
340.8972,0.20166,5.03374,341.0934,0.06556,1.49827,329.9696,-0.14278,0.0415,,,
340.983,0.20049,5.00476,341.176,0.06577,1.50319,330.0522,-0.1428,0.0413,,,
341.0659,0.19986,4.98903,341.2604,0.06573,1.50228,330.1363,-0.14279,0.04146,,,
341.1495,0.19974,4.98594,341.343,0.06555,1.49811,330.2202,-0.14265,0.04316,,,
341.2342,0.19968,4.98443,341.4258,0.0657,1.50139,330.303,-0.14261,0.04364,,,
341.3167,0.19959,4.9822,341.51,0.06584,1.5048,330.387,-0.14255,0.04442,,,
341.4006,0.19972,4.98552,341.5934,0.06572,1.50187,330.4685,-0.14244,0.04568,,,
341.486,0.19994,4.99099,341.6763,0.06537,1.49386,330.5535,-0.1423,0.04751,,,
341.5688,0.20059,5.00715,341.7612,0.06524,1.49088,330.637,-0.1423,0.04743,,,
341.6531,0.20128,5.02426,341.843,0.06531,1.49256,330.721,-0.14243,0.04583,,,
341.7355,0.20188,5.03944,341.9261,0.06477,1.48029,330.8054,-0.14245,0.04562,,,
341.8196,0.2019,5.03975,342.009,0.06405,1.46374,330.8869,-0.14231,0.04731,,,
341.902,0.20157,5.03163,342.0934,0.06368,1.45544,330.9711,-0.1423,0.04742,,,
341.9854,0.20097,5.01663,342.1763,0.06346,1.45022,331.0542,-0.14242,0.04591,,,
342.0687,0.20043,5.00321,342.2598,0.06313,1.44269,331.1384,-0.1425,0.04501,,,
342.1528,0.19981,4.98756,342.3433,0.06305,1.44081,331.2223,-0.1425,0.04504,,,
342.2333,0.19914,4.97098,342.4274,0.06293,1.43812,331.3044,-0.14242,0.046,,,
342.3172,0.19872,4.9605,342.5112,0.06323,1.44505,331.3894,-0.14221,0.04853,,,
342.4022,0.19847,4.95416,342.5936,0.06332,1.4472,331.4705,-0.14208,0.05011,,,
342.4848,0.19817,4.94677,342.6768,0.06374,1.45664,331.5541,-0.14208,0.05017,,,
342.5684,0.19784,4.9386,342.7611,0.06453,1.47473,331.6374,-0.14222,0.04847,,,
342.6511,0.19762,4.933,342.8438,0.06522,1.49052,331.72,-0.14234,0.047,,,
342.734,0.19736,4.92642,342.9276,0.06557,1.49843,331.8035,-0.14242,0.04592,,,
342.8194,0.19725,4.92368,343.0098,0.06539,1.49435,331.8864,-0.14257,0.04418,,,
342.9009,0.19716,4.92146,343.0937,0.06513,1.48845,331.97,-0.14253,0.0446,,,
342.9853,0.19689,4.91476,343.1754,0.06512,1.48816,332.0539,-0.14257,0.04417,,,
343.0676,0.19648,4.90444,343.2592,0.06488,1.48279,332.1364,-0.14284,0.04076,,,
343.1511,0.19546,4.87912,343.3432,0.06471,1.47897,332.2201,-0.14304,0.03829,,,
343.234,0.19494,4.86608,343.4274,0.06476,1.4801,332.3032,-0.14316,0.03684,,,
343.3169,0.19453,4.85584,343.5097,0.06466,1.4778,332.3866,-0.14329,0.03525,,,
343.4025,0.19443,4.85332,343.5921,0.06457,1.47578,332.4707,-0.14336,0.03438,,,
343.4839,0.19431,4.85043,343.6753,0.06434,1.4704,332.554,-0.14329,0.03521,,,
343.5692,0.19422,4.84816,343.7598,0.06413,1.46565,332.636,-0.14309,0.03776,,,
343.6522,0.19407,4.84446,343.8447,0.06391,1.46058,332.7202,-0.14295,0.03949,,,
343.7363,0.19403,4.84333,343.9268,0.06366,1.45487,332.8037,-0.14289,0.04021,,,
343.8196,0.19407,4.84438,344.0097,0.06333,1.44732,332.8874,-0.1428,0.04125,,,
343.9017,0.19394,4.84122,344.0934,0.06317,1.4436,332.9692,-0.14257,0.04411,,,
343.9881,0.19375,4.83647,344.177,0.06313,1.44284,333.0535,-0.14237,0.04659,,,
344.0707,0.19349,4.83,344.2593,0.0631,1.44212,333.137,-0.14238,0.04647,,,
344.1537,0.19327,4.82453,344.3434,0.0631,1.44213,333.2206,-0.14252,0.04475,,,
344.2382,0.19302,4.81815,344.4277,0.06314,1.44293,333.3035,-0.14259,0.04389,,,
344.3217,0.19289,4.81493,344.5088,0.06305,1.44091,333.388,-0.14267,0.04288,,,
344.4041,0.19287,4.81444,344.5941,0.06295,1.43861,333.4697,-0.14264,0.04327,,,
344.4875,0.19322,4.82309,344.6766,0.06329,1.44638,333.5537,-0.14278,0.0415,,,
344.5733,0.19362,4.83316,344.76,0.06309,1.44182,333.6364,-0.14274,0.04206,,,
344.6538,0.19348,4.8297,344.843,0.0633,1.44665,333.7198,-0.14261,0.04365,,,
344.7375,0.1931,4.82008,344.9268,0.06349,1.45089,333.804,-0.14256,0.04431,,,
344.8222,0.19271,4.81041,345.01,0.06372,1.45629,333.8868,-0.14251,0.04483,,,
344.9041,0.19234,4.80108,345.0934,0.06396,1.46176,333.9694,-0.14255,0.0444,,,
344.9865,0.19182,4.78833,345.178,0.06396,1.46178,334.0545,-0.14278,0.04156,,,
345.0696,0.19147,4.7795,345.2603,0.06408,1.46442,334.1368,-0.14284,0.04084,,,
345.1514,0.19126,4.77436,345.3456,0.06454,1.47491,334.22,-0.14277,0.04168,,,
345.2356,0.19094,4.76621,345.4275,0.06481,1.48105,334.3052,-0.14269,0.0427,,,
345.3196,0.19055,4.75661,345.5117,0.06446,1.47316,334.3894,-0.14255,0.04437,,,
345.4024,0.19027,4.74961,345.5941,0.064,1.46257,334.4714,-0.14257,0.04408,,,
345.4858,0.19005,4.74392,345.677,0.06369,1.45556,334.5551,-0.14276,0.04178,,,
345.5696,0.18992,4.74091,345.7607,0.06345,1.4501,334.6386,-0.14296,0.03931,,,
345.6541,0.18974,4.73632,345.8448,0.06296,1.43885,334.7225,-0.1431,0.03761,,,
345.7362,0.18939,4.72764,345.9291,0.06233,1.42437,334.8042,-0.14294,0.03954,,,
345.8215,0.18911,4.72045,346.0109,0.06174,1.41103,334.8881,-0.14299,0.0389,,,
345.904,0.18882,4.71327,346.097,0.06122,1.39909,334.9725,-0.14315,0.03697,,,
345.9866,0.18862,4.70824,346.1797,0.0609,1.39186,335.0546,-0.14322,0.03616,,,
346.0726,0.18848,4.70488,346.2629,0.06088,1.39141,335.1414,-0.14291,0.03992,,,
346.1535,0.18825,4.69914,346.3453,0.06107,1.39575,335.2236,-0.14282,0.04107,,,
346.2392,0.18802,4.69343,346.4302,0.06169,1.40976,335.3063,-0.14293,0.03973,,,
346.3215,0.18779,4.68772,346.513,0.06195,1.41588,335.3896,-0.1429,0.0401,,,
346.404,0.18743,4.67867,346.5967,0.06222,1.422,335.4744,-0.14277,0.04164,,,
346.4881,0.18712,4.6709,346.68,0.06183,1.41306,335.5586,-0.14259,0.04383,,,
346.57,0.18697,4.66711,346.7643,0.06169,1.40991,335.6412,-0.14257,0.04417,,,
346.6535,0.18686,4.66438,346.8485,0.06169,1.40992,335.7238,-0.14247,0.04538,,,
346.7399,0.18666,4.6593,346.9304,0.06154,1.40651,335.8088,-0.14241,0.04611,,,
346.8215,0.18649,4.65509,347.016,0.0613,1.40085,335.8909,-0.1425,0.04501,,,
346.9059,0.18631,4.65071,347.0984,0.06091,1.3921,335.9746,-0.14245,0.04561,,,
346.9893,0.18607,4.64463,347.1802,0.06044,1.3812,336.0592,-0.14237,0.04663,,,
347.0728,0.18582,4.63842,347.2644,0.06003,1.37188,336.143,-0.14242,0.046,,,
347.155,0.1857,4.6354,347.3476,0.05985,1.36782,336.2257,-0.14248,0.04519,,,
347.2389,0.18569,4.63509,347.4306,0.06016,1.37485,336.308,-0.14241,0.04605,,,
347.3217,0.18537,4.62726,347.516,0.06057,1.38425,336.3928,-0.14249,0.04506,,,
347.4053,0.18511,4.62067,347.599,0.06057,1.38434,336.4756,-0.14245,0.04557,,,
347.4886,0.18484,4.61399,347.6818,0.0605,1.38261,336.5592,-0.14237,0.04664,,,
347.572,0.18451,4.60585,347.765,0.06077,1.38883,336.6428,-0.14235,0.04689,,,
347.6559,0.18419,4.59766,347.8515,0.06098,1.39364,336.7244,-0.14223,0.04836,,,
347.74,0.18402,4.59356,347.9332,0.0613,1.40085,336.8087,-0.14214,0.04942,,,
347.8213,0.18392,4.59094,348.0159,0.06146,1.40468,336.8925,-0.14237,0.04654,,,
347.9061,0.18375,4.58672,348.0994,0.06196,1.41609,336.9755,-0.14244,0.04576,,,
347.9895,0.18366,4.58453,348.1838,0.06271,1.43305,337.06,-0.14248,0.04517,,,
348.0719,0.18348,4.58004,348.2676,0.06345,1.45012,337.142,-0.14249,0.04515,,,
348.1554,0.18318,4.57246,348.3512,0.06383,1.45881,337.2255,-0.14261,0.0436,,,
348.2388,0.18287,4.56486,348.4356,0.06302,1.44017,337.3085,-0.14277,0.04165,,,
348.3226,0.18271,4.56087,348.5186,0.06296,1.43882,337.392,-0.14293,0.03966,,,
348.4064,0.18256,4.5571,348.602,0.06353,1.45195,337.4766,-0.1431,0.03762,,,
348.4889,0.18232,4.55112,348.6854,0.06344,1.44992,337.5604,-0.14301,0.03867,,,
348.5738,0.18205,4.54427,348.7671,0.06254,1.42919,337.643,-0.14293,0.03973,,,
348.6566,0.18166,4.53462,348.8505,0.06182,1.41277,337.7247,-0.14294,0.03955,,,
348.741,0.18127,4.52484,348.9356,0.06134,1.40195,337.8096,-0.14295,0.03947,,,
348.8228,0.18111,4.52089,349.016,0.06083,1.39024,337.8947,-0.14305,0.03815,,,
348.9074,0.18103,4.51886,349.1008,0.06055,1.38388,337.9778,-0.14286,0.04055,,,
348.9896,0.18102,4.51872,349.1833,0.05965,1.36327,338.0616,-0.14295,0.03947,,,
349.073,0.18092,4.51615,349.2671,0.05974,1.36519,338.144,-0.14321,0.03619,,,
349.1555,0.18076,4.51213,349.3496,0.06074,1.38825,338.2252,-0.14326,0.03564,,,
349.2394,0.18066,4.50954,349.4329,0.06171,1.4102,338.3107,-0.14318,0.03662,,,
349.3236,0.18057,4.50734,349.5159,0.06166,1.40925,338.3938,-0.14301,0.03869,,,
349.4059,0.18021,4.49852,349.5989,0.06132,1.40147,338.4775,-0.14302,0.03853,,,
349.4899,0.17973,4.4864,349.6828,0.06157,1.40712,338.5631,-0.14305,0.03824,,,
349.5735,0.17932,4.47616,349.7651,0.06147,1.40492,338.6453,-0.14298,0.0391,,,
349.6562,0.17906,4.46964,349.8501,0.06151,1.40566,338.7288,-0.14294,0.03958,,,
349.7415,0.17886,4.46468,349.9333,0.06137,1.40253,338.8122,-0.14287,0.04043,,,
349.824,0.17877,4.46257,350.0161,0.06068,1.38682,338.8962,-0.1429,0.04002,,,
349.9071,0.17873,4.4615,350.0994,0.06007,1.37279,338.9794,-0.1429,0.04007,,,
349.9916,0.17847,4.45498,350.1828,0.05996,1.3704,339.0616,-0.14279,0.04146,,,
350.0746,0.17813,4.44644,350.2678,0.06021,1.37606,339.1463,-0.14273,0.04219,,,
350.1592,0.17805,4.44444,350.3496,0.06028,1.37753,339.2305,-0.14283,0.04095,,,
350.2423,0.17795,4.44188,350.4345,0.05946,1.35899,339.3125,-0.14281,0.04113,,,
350.3253,0.1778,4.43829,350.5168,0.05924,1.35396,339.3961,-0.14272,0.04226,,,
350.4082,0.17764,4.43426,350.5998,0.06012,1.37395,339.4789,-0.14267,0.04288,,,
350.4938,0.17747,4.43012,350.6834,0.06092,1.39221,339.5625,-0.1427,0.04247,,,
350.5754,0.17724,4.42426,350.7668,0.06112,1.39679,339.6462,-0.14269,0.04269,,,
350.6582,0.177,4.41837,350.8526,0.06067,1.38664,339.7285,-0.14275,0.04187,,,
350.7441,0.17696,4.4173,350.935,0.06076,1.38853,339.8138,-0.14302,0.03858,,,
350.825,0.1768,4.41338,351.0195,0.06094,1.39261,339.8958,-0.14315,0.03703,,,
350.9096,0.17671,4.41093,351.103,0.06051,1.38277,339.9799,-0.14327,0.03553,,,
350.9912,0.17662,4.40873,351.1853,0.05957,1.36143,340.0625,-0.14344,0.03343,,,
351.076,0.17647,4.40516,351.2684,0.05878,1.34327,340.1467,-0.14365,0.03081,,,
351.16,0.1762,4.39837,351.3519,0.05882,1.3443,340.2315,-0.14338,0.03418,,,
351.2422,0.17591,4.391,351.4374,0.05901,1.34857,340.3141,-0.14325,0.03576,,,
351.3254,0.17558,4.38287,351.5215,0.05906,1.34968,340.3987,-0.14334,0.03462,,,
351.4111,0.1754,4.37824,351.6054,0.05913,1.35124,340.4814,-0.14328,0.03536,,,
351.4922,0.17526,4.37473,351.6866,0.05888,1.34563,340.5635,-0.14299,0.0389,,,
351.5765,0.17497,4.36751,351.7709,0.05845,1.3357,340.6469,-0.14304,0.03838,,,
351.6582,0.17471,4.36106,351.8539,0.05845,1.33572,340.7312,-0.14306,0.03806,,,
351.7434,0.17447,4.35514,351.9379,0.05872,1.34205,340.816,-0.14322,0.03615,,,
351.8259,0.17409,4.34569,352.0208,0.05875,1.34265,340.8988,-0.14321,0.0362,,,
351.9105,0.17391,4.34104,352.1055,0.05854,1.33788,340.9822,-0.14303,0.03849,,,
351.9925,0.17364,4.33445,352.1878,0.05873,1.34214,341.065,-0.14302,0.03855,,,
352.0756,0.17355,4.33215,352.2715,0.05869,1.3414,341.1486,-0.14298,0.03901,,,
352.1584,0.17322,4.32399,352.3536,0.05884,1.34467,341.2324,-0.14299,0.03893,,,
352.243,0.17293,4.31676,352.438,0.05863,1.33984,341.3168,-0.14287,0.04041,,,
352.3258,0.17282,4.31384,352.5214,0.05803,1.32623,341.4,-0.14282,0.04105,,,
352.4098,0.17275,4.31224,352.6051,0.05743,1.31244,341.4816,-0.14288,0.04028,,,
352.4942,0.17261,4.30879,352.6878,0.05721,1.30751,341.566,-0.1429,0.0401,,,
352.578,0.17237,4.30262,352.7734,0.05707,1.30436,341.6485,-0.14267,0.04284,,,
352.6627,0.17204,4.29455,352.8565,0.0564,1.28889,341.7313,-0.14231,0.04729,,,
352.7452,0.17167,4.28532,352.939,0.05543,1.26673,341.8142,-0.14209,0.05005,,,
352.8294,0.17141,4.27878,353.0226,0.05494,1.25549,341.898,-0.14207,0.05032,,,
352.9113,0.17139,4.27815,353.1048,0.05504,1.25789,341.98,-0.14219,0.04884,,,
352.9949,0.17132,4.27644,353.1889,0.05516,1.26064,342.0646,-0.14247,0.04532,,,
353.078,0.17116,4.27239,353.2738,0.05467,1.24936,342.1461,-0.14272,0.04225,,,
353.1624,0.17107,4.27031,353.3574,0.05406,1.23538,342.23,-0.14271,0.04238,,,
353.2459,0.17112,4.27157,353.441,0.05399,1.23383,342.313,-0.1428,0.04127,,,
353.3278,0.17099,4.26824,353.5236,0.05434,1.24186,342.397,-0.14297,0.03921,,,
353.4113,0.1707,4.26096,353.608,0.05405,1.23522,342.48,-0.14302,0.03862,,,
353.496,0.17046,4.25507,353.69,0.05408,1.23583,342.5616,-0.14299,0.03896,,,
353.5786,0.17043,4.25428,353.7743,0.05401,1.23435,342.6439,-0.14292,0.03977,,,
353.6619,0.1701,4.24599,353.8572,0.0542,1.23863,342.7279,-0.14306,0.03805,,,
353.7458,0.16968,4.23544,353.941,0.05444,1.24405,342.8131,-0.14308,0.03789,,,
353.829,0.16931,4.22631,354.0238,0.05439,1.24296,342.8956,-0.14298,0.03912,,,
353.9128,0.16915,4.22231,354.1082,0.05443,1.24382,342.98,-0.14305,0.03818,,,
353.9953,0.16905,4.21987,354.1916,0.05449,1.24535,343.0626,-0.14305,0.03826,,,
354.0797,0.16889,4.21584,354.2753,0.05414,1.23728,343.1458,-0.14277,0.04171,,,
354.1633,0.16872,4.21163,354.3584,0.05453,1.24618,343.227,-0.14293,0.03968,,,
354.2476,0.1686,4.20854,354.4412,0.05506,1.25835,343.3125,-0.14299,0.03897,,,
354.3312,0.1685,4.2061,354.5252,0.05584,1.2762,343.3947,-0.14294,0.03959,,,
354.4142,0.16846,4.20501,354.6098,0.05555,1.26962,343.4773,-0.14293,0.03975,,,
354.4999,0.16837,4.20289,354.6906,0.05513,1.25986,343.5618,-0.14281,0.0412,,,
354.5813,0.16816,4.19774,354.7755,0.05521,1.26175,343.6457,-0.14276,0.04175,,,
354.6668,0.16792,4.1916,354.8592,0.05554,1.2694,343.7298,-0.14289,0.04022,,,
354.7495,0.16772,4.1866,354.9422,0.05574,1.27395,343.8122,-0.1429,0.04001,,,
354.8332,0.16758,4.18316,355.025,0.05576,1.27423,343.8973,-0.14304,0.03828,,,
354.9162,0.16742,4.17917,355.1086,0.05581,1.27545,343.9776,-0.14299,0.03893,,,
354.9974,0.16739,4.1784,355.191,0.05573,1.27353,344.0618,-0.14291,0.03996,,,
355.0828,0.16735,4.17731,355.2736,0.05605,1.28088,344.1461,-0.14291,0.03996,,,
355.166,0.16721,4.174,355.3572,0.05637,1.28824,344.2294,-0.14309,0.03766,,,
355.2485,0.16701,4.16903,355.4424,0.05632,1.28721,344.3109,-0.14323,0.03603,,,
355.3316,0.16677,4.16302,355.5253,0.05625,1.28553,344.3942,-0.1432,0.03637,,,
355.4153,0.16661,4.15886,355.6086,0.05595,1.27858,344.479,-0.14329,0.0353,,,
355.4968,0.16637,4.15286,355.693,0.05593,1.27829,344.5625,-0.14337,0.03433,,,
355.5814,0.16616,4.14765,355.7774,0.0561,1.28204,344.645,-0.14342,0.03361,,,
355.665,0.16599,4.1435,355.8606,0.05646,1.2903,344.7276,-0.14334,0.03459,,,
355.748,0.16576,4.13772,355.9439,0.05682,1.29846,344.8136,-0.14321,0.0362,,,
355.8318,0.1656,4.13365,356.0267,0.05679,1.29798,344.8964,-0.14317,0.03668,,,
355.916,0.16539,4.12859,356.1114,0.05734,1.31051,344.98,-0.14308,0.03781,,,
355.9996,0.16498,4.11835,356.1942,0.05815,1.32894,345.062,-0.1432,0.03636,,,
356.0833,0.16479,4.11341,356.278,0.05879,1.34347,345.146,-0.14321,0.03627,,,
356.1654,0.16465,4.11009,356.3622,0.05879,1.34355,345.23,-0.14313,0.03723,,,
356.2496,0.16455,4.1075,356.445,0.05872,1.34195,345.3126,-0.14309,0.03775,,,
356.333,0.16438,4.10333,356.5278,0.05913,1.35136,345.3978,-0.14302,0.03857,,,
356.416,0.16419,4.0986,356.611,0.05962,1.36265,345.4792,-0.14307,0.03797,,,
356.4992,0.1641,4.09618,356.6943,0.05959,1.36191,345.5621,-0.14312,0.03738,,,
356.582,0.16401,4.09396,356.7784,0.05908,1.3502,345.6458,-0.14294,0.03962,,,
356.6653,0.16369,4.08597,356.861,0.05887,1.34548,345.7292,-0.14287,0.04046,,,
356.7495,0.16345,4.07997,356.9446,0.05901,1.34865,345.8148,-0.14303,0.0384,,,
356.8339,0.16331,4.07648,357.028,0.05903,1.34915,345.896,-0.14313,0.03719,,,
356.917,0.16322,4.0744,357.1119,0.05864,1.3401,345.9808,-0.143,0.03887,,,
356.9988,0.16301,4.06918,357.1948,0.0579,1.32318,346.066,-0.14288,0.04028,,,
357.0835,0.1627,4.06121,357.2782,0.05749,1.31383,346.1469,-0.14287,0.04039,,,
357.167,0.16234,4.05231,357.362,0.05747,1.31334,346.2302,-0.14293,0.03965,,,
357.2515,0.16215,4.04751,357.4474,0.05698,1.30217,346.315,-0.14299,0.039,,,
357.334,0.16208,4.04589,357.5306,0.05644,1.28984,346.3964,-0.1429,0.0401,,,
357.4176,0.162,4.04375,357.6132,0.05613,1.28275,346.4809,-0.14277,0.04163,,,
357.4996,0.16202,4.04424,357.6971,0.05541,1.26622,346.5632,-0.14266,0.043,,,
357.5842,0.16187,4.04073,357.7817,0.05487,1.25393,346.6462,-0.14271,0.04238,,,
357.6687,0.16173,4.03707,357.8616,0.05502,1.25747,346.7288,-0.14275,0.04189,,,
357.7519,0.16143,4.02974,357.946,0.0552,1.26152,346.8139,-0.14295,0.03947,,,
357.8354,0.16124,4.02493,358.0312,0.05493,1.25531,346.8968,-0.14302,0.03853,,,
357.9193,0.16104,4.01992,358.1152,0.05458,1.2474,346.9788,-0.14293,0.03964,,,
358.0024,0.16086,4.01534,358.1976,0.05463,1.24859,347.0627,-0.14285,0.04065,,,
358.0861,0.1608,4.01382,358.2809,0.05521,1.26175,347.1461,-0.14297,0.03913,,,
358.17,0.16073,4.01206,358.3656,0.05517,1.26078,347.2296,-0.14304,0.03827,,,
358.2536,0.16066,4.0104,358.4466,0.05471,1.25041,347.3122,-0.14286,0.04053,,,
358.3366,0.16057,4.00808,358.53,0.05475,1.25114,347.3954,-0.1429,0.04006,,,
358.4197,0.1604,4.00404,358.6136,0.05502,1.2573,347.4793,-0.1429,0.04002,,,
358.5028,0.16031,4.00159,358.6976,0.05477,1.2518,347.5628,-0.1429,0.0401,,,
358.5859,0.16018,3.9984,358.7806,0.05418,1.23814,347.6458,-0.14286,0.04057,,,
358.669,0.15983,3.98968,358.864,0.05384,1.2304,347.7294,-0.14296,0.03933,,,
358.752,0.1595,3.98146,358.9479,0.05389,1.2315,347.813,-0.14295,0.03947,,,
358.8331,0.15921,3.97414,359.0306,0.05391,1.23216,347.8956,-0.14281,0.0412,,,
358.9181,0.15905,3.97023,359.1145,0.05397,1.23337,347.982,-0.14274,0.04198,,,
359.0019,0.15893,3.96713,359.1975,0.05418,1.23821,348.0626,-0.14267,0.04291,,,
359.0835,0.15872,3.96193,359.2803,0.0541,1.23628,348.1461,-0.14268,0.04272,,,
359.1678,0.1578,3.93896,359.3621,0.05368,1.22681,348.2319,-0.14276,0.04178,,,
359.2516,0.15725,3.9253,359.4465,0.05375,1.22829,348.314,-0.14282,0.04105,,,
359.3341,0.15699,3.91879,359.5292,0.05362,1.22535,348.396,-0.14286,0.04053,,,
359.418,0.15691,3.91683,359.6128,0.05347,1.22205,348.4807,-0.14296,0.03927,,,
359.5016,0.15673,3.91235,359.696,0.05323,1.21642,348.5642,-0.14305,0.03819,,,
359.586,0.15676,3.91313,359.7789,0.05299,1.21098,348.6468,-0.14314,0.03715,,,
359.6689,0.15691,3.9167,359.8616,0.05312,1.21403,348.7324,-0.1432,0.03637,,,
359.7532,0.15702,3.91952,359.944,0.05338,1.22004,348.8164,-0.14324,0.03593,,,
359.8376,0.15707,3.9209,360.0261,0.05348,1.22217,348.8995,-0.14339,0.03405,,,
359.9194,0.15707,3.92071,360.1106,0.05347,1.22201,348.983,-0.14335,0.03457,,,
360.0049,0.15692,3.91699,360.1922,0.05329,1.21798,349.0645,-0.14342,0.03361,,,
360.0878,0.15681,3.91422,360.2766,0.05297,1.21059,349.1482,-0.14326,0.03558,,,
360.1702,0.15659,3.90874,360.3594,0.05324,1.21681,349.2332,-0.14306,0.03811,,,
360.2546,0.15656,3.90815,360.4425,0.05327,1.21741,349.3154,-0.14305,0.03816,,,
360.3366,0.15636,3.90299,360.5247,0.0528,1.20678,349.4007,-0.14306,0.03807,,,
360.4197,0.15624,3.90004,360.6096,0.05261,1.20244,349.4832,-0.14295,0.03945,,,
360.5038,0.15615,3.89777,360.6925,0.05303,1.21201,349.5662,-0.14288,0.04033,,,
360.5866,0.15632,3.90195,360.7736,0.05301,1.21155,349.6486,-0.14287,0.04037,,,
360.6697,0.15701,3.91942,360.8575,0.05241,1.1978,349.7317,-0.14308,0.03782,,,
360.7531,0.15702,3.91942,360.9416,0.05265,1.20325,349.8164,-0.14338,0.03416,,,
360.8363,0.15679,3.91387,361.0239,0.05324,1.21674,349.9,-0.14362,0.03114,,,
360.9182,0.15651,3.9067,361.1075,0.05434,1.24187,349.9844,-0.14372,0.03001,,,
361.0024,0.15613,3.89741,361.1912,0.05457,1.24703,350.0675,-0.14366,0.03069,,,
361.0857,0.15575,3.88779,361.2734,0.05455,1.24677,350.1497,-0.14363,0.03108,,,
361.1667,0.15535,3.8779,361.3568,0.0549,1.2546,350.2336,-0.14367,0.03057,,,
361.2495,0.15501,3.86936,361.4402,0.05482,1.25278,350.3186,-0.14362,0.03115,,,
361.3346,0.1549,3.86661,361.5228,0.05462,1.24825,350.4019,-0.14358,0.03174,,,
361.4148,0.15468,3.86114,361.6072,0.05515,1.26034,350.4849,-0.14352,0.03237,,,
361.5004,0.15461,3.85945,361.6886,0.05563,1.27134,350.5676,-0.14337,0.03422,,,
361.5831,0.15428,3.85115,361.7729,0.05651,1.29142,350.6522,-0.14321,0.03625,,,
361.666,0.15416,3.84803,361.8562,0.05737,1.3111,350.7359,-0.14312,0.03737,,,
361.7494,0.15416,3.84824,361.9414,0.05813,1.32854,350.8196,-0.14299,0.03898,,,
361.8316,0.15384,3.84021,362.0228,0.05921,1.35326,350.9018,-0.14299,0.03899,,,
361.915,0.15356,3.83326,362.1048,0.05941,1.35765,350.9866,-0.14308,0.03784,,,
361.9969,0.15346,3.83076,362.1894,0.05892,1.34664,351.071,-0.14315,0.03699,,,
362.0807,0.15323,3.82505,362.2722,0.05839,1.33446,351.1542,-0.14315,0.03695,,,
362.1633,0.15306,3.82081,362.3561,0.05775,1.31991,351.237,-0.14324,0.03589,,,
362.246,0.1528,3.81412,362.4382,0.05735,1.31072,351.3217,-0.14322,0.03614,,,
362.3302,0.15258,3.80867,362.5238,0.05744,1.31278,351.4044,-0.14321,0.03618,,,
362.414,0.15229,3.80158,362.6052,0.0575,1.31413,351.4881,-0.14339,0.03405,,,
362.4956,0.15216,3.79818,362.688,0.05718,1.30669,351.5702,-0.14346,0.0331,,,
362.5796,0.15217,3.79836,362.7719,0.05752,1.31455,351.6553,-0.14331,0.03503,,,
362.6635,0.1521,3.7967,362.8552,0.0581,1.32783,351.7386,-0.14324,0.03582,,,
362.7462,0.15188,3.79114,362.9388,0.05817,1.3294,351.823,-0.14321,0.03619,,,
362.8296,0.15179,3.78894,363.0228,0.05809,1.32755,351.9062,-0.14297,0.03918,,,
362.9131,0.15145,3.78042,363.1039,0.05834,1.33327,351.9904,-0.14274,0.04208,,,
362.996,0.15096,3.76833,363.1876,0.05824,1.33091,352.0739,-0.14272,0.04234,,,
363.0804,0.15069,3.76154,363.272,0.05846,1.33592,352.1574,-0.14265,0.04319,,,
363.1628,0.15063,3.76014,363.3563,0.05823,1.33074,352.2396,-0.14273,0.04217,,,
363.2469,0.15062,3.75983,363.4374,0.05763,1.31716,352.3224,-0.14297,0.03918,,,
363.3298,0.1507,3.76188,363.5221,0.05721,1.30736,352.4062,-0.14317,0.0367,,,
363.4125,0.15057,3.75846,363.6032,0.0572,1.30731,352.4894,-0.14326,0.03556,,,
363.4955,0.1503,3.75173,363.6878,0.05744,1.31275,352.5736,-0.1434,0.03395,,,
363.58,0.15001,3.74459,363.7719,0.05747,1.31351,352.6575,-0.14349,0.03283,,,
363.662,0.1499,3.74188,363.8544,0.05782,1.32133,352.7405,-0.14346,0.0331,,,
363.7467,0.14976,3.73834,363.9376,0.05817,1.32951,352.8243,-0.14328,0.03542,,,
363.8309,0.14973,3.73746,364.0228,0.0586,1.33914,352.9079,-0.14333,0.0348,,,
363.9128,0.14973,3.73769,364.1059,0.05919,1.35272,352.9916,-0.14346,0.03313,,,
363.9946,0.14976,3.73829,364.1891,0.05963,1.36272,353.0748,-0.14363,0.03107,,,
364.0794,0.14982,3.73978,364.2733,0.05965,1.36314,353.1576,-0.14357,0.03175,,,
364.1626,0.14971,3.73715,364.355,0.05946,1.3588,353.2438,-0.14364,0.03091,,,
364.2458,0.14948,3.73128,364.4397,0.05961,1.36222,353.3272,-0.1436,0.03146,,,
364.3304,0.14921,3.72454,364.5222,0.0601,1.37348,353.4093,-0.14355,0.03205,,,
364.4112,0.14897,3.71855,364.606,0.06027,1.37739,353.494,-0.14343,0.03347,,,
364.4952,0.14877,3.71367,364.6898,0.05994,1.36978,353.5769,-0.14336,0.03438,,,
364.5796,0.1485,3.70696,364.7721,0.05976,1.36565,353.6598,-0.14326,0.03561,,,
364.6625,0.14819,3.69906,364.8564,0.05984,1.36767,353.7434,-0.14319,0.03652,,,
364.7446,0.14789,3.69176,364.94,0.05999,1.371,353.828,-0.14325,0.03578,,,
364.829,0.14776,3.68848,365.0249,0.05983,1.36731,353.9116,-0.14324,0.03583,,,
364.9103,0.14763,3.68522,365.1064,0.05967,1.36379,353.9954,-0.14322,0.0361,,,
364.995,0.14744,3.68041,365.1898,0.05982,1.36702,354.0788,-0.14322,0.0361,,,
365.077,0.14734,3.67799,365.273,0.06015,1.37474,354.161,-0.1434,0.03388,,,
365.1598,0.14735,3.67808,365.3547,0.06035,1.37916,354.2455,-0.14342,0.03364,,,
365.2442,0.14715,3.67319,365.439,0.06028,1.37756,354.3282,-0.14337,0.03427,,,
365.3264,0.14705,3.67072,365.5231,0.06006,1.37253,354.4122,-0.14337,0.03424,,,
365.4101,0.14691,3.66725,365.6041,0.05999,1.37101,354.4958,-0.14331,0.035,,,
365.493,0.14709,3.67158,365.6892,0.06008,1.37315,354.5794,-0.14308,0.03788,,,
365.5774,0.14703,3.67014,365.7717,0.05994,1.3699,354.6623,-0.14328,0.03535,,,
365.6596,0.14689,3.66664,365.8555,0.05988,1.36852,354.7452,-0.1434,0.03393,,,
365.7425,0.1467,3.66197,365.938,0.05986,1.36814,354.8283,-0.14351,0.0326,,,
365.8257,0.14645,3.65579,366.022,0.05972,1.36494,354.9108,-0.14353,0.03228,,,
365.9094,0.14633,3.65268,366.1054,0.05954,1.36073,354.9962,-0.14349,0.03274,,,
365.9932,0.14631,3.65217,366.1878,0.05965,1.36319,355.0788,-0.14334,0.03465,,,
366.0752,0.1463,3.65184,366.2706,0.05981,1.3668,355.163,-0.14328,0.03536,,,
366.159,0.14623,3.65017,366.3555,0.05955,1.3609,355.2461,-0.14313,0.03727,,,
366.2429,0.14612,3.64734,366.4386,0.05939,1.35735,355.3296,-0.14314,0.03715,,,
366.324,0.1459,3.64207,366.5215,0.05954,1.36064,355.4109,-0.14324,0.03593,,,
366.4066,0.14556,3.63347,366.6044,0.05986,1.36798,355.4944,-0.14327,0.03555,,,
366.4914,0.14535,3.62815,366.6866,0.05991,1.36906,355.5792,-0.14328,0.03533,,,
366.5742,0.14512,3.6224,366.7726,0.05967,1.36375,355.6626,-0.14327,0.03546,,,
366.6582,0.14496,3.61859,366.8555,0.05947,1.35906,355.7469,-0.14321,0.03618,,,
366.741,0.14481,3.61488,366.9394,0.05965,1.36314,355.8289,-0.14331,0.035,,,
366.8253,0.14454,3.60807,367.0209,0.05989,1.3688,355.914,-0.14342,0.03367,,,
366.9076,0.14444,3.60564,367.1048,0.05965,1.36312,355.9961,-0.14344,0.03337,,,
366.9903,0.14441,3.60476,367.1887,0.05909,1.35033,356.0812,-0.14336,0.03434,,,
367.0741,0.14429,3.60183,367.2709,0.05917,1.3523,356.1632,-0.14318,0.03661,,,
367.1578,0.14424,3.60065,367.3554,0.06005,1.3724,356.2478,-0.14306,0.03809,,,
367.2408,0.14412,3.59762,367.4378,0.06064,1.3859,356.3295,-0.14291,0.03997,,,
367.3232,0.14396,3.5936,367.521,0.06048,1.38215,356.4142,-0.14287,0.04044,,,
367.408,0.14378,3.58897,367.6049,0.05959,1.3618,356.4961,-0.14319,0.03649,,,
367.4898,0.14335,3.57828,367.6882,0.05916,1.3521,356.5792,-0.14332,0.03495,,,
367.5735,0.14308,3.57167,367.7698,0.0596,1.36205,356.6633,-0.14324,0.03586,,,
367.6576,0.14305,3.57092,367.8539,0.0599,1.36891,356.7456,-0.14319,0.03653,,,
367.7393,0.14292,3.56745,367.9371,0.05971,1.36459,356.8294,-0.14333,0.03481,,,
367.8252,0.14286,3.56604,368.0212,0.05909,1.35052,356.9123,-0.14335,0.03456,,,
367.9076,0.14289,3.56676,368.1034,0.05897,1.34758,356.9964,-0.14314,0.03715,,,
367.991,0.14278,3.56403,368.1872,0.05985,1.36785,357.0795,-0.14299,0.03896,,,
368.0735,0.14257,3.55872,368.269,0.06091,1.39208,357.1647,-0.14307,0.03796,,,
368.1567,0.14235,3.55334,368.3518,0.0609,1.39183,357.2465,-0.14317,0.03671,,,
368.2414,0.14225,3.55097,368.4359,0.06001,1.37146,357.3313,-0.14295,0.03941,,,
368.324,0.14217,3.5489,368.5175,0.05948,1.35939,357.4136,-0.14271,0.04236,,,
368.4076,0.142,3.54456,368.6015,0.06014,1.37438,357.4982,-0.14272,0.04232,,,
368.4909,0.14181,3.53999,368.6844,0.06095,1.39305,357.5806,-0.14303,0.03842,,,
368.5726,0.14171,3.53727,368.769,0.06069,1.38697,357.6636,-0.14311,0.0375,,,
368.6574,0.14152,3.53263,368.8528,0.0595,1.35972,357.7485,-0.14322,0.03617,,,
368.7394,0.14113,3.52289,368.9355,0.05896,1.34746,357.833,-0.1435,0.03266,,,
368.8232,0.14102,3.52016,369.0175,0.05947,1.35922,357.9154,-0.14371,0.03003,,,
368.9076,0.14101,3.51981,369.1016,0.06013,1.37415,357.9978,-0.14363,0.03103,,,
368.9916,0.14096,3.51871,369.186,0.05981,1.36678,358.0798,-0.14368,0.03047,,,
369.0752,0.14085,3.51599,369.268,0.05902,1.34887,358.1645,-0.14367,0.0306,,,
369.1574,0.14078,3.51405,369.3498,0.05904,1.34924,358.2485,-0.14365,0.03085,,,
369.2416,0.14064,3.51076,369.4358,0.05991,1.36914,358.3308,-0.1434,0.03385,,,
369.3228,0.14048,3.50677,369.5182,0.06062,1.38542,358.4144,-0.14318,0.03656,,,
369.4071,0.14044,3.50573,369.602,0.06055,1.38386,358.498,-0.14312,0.03731,,,
369.4912,0.14021,3.49983,369.6832,0.05981,1.36694,358.5796,-0.14328,0.0354,,,
369.5739,0.13999,3.49448,369.7678,0.05937,1.3569,358.665,-0.14346,0.03315,,,
369.6559,0.13979,3.48955,369.8489,0.05981,1.36691,358.749,-0.14346,0.03316,,,
369.7374,0.13964,3.4858,369.9316,0.06049,1.38239,358.8314,-0.1433,0.03509,,,
369.8234,0.1396,3.48476,370.0164,0.06056,1.38408,358.915,-0.14289,0.04021,,,
369.905,0.13948,3.48164,370.1003,0.05996,1.3702,358.9987,-0.14285,0.04071,,,
369.9874,0.13942,3.48033,370.1824,0.05963,1.36286,359.0808,-0.14288,0.04035,,,
370.0717,0.13944,3.48071,370.2658,0.06011,1.37371,359.1653,-0.14282,0.04108,,,
370.1527,0.13954,3.4832,370.349,0.0608,1.38942,359.2472,-0.14294,0.0396,,,
370.2359,0.13952,3.48273,370.4316,0.06075,1.38832,359.332,-0.14295,0.03947,,,
370.3197,0.13933,3.47809,370.5147,0.05998,1.37072,359.4152,-0.14292,0.03987,,,
370.4025,0.13913,3.47305,370.599,0.05939,1.35732,359.4986,-0.14293,0.03967,,,
370.4862,0.13898,3.46929,370.6826,0.05969,1.36406,359.581,-0.14296,0.03933,,,
370.5704,0.13875,3.46349,370.7658,0.06041,1.38068,359.666,-0.14319,0.03644,,,
370.652,0.13849,3.45708,370.8489,0.06034,1.37889,359.749,-0.14336,0.03434,,,
370.7351,0.13824,3.45066,370.9315,0.05946,1.35888,359.8324,-0.1433,0.03517,,,
370.8197,0.13797,3.44402,371.0136,0.05907,1.34992,359.9146,-0.14327,0.0355,,,
370.9028,0.13776,3.43883,371.0973,0.05962,1.36254,359.9983,-0.14326,0.03562,,,
370.986,0.13761,3.43513,371.1821,0.06019,1.37552,360.0816,-0.1433,0.03517,,,
371.069,0.13743,3.43055,371.2636,0.05994,1.36995,360.1616,-0.14324,0.03583,,,
371.1534,0.13729,3.42706,371.3488,0.05926,1.35426,360.2454,-0.14332,0.03493,,,
371.2373,0.13731,3.42744,371.4319,0.05883,1.34456,360.3296,-0.14343,0.03355,,,
371.3186,0.13734,3.42817,371.5138,0.05866,1.3405,360.4126,-0.14349,0.03277,,,
371.402,0.13737,3.42902,371.5958,0.05854,1.3378,360.4961,-0.14341,0.03377,,,
371.4859,0.1373,3.4274,371.6809,0.0581,1.32777,360.5796,-0.1435,0.03272,,,
371.5686,0.13712,3.42281,371.7623,0.0576,1.3163,360.6638,-0.14356,0.03199,,,
371.6506,0.13677,3.41417,371.8469,0.05766,1.31771,360.746,-0.14327,0.0355,,,
371.7344,0.13655,3.40861,371.931,0.05829,1.33216,360.8294,-0.14303,0.03848,,,
371.8175,0.13646,3.40631,372.0128,0.05905,1.34948,360.9125,-0.14296,0.03935,,,
371.901,0.13646,3.40625,372.0963,0.0591,1.35056,360.9954,-0.14296,0.03937,,,
371.9828,0.13647,3.40645,372.1815,0.05875,1.34258,361.0794,-0.14309,0.0377,,,
372.0678,0.13633,3.40306,372.2654,0.05848,1.33654,361.1618,-0.14319,0.03654,,,
372.1506,0.13618,3.39933,372.3494,0.05908,1.3503,361.2459,-0.14326,0.03564,,,
372.2341,0.13594,3.39327,372.4324,0.06033,1.37876,361.3296,-0.14345,0.03329,,,
372.3184,0.13594,3.39341,372.5172,0.06118,1.39815,361.4131,-0.14358,0.03166,,,
372.4014,0.13588,3.39179,372.601,0.06061,1.38525,361.4951,-0.14357,0.03183,,,
372.4836,0.13577,3.38911,372.683,0.05987,1.36823,361.5796,-0.14353,0.03226,,,
372.566,0.13573,3.38815,372.7659,0.06006,1.37255,361.6633,-0.14347,0.03304,,,
372.6491,0.13551,3.38266,372.8494,0.0606,1.38501,361.7463,-0.14334,0.03467,,,
372.7331,0.13467,3.36167,372.9316,0.0605,1.3826,361.8302,-0.14318,0.03664,,,
372.8168,0.134,3.34504,373.0128,0.05968,1.36383,361.9133,-0.14316,0.03683,,,
372.9007,0.13385,3.34105,373.0962,0.05911,1.35093,361.9942,-0.14331,0.03501,,,
372.984,0.1338,3.33995,373.178,0.05941,1.35768,362.0799,-0.14336,0.03434,,,
373.0676,0.13362,3.3355,373.2639,0.05987,1.36822,362.1628,-0.14339,0.03401,,,
373.152,0.13364,3.33594,373.3472,0.05962,1.36254,362.2466,-0.14339,0.03407,,,
373.2366,0.13385,3.34128,373.4277,0.05896,1.34747,362.3305,-0.14353,0.03233,,,
373.3181,0.13386,3.34144,373.5105,0.05858,1.33879,362.4144,-0.14347,0.03307,,,
373.402,0.13387,3.34156,373.5966,0.0588,1.34369,362.4975,-0.14331,0.03505,,,
373.485,0.13379,3.33972,373.6776,0.05911,1.3509,362.5803,-0.14329,0.03531,,,
373.5695,0.13374,3.33842,373.7614,0.0589,1.34604,362.6658,-0.14337,0.03432,,,
373.6534,0.13363,3.33557,373.8438,0.05846,1.33612,362.7477,-0.1434,0.03393,,,
373.736,0.13354,3.33342,373.9294,0.05804,1.32638,362.8303,-0.14339,0.03401,,,
373.8194,0.13343,3.33066,374.0116,0.05799,1.32534,362.9134,-0.14346,0.0331,,,
373.9022,0.13325,3.32619,374.0933,0.05841,1.33485,362.999,-0.14331,0.03495,,,
373.9839,0.1332,3.32506,374.1778,0.05872,1.34188,363.0798,-0.14322,0.03607,,,
374.0678,0.13325,3.32612,374.2597,0.05846,1.3361,363.1638,-0.1432,0.03632,,,
374.152,0.13325,3.32627,374.3445,0.05805,1.32657,363.2461,-0.14336,0.03441,,,
374.2364,0.13364,3.33589,374.4265,0.05818,1.32969,363.3303,-0.14335,0.03449,,,
374.3188,0.13429,3.35203,374.5104,0.05874,1.34249,363.413,-0.14339,0.03405,,,
374.402,0.13432,3.35302,374.5936,0.05894,1.34698,363.4983,-0.14343,0.03347,,,
374.4841,0.13411,3.34763,374.6772,0.05869,1.34136,363.5807,-0.14362,0.03119,,,
374.568,0.13381,3.34029,374.7592,0.05828,1.33188,363.6629,-0.14369,0.0303,,,
374.6514,0.13346,3.33148,374.8424,0.05842,1.33508,363.7472,-0.14367,0.03062,,,
374.7325,0.13314,3.3234,374.925,0.05858,1.33884,363.8308,-0.14355,0.03209,,,
374.8154,0.13282,3.31545,375.0098,0.05846,1.33602,363.9146,-0.14333,0.0348,,,
374.8994,0.13246,3.30645,375.0928,0.05802,1.32588,363.997,-0.14331,0.035,,,
374.981,0.1322,3.30001,375.1772,0.05829,1.33221,364.0813,-0.14336,0.03442,,,
375.0648,0.13194,3.29361,375.2608,0.05848,1.33659,364.165,-0.14337,0.03426,,,
375.1481,0.13171,3.28781,375.3432,0.05838,1.33411,364.2484,-0.1435,0.03271,,,
375.232,0.13169,3.28717,375.4262,0.05826,1.33139,364.3309,-0.14354,0.03218,,,
375.3158,0.13166,3.28642,375.5078,0.05811,1.32806,364.4147,-0.1436,0.03147,,,
375.3994,0.13156,3.28413,375.5922,0.05817,1.32938,364.4978,-0.14378,0.02919,,,
375.4797,0.13138,3.27961,375.6758,0.05836,1.33376,364.58,-0.1438,0.02897,,,
375.5635,0.13112,3.27307,375.7584,0.05824,1.33094,364.6646,-0.14394,0.02729,,,
375.6459,0.13099,3.26988,375.8434,0.05794,1.32416,364.7466,-0.14392,0.02746,,,
375.7294,0.13093,3.26833,375.9264,0.05755,1.31526,364.8285,-0.14387,0.02817,,,
375.812,0.13089,3.26722,376.009,0.05736,1.31088,364.9134,-0.14373,0.02981,,,
375.8975,0.13079,3.2648,376.0929,0.05738,1.31138,364.9966,-0.14368,0.03043,,,
375.9796,0.13058,3.25944,376.1754,0.05759,1.31623,365.0794,-0.14371,0.03011,,,
376.0623,0.13049,3.25727,376.2584,0.05802,1.32595,365.1628,-0.14378,0.02924,,,
376.1452,0.13037,3.25433,376.3424,0.05838,1.3343,365.2461,-0.14377,0.02938,,,
376.229,0.13027,3.25178,376.4236,0.05821,1.33032,365.3288,-0.14381,0.02882,,,
376.3116,0.13025,3.25121,376.5071,0.05798,1.32515,365.4111,-0.14375,0.02964,,,
376.396,0.12998,3.24467,376.5925,0.05814,1.32866,365.4976,-0.14353,0.03231,,,
376.4783,0.12967,3.23691,376.676,0.0583,1.33239,365.5797,-0.14337,0.03429,,,
376.5624,0.12962,3.23561,376.7582,0.05823,1.33071,365.6634,-0.14343,0.03347,,,
376.645,0.12959,3.23487,376.8416,0.05805,1.32667,365.7452,-0.14365,0.03078,,,
376.7282,0.12951,3.23281,376.9254,0.058,1.32551,365.8294,-0.14369,0.03031,,,
376.8119,0.12936,3.22921,377.0089,0.05832,1.33291,365.9137,-0.14367,0.03058,,,
376.8946,0.12908,3.22201,377.0919,0.05833,1.33316,365.9969,-0.14356,0.03194,,,
376.9784,0.12872,3.21324,377.1754,0.05828,1.33189,366.081,-0.14354,0.03214,,,
377.062,0.12867,3.2118,377.2596,0.05804,1.3265,366.1635,-0.14354,0.03221,,,
377.1444,0.12867,3.21178,377.3422,0.05802,1.32594,366.2466,-0.14343,0.03351,,,
377.2278,0.12866,3.21151,377.4258,0.05821,1.33036,366.329,-0.14324,0.03582,,,
377.3115,0.12861,3.21044,377.5093,0.05843,1.33535,366.4116,-0.14296,0.03938,,,
377.3942,0.12845,3.20633,377.5928,0.05793,1.3239,366.4964,-0.14276,0.04182,,,
377.477,0.12821,3.20036,377.675,0.05749,1.31375,366.5776,-0.14297,0.03921,,,
377.5608,0.12797,3.19452,377.7592,0.0569,1.30038,366.6618,-0.14301,0.03873,,,
377.6434,0.12796,3.19425,377.8425,0.05646,1.29041,366.7458,-0.14311,0.03743,,,
377.728,0.12797,3.19437,377.9238,0.05561,1.27085,366.8294,-0.14322,0.03608,,,
377.8122,0.12785,3.19139,378.0082,0.05508,1.25878,366.9122,-0.14322,0.03616,,,
377.8954,0.12775,3.1889,378.094,0.05506,1.25833,366.9949,-0.14314,0.03716,,,
377.9766,0.12764,3.18605,378.1763,0.0552,1.26159,367.0784,-0.14309,0.03769,,,
378.0622,0.12752,3.18309,378.259,0.05574,1.27385,367.1603,-0.14313,0.0372,,,
378.145,0.12734,3.1787,378.3415,0.05638,1.28851,367.2434,-0.14334,0.03469,,,
378.2276,0.12725,3.17643,378.4254,0.05701,1.30278,367.3266,-0.14353,0.03224,,,
378.312,0.12716,3.17409,378.5096,0.05727,1.30875,367.4102,-0.14366,0.03068,,,
378.3944,0.12712,3.17329,378.5928,0.05719,1.307,367.494,-0.14354,0.03221,,,
378.4782,0.12703,3.17105,378.6776,0.05736,1.31093,367.5774,-0.14358,0.03168,,,
378.563,0.127,3.17009,378.7585,0.05768,1.31813,367.6592,-0.14384,0.02852,,,
378.6449,0.12706,3.17157,378.843,0.05775,1.31988,367.743,-0.1438,0.02903,,,
378.7282,0.1269,3.16776,378.9255,0.05769,1.31847,367.8265,-0.14371,0.03012,,,
378.8102,0.12648,3.15708,379.0078,0.05779,1.32078,367.909,-0.14358,0.03173,,,
378.8948,0.12623,3.1509,379.0916,0.05821,1.33032,367.9945,-0.14362,0.03122,,,
378.9772,0.12605,3.14644,379.1746,0.05832,1.33284,368.0763,-0.14366,0.03074,,,
379.0616,0.12603,3.14609,379.2578,0.05809,1.3275,368.159,-0.14359,0.03155,,,
379.1446,0.12606,3.14659,379.3412,0.05792,1.32379,368.2428,-0.14361,0.03134,,,
379.2278,0.12596,3.14416,379.4257,0.0581,1.32773,368.3244,-0.14371,0.03006,,,
379.3104,0.12575,3.13894,379.5081,0.05815,1.32889,368.4107,-0.14376,0.02942,,,
379.396,0.1256,3.13531,379.5928,0.05811,1.32809,368.4928,-0.14392,0.02751,,,
379.4792,0.12563,3.13587,379.676,0.05825,1.33129,368.5757,-0.14372,0.02997,,,
379.5628,0.12558,3.13471,379.7584,0.05839,1.3345,368.6582,-0.14374,0.02966,,,
379.646,0.1256,3.1353,379.84,0.05847,1.33625,368.7429,-0.14369,0.03039,,,
379.7291,0.12556,3.13418,379.9253,0.05838,1.33426,368.8246,-0.14364,0.03092,,,
379.8128,0.12549,3.13243,380.0089,0.05838,1.33428,368.9069,-0.14355,0.03211,,,
379.896,0.12551,3.1329,380.0917,0.05827,1.33163,368.9918,-0.14359,0.03156,,,
379.9792,0.1254,3.13031,380.175,0.05797,1.32481,369.0756,-0.1437,0.0302,,,
380.0625,0.12506,3.12179,380.2586,0.05755,1.31525,369.1595,-0.1437,0.03024,,,
380.1446,0.12467,3.11193,380.3404,0.05756,1.3155,369.241,-0.14366,0.03071,,,
380.2284,0.12444,3.10629,380.4246,0.05763,1.31716,369.323,-0.14359,0.03158,,,
380.3119,0.12436,3.10423,380.5082,0.05754,1.31492,369.4071,-0.1435,0.03263,,,
380.3956,0.12429,3.10249,380.5912,0.05744,1.31269,369.49,-0.14342,0.03363,,,
380.4798,0.12422,3.10074,380.6752,0.0576,1.31643,369.574,-0.14321,0.03629,,,
380.5624,0.12428,3.1023,380.7586,0.05789,1.32303,369.658,-0.14328,0.03535,,,
380.6466,0.12413,3.09866,380.8411,0.058,1.32559,369.74,-0.14336,0.03436,,,
380.729,0.12405,3.0965,380.925,0.05793,1.32401,369.8233,-0.14341,0.03372,,,
380.8117,0.12394,3.0937,381.0095,0.05774,1.31961,369.9068,-0.14341,0.03378,,,
380.8946,0.12376,3.08923,381.0918,0.05762,1.31677,369.9907,-0.14344,0.03335,,,
380.9777,0.12365,3.08653,381.1754,0.05748,1.31372,370.075,-0.14338,0.03417,,,
381.0622,0.12354,3.08383,381.2584,0.05745,1.31292,370.1576,-0.14337,0.03432,,,
381.1484,0.12341,3.0806,381.3426,0.05731,1.3097,370.2429,-0.14332,0.03486,,,
381.2304,0.12344,3.08128,381.4245,0.05713,1.30569,370.325,-0.14338,0.03413,,,
381.3149,0.12333,3.07864,381.5082,0.05698,1.30226,370.4082,-0.14355,0.032,,,
381.3978,0.12318,3.07472,381.5928,0.05711,1.30516,370.491,-0.14372,0.02993,,,
381.4792,0.12313,3.07354,381.6746,0.05734,1.31034,370.5748,-0.14391,0.02762,,,
381.5638,0.12317,3.07468,381.757,0.05737,1.31118,370.6575,-0.14398,0.02675,,,
381.647,0.1233,3.07774,381.8413,0.05719,1.30701,370.7418,-0.14387,0.02805,,,
381.7317,0.12316,3.07429,381.925,0.05712,1.30542,370.8234,-0.14393,0.02739,,,
381.8132,0.12281,3.06552,382.01,0.0573,1.30941,370.9072,-0.14385,0.0283,,,
381.896,0.12244,3.05631,382.0933,0.05747,1.31333,370.9918,-0.1437,0.03017,,,
381.98,0.12238,3.05476,382.1746,0.05755,1.31515,371.0748,-0.14404,0.02607,,,
382.0638,0.12226,3.05185,382.2576,0.0577,1.31869,371.1586,-0.14405,0.0259,,,
382.1478,0.12227,3.05209,382.3429,0.05764,1.3174,371.2414,-0.14403,0.0261,,,
382.2303,0.1222,3.05034,382.425,0.05754,1.31511,371.3245,-0.14411,0.02513,,,
382.3138,0.12214,3.04887,382.5105,0.05759,1.31611,371.4079,-0.14407,0.02569,,,
382.3968,0.12223,3.05115,382.5937,0.05767,1.31798,371.4918,-0.14384,0.02853,,,
382.4783,0.122,3.04526,382.6765,0.05768,1.31829,371.5759,-0.14366,0.03069,,,
382.5625,0.12069,3.01273,382.7598,0.05778,1.32042,371.6584,-0.14364,0.031,,,
382.6488,0.12092,3.01844,382.8429,0.05797,1.32479,371.7428,-0.14371,0.03007,,,
382.7313,0.12117,3.02473,382.928,0.05837,1.33403,371.8263,-0.14388,0.02804,,,
382.813,0.12143,3.03122,383.0105,0.05839,1.33432,371.9062,-0.14384,0.02851,,,
382.8976,0.12137,3.02958,383.091,0.05809,1.32754,371.9916,-0.14364,0.03099,,,
382.98,0.12115,3.02408,383.1768,0.05789,1.32293,372.0733,-0.14371,0.03012,,,
383.0642,0.1211,3.02294,383.2597,0.05799,1.32534,372.1569,-0.14384,0.02848,,,
383.1477,0.12102,3.02087,383.3436,0.05794,1.3242,372.2408,-0.14389,0.02782,,,
383.2302,0.12163,3.03624,383.4269,0.05789,1.32302,372.3262,-0.14392,0.02748,,,
383.3135,0.12161,3.03565,383.5105,0.05794,1.32404,372.4091,-0.14381,0.02888,,,
383.3964,0.12121,3.02574,383.5916,0.05811,1.3281,372.491,-0.14354,0.03214,,,
383.48,0.12098,3.01979,383.6753,0.05803,1.32626,372.575,-0.14325,0.03575,,,
383.5628,0.12078,3.01481,383.7597,0.05783,1.32165,372.6572,-0.14301,0.03869,,,
383.644,0.12069,3.01273,383.84,0.05781,1.32123,372.7397,-0.14276,0.04184,,,
383.7308,0.12086,3.01696,383.9242,0.05757,1.31578,372.8224,-0.14291,0.0399,,,
383.8133,0.12097,3.01974,384.0082,0.0573,1.30946,372.9072,-0.14306,0.03809,,,
383.8958,0.12083,3.0162,384.0915,0.05815,1.32893,372.9902,-0.14325,0.03569,,,
383.9791,0.12112,3.02337,384.1744,0.05832,1.33294,373.0728,-0.14334,0.03465,,,
384.0624,0.1209,3.01793,384.2572,0.05782,1.32134,373.1546,-0.14331,0.03497,,,
384.1457,0.12091,3.01823,384.3402,0.05705,1.3037,373.2392,-0.14318,0.03659,,,
384.2292,0.12094,3.01897,384.4243,0.05654,1.29205,373.3217,-0.1431,0.03755,,,
384.3124,0.12088,3.01741,384.5079,0.05649,1.29111,373.4044,-0.14321,0.03625,,,
384.3942,0.12073,3.01368,384.5902,0.0562,1.2843,373.4884,-0.14324,0.03589,,,
384.4775,0.12039,3.00522,384.675,0.05589,1.27723,373.571,-0.14324,0.03589,,,
384.5598,0.11983,2.99115,384.7572,0.05601,1.28006,373.6539,-0.14326,0.03562,,,
384.6432,0.11899,2.97025,384.8402,0.05627,1.28601,373.7364,-0.14342,0.0337,,,
384.7268,0.1181,2.94813,384.9222,0.05646,1.29025,373.8228,-0.14351,0.03259,,,
384.811,0.11738,2.92996,385.0066,0.05646,1.29023,373.9044,-0.14346,0.03319,,,
384.8942,0.11707,2.9222,385.0888,0.05663,1.2942,373.9874,-0.14347,0.03307,,,
384.9786,0.11721,2.92569,385.1731,0.05677,1.29752,374.071,-0.14346,0.03318,,,
385.0616,0.1174,2.9306,385.2556,0.0569,1.30035,374.154,-0.14347,0.03304,,,
385.1449,0.11765,2.93675,385.339,0.057,1.30265,374.2374,-0.14373,0.02988,,,
385.23,0.11779,2.94025,385.4224,0.05714,1.30585,374.3213,-0.14388,0.02801,,,
385.3127,0.11798,2.94515,385.5058,0.05702,1.30307,374.4054,-0.14386,0.02824,,,
385.3972,0.11847,2.95735,385.5886,0.05654,1.29207,374.4883,-0.14378,0.02917,,,
385.4812,0.11949,2.98265,385.6722,0.05618,1.28393,374.572,-0.1438,0.02896,,,
385.5636,0.12044,3.00631,385.7561,0.05652,1.29179,374.655,-0.14371,0.03011,,,
385.6468,0.12041,3.00572,385.8392,0.05669,1.29564,374.7374,-0.14368,0.03039,,,
385.73,0.12005,2.99674,385.9218,0.05629,1.2865,374.8195,-0.14356,0.03197,,,
385.8122,0.11966,2.98703,386.0064,0.05615,1.28327,374.9034,-0.14347,0.03307,,,
385.897,0.11916,2.9745,386.089,0.05655,1.29235,374.9872,-0.1434,0.03384,,,
385.9788,0.11868,2.96237,386.1728,0.05684,1.29911,375.0697,-0.14336,0.03445,,,
386.0625,0.11849,2.95764,386.2562,0.05661,1.29384,375.154,-0.14327,0.03553,,,
386.1464,0.11823,2.95125,386.3394,0.05639,1.28862,375.2346,-0.14314,0.03704,,,
386.2293,0.11791,2.94327,386.4222,0.05664,1.29435,375.319,-0.14314,0.03715,,,
386.3113,0.1178,2.94063,386.5061,0.0568,1.29804,375.4019,-0.14315,0.037,,,
386.3933,0.11779,2.94037,386.5898,0.05673,1.29651,375.4854,-0.14324,0.03589,,,
386.4766,0.11768,2.93755,386.6732,0.0564,1.28906,375.5678,-0.1433,0.03516,,,
386.5616,0.11734,2.92904,386.757,0.05625,1.28557,375.6517,-0.14332,0.03488,,,
386.6444,0.11706,2.92209,386.8413,0.0562,1.28435,375.7336,-0.1433,0.03511,,,
386.7269,0.11686,2.91698,386.924,0.05641,1.28918,375.816,-0.14346,0.03315,,,
386.8102,0.11675,2.91444,387.0074,0.05654,1.29212,375.9008,-0.14378,0.02921,,,
386.8928,0.11676,2.91453,387.091,0.05652,1.29167,375.9833,-0.1438,0.02898,,,
386.9768,0.1168,2.91559,387.1744,0.05651,1.29157,376.067,-0.14374,0.02977,,,
387.0612,0.11691,2.91841,387.2567,0.05656,1.29265,376.1494,-0.14364,0.03094,,,
387.1438,0.11687,2.91723,387.3416,0.05679,1.29789,376.2325,-0.14348,0.03292,,,
387.2268,0.11679,2.91534,387.4236,0.05684,1.29893,376.316,-0.14353,0.03231,,,
387.309,0.11531,2.87848,387.5079,0.0568,1.29804,376.3978,-0.1439,0.02776,,,
387.3938,0.1129,2.81816,387.5904,0.05691,1.30067,376.4818,-0.14404,0.02606,,,
387.478,0.11201,2.79597,387.6738,0.05682,1.29866,376.5653,-0.14415,0.02469,,,
387.5593,0.11245,2.80706,387.7573,0.05676,1.29727,376.6483,-0.14397,0.02694,,,
387.6467,0.11319,2.8255,387.8422,0.05685,1.29924,376.7304,-0.14386,0.02819,,,
387.729,0.11394,2.84424,387.9256,0.05699,1.3025,376.8153,-0.14387,0.02807,,,
387.8139,0.11481,2.86599,388.0076,0.05678,1.29752,376.897,-0.1436,0.03143,,,
387.8976,0.11639,2.90543,388.0898,0.05661,1.29369,376.9802,-0.14384,0.02842,,,
387.9814,0.11876,2.9645,388.1737,0.0568,1.29818,377.063,-0.14398,0.02678,,,
388.0657,0.11959,2.98522,388.2581,0.05709,1.30476,377.1474,-0.14386,0.02829,,,
388.145,0.11904,2.97136,388.3418,0.05713,1.30558,377.2303,-0.14378,0.02916,,,
388.2306,0.11819,2.95024,388.4252,0.05691,1.3005,377.3138,-0.14376,0.0295,,,
388.3126,0.11728,2.92762,388.5083,0.05684,1.29895,377.3985,-0.14393,0.02737,,,
388.3962,0.11663,2.91135,388.5917,0.05698,1.30229,377.4804,-0.14417,0.02438,,,
388.4789,0.11623,2.90122,388.6764,0.05688,1.2999,377.564,-0.14427,0.02319,,,
388.5603,0.11585,2.89196,388.7582,0.05667,1.29501,377.646,-0.14425,0.02339,,,
388.6448,0.11566,2.88715,388.8422,0.0566,1.29363,377.7292,-0.14412,0.02502,,,
388.727,0.11555,2.88443,388.9248,0.05677,1.29732,377.8135,-0.14391,0.02756,,,
388.8114,0.1154,2.88072,389.01,0.0568,1.29811,377.8952,-0.14396,0.02702,,,
388.8946,0.11534,2.87907,389.0942,0.05658,1.29315,377.9795,-0.14392,0.02753,,,
388.979,0.11517,2.87497,389.1773,0.0564,1.28899,378.0632,-0.14387,0.02811,,,
389.0611,0.11529,2.87778,389.2614,0.05638,1.28846,378.1469,-0.1439,0.02779,,,
389.1431,0.11523,2.87646,389.344,0.05642,1.28939,378.2292,-0.1439,0.02773,,,
389.2244,0.11506,2.87223,389.428,0.05638,1.28852,378.3134,-0.14389,0.02784,,,
389.3082,0.11477,2.86486,389.5108,0.05644,1.28986,378.3962,-0.14384,0.02847,,,
389.392,0.11451,2.85839,389.5954,0.05661,1.29374,378.4793,-0.14385,0.02841,,,
389.4737,0.11424,2.85154,389.6788,0.05666,1.29484,378.5616,-0.14398,0.02676,,,
389.5581,0.11401,2.84597,389.7618,0.05656,1.29261,378.6456,-0.14394,0.0272,,,
389.6406,0.11395,2.84453,389.844,0.05669,1.29556,378.7294,-0.1439,0.02779,,,
389.7244,0.11372,2.83857,389.9277,0.05693,1.30112,378.8128,-0.14375,0.02959,,,
389.8088,0.11371,2.83835,390.0115,0.05682,1.2986,378.896,-0.1436,0.0314,,,
389.893,0.11373,2.83899,390.095,0.05656,1.29266,378.979,-0.14352,0.03239,,,
389.9751,0.11368,2.83775,390.1787,0.05642,1.28949,379.062,-0.14361,0.03127,,,
390.0593,0.11371,2.83848,390.261,0.05638,1.28848,379.147,-0.14383,0.02863,,,
390.1425,0.11367,2.83735,390.3448,0.05623,1.28515,379.229,-0.1439,0.02775,,,
390.2248,0.11346,2.83226,390.4288,0.0563,1.28672,379.3122,-0.14371,0.0301,,,
390.309,0.11348,2.83262,390.5114,0.05633,1.2873,379.395,-0.14357,0.03179,,,
390.3924,0.11335,2.82957,390.5953,0.05653,1.29187,379.4776,-0.14356,0.03193,,,
390.4764,0.11316,2.82471,390.679,0.05649,1.291,379.5613,-0.14346,0.03319,,,
390.5586,0.11299,2.82046,390.7622,0.05627,1.28589,379.647,-0.14388,0.02796,,,
390.6417,0.11301,2.82092,390.8456,0.05617,1.28368,379.729,-0.14396,0.02703,,,
390.7261,0.11313,2.82401,390.93,0.05614,1.2831,379.8107,-0.14389,0.0278,,,
390.8101,0.11305,2.82195,391.0132,0.05616,1.28347,379.8947,-0.14387,0.0281,,,
390.891,0.11293,2.81886,391.0968,0.05622,1.28476,379.9785,-0.14392,0.02752,,,
390.976,0.11287,2.81755,391.1798,0.05633,1.28735,380.0616,-0.14384,0.02846,,,
391.0598,0.1128,2.81562,391.263,0.05644,1.28981,380.1444,-0.14388,0.02798,,,
391.1432,0.11276,2.81471,391.3468,0.05648,1.2908,380.2295,-0.14406,0.02576,,,
391.2258,0.11276,2.81471,391.4312,0.05659,1.29325,380.3141,-0.14406,0.02579,,,
391.3086,0.11269,2.81292,391.5123,0.05672,1.29619,380.3944,-0.14376,0.0294,,,
391.3921,0.11257,2.8101,391.5956,0.0568,1.29812,380.4769,-0.14391,0.0276,,,
391.4763,0.11239,2.8056,391.6786,0.05667,1.29509,380.5611,-0.14386,0.02828,,,
391.56,0.11221,2.80095,391.7636,0.05647,1.29054,380.6429,-0.14378,0.02923,,,
391.6424,0.11229,2.80306,391.8472,0.05627,1.28597,380.7268,-0.14361,0.03133,,,
391.727,0.11228,2.80284,391.9305,0.0564,1.2889,380.8111,-0.14341,0.03376,,,
391.8109,0.11215,2.79945,392.0154,0.05645,1.29016,380.8946,-0.14343,0.03358,,,
391.893,0.11125,2.77713,392.0974,0.05641,1.28909,380.9776,-0.14354,0.03214,,,
391.9762,0.1108,2.76584,392.1798,0.05614,1.2829,381.0616,-0.14349,0.03279,,,
392.0598,0.11067,2.76244,392.263,0.0561,1.28216,381.1445,-0.14357,0.03175,,,
392.1444,0.11038,2.75529,392.3458,0.05634,1.28764,381.2292,-0.14327,0.03546,,,
392.2278,0.10964,2.73672,392.4296,0.05661,1.29384,381.3128,-0.14308,0.03789,,,
392.312,0.10889,2.71823,392.5146,0.05663,1.29418,381.3953,-0.14297,0.03915,,,
392.3942,0.1087,2.71345,392.5962,0.05652,1.29159,381.4782,-0.14307,0.03796,,,
392.478,0.10891,2.7187,392.6794,0.05653,1.29201,381.5596,-0.14328,0.03537,,,
392.5636,0.10936,2.72989,392.7626,0.0567,1.29581,381.643,-0.14337,0.03433,,,
392.646,0.10976,2.73983,392.8453,0.05655,1.29238,381.7272,-0.1434,0.0339,,,
392.7302,0.10988,2.7429,392.9278,0.05616,1.28337,381.8108,-0.14346,0.03317,,,
392.8136,0.10989,2.74305,393.0116,0.05601,1.2801,381.8937,-0.14368,0.03048,,,
392.8994,0.1098,2.74083,393.0947,0.05607,1.28136,381.9788,-0.14386,0.02819,,,
392.982,0.1098,2.7408,393.1794,0.05622,1.28478,382.0605,-0.14361,0.03129,,,
393.0678,0.10993,2.74407,393.262,0.05617,1.28369,382.1443,-0.14358,0.03173,,,
393.1494,0.10991,2.74361,393.3456,0.05622,1.28487,382.2283,-0.14374,0.0297,,,
393.2338,0.11019,2.75054,393.4286,0.0562,1.28444,382.3114,-0.14392,0.02752,,,
393.3163,0.11126,2.7772,393.5131,0.05594,1.27853,382.3936,-0.14364,0.03097,,,
393.4015,0.11276,2.81464,393.5955,0.05578,1.27473,382.4772,-0.14345,0.03327,,,
393.483,0.11409,2.84796,393.679,0.05584,1.27615,382.5613,-0.1435,0.0327,,,
393.5676,0.1143,2.85326,393.7622,0.05599,1.27969,382.6444,-0.14342,0.03361,,,
393.6484,0.11383,2.84137,393.8442,0.05596,1.27892,382.7284,-0.14334,0.03466,,,
393.7318,0.11299,2.82044,393.9285,0.05599,1.2796,382.8122,-0.14314,0.03712,,,
393.814,0.11205,2.79699,394.0115,0.05595,1.27873,382.894,-0.14319,0.03643,,,
393.8972,0.11141,2.78103,394.0954,0.05616,1.28352,382.9776,-0.14337,0.03421,,,
393.9791,0.11094,2.7692,394.1793,0.05629,1.28648,383.0616,-0.14333,0.03479,,,
394.0642,0.11066,2.76238,394.2632,0.05608,1.28153,383.1442,-0.14326,0.03562,,,
394.1453,0.11057,2.76,394.3456,0.05592,1.27792,383.2265,-0.14353,0.03236,,,
394.2283,0.11062,2.7614,394.4288,0.05601,1.28003,383.3106,-0.1437,0.03025,,,
394.3103,0.11059,2.76058,394.5106,0.05603,1.28055,383.3942,-0.1437,0.0302,,,
394.393,0.11055,2.75952,394.595,0.05593,1.27811,383.4779,-0.14366,0.03069,,,
394.4768,0.11044,2.75684,394.6781,0.05583,1.27598,383.5617,-0.14373,0.02978,,,
394.5594,0.11041,2.75599,394.7622,0.05604,1.28077,383.6444,-0.14378,0.02926,,,
394.6428,0.11045,2.75716,394.8442,0.05632,1.28724,383.7285,-0.14379,0.02914,,,
394.7261,0.11052,2.75875,394.9286,0.05635,1.28783,383.8132,-0.1439,0.02768,,,
394.8083,0.1103,2.75331,395.0115,0.05615,1.28316,383.8952,-0.14405,0.02593,,,
394.8914,0.10987,2.74266,395.0948,0.05606,1.28125,383.979,-0.14425,0.02338,,,
394.976,0.10964,2.73681,395.1768,0.05604,1.2807,384.0621,-0.14447,0.02069,,,
395.0592,0.10951,2.73355,395.2624,0.05591,1.27786,384.1457,-0.14446,0.02081,,,
395.141,0.10947,2.73265,395.3455,0.05593,1.2783,384.2292,-0.14423,0.02364,,,
395.2252,0.10944,2.73176,395.4285,0.0558,1.27519,384.314,-0.14385,0.02832,,,
395.3083,0.10947,2.73265,395.513,0.05577,1.27452,384.3952,-0.14374,0.0297,,,
395.392,0.10967,2.73749,395.5945,0.056,1.27977,384.4792,-0.14381,0.02883,,,
395.4734,0.10968,2.73791,395.6794,0.05626,1.28571,384.5638,-0.14391,0.02756,,,
395.5568,0.10946,2.73227,395.7628,0.05627,1.28596,384.6481,-0.14376,0.0295,,,
395.6391,0.1093,2.72828,395.8447,0.05613,1.28273,384.7313,-0.14369,0.03036,,,
395.7228,0.10911,2.72352,395.929,0.05595,1.27876,384.8135,-0.14365,0.03086,,,
395.8065,0.10884,2.71692,396.0137,0.05606,1.28109,384.896,-0.1437,0.03024,,,
395.8876,0.10853,2.70918,396.0958,0.05638,1.28855,384.9807,-0.14382,0.02868,,,
395.9715,0.10835,2.70458,396.18,0.05659,1.29326,385.063,-0.14389,0.02791,,,
396.0546,0.10829,2.70323,396.2628,0.0565,1.2913,385.145,-0.14376,0.02951,,,
396.1388,0.10811,2.69858,396.3462,0.05615,1.28334,385.23,-0.14357,0.03181,,,
396.2223,0.10791,2.69376,396.4309,0.05591,1.27781,385.313,-0.1435,0.03267,,,
396.3052,0.10777,2.6901,396.5126,0.05612,1.28248,385.3956,-0.14362,0.03123,,,
396.3868,0.10777,2.69019,396.5952,0.05624,1.28536,385.4806,-0.14366,0.03074,,,
396.4716,0.10771,2.68861,396.6794,0.056,1.27985,385.5637,-0.14368,0.03042,,,
396.555,0.10773,2.68915,396.7633,0.0556,1.27061,385.6482,-0.14372,0.02994,,,
396.6402,0.10779,2.69054,396.8466,0.05563,1.27134,385.731,-0.14385,0.02831,,,
396.7229,0.10784,2.69203,396.9296,0.05568,1.2724,385.8141,-0.14381,0.02882,,,
396.806,0.10783,2.69174,397.0118,0.05563,1.2714,385.898,-0.14372,0.02994,,,
396.8906,0.10779,2.69059,397.0962,0.05541,1.26637,385.9803,-0.14352,0.03248,,,
396.9731,0.10755,2.68462,397.1785,0.05551,1.26857,386.063,-0.14352,0.0324,,,
397.0574,0.10743,2.68171,397.2632,0.05551,1.26855,386.1494,-0.14351,0.03258,,,
397.1416,0.10746,2.68246,397.3449,0.05552,1.26892,386.2302,-0.14352,0.03245,,,
397.2252,0.10741,2.68127,397.428,0.0556,1.27072,386.3139,-0.14339,0.03404,,,
397.3082,0.10744,2.68182,397.5133,0.05579,1.27497,386.3984,-0.14333,0.03477,,,
397.3921,0.10743,2.68175,397.5966,0.05603,1.28049,386.4824,-0.14345,0.03325,,,
397.4755,0.10755,2.68463,397.68,0.05584,1.27613,386.5647,-0.14384,0.02851,,,
397.56,0.10759,2.68575,397.7625,0.05557,1.26989,386.6478,-0.14422,0.02377,,,
397.6426,0.10759,2.68574,397.8464,0.05585,1.27648,386.73,-0.14438,0.02185,,,
397.7278,0.10748,2.68293,397.9306,0.05626,1.28583,386.8154,-0.14439,0.02172,,,
397.8093,0.10734,2.67944,398.0124,0.05621,1.28464,386.8988,-0.14422,0.02382,,,
397.8938,0.10718,2.67532,398.097,0.05577,1.27448,386.9808,-0.14404,0.02596,,,
397.9759,0.10703,2.6717,398.18,0.0554,1.26601,387.066,-0.14409,0.02539,,,
398.0583,0.10685,2.66726,398.2625,0.05563,1.27126,387.1506,-0.14438,0.02184,,,
398.1413,0.10661,2.6612,398.345,0.05592,1.27808,387.2334,-0.14461,0.019,,,
398.227,0.10653,2.6593,398.4286,0.05556,1.26983,387.3178,-0.14458,0.01941,,,
398.307,0.10633,2.65418,398.512,0.05506,1.25824,387.3996,-0.14437,0.02192,,,
398.392,0.10622,2.65158,398.5956,0.05506,1.25838,387.4832,-0.14425,0.02338,,,
398.4756,0.10618,2.65051,398.6794,0.05571,1.27329,387.5682,-0.14397,0.02687,,,
398.5606,0.10609,2.64811,398.7635,0.05622,1.28489,387.6522,-0.1438,0.02896,,,
398.6439,0.10598,2.64552,398.8456,0.05602,1.28033,387.7345,-0.14382,0.02869,,,
398.7276,0.1061,2.64836,398.93,0.05563,1.27127,387.818,-0.14367,0.03061,,,
398.8116,0.1062,2.65104,399.0134,0.05551,1.26866,387.9,-0.14348,0.03292,,,
398.8942,0.10612,2.64891,399.0977,0.05592,1.27808,387.9832,-0.14344,0.03346,,,
398.9779,0.10599,2.64578,399.1796,0.05636,1.28808,388.068,-0.14339,0.034,,,
399.0604,0.10575,2.63977,399.2605,0.05609,1.28197,388.1494,-0.14315,0.03693,,,
399.1437,0.1057,2.63849,399.3461,0.05554,1.26926,388.2337,-0.14311,0.0375,,,
399.227,0.1057,2.63837,399.4292,0.05527,1.2631,388.3175,-0.14315,0.03693,,,
399.3106,0.10564,2.6371,399.513,0.05556,1.26967,388.3988,-0.14325,0.03579,,,
399.3954,0.10574,2.63961,399.5963,0.05603,1.28039,388.4834,-0.14322,0.03611,,,
399.4783,0.10563,2.63675,399.68,0.05563,1.27133,388.5675,-0.1432,0.03636,,,
399.5631,0.10554,2.6344,399.763,0.05443,1.24389,388.6498,-0.14315,0.037,,,
399.6448,0.1055,2.63344,399.8474,0.05344,1.22128,388.7334,-0.14331,0.03503,,,
399.7292,0.1054,2.63107,399.9302,0.05347,1.22206,388.8161,-0.14352,0.03243,,,
399.8111,0.1054,2.63104,400.0152,0.05401,1.23436,388.9004,-0.14382,0.02871,,,
399.897,0.10536,2.63009,400.0992,0.05422,1.23924,388.9833,-0.14381,0.02887,,,
399.9802,0.10532,2.62895,400.185,0.05416,1.23779,389.0672,-0.14387,0.02816,,,
400.0622,0.10542,2.6314,400.2666,0.0543,1.2409,389.1498,-0.14378,0.02919,,,
400.1465,0.10521,2.62637,400.3513,0.05499,1.25673,389.2339,-0.1436,0.03146,,,
400.2302,0.10509,2.62336,400.433,0.05551,1.26852,389.316,-0.14353,0.03229,,,
400.313,0.10497,2.62019,400.5178,0.05598,1.27927,389.3998,-0.14343,0.03353,,,
400.3962,0.1049,2.61863,400.6022,0.0564,1.28898,389.4829,-0.14331,0.03504,,,
400.481,0.1049,2.61854,400.6855,0.05717,1.30648,389.5657,-0.14353,0.0323,,,
400.5653,0.10487,2.61774,400.7692,0.05775,1.3197,389.651,-0.14372,0.02994,,,
400.648,0.10477,2.61518,400.8528,0.05806,1.3268,389.7339,-0.14379,0.02905,,,
400.7321,0.10465,2.61223,400.9334,0.05776,1.31994,389.8163,-0.14382,0.02877,,,
400.8141,0.10446,2.60759,401.0175,0.05691,1.30054,389.9004,-0.1439,0.02772,,,
400.8987,0.10435,2.60468,401.0992,0.05615,1.28325,389.9834,-0.14401,0.02633,,,
400.9817,0.10442,2.60665,401.1836,0.05619,1.28413,390.0675,-0.14405,0.0259,,,
401.065,0.10446,2.60741,401.265,0.05634,1.28753,390.15,-0.14392,0.02746,,,
401.1476,0.10451,2.60885,401.3488,0.05621,1.28455,390.2335,-0.14375,0.02958,,,
401.2312,0.1045,2.60859,401.4325,0.05595,1.27866,390.3168,-0.14354,0.03223,,,
401.3139,0.10436,2.60511,401.5142,0.05581,1.27548,390.4004,-0.14342,0.03363,,,
401.3986,0.10421,2.60139,401.5975,0.05589,1.27731,390.4844,-0.14342,0.03363,,,
401.4815,0.10416,2.60012,401.6798,0.05609,1.28196,390.5676,-0.14357,0.03182,,,
401.564,0.1041,2.59861,401.7634,0.05617,1.28363,390.6522,-0.14348,0.03292,,,
401.647,0.10397,2.59534,401.8466,0.05589,1.27733,390.735,-0.14328,0.03538,,,
401.7313,0.10393,2.59421,401.93,0.05567,1.27226,390.8185,-0.14336,0.03444,,,
401.8145,0.10385,2.59223,402.014,0.05582,1.27576,390.9009,-0.14342,0.03361,,,
401.8991,0.10368,2.58805,402.0976,0.05582,1.27575,390.9845,-0.14336,0.0344,,,
401.9828,0.1036,2.58614,402.1797,0.0555,1.26844,391.069,-0.14336,0.03435,,,
402.0654,0.1035,2.5836,402.2626,0.05534,1.26468,391.1515,-0.14345,0.03325,,,
402.148,0.1035,2.58358,402.3454,0.05532,1.26433,391.2339,-0.14358,0.03165,,,
402.2346,0.10353,2.58444,402.429,0.05555,1.26945,391.316,-0.14369,0.03032,,,
402.316,0.10356,2.58513,402.5137,0.05571,1.27315,391.4014,-0.1437,0.03023,,,
402.3992,0.10358,2.58557,402.5974,0.05559,1.27054,391.4839,-0.14371,0.03006,,,
402.4824,0.1035,2.58346,402.6793,0.05545,1.26713,391.568,-0.14377,0.0294,,,
402.5665,0.10328,2.57817,402.7624,0.05564,1.27162,391.651,-0.14381,0.02887,,,
402.6506,0.1032,2.57599,402.845,0.05598,1.27936,391.7363,-0.14376,0.02945,,,
402.7324,0.10319,2.57595,402.928,0.05608,1.28154,391.8184,-0.14377,0.02933,,,
402.8144,0.10329,2.5783,403.0121,0.05589,1.27736,391.9003,-0.14374,0.02972,,,
402.8982,0.10324,2.5771,403.0961,0.0555,1.26836,391.9837,-0.14374,0.02973,,,
402.9822,0.10314,2.5747,403.1787,0.0554,1.26613,392.0686,-0.1438,0.02901,,,
403.0672,0.10296,2.57019,403.2614,0.0555,1.26832,392.1516,-0.14384,0.02846,,,
403.1495,0.10291,2.56888,403.3472,0.05565,1.27182,392.2341,-0.144,0.02655,,,
403.2327,0.10296,2.57004,403.4301,0.05549,1.26818,392.3172,-0.14421,0.02395,,,
403.3162,0.10299,2.57082,403.5119,0.05525,1.26276,392.3996,-0.14417,0.02441,,,
403.3996,0.10289,2.56829,403.5948,0.05532,1.2643,392.4863,-0.14403,0.02616,,,
403.484,0.10286,2.56758,403.6802,0.05557,1.27005,392.567,-0.14409,0.02537,,,
403.5671,0.10292,2.56904,403.7614,0.05558,1.27026,392.6516,-0.14422,0.02377,,,
403.6518,0.10292,2.56912,403.8463,0.05539,1.26577,392.7336,-0.14439,0.02172,,,
403.7344,0.10292,2.56907,403.9285,0.05526,1.26294,392.8189,-0.14426,0.02326,,,
403.8169,0.10291,2.56874,404.0124,0.05536,1.26516,392.9014,-0.14409,0.0254,,,
403.9017,0.10288,2.56821,404.0956,0.05569,1.27267,392.9848,-0.14388,0.02797,,,
403.9833,0.10267,2.56277,404.1796,0.05586,1.27655,393.0682,-0.14372,0.02991,,,
404.0672,0.1025,2.55851,404.2624,0.05578,1.27486,393.152,-0.14383,0.02863,,,
404.1504,0.1026,2.56103,404.3467,0.05556,1.26984,393.2382,-0.14402,0.02625,,,
404.2342,0.10249,2.55836,404.4303,0.05554,1.2693,393.3184,-0.14423,0.02371,,,
404.316,0.10226,2.55274,404.5118,0.05568,1.27241,393.4015,-0.14421,0.02397,,,
404.3989,0.10219,2.55091,404.5945,0.05577,1.27462,393.4875,-0.1441,0.02525,,,
404.4842,0.10204,2.54711,404.679,0.05554,1.26939,393.5691,-0.14387,0.02815,,,
404.5676,0.10177,2.54047,404.7625,0.05534,1.26471,393.653,-0.14366,0.03064,,,
404.651,0.10165,2.53729,404.8458,0.05541,1.26634,393.7346,-0.1436,0.03147,,,
404.734,0.10156,2.53504,404.9294,0.05552,1.26874,393.8198,-0.14353,0.03234,,,
404.8186,0.10157,2.53541,405.0133,0.05563,1.27125,393.902,-0.14359,0.03152,,,
404.9006,0.10154,2.5347,405.0965,0.0557,1.27306,393.9865,-0.14373,0.02982,,,
404.9842,0.10152,2.53414,405.1802,0.05543,1.26675,394.0694,-0.14374,0.02971,,,
405.0674,0.10161,2.53636,405.2628,0.05485,1.25358,394.1521,-0.14371,0.03006,,,
405.15,0.10163,2.53691,405.3483,0.05465,1.24894,394.2359,-0.14372,0.02997,,,
405.2338,0.10174,2.5397,405.4313,0.05461,1.24809,394.3196,-0.14376,0.02945,,,
405.3162,0.1017,2.53853,405.5151,0.05471,1.25029,394.4022,-0.14385,0.02835,,,
405.4015,0.10162,2.53671,405.599,0.05471,1.25034,394.4873,-0.14373,0.02977,,,
405.4844,0.10145,2.5325,405.6828,0.05467,1.24941,394.5697,-0.14379,0.02913,,,
405.5674,0.10121,2.52634,405.7659,0.05478,1.25191,394.6542,-0.14382,0.02867,,,
405.6514,0.10008,2.49819,405.8501,0.05489,1.25455,394.737,-0.14373,0.02981,,,
405.735,0.09946,2.48262,405.9344,0.05481,1.25262,394.82,-0.14365,0.03076,,,
405.8182,0.09957,2.48539,406.0158,0.05472,1.25058,394.904,-0.14385,0.02833,,,
405.902,0.09974,2.48973,406.0997,0.05473,1.25076,394.9876,-0.14405,0.02595,,,
405.9842,0.09984,2.49217,406.183,0.05491,1.255,395.0698,-0.1441,0.0253,,,
406.069,0.09998,2.49567,406.268,0.05523,1.26227,395.153,-0.14401,0.02636,,,
406.1525,0.10034,2.50458,406.3508,0.05529,1.26359,395.2361,-0.14383,0.02863,,,
406.2345,0.10042,2.50675,406.4342,0.05501,1.25719,395.3196,-0.14386,0.02825,,,
406.32,0.10052,2.50926,406.5178,0.05485,1.25346,395.4046,-0.14376,0.02941,,,
406.4021,0.10061,2.51134,406.6024,0.05524,1.26249,395.4878,-0.144,0.0265,,,
406.4875,0.10085,2.51747,406.6844,0.05586,1.27665,395.5705,-0.14413,0.02489,,,
406.5694,0.10098,2.52079,406.768,0.05598,1.27945,395.6514,-0.14415,0.02461,,,
406.6544,0.10107,2.52298,406.854,0.05573,1.27368,395.7376,-0.1439,0.02776,,,
406.7362,0.10109,2.52333,406.9356,0.05549,1.26823,395.8209,-0.14374,0.02969,,,
406.8198,0.10092,2.51913,407.0182,0.05537,1.26546,395.9052,-0.14377,0.02937,,,
406.9023,0.10076,2.51509,407.1015,0.05543,1.26671,395.9856,-0.14379,0.02913,,,
406.987,0.10073,2.51454,407.1844,0.0554,1.26615,396.071,-0.14378,0.02919,,,
407.0705,0.10089,2.5184,407.2672,0.05522,1.26207,396.1538,-0.1437,0.03023,,,
407.1543,0.10104,2.52211,407.3522,0.05503,1.25766,396.2362,-0.14353,0.03225,,,
407.2395,0.10126,2.52758,407.4351,0.05523,1.26218,396.3211,-0.14352,0.03241,,,
407.3213,0.10207,2.54789,407.5176,0.05568,1.27242,396.4059,-0.14358,0.03173,,,
407.4024,0.10234,2.55459,407.6004,0.05575,1.274,396.4874,-0.14358,0.03166,,,
407.4872,0.1024,2.55606,407.6853,0.05536,1.26529,396.5709,-0.14347,0.03305,,,
407.5691,0.10219,2.55076,407.7678,0.0551,1.25914,396.6554,-0.14355,0.03206,,,
407.651,0.10196,2.54525,407.8515,0.05494,1.25569,396.7388,-0.14367,0.03062,,,
407.7334,0.10176,2.54009,407.9347,0.05503,1.25766,396.8216,-0.14365,0.03079,,,
407.8168,0.10153,2.53428,408.0168,0.05511,1.25937,396.9055,-0.14371,0.0301,,,
407.8985,0.10146,2.53253,408.1,0.05505,1.25811,396.9882,-0.14392,0.02747,,,
407.9816,0.10146,2.53256,408.1838,0.05495,1.2559,397.0716,-0.14413,0.02494,,,
408.0637,0.10123,2.52694,408.2672,0.05507,1.25857,397.1543,-0.14417,0.02437,,,
408.1472,0.10105,2.5224,408.3516,0.05535,1.26489,397.2378,-0.14411,0.02509,,,
408.23,0.1009,2.51867,408.4354,0.05553,1.26896,397.3197,-0.14403,0.0262,,,
408.3152,0.10068,2.5131,408.5193,0.0552,1.26145,397.4037,-0.14404,0.02605,,,
408.3975,0.10049,2.50836,408.6012,0.05479,1.25207,397.488,-0.14402,0.0263,,,
408.48,0.10056,2.51006,408.6848,0.05457,1.24711,397.5703,-0.14397,0.02683,,,
408.5642,0.10061,2.51155,408.768,0.05452,1.24591,397.6541,-0.14401,0.02635,,,
408.6448,0.10066,2.5126,408.8506,0.05463,1.24843,397.7374,-0.144,0.02648,,,
408.729,0.10058,2.51077,408.9351,0.05473,1.25086,397.8202,-0.14397,0.02683,,,
408.8118,0.10032,2.5043,409.0194,0.05465,1.24898,397.9062,-0.14405,0.02584,,,
408.8954,0.09992,2.4943,409.1022,0.05459,1.24765,397.9886,-0.14414,0.02478,,,
408.9784,0.0999,2.49371,409.1862,0.05472,1.25055,398.0706,-0.14421,0.0239,,,
409.0607,0.09989,2.49346,409.2711,0.0548,1.25239,398.1548,-0.14418,0.02429,,,
409.145,0.09987,2.49287,409.3535,0.05476,1.25157,398.2385,-0.14412,0.02506,,,
409.2275,0.09983,2.49203,409.4363,0.05473,1.25072,398.3205,-0.14394,0.02724,,,
409.3106,0.09981,2.49148,409.5199,0.05473,1.25072,398.4038,-0.14402,0.02629,,,
409.3956,0.09979,2.49087,409.603,0.05486,1.25369,398.4884,-0.14401,0.02634,,,
409.476,0.09961,2.48647,409.6873,0.05491,1.25486,398.5703,-0.14393,0.0274,,,
409.5596,0.09937,2.48037,409.771,0.0549,1.25467,398.6528,-0.14379,0.02907,,,
409.6443,0.09921,2.47658,409.8525,0.05482,1.25291,398.7365,-0.1436,0.03142,,,
409.7287,0.09917,2.47538,409.9359,0.05477,1.25162,398.8198,-0.14356,0.03189,,,
409.81,0.09903,2.47202,410.0211,0.05491,1.25482,398.9033,-0.14361,0.03127,,,
409.8934,0.09881,2.4664,410.1048,0.05502,1.25732,398.9858,-0.14359,0.03153,,,
409.9781,0.09868,2.46322,410.1882,0.05517,1.26094,399.0684,-0.14354,0.03212,,,
410.0614,0.09847,2.45796,410.2722,0.05541,1.26635,399.1534,-0.14358,0.03169,,,
410.1441,0.09837,2.45548,410.3556,0.0555,1.26833,399.2391,-0.14363,0.03112,,,
410.2276,0.0982,2.4513,410.4382,0.05552,1.26873,399.32,-0.14366,0.03073,,,
410.3122,0.09805,2.44754,410.521,0.05558,1.2703,399.4039,-0.14365,0.03079,,,
410.395,0.0977,2.43867,410.6037,0.05565,1.27187,399.4854,-0.14367,0.03058,,,
410.4785,0.09752,2.43428,410.6867,0.0555,1.26845,399.5703,-0.14369,0.03029,,,
410.5634,0.09731,2.42909,410.771,0.05532,1.26435,399.6559,-0.14368,0.03041,,,
410.6472,0.09715,2.42506,410.8533,0.05521,1.26168,399.7375,-0.14372,0.02994,,,
410.7313,0.09701,2.42153,410.9381,0.05515,1.26039,399.8215,-0.14374,0.02972,,,
410.8139,0.097,2.4213,411.0192,0.05524,1.2625,399.9053,-0.14371,0.03012,,,
410.8989,0.09696,2.42027,411.1038,0.05513,1.25991,399.9874,-0.14372,0.02997,,,
410.982,0.09677,2.41562,411.1857,0.05502,1.25732,400.0716,-0.14375,0.02962,,,
411.0684,0.09669,2.41358,411.2705,0.05491,1.25496,400.1537,-0.14375,0.0296,,,
411.1516,0.09677,2.4155,411.3549,0.05501,1.25719,400.235,-0.14364,0.03098,,,
411.234,0.09686,2.41791,411.4372,0.05513,1.26,400.32,-0.14361,0.03127,,,
411.3176,0.09679,2.41603,411.5184,0.05516,1.26066,400.4038,-0.14354,0.03219,,,
411.401,0.09685,2.41746,411.6026,0.05524,1.26234,400.487,-0.14345,0.03331,,,
411.4852,0.09687,2.41795,411.6854,0.05536,1.26514,400.5696,-0.14341,0.03377,,,
411.5694,0.09701,2.42147,411.7708,0.0554,1.26599,400.6541,-0.14347,0.03305,,,
411.654,0.097,2.42121,411.8536,0.05542,1.26662,400.7372,-0.14364,0.03093,,,
411.7381,0.09706,2.42292,411.937,0.05534,1.26483,400.8197,-0.1438,0.02899,,,
411.8219,0.09721,2.42648,412.0202,0.05516,1.26059,400.9034,-0.14379,0.02912,,,
411.9049,0.09723,2.42713,412.1038,0.05507,1.25867,400.9861,-0.14375,0.02959,,,
411.9874,0.09716,2.42527,412.1876,0.05517,1.26089,401.0704,-0.14355,0.03203,,,
412.0716,0.0971,2.42374,412.2701,0.0552,1.26157,401.1549,-0.14369,0.03038,,,
412.1549,0.09711,2.42395,412.3533,0.05493,1.25537,401.2378,-0.14388,0.02793,,,
412.2387,0.097,2.42129,412.4377,0.05486,1.25376,401.3204,-0.14396,0.02704,,,
412.3201,0.0968,2.41641,412.5204,0.05479,1.25223,401.4041,-0.14391,0.0276,,,
412.4039,0.09677,2.4157,412.6027,0.05497,1.25619,401.4887,-0.14369,0.03028,,,
412.4882,0.09687,2.41808,412.6877,0.05516,1.26062,401.5724,-0.14376,0.02948,,,
412.5716,0.09687,2.4181,412.77,0.0551,1.25929,401.6562,-0.14378,0.02928,,,
412.6548,0.09659,2.41099,412.8513,0.05494,1.25561,401.7393,-0.14368,0.03051,,,
412.7375,0.09605,2.39766,412.9382,0.05488,1.25413,401.8236,-0.14361,0.03131,,,
412.8202,0.09588,2.39329,413.0184,0.05508,1.25879,401.9067,-0.14369,0.03031,,,
412.9044,0.09603,2.39705,413.103,0.05525,1.26266,401.9904,-0.14369,0.03034,,,
412.9871,0.09613,2.39949,413.1861,0.05535,1.26487,402.0724,-0.14382,0.02869,,,
413.07,0.09595,2.39503,413.2697,0.05522,1.262,402.1565,-0.14393,0.0274,,,
413.1542,0.09593,2.3945,413.3531,0.05532,1.26431,402.2417,-0.14394,0.0273,,,
413.2381,0.09607,2.39813,413.4372,0.05554,1.26939,402.3254,-0.144,0.02645,,,
413.3219,0.09629,2.40353,413.5215,0.0555,1.26837,402.4082,-0.1441,0.02523,,,
413.4049,0.09632,2.40443,413.6051,0.05513,1.2599,402.4919,-0.14409,0.02544,,,
413.4902,0.0963,2.4039,413.6884,0.05483,1.25297,402.5752,-0.14406,0.02577,,,
413.5728,0.09625,2.40251,413.7709,0.05479,1.25221,402.6592,-0.14405,0.02584,,,
413.655,0.09619,2.40114,413.8537,0.05493,1.25542,402.742,-0.14399,0.02668,,,
413.7386,0.09618,2.40081,413.9385,0.05493,1.25532,402.8247,-0.14396,0.02706,,,
413.8242,0.09625,2.40262,414.02,0.05483,1.25314,402.9094,-0.14409,0.02545,,,
413.9062,0.09647,2.4082,414.1037,0.05469,1.24982,402.9928,-0.14406,0.02581,,,
413.988,0.09669,2.41361,414.1882,0.05477,1.25175,403.0753,-0.14393,0.02735,,,
414.072,0.09682,2.41673,414.2712,0.05486,1.25367,403.16,-0.14392,0.02749,,,
414.1555,0.09687,2.41814,414.3536,0.05487,1.25405,403.2421,-0.14403,0.02615,,,
414.2389,0.09675,2.41499,414.4375,0.05488,1.25424,403.3253,-0.14419,0.02421,,,
414.322,0.09648,2.40838,414.5215,0.05482,1.25273,403.4084,-0.14429,0.02289,,,
414.4064,0.09625,2.40249,414.6045,0.05476,1.25153,403.4918,-0.14411,0.02513,,,
414.4889,0.09613,2.39965,414.6883,0.05481,1.2525,403.5768,-0.14383,0.02855,,,
414.5724,0.096,2.39628,414.7708,0.05469,1.24996,403.6604,-0.14383,0.02855,,,
414.6562,0.09607,2.39815,414.8531,0.05468,1.24962,403.744,-0.14383,0.02861,,,
414.7385,0.09609,2.39852,414.9362,0.05455,1.24663,403.8258,-0.14358,0.03163,,,
414.8215,0.0959,2.39388,415.0205,0.05452,1.24599,403.91,-0.14351,0.0325,,,
414.9049,0.09565,2.38771,415.1047,0.05465,1.24893,403.9925,-0.14352,0.03236,,,
414.9884,0.09553,2.38471,415.189,0.05498,1.2564,404.0769,-0.14348,0.03291,,,
415.072,0.09577,2.39051,415.2709,0.05506,1.25838,404.1598,-0.1434,0.03394,,,
415.1541,0.09575,2.39019,415.3549,0.05478,1.25196,404.2422,-0.14348,0.03296,,,
415.2388,0.09568,2.38832,415.4387,0.05451,1.24577,404.3272,-0.14359,0.03154,,,
415.3226,0.09542,2.38199,415.5218,0.05436,1.24236,404.4102,-0.14352,0.03237,,,
415.4044,0.0953,2.37882,415.6059,0.0546,1.2478,404.4944,-0.14355,0.0321,,,
415.4883,0.09531,2.37906,415.6886,0.05497,1.25636,404.5783,-0.14347,0.03306,,,
415.5699,0.09537,2.38067,415.7728,0.05505,1.25816,404.6602,-0.14355,0.03205,,,
415.6552,0.09542,2.38187,415.8566,0.05486,1.25381,404.7436,-0.14363,0.03108,,,
415.7385,0.09546,2.3828,415.9388,0.05476,1.25141,404.8272,-0.14374,0.02973,,,
415.8209,0.09547,2.38317,416.0238,0.0547,1.24999,404.9114,-0.14382,0.02876,,,
415.9058,0.0954,2.38149,416.1062,0.05459,1.24748,404.996,-0.14385,0.02836,,,
415.989,0.09535,2.38001,416.1881,0.0545,1.24556,405.0794,-0.14379,0.02906,,,
416.0715,0.09535,2.38003,416.2716,0.05456,1.24684,405.1631,-0.14369,0.03036,,,
416.1539,0.09538,2.38085,416.3555,0.05461,1.2481,405.2459,-0.14355,0.03202,,,
416.2378,0.09525,2.37774,416.4391,0.05456,1.24689,405.3286,-0.14349,0.03282,,,
416.32,0.09516,2.3754,416.5235,0.0545,1.24546,405.4134,-0.14363,0.03103,,,
416.404,0.09513,2.37474,416.6062,0.05419,1.23837,405.4965,-0.14364,0.03099,,,
416.4865,0.09513,2.37471,416.6903,0.05408,1.23583,405.5804,-0.1436,0.03138,,,
416.5688,0.09502,2.372,416.7722,0.05405,1.23518,405.6643,-0.14371,0.03005,,,
416.655,0.09505,2.37255,416.856,0.05428,1.24048,405.7456,-0.14371,0.03012,,,
416.7363,0.09504,2.37228,416.9389,0.0546,1.24787,405.8307,-0.1437,0.03018,,,
416.8211,0.09502,2.37181,417.0234,0.05456,1.24681,405.9132,-0.14384,0.02849,,,
416.9033,0.09504,2.37228,417.1076,0.0544,1.24328,405.996,-0.14392,0.02751,,,
416.9863,0.09507,2.37317,417.1908,0.05438,1.24288,406.0796,-0.14402,0.02628,,,
417.0711,0.09505,2.37258,417.2739,0.05459,1.24763,406.164,-0.1441,0.02527,,,
417.1537,0.09505,2.37272,417.359,0.05466,1.24927,406.2476,-0.14413,0.02486,,,
417.2375,0.09495,2.37003,417.4414,0.05461,1.24798,406.3312,-0.14411,0.02521,,,
417.3195,0.09483,2.36707,417.5245,0.05436,1.24228,406.4156,-0.14413,0.0249,,,
417.4037,0.09473,2.36477,417.607,0.05437,1.24245,406.4972,-0.1441,0.0253,,,
417.4875,0.09474,2.36498,417.6905,0.05463,1.24839,406.5812,-0.14438,0.02186,,,
417.572,0.09476,2.36543,417.7732,0.0547,1.25004,406.6658,-0.14442,0.02131,,,
417.6548,0.09489,2.36874,417.858,0.05459,1.24756,406.7484,-0.14429,0.02291,,,
417.7372,0.09501,2.37169,417.9414,0.05435,1.24204,406.8334,-0.14412,0.02506,,,
417.8198,0.09473,2.36472,418.0248,0.05447,1.24485,406.916,-0.14393,0.02731,,,
417.9049,0.0945,2.35881,418.1093,0.05473,1.25072,406.9989,-0.14399,0.02666,,,
417.9873,0.09436,2.35539,418.193,0.05495,1.25578,407.0813,-0.14405,0.02594,,,
418.0719,0.09426,2.35285,418.2744,0.05489,1.25442,407.166,-0.14411,0.02515,,,
418.1539,0.09427,2.35322,418.3574,0.05471,1.25026,407.2493,-0.1441,0.02528,,,
418.2386,0.09443,2.35719,418.4415,0.05468,1.24968,407.3335,-0.14409,0.02537,,,
418.3206,0.09428,2.35355,418.5256,0.05474,1.25109,407.4165,-0.14409,0.02545,,,
418.4054,0.09421,2.35164,418.6084,0.05493,1.25544,407.4983,-0.14404,0.02605,,,
418.488,0.09441,2.35659,418.6917,0.05485,1.25349,407.5844,-0.14399,0.02667,,,
418.5724,0.09471,2.3641,418.7744,0.05459,1.24751,407.6661,-0.14423,0.02365,,,
418.655,0.09472,2.36445,418.8593,0.05468,1.24974,407.7518,-0.14433,0.02243,,,
418.7372,0.09482,2.36701,418.9412,0.05488,1.25413,407.8346,-0.1442,0.02402,,,
418.8213,0.09493,2.36955,419.0248,0.05497,1.25637,407.9187,-0.14404,0.026,,,
418.9039,0.09477,2.36574,419.1087,0.05482,1.25295,408.0002,-0.14387,0.02813,,,
418.9862,0.09458,2.36094,419.191,0.05459,1.24762,408.085,-0.14379,0.02913,,,
419.07,0.09444,2.35736,419.2752,0.05465,1.24885,408.1676,-0.1439,0.02769,,,
419.1531,0.09395,2.3452,419.358,0.055,1.25688,408.2518,-0.14393,0.02742,,,
419.2367,0.09362,2.33699,419.4422,0.05506,1.25835,408.3354,-0.14385,0.02839,,,
419.3189,0.09366,2.33792,419.5259,0.05491,1.25479,408.4192,-0.14375,0.02962,,,
419.4025,0.0933,2.32902,419.6072,0.0548,1.25238,408.502,-0.14366,0.03073,,,
419.4862,0.09311,2.32426,419.6903,0.05491,1.25489,408.584,-0.14364,0.03088,,,
419.57,0.09304,2.32244,419.7761,0.05516,1.26062,408.6678,-0.1436,0.0314,,,
419.6532,0.09257,2.31076,419.8583,0.05524,1.26238,408.7519,-0.14333,0.0348,,,
419.7369,0.09198,2.29595,419.941,0.05506,1.25839,408.8359,-0.14325,0.03579,,,
419.821,0.09149,2.28388,420.0239,0.0549,1.25469,408.9188,-0.14331,0.03495,,,
419.905,0.09116,2.27555,420.1086,0.05501,1.25711,409.002,-0.14347,0.03307,,,
419.9891,0.09112,2.27458,420.1902,0.05513,1.25991,409.0854,-0.14349,0.0328,,,
420.0718,0.09104,2.27256,420.2742,0.05494,1.25567,409.1697,-0.14349,0.03285,,,
420.1547,0.09101,2.27179,420.356,0.05449,1.24532,409.2531,-0.14363,0.03104,,,
420.2375,0.09096,2.27049,420.439,0.05431,1.24123,409.337,-0.1438,0.02894,,,
420.3207,0.09103,2.27227,420.5228,0.05457,1.24702,409.4194,-0.14375,0.02956,,,
420.4044,0.09109,2.2737,420.6062,0.05475,1.25124,409.5022,-0.14369,0.03032,,,
420.4877,0.09182,2.29201,420.6903,0.05468,1.24955,409.5848,-0.14362,0.03122,,,
420.5705,0.09211,2.29916,420.7766,0.05438,1.24285,409.6699,-0.14372,0.02992,,,
420.655,0.09216,2.30055,420.8567,0.05415,1.23743,409.7524,-0.14388,0.02802,,,
420.7379,0.09267,2.31317,420.9415,0.05419,1.23835,409.8348,-0.14386,0.02828,,,
420.822,0.09308,2.32353,421.0248,0.05443,1.24399,409.9206,-0.1439,0.02769,,,
420.9036,0.09314,2.32491,421.1074,0.05444,1.24413,410.0037,-0.14401,0.02635,,,
420.986,0.09289,2.31882,421.1912,0.0543,1.24098,410.0852,-0.14409,0.02534,,,
421.0719,0.09266,2.313,421.2752,0.05437,1.24264,410.1698,-0.14416,0.0245,,,
421.1544,0.09259,2.31126,421.3574,0.05456,1.24694,410.2535,-0.14397,0.02689,,,
421.2387,0.09262,2.31198,421.442,0.0548,1.25229,410.3356,-0.14403,0.02618,,,
421.3206,0.09265,2.31279,421.5248,0.05455,1.24661,410.4213,-0.14416,0.02451,,,
421.4041,0.09284,2.31749,421.6088,0.05415,1.23764,410.5032,-0.14419,0.02419,,,
421.4881,0.09286,2.31801,421.6916,0.05394,1.23264,410.5861,-0.14414,0.02474,,,
421.5722,0.09276,2.31551,421.7768,0.05363,1.22573,410.6688,-0.14405,0.02592,,,
421.6556,0.0925,2.30906,421.8578,0.05304,1.21219,410.7512,-0.14387,0.02808,,,
421.7396,0.0923,2.30391,421.9411,0.0525,1.19985,410.8358,-0.14389,0.02787,,,
421.822,0.09228,2.30353,422.024,0.05184,1.18475,410.9194,-0.14401,0.02639,,,
421.905,0.09243,2.30715,422.1064,0.05142,1.17507,411.0028,-0.14398,0.0268,,,
421.988,0.09248,2.30841,422.1894,0.05095,1.16445,411.0878,-0.14392,0.02749,,,
422.072,0.09269,2.3138,422.2748,0.05089,1.16292,411.1703,-0.14394,0.02721,,,
422.1557,0.09268,2.31348,422.3602,0.05081,1.16128,411.2528,-0.1439,0.0277,,,
422.2403,0.09287,2.31812,422.4421,0.05075,1.15993,411.3371,-0.14384,0.02851,,,
422.323,0.0929,2.31903,422.5254,0.05073,1.15929,411.4188,-0.14365,0.03087,,,
422.4042,0.09293,2.31967,422.6094,0.05077,1.16024,411.5026,-0.14354,0.03222,,,
422.4902,0.09287,2.31816,422.693,0.05093,1.16398,411.5859,-0.14348,0.03286,,,
422.5722,0.09273,2.31462,422.7764,0.05116,1.16924,411.6682,-0.14357,0.03186,,,
422.6562,0.09265,2.31279,422.8594,0.05099,1.16531,411.7522,-0.14369,0.03033,,,
422.7406,0.09257,2.31081,422.944,0.05098,1.16506,411.8365,-0.14389,0.02782,,,
422.8236,0.0924,2.3065,423.0268,0.05096,1.16462,411.9189,-0.14393,0.02736,,,
422.907,0.09218,2.30092,423.1092,0.05101,1.16571,412.0037,-0.14399,0.02659,,,
422.9918,0.09138,2.28094,423.193,0.05087,1.16248,412.0864,-0.14409,0.02545,,,
423.0741,0.09037,2.25575,423.2766,0.05071,1.15899,412.1716,-0.14418,0.02429,,,
423.1572,0.08993,2.24475,423.3612,0.05046,1.15325,412.2522,-0.14425,0.02338,,,
423.2428,0.08992,2.24457,423.4442,0.0503,1.14953,412.3354,-0.14409,0.02543,,,
423.327,0.08992,2.24462,423.5277,0.05019,1.14697,412.4194,-0.14408,0.02554,,,
423.4104,0.09021,2.2519,423.609,0.0501,1.14498,412.5035,-0.14403,0.02613,,,
423.4944,0.0908,2.26662,423.6921,0.04994,1.14131,412.5854,-0.14398,0.02672,,,
423.5778,0.0913,2.2791,423.7774,0.04997,1.14196,412.6698,-0.14385,0.02834,,,
423.6617,0.09144,2.28247,423.8594,0.05008,1.14455,412.7521,-0.14382,0.02871,,,
423.7452,0.0917,2.28893,423.9441,0.05034,1.15041,412.8356,-0.14399,0.02659,,,
423.83,0.09255,2.31011,424.0269,0.05048,1.15359,412.9175,-0.144,0.02654,,,
423.9126,0.0939,2.3439,424.111,0.05053,1.15479,413.0028,-0.14403,0.02612,,,
423.9951,0.09411,2.34918,424.1952,0.05096,1.16472,413.0856,-0.1441,0.02529,,,
424.0787,0.09358,2.33604,424.2795,0.0514,1.17479,413.168,-0.14404,0.02598,,,
424.1606,0.09304,2.32251,424.3621,0.05201,1.1886,413.2503,-0.14395,0.0271,,,
424.2445,0.09275,2.31524,424.4463,0.0523,1.19528,413.3342,-0.14386,0.02817,,,
424.3263,0.09259,2.31115,424.5307,0.05229,1.19496,413.4162,-0.14378,0.02926,,,
424.4093,0.09227,2.30335,424.613,0.05253,1.20054,413.5005,-0.14367,0.03058,,,
424.4918,0.09214,2.30002,424.6973,0.05307,1.21282,413.5852,-0.1436,0.03143,,,
424.5769,0.09217,2.30071,424.7792,0.05365,1.22614,413.6692,-0.14368,0.03042,,,
424.6583,0.09207,2.29834,424.8634,0.05395,1.23293,413.751,-0.14376,0.02947,,,
424.7442,0.09178,2.29092,424.9469,0.05407,1.23579,413.8361,-0.14379,0.02907,,,
424.8252,0.0915,2.28414,425.0291,0.05406,1.23553,413.9172,-0.14377,0.02929,,,
424.9085,0.09152,2.28465,425.1138,0.05408,1.23588,414.0019,-0.14394,0.02721,,,
424.993,0.09164,2.28742,425.1958,0.05433,1.24156,414.0834,-0.14404,0.02596,,,
425.0748,0.0916,2.28663,425.2798,0.05457,1.24717,414.1676,-0.14387,0.02805,,,
425.1585,0.09139,2.28124,425.3617,0.05447,1.24484,414.2506,-0.14376,0.02942,,,
425.2411,0.09149,2.28366,425.4454,0.05417,1.23802,414.3344,-0.14391,0.02756,,,
425.3236,0.09156,2.28557,425.5286,0.05399,1.2338,414.4176,-0.14394,0.02727,,,
425.407,0.09147,2.28332,425.6126,0.05402,1.23459,414.501,-0.14381,0.0289,,,
425.4906,0.0914,2.28152,425.6954,0.05396,1.23325,414.5854,-0.14398,0.02675,,,
425.5754,0.09135,2.28039,425.777,0.0538,1.22953,414.6676,-0.14414,0.02481,,,
425.6584,0.09125,2.27777,425.8614,0.05359,1.22477,414.7519,-0.1444,0.02161,,,
425.7416,0.09084,2.26747,425.9447,0.0536,1.22488,414.8352,-0.14433,0.02248,,,
425.8238,0.09001,2.24693,426.0278,0.0538,1.22942,414.9182,-0.1441,0.02528,,,
425.9078,0.08932,2.2296,426.1117,0.05393,1.23258,415.0016,-0.14399,0.02662,,,
425.991,0.08912,2.22466,426.1954,0.05388,1.23128,415.0848,-0.14395,0.02714,,,
426.0746,0.08934,2.23001,426.2773,0.05366,1.22639,415.168,-0.14392,0.02746,,,
426.1589,0.08964,2.23765,426.3616,0.05369,1.22707,415.2522,-0.14381,0.02886,,,
426.2422,0.09006,2.2482,426.4453,0.05377,1.22885,415.3345,-0.14385,0.02838,,,
426.3269,0.09042,2.25705,426.5284,0.05391,1.23212,415.419,-0.14384,0.02844,,,
426.4104,0.09059,2.26119,426.6108,0.05385,1.23061,415.4997,-0.14378,0.02924,,,
426.4946,0.09114,2.27509,426.6947,0.05355,1.2239,415.583,-0.14388,0.02799,,,
426.5781,0.09211,2.29926,426.7774,0.05338,1.22003,415.6668,-0.14381,0.02881,,,
426.6608,0.09303,2.32224,426.8619,0.05337,1.21975,415.7506,-0.14403,0.02617,,,
426.745,0.0932,2.32645,426.9438,0.05336,1.21947,415.8346,-0.14427,0.02319,,,
426.8274,0.09306,2.32285,427.0289,0.05323,1.21647,415.918,-0.14423,0.0237,,,
426.9106,0.09264,2.31245,427.1128,0.05321,1.2161,416.0008,-0.144,0.02647,,,
426.9926,0.09238,2.30603,427.1966,0.05359,1.22481,416.0845,-0.14392,0.02746,,,
427.076,0.09208,2.29848,427.2798,0.05398,1.23374,416.1676,-0.14423,0.02369,,,
427.1586,0.09179,2.29123,427.3624,0.05407,1.23576,416.2504,-0.14453,0.01995,,,
427.2422,0.09161,2.28688,427.4452,0.05411,1.23662,416.3356,-0.14469,0.01801,,,
427.3252,0.09151,2.28431,427.5302,0.05418,1.23819,416.418,-0.14469,0.01796,,,
427.4092,0.09133,2.27976,427.6131,0.05404,1.23506,416.5012,-0.14455,0.01971,,,
427.4933,0.09121,2.27686,427.6956,0.05398,1.23356,416.584,-0.14442,0.02133,,,
427.5758,0.09106,2.27303,427.7795,0.05404,1.2351,416.6676,-0.14431,0.02273,,,
427.6574,0.09092,2.26947,427.8616,0.05408,1.23596,416.7516,-0.14402,0.02622,,,
427.7404,0.09095,2.27024,427.948,0.05402,1.23458,416.8336,-0.14387,0.02811,,,
427.8238,0.09082,2.267,428.0301,0.05391,1.23211,416.9174,-0.14388,0.02794,,,
427.9072,0.09074,2.2651,428.1127,0.05393,1.23243,417.001,-0.14391,0.02767,,,
427.9917,0.09053,2.25985,428.1952,0.05385,1.23078,417.0848,-0.14381,0.02881,,,
428.074,0.09043,2.2572,428.2795,0.05381,1.22978,417.1678,-0.14368,0.03048,,,
428.1562,0.09038,2.25598,428.3627,0.05358,1.22457,417.2512,-0.14369,0.03032,,,
428.2416,0.09036,2.2556,428.4462,0.05335,1.21935,417.3352,-0.14372,0.02995,,,
428.325,0.09033,2.25495,428.5274,0.05331,1.21829,417.4192,-0.14371,0.03006,,,
428.4096,0.09034,2.25506,428.6116,0.0535,1.22258,417.5008,-0.14383,0.02854,,,
428.4926,0.09032,2.25467,428.6938,0.05364,1.22585,417.5844,-0.14391,0.02766,,,
428.577,0.09025,2.25272,428.7796,0.05353,1.22345,417.6675,-0.14357,0.03184,,,
428.6604,0.09018,2.25101,428.8614,0.05355,1.22373,417.751,-0.14319,0.03652,,,
428.7425,0.09013,2.24974,428.946,0.05338,1.21997,417.8347,-0.14313,0.03716,,,
428.8272,0.09018,2.25106,429.0308,0.05336,1.21952,417.9185,-0.14343,0.0335,,,
428.9104,0.09014,2.24996,429.1124,0.05351,1.2228,418.0007,-0.14361,0.03135,,,
428.9947,0.09016,2.25046,429.1957,0.05325,1.21698,418.0844,-0.14365,0.03081,,,
429.0769,0.09022,2.25203,429.2782,0.05306,1.21267,418.167,-0.14368,0.03047,,,
429.161,0.09025,2.25274,429.3619,0.05298,1.2107,418.252,-0.14374,0.02966,,,
429.2442,0.0902,2.25153,429.4461,0.05297,1.21065,418.333,-0.14372,0.02993,,,
429.328,0.09012,2.24957,429.5306,0.05292,1.20946,418.4162,-0.1436,0.03148,,,
429.4111,0.09008,2.24863,429.6132,0.0529,1.20896,418.5016,-0.14352,0.03242,,,
429.4946,0.09001,2.24694,429.6972,0.05298,1.21074,418.5818,-0.14357,0.03183,,,
429.578,0.08999,2.24626,429.7809,0.05307,1.21287,418.6661,-0.14363,0.0311,,,
429.6632,0.09009,2.24888,429.8645,0.05324,1.21663,418.7504,-0.14369,0.03034,,,
429.747,0.09008,2.24847,429.9463,0.05329,1.21789,418.8333,-0.14365,0.03082,,,
429.8302,0.08987,2.2434,430.0299,0.05301,1.21143,418.9152,-0.14369,0.03034,,,
429.912,0.08972,2.23955,430.1132,0.05266,1.20355,418.9986,-0.14384,0.0285,,,
429.9953,0.08978,2.24112,430.2008,0.05294,1.20993,419.0811,-0.14385,0.02839,,,
430.0798,0.08986,2.24319,430.2818,0.05337,1.21976,419.1648,-0.14381,0.02883,,,
430.1628,0.08993,2.24489,430.3656,0.05356,1.22394,419.249,-0.1438,0.02902,,,
430.2452,0.08996,2.24548,430.45,0.05351,1.22283,419.3316,-0.14384,0.02846,,,
430.3297,0.09014,2.25012,430.5324,0.05307,1.2129,419.4155,-0.14377,0.02929,,,
430.4119,0.09012,2.24965,430.6147,0.05306,1.21271,419.4994,-0.14391,0.02768,,,
430.496,0.09014,2.25002,430.6998,0.05347,1.22189,419.5803,-0.14483,0.01629,,,
430.5804,0.0901,2.24921,430.7816,0.05361,1.22509,419.6642,-0.14574,0.00513,,,
430.6626,0.09007,2.24831,430.8666,0.05343,1.22113,419.7488,-0.14615,0,,,
430.7466,0.08996,2.24568,430.9487,0.05314,1.2145,419.8324,-0.14604,0.00133,,,
430.8286,0.0899,2.24402,431.0332,0.05336,1.21955,419.9182,-0.14597,0.00225,,,
430.9135,0.08987,2.24331,431.116,0.05377,1.22874,420.002,-0.14574,0.00503,,,
430.9961,0.08991,2.24446,431.2008,0.05366,1.22625,420.0854,-0.14521,0.01166,,,
431.0796,0.0898,2.24153,431.2813,0.05338,1.21996,420.171,-0.1446,0.01907,,,
431.1648,0.08967,2.23842,431.3668,0.05332,1.21863,420.2532,-0.14435,0.02223,,,
431.2467,0.0896,2.23667,431.4494,0.05337,1.21978,420.3369,-0.14423,0.02363,,,
431.33,0.08963,2.23744,431.5336,0.05345,1.22154,420.4204,-0.14417,0.02435,,,
431.4131,0.08963,2.23727,431.6166,0.0534,1.22047,420.5042,-0.14434,0.02226,,,
431.498,0.08958,2.23614,431.7,0.053,1.21116,420.5862,-0.14451,0.02024,,,
431.582,0.08976,2.24055,431.7828,0.05265,1.20319,420.6721,-0.14436,0.02207,,,
431.6642,0.08993,2.24474,431.8659,0.0527,1.20436,420.7537,-0.14407,0.02564,,,
431.7512,0.08993,2.24477,431.95,0.05288,1.20859,420.8394,-0.14321,0.03627,,,
431.8333,0.08986,2.24314,432.033,0.05299,1.21103,420.9212,-0.14227,0.04788,,,
431.9156,0.08976,2.24067,432.116,0.05301,1.21137,421.0047,-0.14206,0.05036,,,
431.9991,0.08963,2.23744,432.1989,0.05284,1.20759,421.0877,-0.14225,0.0481,,,
432.0824,0.08949,2.23381,432.2824,0.05285,1.20792,421.1692,-0.14238,0.04644,,,
432.1653,0.08953,2.23485,432.3679,0.05298,1.2109,421.252,-0.14257,0.04407,,,
432.2484,0.08951,2.23434,432.4516,0.05296,1.21044,421.3336,-0.14276,0.04181,,,
432.3318,0.08954,2.23507,432.5334,0.05294,1.20993,421.417,-0.14308,0.03781,,,
432.4139,0.08953,2.23493,432.6174,0.05281,1.20683,421.5016,-0.14336,0.03434,,,
432.4976,0.08954,2.23498,432.7006,0.05286,1.20795,421.5834,-0.14361,0.03127,,,
432.5828,0.0896,2.2365,432.7856,0.05316,1.21492,421.6647,-0.1438,0.02891,,,
432.665,0.08955,2.23532,432.8674,0.05354,1.22352,421.7502,-0.14373,0.02986,,,
432.747,0.08955,2.23545,432.9504,0.05364,1.22588,421.8328,-0.14361,0.03129,,,
432.8312,0.08964,2.23757,433.0338,0.05338,1.21983,421.9153,-0.14375,0.0296,,,
432.9154,0.08973,2.23995,433.1178,0.05316,1.21491,421.9991,-0.14371,0.03006,,,
432.9981,0.08977,2.24077,433.1998,0.05303,1.21202,422.0804,-0.14378,0.02918,,,
433.0816,0.08968,2.23849,433.2842,0.05302,1.21167,422.1634,-0.14382,0.02874,,,
433.1638,0.08952,2.23464,433.3674,0.05294,1.2098,422.2482,-0.14372,0.03,,,
433.2466,0.08942,2.2321,433.4497,0.05287,1.2082,422.3302,-0.14364,0.0309,,,
433.3314,0.0894,2.23154,433.535,0.0528,1.20658,422.4122,-0.1438,0.02893,,,
433.4131,0.08927,2.22825,433.6172,0.05299,1.21092,422.4975,-0.14401,0.02633,,,
433.4978,0.08917,2.22579,433.7006,0.0532,1.21586,422.5812,-0.1441,0.02528,,,
433.5829,0.08914,2.22499,433.7832,0.05316,1.21479,422.6635,-0.14406,0.02574,,,
433.6657,0.08912,2.22458,433.8675,0.05293,1.20965,422.7478,-0.14398,0.02674,,,
433.7486,0.08917,2.2258,433.9487,0.05269,1.20406,422.8311,-0.14394,0.02721,,,
433.8313,0.08932,2.2296,434.0339,0.05269,1.20415,422.915,-0.14387,0.02817,,,
433.9153,0.08932,2.22966,434.1165,0.05282,1.20706,422.9984,-0.14372,0.02993,,,
433.999,0.08912,2.22461,434.1996,0.05288,1.20845,423.0813,-0.14354,0.03215,,,
434.0844,0.08902,2.22224,434.284,0.0529,1.20897,423.1641,-0.14352,0.03247,,,
434.1664,0.08911,2.22434,434.3676,0.05284,1.20765,423.2471,-0.14354,0.03211,,,
434.2482,0.08914,2.22513,434.4506,0.05283,1.20747,423.3324,-0.14348,0.03295,,,
434.3338,0.08922,2.22721,434.5348,0.05295,1.21018,423.4143,-0.14323,0.03594,,,
434.4144,0.08919,2.22641,434.619,0.05309,1.21332,423.4982,-0.1433,0.03508,,,
434.4986,0.0889,2.21923,434.6993,0.05312,1.21397,423.5826,-0.14355,0.03209,,,
434.582,0.08872,2.21462,434.7842,0.05316,1.21495,423.6644,-0.14374,0.02977,,,
434.6654,0.08865,2.21291,434.866,0.05337,1.21963,423.7484,-0.14382,0.02872,,,
434.7494,0.08867,2.21351,434.9497,0.05344,1.22141,423.8328,-0.14392,0.02746,,,
434.8316,0.08876,2.21551,435.0348,0.05333,1.21869,423.9154,-0.1438,0.02896,,,
434.9176,0.08867,2.21351,435.1168,0.05317,1.21506,423.9984,-0.14381,0.02886,,,
434.9989,0.08877,2.21576,435.2012,0.05302,1.21173,424.0815,-0.14359,0.03162,,,
435.083,0.08888,2.21874,435.2833,0.05305,1.2124,424.1656,-0.14349,0.03284,,,
435.1656,0.08901,2.22176,435.366,0.05323,1.21655,424.2474,-0.14351,0.03248,,,
435.2494,0.08904,2.22264,435.45,0.0532,1.21588,424.3336,-0.14365,0.03079,,,
435.3342,0.08901,2.22182,435.5336,0.0531,1.21352,424.4157,-0.14376,0.02949,,,
435.4166,0.08902,2.22204,435.6188,0.05305,1.21231,424.4986,-0.14375,0.02962,,,
435.502,0.08899,2.22133,435.7008,0.05309,1.21323,424.5824,-0.1436,0.03141,,,
435.5824,0.08867,2.2135,435.7839,0.05315,1.2146,424.6654,-0.14353,0.03234,,,
435.6676,0.08856,2.21075,435.8672,0.05316,1.21494,424.75,-0.14352,0.03239,,,
435.75,0.08861,2.2119,435.9496,0.05292,1.20931,424.8334,-0.14356,0.03189,,,
435.8344,0.0886,2.21167,436.0328,0.05276,1.20586,424.9154,-0.14361,0.03125,,,
435.9167,0.08865,2.21291,436.1166,0.05271,1.20455,425.0004,-0.14354,0.03217,,,
435.9998,0.0889,2.21917,436.2004,0.0527,1.2043,425.0826,-0.14348,0.03287,,,
436.0828,0.08891,2.21942,436.2834,0.05261,1.20244,425.1672,-0.1436,0.03145,,,
436.1666,0.08882,2.21713,436.3672,0.05255,1.20104,425.2518,-0.14382,0.0287,,,
436.2498,0.08871,2.21451,436.453,0.05246,1.19899,425.3355,-0.14387,0.02808,,,
436.3321,0.08854,2.21021,436.5334,0.05254,1.20072,425.4184,-0.14391,0.02765,,,
436.417,0.08831,2.20449,436.618,0.0525,1.19975,425.5008,-0.1438,0.02902,,,
436.5002,0.08825,2.20288,436.7012,0.05254,1.20071,425.5856,-0.14389,0.02789,,,
436.582,0.08832,2.20464,436.784,0.05253,1.20051,425.6692,-0.1439,0.02774,,,
436.6666,0.08825,2.20287,436.8694,0.05254,1.20074,425.7507,-0.14386,0.02818,,,
436.7506,0.08825,2.20294,436.952,0.05242,1.19807,425.8344,-0.14388,0.02795,,,
436.8346,0.08822,2.20215,437.0361,0.05243,1.19812,425.9184,-0.14384,0.02843,,,
436.9183,0.08823,2.20242,437.1166,0.05242,1.19792,426.002,-0.14373,0.02988,,,
437.002,0.08826,2.20327,437.2028,0.05233,1.19599,426.0856,-0.14366,0.0307,,,
437.0854,0.08832,2.20465,437.2861,0.05238,1.19699,426.1692,-0.14358,0.03164,,,
437.1689,0.08846,2.20806,437.3707,0.05243,1.19833,426.2528,-0.14363,0.03101,,,
437.2526,0.08842,2.20706,437.4522,0.05234,1.19606,426.3356,-0.14372,0.02999,,,
437.3359,0.0883,2.20405,437.5373,0.0522,1.19306,426.4199,-0.14382,0.02877,,,
437.42,0.08816,2.20054,437.6206,0.05236,1.19657,426.5028,-0.14374,0.02967,,,
437.5045,0.08813,2.19985,437.7028,0.05225,1.194,426.585,-0.14357,0.03177,,,
437.5878,0.08813,2.19996,437.7868,0.05186,1.18511,426.6683,-0.14342,0.03364,,,
437.6716,0.08803,2.19748,437.87,0.05176,1.18297,426.7516,-0.14349,0.03276,,,
437.7536,0.08815,2.20048,437.954,0.05175,1.1826,426.8355,-0.14343,0.03358,,,
437.8359,0.08814,2.20003,438.0374,0.05172,1.18193,426.9191,-0.14333,0.03477,,,
437.9208,0.08812,2.19963,438.121,0.05155,1.17812,427.0023,-0.14323,0.03601,,,
438.0041,0.08802,2.19714,438.2028,0.05137,1.17391,427.085,-0.14332,0.03492,,,
438.0844,0.08791,2.1945,438.2859,0.05124,1.17109,427.1678,-0.14355,0.03208,,,
438.1694,0.08781,2.19201,438.3706,0.05151,1.17716,427.2517,-0.14364,0.03095,,,
438.2547,0.08765,2.18802,438.4538,0.05179,1.18368,427.3354,-0.14357,0.03182,,,
438.336,0.08779,2.19142,438.5367,0.05184,1.1848,427.418,-0.14355,0.03211,,,
438.4196,0.08806,2.19825,438.621,0.05167,1.18088,427.5034,-0.14372,0.02998,,,
438.5036,0.08832,2.20472,438.7048,0.05183,1.18455,427.5854,-0.14396,0.02699,,,
438.5844,0.08843,2.20745,438.7883,0.05218,1.19243,427.6684,-0.14357,0.03181,,,
438.6696,0.08845,2.20796,438.8705,0.05235,1.19648,427.7543,-0.14312,0.0374,,,
438.7534,0.08824,2.20273,438.955,0.05237,1.19685,427.8354,-0.14306,0.03813,,,
438.8354,0.08828,2.20355,439.0384,0.05241,1.19781,427.9203,-0.14325,0.03569,,,
438.9199,0.08837,2.20585,439.123,0.05242,1.19788,428.0029,-0.14348,0.03293,,,
439.0042,0.08831,2.20442,439.2062,0.05246,1.19882,428.0867,-0.14364,0.03093,,,
439.0874,0.08818,2.20127,439.2872,0.05239,1.19731,428.1703,-0.14378,0.02917,,,
439.169,0.08815,2.20035,439.3722,0.05214,1.19164,428.2526,-0.14404,0.02607,,,
439.2529,0.08809,2.19887,439.4559,0.05186,1.18518,428.3363,-0.144,0.02656,,,
439.3375,0.08809,2.19903,439.5406,0.05176,1.18301,428.4172,-0.14377,0.02936,,,
439.4204,0.08815,2.2003,439.6223,0.05201,1.18869,428.5018,-0.14373,0.02982,,,
439.502,0.08817,2.20082,439.7074,0.05233,1.19589,428.5866,-0.14369,0.03038,,,
439.5877,0.08809,2.19887,439.79,0.05235,1.19647,428.6676,-0.14372,0.02992,,,
439.6688,0.08817,2.20094,439.8721,0.05232,1.19577,428.7536,-0.14386,0.02821,,,
439.7538,0.08815,2.20035,439.9564,0.05221,1.19316,428.8356,-0.14396,0.02702,,,
439.8366,0.08804,2.19768,440.04,0.05225,1.19402,428.9191,-0.14389,0.02792,,,
439.9199,0.0878,2.1916,440.1222,0.05224,1.19395,429.0042,-0.14373,0.02977,,,
440.0033,0.0876,2.18666,440.2066,0.05213,1.19128,429.0872,-0.14364,0.03096,,,
440.0872,0.08733,2.17982,440.29,0.05199,1.1882,429.1708,-0.14366,0.03075,,,
440.17,0.08722,2.1771,440.3739,0.05179,1.18356,429.255,-0.14376,0.02946,,,
440.254,0.08721,2.17704,440.4571,0.05167,1.18075,429.3376,-0.14371,0.03003,,,
440.3358,0.08734,2.18014,440.5402,0.05169,1.18123,429.4209,-0.14361,0.03135,,,
440.4197,0.08739,2.18136,440.6226,0.05156,1.17826,429.5036,-0.14356,0.03199,,,
440.5032,0.08737,2.18088,440.7078,0.05152,1.17734,429.5882,-0.14355,0.03205,,,
440.5868,0.08742,2.18214,440.7915,0.05168,1.18106,429.6722,-0.14382,0.02876,,,
440.6703,0.08749,2.18395,440.8748,0.05199,1.18811,429.7544,-0.14395,0.02717,,,
440.7548,0.08745,2.18292,440.9572,0.05221,1.19312,429.836,-0.14397,0.02693,,,
440.8374,0.08738,2.18131,441.041,0.05201,1.18866,429.9202,-0.14386,0.02821,,,
440.9209,0.08723,2.17732,441.1256,0.0519,1.18619,430.0041,-0.14362,0.03118,,,
441.0058,0.08722,2.17728,441.2082,0.05169,1.18131,430.0871,-0.14361,0.03132,,,
441.0881,0.08735,2.18034,441.2943,0.05156,1.17836,430.1697,-0.14368,0.03044,,,
441.1726,0.08737,2.18093,441.3756,0.0515,1.17698,430.2542,-0.14372,0.02993,,,
441.2559,0.08755,2.18545,441.4598,0.05162,1.17965,430.3372,-0.14371,0.0301,,,
441.3384,0.08739,2.18139,441.5418,0.05175,1.18259,430.4216,-0.14355,0.03202,,,
441.423,0.08737,2.18105,441.6254,0.05172,1.1819,430.5052,-0.14348,0.03295,,,
441.506,0.08732,2.17974,441.7084,0.05194,1.18713,430.587,-0.14424,0.02357,,,
441.5889,0.08723,2.17738,441.7917,0.052,1.18836,430.6709,-0.14455,0.01968,,,
441.6728,0.08711,2.17434,441.8752,0.05222,1.1934,430.7536,-0.14455,0.01973,,,
441.7581,0.08709,2.17404,441.9586,0.05208,1.19011,430.8394,-0.14448,0.02056,,,
441.8396,0.08713,2.17504,442.0424,0.05146,1.17598,430.9219,-0.14446,0.02084,,,
441.9232,0.08724,2.17761,442.125,0.05102,1.1661,431.007,-0.14431,0.02273,,,
442.0072,0.0872,2.17677,442.2096,0.05076,1.15995,431.0894,-0.14413,0.02486,,,
442.0915,0.08715,2.17534,442.2929,0.05082,1.16154,431.1738,-0.14389,0.02787,,,
442.1746,0.0872,2.17676,442.3762,0.05107,1.16705,431.2562,-0.1438,0.02893,,,
442.2588,0.08729,2.17904,442.4602,0.0513,1.17232,431.3415,-0.14375,0.02954,,,
442.3418,0.08734,2.18022,442.5434,0.05143,1.17542,431.4241,-0.14383,0.02865,,,
442.4232,0.08733,2.17992,442.626,0.0513,1.17248,431.5072,-0.14362,0.03117,,,
442.5074,0.08731,2.17947,442.7102,0.05103,1.16612,431.5906,-0.14366,0.03067,,,
442.5909,0.08731,2.17937,442.7946,0.05081,1.1612,431.674,-0.14369,0.03034,,,
442.6724,0.08726,2.17829,442.8794,0.05072,1.15908,431.758,-0.14352,0.03241,,,
442.7552,0.08734,2.18027,442.9612,0.0508,1.16094,431.8406,-0.14317,0.03678,,,
442.8406,0.08741,2.18185,443.0446,0.05112,1.16829,431.923,-0.14298,0.0391,,,
442.9222,0.08737,2.18104,443.1278,0.05151,1.17715,432.0066,-0.14294,0.03961,,,
443.0056,0.08721,2.17699,443.2133,0.05169,1.18132,432.0917,-0.143,0.03881,,,
443.0885,0.08718,2.17617,443.2954,0.05139,1.17437,432.1729,-0.14306,0.03809,,,
443.1761,0.08729,2.17885,443.3788,0.05138,1.17429,432.2564,-0.14311,0.03752,,,
443.2579,0.08734,2.18009,443.462,0.05168,1.18112,432.3398,-0.14323,0.03601,,,
443.3406,0.08735,2.18041,443.545,0.05222,1.1934,432.4229,-0.14347,0.03302,,,
443.4238,0.08724,2.17771,443.6298,0.05224,1.19384,432.5066,-0.1435,0.03262,,,
443.5053,0.08715,2.17533,443.712,0.05211,1.19083,432.59,-0.14363,0.03101,,,
443.5898,0.08723,2.17746,443.797,0.05195,1.18727,432.674,-0.14383,0.02863,,,
443.6738,0.08745,2.18288,443.8794,0.05198,1.18793,432.756,-0.14389,0.02786,,,
443.7553,0.08757,2.18591,443.9603,0.05198,1.18799,432.839,-0.14393,0.02736,,,
443.838,0.08742,2.1822,444.0442,0.05216,1.19209,432.9232,-0.14394,0.02719,,,
443.9232,0.0874,2.18176,444.127,0.05235,1.19637,433.0063,-0.14408,0.02556,,,
444.0062,0.08736,2.1807,444.21,0.05244,1.19856,433.089,-0.14427,0.02321,,,
444.0898,0.08726,2.17813,444.2944,0.05243,1.19822,433.173,-0.14452,0.0201,,,
444.1718,0.08706,2.17314,444.3762,0.05227,1.19451,433.257,-0.1446,0.01913,,,
444.2562,0.08689,2.16902,444.4608,0.05198,1.18785,433.339,-0.14477,0.01702,,,
444.3399,0.08674,2.16514,444.5431,0.05181,1.18408,433.4229,-0.14448,0.02058,,,
444.4224,0.08675,2.16551,444.6264,0.05177,1.18312,433.5068,-0.1441,0.02524,,,
444.507,0.08682,2.16714,444.7115,0.05184,1.18483,433.59,-0.14405,0.02592,,,
444.5902,0.08689,2.16897,444.7934,0.05188,1.18577,433.6736,-0.14412,0.02498,,,
444.6731,0.08687,2.16842,444.8752,0.05189,1.18586,433.7562,-0.14418,0.02428,,,
444.757,0.08698,2.17121,444.9594,0.05184,1.1848,433.8387,-0.14453,0.02004,,,
444.8396,0.08714,2.17517,445.0414,0.05197,1.18767,433.924,-0.14433,0.02239,,,
444.9235,0.08713,2.17502,445.1246,0.05216,1.19197,434.0064,-0.14393,0.02737,,,
445.0053,0.08702,2.17216,445.2089,0.05216,1.19204,434.0908,-0.14374,0.02973,,,
445.0904,0.08695,2.17055,445.2919,0.05218,1.1925,434.1758,-0.14384,0.02848,,,
445.1726,0.08685,2.16786,445.3763,0.0522,1.19294,434.2585,-0.14405,0.02594,,,
445.2571,0.0868,2.16681,445.4584,0.0522,1.19286,434.3414,-0.1443,0.0228,,,
445.3406,0.08686,2.16819,445.5422,0.05215,1.19187,434.4264,-0.14417,0.02436,,,
445.4228,0.08691,2.16933,445.6248,0.05212,1.19108,434.509,-0.14399,0.02663,,,
445.5078,0.08692,2.16963,445.708,0.05216,1.19209,434.5906,-0.14394,0.02721,,,
445.5922,0.08682,2.16708,445.791,0.05195,1.1873,434.6754,-0.14386,0.02828,,,
445.6744,0.08667,2.16344,445.8752,0.0518,1.18382,434.7585,-0.14374,0.02975,,,
445.7578,0.08675,2.16548,445.9579,0.05171,1.18183,434.8422,-0.1436,0.03146,,,
445.841,0.08685,2.16801,446.043,0.05155,1.17802,434.925,-0.14346,0.03311,,,
445.925,0.08679,2.16645,446.126,0.05155,1.1782,435.0085,-0.14371,0.03007,,,
446.0072,0.08671,2.16447,446.2094,0.05159,1.17899,435.094,-0.14409,0.02537,,,
446.0924,0.08664,2.16275,446.2924,0.05168,1.18098,435.1761,-0.14411,0.0252,,,
446.1756,0.08598,2.14629,446.3756,0.05179,1.18361,435.2596,-0.14372,0.03001,,,
446.2591,0.08543,2.13251,446.4604,0.05182,1.18431,435.3428,-0.14345,0.0333,,,
446.3424,0.08517,2.12603,446.5433,0.05186,1.18528,435.4256,-0.14355,0.03204,,,
446.4264,0.0851,2.12439,446.6262,0.05202,1.18888,435.5094,-0.1439,0.0277,,,
446.5111,0.08524,2.12787,446.7108,0.05205,1.18965,435.5918,-0.144,0.02655,,,
446.5938,0.08531,2.12947,446.7932,0.05209,1.1904,435.6742,-0.14408,0.02549,,,
446.6766,0.08548,2.13372,446.8758,0.05209,1.19047,435.7586,-0.14407,0.02564,,,
446.7613,0.08568,2.13866,446.9583,0.05199,1.18809,435.8418,-0.14398,0.02678,,,
446.8448,0.08573,2.14011,447.0414,0.05197,1.1877,435.9259,-0.14406,0.02575,,,
446.9291,0.08597,2.14609,447.1236,0.05197,1.18763,436.0104,-0.14418,0.02434,,,
447.0134,0.08612,2.14976,447.209,0.05193,1.18685,436.0928,-0.14438,0.02184,,,
447.0961,0.08623,2.15252,447.2918,0.05203,1.18919,436.1769,-0.14448,0.02055,,,
447.1797,0.08641,2.15707,447.3742,0.05202,1.18883,436.259,-0.14459,0.01919,,,
447.2653,0.08641,2.15709,447.4594,0.05198,1.18797,436.3418,-0.1444,0.02152,,,
447.3476,0.08642,2.1571,447.5426,0.05201,1.18868,436.4261,-0.14368,0.03048,,,
447.4309,0.08641,2.15695,447.6244,0.05204,1.1894,436.5102,-0.14335,0.03446,,,
447.5137,0.08647,2.15843,447.71,0.05194,1.1871,436.595,-0.14337,0.03429,,,
447.5978,0.08648,2.1586,447.7926,0.05159,1.17903,436.6778,-0.14344,0.03341,,,
447.6814,0.08655,2.16049,447.8746,0.05137,1.17409,436.7614,-0.14334,0.03467,,,
447.7634,0.08739,2.18136,447.9578,0.05123,1.1708,436.8441,-0.14331,0.03497,,,
447.8464,0.08798,2.19608,448.0426,0.05132,1.17287,436.9261,-0.14332,0.0349,,,
447.93,0.08809,2.19891,448.125,0.05144,1.17558,437.0125,-0.14336,0.03438,,,
448.0142,0.08816,2.20061,448.2074,0.05142,1.17522,437.095,-0.14339,0.03397,,,
448.0954,0.08786,2.19324,448.2914,0.05136,1.17367,437.1787,-0.14353,0.03228,,,
448.1784,0.08745,2.18283,448.3746,0.05144,1.17558,437.2622,-0.14357,0.03178,,,
448.261,0.08727,2.17848,448.4578,0.05152,1.17744,437.3463,-0.14383,0.02862,,,
448.344,0.08711,2.1744,448.542,0.05148,1.17651,437.4292,-0.14399,0.02664,,,
448.4259,0.08687,2.16834,448.6263,0.05146,1.17595,437.5122,-0.14392,0.02755,,,
448.5106,0.08673,2.16487,448.7105,0.05141,1.17491,437.596,-0.14381,0.02879,,,
448.5942,0.08662,2.16216,448.7926,0.05134,1.1733,437.6776,-0.14359,0.03151,,,
448.6753,0.08671,2.16441,448.8761,0.05142,1.1752,437.7626,-0.14353,0.03232,,,
448.7594,0.08649,2.15904,448.9606,0.05141,1.17488,437.8474,-0.14359,0.03159,,,
448.8418,0.08627,2.15343,449.0438,0.05141,1.17491,437.9307,-0.14357,0.03179,,,
448.9242,0.08609,2.14899,449.1276,0.05146,1.17607,438.0136,-0.14357,0.03186,,,
449.0084,0.08614,2.15026,449.2092,0.05143,1.17531,438.097,-0.14349,0.03277,,,
449.0918,0.0862,2.15179,449.293,0.05146,1.17602,438.1811,-0.14335,0.03454,,,
449.1756,0.08622,2.15221,449.378,0.05151,1.17726,438.264,-0.14328,0.03542,,,
449.2592,0.08621,2.15187,449.4582,0.05143,1.17534,438.3468,-0.14326,0.03559,,,
449.3425,0.08605,2.14802,449.5452,0.05114,1.16885,438.4304,-0.14316,0.03684,,,
449.4264,0.08592,2.1448,449.6276,0.05096,1.16461,438.5137,-0.14309,0.03771,,,
449.5098,0.08591,2.14457,449.7116,0.05098,1.165,438.5981,-0.1431,0.0376,,,
449.5937,0.08593,2.14509,449.7953,0.05112,1.16832,438.6809,-0.143,0.03882,,,
449.6767,0.08583,2.1426,449.8776,0.05119,1.16989,438.7646,-0.14237,0.04655,,,
449.76,0.08581,2.14207,449.9605,0.05112,1.16821,438.8489,-0.14226,0.04798,,,
449.845,0.08576,2.14086,450.0438,0.05121,1.17045,438.9324,-0.14268,0.04274,,,
449.929,0.08571,2.13938,450.1274,0.05129,1.1721,439.0147,-0.14323,0.036,,,
450.0103,0.08566,2.13832,450.2108,0.05139,1.17439,439.0968,-0.14336,0.03436,,,
450.094,0.08561,2.13689,450.2952,0.05128,1.17187,439.181,-0.14308,0.03788,,,
450.178,0.08566,2.13836,450.3786,0.05105,1.16658,439.2646,-0.14292,0.03976,,,
450.2624,0.08567,2.13845,450.4597,0.05094,1.16416,439.3474,-0.14309,0.03773,,,
450.3456,0.0856,2.13684,450.5445,0.05093,1.16403,439.4309,-0.14338,0.03416,,,
450.4283,0.08563,2.13757,450.6273,0.05092,1.16366,439.5148,-0.14349,0.03283,,,
450.5108,0.08566,2.13821,450.7106,0.05088,1.16273,439.5991,-0.14329,0.0352,,,
450.5943,0.08578,2.14123,450.7933,0.05093,1.16399,439.681,-0.14301,0.03876,,,
450.6788,0.08577,2.14095,450.8784,0.05104,1.1665,439.765,-0.1429,0.04002,,,
450.7606,0.08582,2.14219,450.9624,0.05112,1.1682,439.8489,-0.14318,0.03664,,,
450.8446,0.08597,2.14596,451.0459,0.05097,1.16488,439.9311,-0.14318,0.03663,,,
450.9284,0.08602,2.14716,451.1286,0.05087,1.16261,440.0146,-0.14298,0.03909,,,
451.01,0.08589,2.14409,451.2116,0.05076,1.16003,440.0982,-0.143,0.03882,,,
451.0946,0.08577,2.14104,451.2955,0.05075,1.15978,440.18,-0.14324,0.03586,,,
451.1772,0.08569,2.13908,451.3794,0.05085,1.16218,440.2654,-0.14335,0.0345,,,
451.2594,0.0858,2.14174,451.4615,0.05093,1.16386,440.3492,-0.14344,0.03344,,,
451.3444,0.08584,2.14271,451.5436,0.05097,1.16495,440.4309,-0.14344,0.03339,,,
451.4274,0.08584,2.14271,451.629,0.05091,1.16357,440.5156,-0.14325,0.03571,,,
451.5113,0.0857,2.13934,451.7124,0.05081,1.16122,440.5992,-0.14325,0.03569,,,
451.5937,0.0856,2.1368,451.7956,0.05092,1.16381,440.682,-0.14341,0.03382,,,
451.6784,0.08544,2.13265,451.8793,0.05104,1.16653,440.7656,-0.14361,0.0313,,,
451.7609,0.08535,2.13039,451.9642,0.05116,1.16914,440.8504,-0.14338,0.03411,,,
451.8438,0.08518,2.12632,452.0473,0.05129,1.17227,440.9335,-0.14328,0.03544,,,
451.929,0.08527,2.12855,452.1304,0.05126,1.17154,441.0166,-0.14337,0.03425,,,
452.0125,0.08552,2.13471,452.2138,0.05131,1.17263,441.0996,-0.14335,0.0345,,,
452.0941,0.08566,2.13831,452.2974,0.05138,1.17418,441.183,-0.14329,0.03526,,,
452.1783,0.08584,2.14279,452.3791,0.05136,1.17369,441.2665,-0.14311,0.0375,,,
452.2624,0.08585,2.14308,452.4634,0.05138,1.17416,441.3506,-0.14312,0.03736,,,
452.345,0.08568,2.13884,452.5463,0.05126,1.17158,441.432,-0.1432,0.03633,,,
452.4275,0.08573,2.13989,452.6288,0.05129,1.17223,441.515,-0.14334,0.03464,,,
452.5113,0.08579,2.1414,452.7142,0.05146,1.17613,441.6011,-0.14329,0.0352,,,
452.5953,0.08581,2.142,452.7974,0.05125,1.17125,441.6837,-0.1431,0.03763,,,
452.6782,0.08573,2.13993,452.8814,0.05075,1.15988,441.7684,-0.143,0.03883,,,
452.7614,0.08554,2.13534,452.9636,0.05046,1.1531,441.8502,-0.14318,0.03661,,,
452.8453,0.08559,2.13646,453.0462,0.05062,1.15694,441.9348,-0.14342,0.03365,,,
452.928,0.08553,2.13497,453.1304,0.05085,1.16211,442.0184,-0.14338,0.03415,,,
453.0111,0.08533,2.13001,453.2137,0.05085,1.16213,442.1014,-0.14337,0.03424,,,
453.0946,0.08532,2.12971,453.2964,0.05078,1.16052,442.1842,-0.14342,0.03365,,,
453.1798,0.08522,2.12716,453.3809,0.05072,1.1591,442.2676,-0.14339,0.03407,,,
453.2616,0.08505,2.12305,453.4623,0.05079,1.16081,442.3512,-0.14351,0.03249,,,
453.3444,0.08506,2.12321,453.5474,0.05081,1.16111,442.4355,-0.1437,0.03016,,,
453.4279,0.08527,2.12845,453.6308,0.05088,1.16282,442.518,-0.14355,0.03209,,,
453.511,0.08542,2.13222,453.7139,0.05104,1.16656,442.6026,-0.14321,0.03626,,,
453.593,0.08547,2.13339,453.7972,0.05123,1.17087,442.6843,-0.14328,0.03538,,,
453.6776,0.08557,2.13598,453.8824,0.05137,1.1739,442.768,-0.14349,0.03281,,,
453.7622,0.08567,2.13851,453.9646,0.05135,1.17362,442.8508,-0.1436,0.03142,,,
453.8446,0.08561,2.13709,454.0476,0.05124,1.17107,442.9356,-0.14348,0.03287,,,
453.9278,0.08548,2.13386,454.1306,0.05112,1.16837,443.0214,-0.1433,0.03517,,,
454.0128,0.08535,2.13049,454.2142,0.05111,1.16815,443.1038,-0.14339,0.03398,,,
454.0956,0.08527,2.1285,454.2978,0.05107,1.16703,443.186,-0.14369,0.03033,,,
454.178,0.08518,2.12627,454.3817,0.05097,1.16474,443.2684,-0.14377,0.02937,,,
454.2611,0.08499,2.12149,454.4658,0.05088,1.16273,443.3526,-0.14388,0.02796,,,
454.3458,0.08501,2.12191,454.5488,0.0508,1.16098,443.4368,-0.1437,0.03025,,,
454.4292,0.08508,2.12386,454.6337,0.05081,1.16119,443.5206,-0.14349,0.03283,,,
454.5117,0.08515,2.1254,454.716,0.05085,1.1622,443.603,-0.14352,0.03244,,,
454.596,0.08512,2.12465,454.799,0.05087,1.1626,443.6856,-0.14369,0.03037,,,
454.6802,0.08525,2.1281,454.882,0.05099,1.16521,443.7682,-0.14361,0.03129,,,
454.7616,0.08547,2.13354,454.9658,0.05095,1.16448,443.8539,-0.14346,0.03316,,,
454.8463,0.08535,2.13049,455.0484,0.05097,1.16479,443.9363,-0.14342,0.03363,,,
454.9288,0.08536,2.13086,455.1322,0.05093,1.16386,444.0192,-0.14352,0.03243,,,
455.012,0.08534,2.13038,455.2149,0.05083,1.16174,444.104,-0.14361,0.03129,,,
455.0965,0.0852,2.12669,455.2989,0.05074,1.1596,444.1883,-0.14359,0.03156,,,
455.18,0.08514,2.12523,455.3817,0.05071,1.15888,444.2706,-0.14356,0.03196,,,
455.2648,0.08495,2.12064,455.4653,0.05071,1.15889,444.3536,-0.14347,0.03302,,,
455.3456,0.08482,2.11733,455.5482,0.05078,1.16055,444.4389,-0.14354,0.03221,,,
455.4303,0.08481,2.11715,455.6324,0.05074,1.15952,444.5225,-0.14356,0.03195,,,
455.5132,0.08492,2.11985,455.7164,0.05077,1.16025,444.6058,-0.14369,0.03028,,,
455.5967,0.08503,2.12241,455.7989,0.05093,1.16388,444.6892,-0.14391,0.02767,,,
455.6804,0.08505,2.12301,455.8822,0.05104,1.16651,444.7717,-0.14397,0.02686,,,
455.763,0.08494,2.12032,455.9649,0.05114,1.16878,444.857,-0.14388,0.02799,,,
455.8451,0.08482,2.11739,456.0481,0.05127,1.17161,444.9396,-0.14369,0.03035,,,
455.9286,0.08483,2.11761,456.1315,0.05138,1.17416,445.0222,-0.14357,0.03183,,,
456.0118,0.08486,2.11818,456.2162,0.05137,1.17391,445.1047,-0.14335,0.03446,,,
456.095,0.08483,2.11761,456.298,0.05126,1.17137,445.1887,-0.14329,0.03521,,,
456.1788,0.08479,2.11651,456.3816,0.05124,1.1711,445.2722,-0.14338,0.03416,,,
456.2631,0.08473,2.11502,456.4637,0.05121,1.17045,445.3552,-0.14348,0.03287,,,
456.3455,0.08462,2.11227,456.5498,0.05123,1.1709,445.439,-0.14345,0.03333,,,
456.4293,0.08466,2.11335,456.6324,0.05123,1.17089,445.523,-0.14347,0.03301,,,
456.5122,0.08467,2.11346,456.7166,0.05103,1.16625,445.6067,-0.14359,0.03161,,,
456.595,0.08468,2.11367,456.8002,0.05096,1.16455,445.6893,-0.14381,0.02887,,,
456.6793,0.08466,2.1133,456.8828,0.0509,1.1633,445.7737,-0.14391,0.02759,,,
456.7647,0.08448,2.10873,456.9659,0.05095,1.16436,445.8572,-0.14391,0.02756,,,
456.8459,0.08414,2.1002,457.0509,0.05095,1.16445,445.9404,-0.14378,0.02917,,,
456.9307,0.08382,2.09241,457.1331,0.05085,1.16217,446.0242,-0.14367,0.03051,,,
457.0166,0.08375,2.09068,457.2154,0.05051,1.1543,446.1084,-0.14358,0.03165,,,
457.0971,0.08382,2.09223,457.3003,0.05047,1.15347,446.1918,-0.14367,0.03062,,,
457.182,0.08394,2.09529,457.3844,0.05065,1.15749,446.2748,-0.14366,0.0307,,,
457.2647,0.08421,2.1021,457.4684,0.05081,1.16127,446.3559,-0.1434,0.03388,,,
457.3486,0.08446,2.1083,457.5515,0.05094,1.16407,446.4403,-0.14324,0.03585,,,
457.4314,0.0844,2.10679,457.634,0.05101,1.16566,446.5234,-0.14326,0.03562,,,
457.5152,0.08435,2.10555,457.7157,0.05105,1.16658,446.6067,-0.14315,0.03697,,,
457.5993,0.08421,2.10206,457.7989,0.05092,1.16379,446.6924,-0.14301,0.03873,,,
457.6816,0.08421,2.10201,457.8835,0.05087,1.16262,446.7742,-0.14311,0.03748,,,
457.7649,0.08422,2.10232,457.967,0.05081,1.16109,446.8568,-0.14318,0.03659,,,
457.851,0.08429,2.10416,458.0504,0.05083,1.16156,446.942,-0.1433,0.03519,,,
457.9316,0.08428,2.10383,458.1338,0.05079,1.1607,447.0243,-0.14328,0.03537,,,
458.0152,0.08452,2.1097,458.2182,0.05064,1.15729,447.1074,-0.14304,0.03838,,,
458.098,0.08462,2.11226,458.3013,0.05047,1.15346,447.1908,-0.14308,0.0378,,,
458.1829,0.08446,2.10839,458.3861,0.05037,1.15118,447.276,-0.14325,0.03577,,,
458.2656,0.08441,2.10693,458.469,0.05029,1.14933,447.359,-0.14338,0.0341,,,
458.3492,0.08455,2.11045,458.5523,0.05034,1.15052,447.4417,-0.14338,0.0342,,,
458.4316,0.08466,2.1132,458.6364,0.05043,1.15248,447.5256,-0.1434,0.03393,,,
458.5156,0.08454,2.11025,458.719,0.0505,1.15421,447.6082,-0.14332,0.03494,,,
458.5994,0.08436,2.10573,458.8028,0.05045,1.15303,447.692,-0.14326,0.03566,,,
458.6839,0.08433,2.10515,458.885,0.0503,1.14958,447.7728,-0.14332,0.03484,,,
458.7662,0.08429,2.10396,458.968,0.05029,1.14936,447.858,-0.14331,0.03502,,,
458.8489,0.0842,2.10177,459.0534,0.05043,1.15254,447.9404,-0.14333,0.03473,,,
458.9321,0.08411,2.09957,459.1363,0.05038,1.15132,448.0242,-0.14322,0.03613,,,
459.0163,0.08418,2.10133,459.2194,0.05036,1.15097,448.1076,-0.14317,0.03674,,,
459.0996,0.08426,2.10331,459.3034,0.0503,1.14958,448.19,-0.14326,0.03558,,,
459.1812,0.0843,2.10424,459.3856,0.05013,1.14567,448.2744,-0.14342,0.0337,,,
459.2654,0.08434,2.10526,459.4684,0.05017,1.14653,448.3565,-0.14334,0.03467,,,
459.3496,0.0844,2.10691,459.5523,0.04997,1.14193,448.4396,-0.14324,0.03588,,,
459.4328,0.0844,2.10684,459.6372,0.04987,1.13978,448.5232,-0.14318,0.03667,,,
459.5161,0.08449,2.10899,459.7184,0.04992,1.14094,448.6066,-0.14314,0.03716,,,
459.6008,0.08452,2.10971,459.8028,0.04982,1.13851,448.6902,-0.14286,0.0405,,,
459.6822,0.0844,2.10689,459.8861,0.04984,1.13896,448.772,-0.14273,0.04214,,,
459.7664,0.08439,2.10656,459.9686,0.04992,1.14089,448.8558,-0.14287,0.04045,,,
459.8498,0.08457,2.11113,460.0531,0.04991,1.14057,448.9382,-0.14314,0.03711,,,
459.9334,0.08449,2.10914,460.1371,0.04969,1.13572,449.0242,-0.14334,0.03461,,,
460.0184,0.08425,2.10299,460.2189,0.04974,1.13677,449.106,-0.1434,0.03387,,,
460.101,0.08392,2.09486,460.3028,0.04985,1.13926,449.1887,-0.14313,0.03726,,,
460.1844,0.08377,2.09113,460.3865,0.05002,1.14313,449.2723,-0.14277,0.04167,,,
460.2672,0.08381,2.09204,460.4691,0.05022,1.14783,449.3563,-0.14285,0.04073,,,
460.3512,0.08387,2.09363,460.5524,0.05042,1.1522,449.4399,-0.14309,0.03767,,,
460.434,0.08376,2.09089,460.6367,0.05043,1.15257,449.5226,-0.14331,0.03506,,,
460.5184,0.08349,2.08411,460.7199,0.05058,1.15586,449.606,-0.14344,0.03335,,,
460.6004,0.0835,2.08421,460.8022,0.05067,1.15796,449.6894,-0.14354,0.03217,,,
460.6837,0.08375,2.09054,460.8871,0.05076,1.16017,449.7735,-0.14346,0.03314,,,
460.7697,0.08388,2.09384,460.9694,0.05066,1.15775,449.855,-0.14343,0.03358,,,
460.852,0.08398,2.09637,461.0532,0.05056,1.15553,449.9404,-0.14342,0.0337,,,
460.934,0.08412,2.09973,461.136,0.05043,1.15258,450.0219,-0.14344,0.03339,,,
461.0186,0.08405,2.09812,461.2198,0.05048,1.15372,450.1062,-0.14347,0.0331,,,
461.1022,0.08396,2.0959,461.304,0.05037,1.15114,450.1903,-0.1436,0.03142,,,
461.1862,0.08385,2.09313,461.3859,0.05022,1.14768,450.272,-0.1437,0.03022,,,
461.2689,0.08368,2.08891,461.4702,0.05015,1.14609,450.3569,-0.14368,0.03041,,,
461.3522,0.08356,2.08577,461.5537,0.05026,1.14861,450.4411,-0.1439,0.0277,,,
461.436,0.08371,2.08969,461.6378,0.05028,1.14918,450.5234,-0.14414,0.02482,,,
461.519,0.08397,2.09596,461.7204,0.05025,1.14835,450.6082,-0.14433,0.02248,,,
461.6034,0.08403,2.09766,461.8046,0.05008,1.14454,450.6892,-0.14437,0.02199,,,
461.6863,0.08405,2.09811,461.8882,0.05011,1.14516,450.7736,-0.14416,0.02459,,,
461.7701,0.08404,2.09774,461.9708,0.0501,1.14502,450.859,-0.14392,0.02752,,,
461.8539,0.08392,2.09477,462.0547,0.05006,1.14405,450.9406,-0.14369,0.03032,,,
461.9374,0.08397,2.09602,462.1376,0.04998,1.14229,451.0246,-0.14376,0.02949,,,
462.0188,0.08393,2.09505,462.2216,0.04994,1.14126,451.1098,-0.14396,0.02706,,,
462.1034,0.08395,2.09566,462.3047,0.04983,1.13872,451.1931,-0.14392,0.02746,,,
462.1878,0.08392,2.09485,462.3868,0.04965,1.13459,451.2744,-0.14375,0.02959,,,
462.2706,0.08376,2.0907,462.47,0.04974,1.13663,451.3603,-0.14368,0.03044,,,
462.3554,0.08369,2.08915,462.5546,0.0498,1.13814,451.443,-0.14366,0.03064,,,
462.4376,0.08354,2.08539,462.6367,0.04987,1.1396,451.5264,-0.14379,0.02913,,,
462.5214,0.0834,2.08177,462.7211,0.04998,1.14214,451.6114,-0.14385,0.02832,,,
462.6048,0.08331,2.07963,462.8059,0.04993,1.14109,451.693,-0.14386,0.02825,,,
462.686,0.08333,2.0802,462.8882,0.04958,1.13319,451.7764,-0.1439,0.02773,,,
462.7718,0.08346,2.08327,462.9725,0.04918,1.12392,451.8612,-0.14393,0.02739,,,
462.8542,0.08342,2.08238,463.0535,0.04889,1.11742,451.9448,-0.14394,0.02726,,,
462.9376,0.08338,2.08134,463.1402,0.04872,1.11346,452.0269,-0.14388,0.02803,,,
463.0192,0.08339,2.08156,463.2227,0.04855,1.10963,452.1118,-0.14385,0.02834,,,
463.1038,0.08342,2.08234,463.3053,0.04819,1.10122,452.1921,-0.14398,0.02675,,,
463.1884,0.08352,2.08484,463.3904,0.04786,1.09373,452.2773,-0.14409,0.02543,,,
463.2714,0.0835,2.08433,463.4746,0.04775,1.09134,452.3604,-0.14394,0.0273,,,
463.355,0.08354,2.08542,463.5564,0.04778,1.09188,452.4438,-0.14379,0.0291,,,
463.4377,0.08343,2.08253,463.6403,0.04778,1.09197,452.5274,-0.14387,0.02816,,,
463.5193,0.0832,2.07678,463.7247,0.0478,1.09231,452.612,-0.14417,0.02436,,,
463.6055,0.08302,2.07238,463.8076,0.04774,1.09104,452.6946,-0.14408,0.02557,,,
463.6872,0.08301,2.07205,463.8917,0.0478,1.09231,452.7778,-0.1439,0.0277,,,
463.7716,0.08301,2.07203,463.9738,0.04804,1.09785,452.8614,-0.14382,0.02872,,,
463.854,0.08307,2.07367,464.058,0.04805,1.09809,452.9454,-0.14375,0.02956,,,
463.9378,0.08316,2.07587,464.1436,0.0481,1.09928,453.028,-0.14356,0.03193,,,
464.0214,0.08315,2.0757,464.2273,0.04796,1.09608,453.1104,-0.14354,0.03212,,,
464.1054,0.08337,2.08114,464.3108,0.04777,1.09182,453.1937,-0.14355,0.03205,,,
464.1885,0.08334,2.08031,464.3912,0.04745,1.08442,453.2782,-0.14361,0.03129,,,
464.2726,0.08312,2.07484,464.4762,0.04732,1.08153,453.3616,-0.14375,0.02961,,,
464.3554,0.08295,2.07066,464.5598,0.04718,1.07816,453.4441,-0.14375,0.02954,,,
464.4398,0.08295,2.07072,464.6434,0.04694,1.0727,453.5286,-0.14362,0.03125,,,
464.5246,0.08302,2.07235,464.7272,0.04707,1.07573,453.6112,-0.14345,0.03334,,,
464.605,0.08295,2.07051,464.8103,0.04761,1.08811,453.696,-0.14343,0.0335,,,
464.6904,0.08277,2.06614,464.8945,0.04764,1.08869,453.7776,-0.14348,0.03292,,,
464.7734,0.08269,2.06406,464.9776,0.04788,1.09427,453.86,-0.14359,0.03161,,,
464.8558,0.08257,2.06124,465.0614,0.04832,1.10424,453.9422,-0.14339,0.03408,,,
464.94,0.08276,2.06595,465.1454,0.04893,1.11825,454.026,-0.14345,0.0333,,,
465.0217,0.08263,2.06273,465.2274,0.0493,1.12676,454.1102,-0.1436,0.0314,,,
465.1062,0.0826,2.06189,465.3117,0.04921,1.12453,454.1944,-0.14348,0.03291,,,
465.1884,0.08264,2.06288,465.3956,0.04923,1.12516,454.277,-0.14326,0.03565,,,
465.2729,0.08266,2.06329,465.4774,0.04928,1.12634,454.3606,-0.14334,0.03464,,,
465.359,0.08265,2.06316,465.5602,0.04925,1.12547,454.4426,-0.14348,0.03295,,,
465.441,0.08274,2.06534,465.6446,0.04903,1.12045,454.5262,-0.14351,0.03254,,,
465.5244,0.08282,2.0674,465.73,0.04893,1.11814,454.6114,-0.14346,0.03311,,,
465.6071,0.08287,2.06861,465.8114,0.04905,1.12097,454.6934,-0.14329,0.03526,,,
465.6917,0.08278,2.06629,465.8963,0.04902,1.12032,454.7776,-0.14321,0.03623,,,
465.7763,0.08318,2.07637,465.9799,0.0489,1.11754,454.8611,-0.14331,0.03506,,,
465.859,0.08326,2.07826,466.0628,0.04891,1.11778,454.9449,-0.14331,0.03502,,,
465.9413,0.08333,2.08014,466.1458,0.04915,1.12337,455.0265,-0.14329,0.03529,,,
466.0256,0.08343,2.08255,466.23,0.04925,1.12555,455.1106,-0.14347,0.03303,,,
466.1084,0.08333,2.08007,466.3141,0.04899,1.1197,455.1937,-0.14367,0.03052,,,
466.1934,0.08333,2.08002,466.3968,0.04884,1.1161,455.2768,-0.14375,0.0296,,,
466.277,0.08328,2.07877,466.479,0.04904,1.12081,455.3603,-0.14395,0.02717,,,
466.3583,0.08335,2.08051,466.5627,0.04922,1.12481,455.4433,-0.14411,0.02521,,,
466.4426,0.08328,2.07879,466.6441,0.04913,1.12291,455.5266,-0.14408,0.02555,,,
466.5264,0.08301,2.07204,466.73,0.04898,1.11939,455.612,-0.14387,0.02816,,,
466.6085,0.0828,2.06683,466.8118,0.04908,1.12159,455.6953,-0.14369,0.03033,,,
466.6926,0.08284,2.06792,466.894,0.04911,1.12239,455.7786,-0.14353,0.03234,,,
466.776,0.08307,2.07366,466.9778,0.04893,1.11823,455.8618,-0.14345,0.03326,,,
466.86,0.08311,2.0745,467.0624,0.04895,1.11858,455.9458,-0.14337,0.03427,,,
466.9458,0.08293,2.07008,467.146,0.04922,1.12495,456.0284,-0.14332,0.03491,,,
467.0278,0.08286,2.06846,467.2289,0.04944,1.12978,456.1125,-0.14329,0.03528,,,
467.111,0.08301,2.07207,467.3132,0.04941,1.12912,456.1957,-0.14339,0.03404,,,
467.1944,0.08306,2.07331,467.396,0.0494,1.12904,456.2775,-0.14354,0.03218,,,
467.2764,0.08303,2.0726,467.4785,0.04963,1.13431,456.361,-0.14378,0.02923,,,
467.361,0.0831,2.07432,467.5617,0.0496,1.13364,456.4462,-0.14371,0.03008,,,
467.4443,0.08318,2.07647,467.645,0.04935,1.12791,456.5284,-0.1435,0.03262,,,
467.5288,0.0833,2.07934,467.7289,0.04928,1.12633,456.6101,-0.14327,0.03545,,,
467.6109,0.08336,2.08083,467.8132,0.04946,1.13026,456.6954,-0.14318,0.03663,,,
467.6941,0.08329,2.07918,467.8974,0.04963,1.13418,456.7762,-0.14311,0.03753,,,
467.7782,0.08325,2.07803,467.98,0.04962,1.13408,456.8604,-0.14309,0.03768,,,
467.8629,0.08311,2.07458,468.0626,0.04948,1.1307,456.9446,-0.143,0.03887,,,
467.945,0.08306,2.0734,468.1467,0.04935,1.1279,457.028,-0.143,0.03883,,,
468.0289,0.08304,2.07292,468.2309,0.04941,1.12925,457.1106,-0.14309,0.0377,,,
468.1106,0.08323,2.07765,468.3135,0.04942,1.1295,457.195,-0.14311,0.03741,,,
468.1946,0.0835,2.08432,468.3959,0.04944,1.1298,457.2773,-0.14304,0.03839,,,
468.279,0.08299,2.07154,468.4788,0.04955,1.13234,457.361,-0.14301,0.0387,,,
468.361,0.08256,2.06083,468.5622,0.0495,1.13123,457.445,-0.14308,0.03783,,,
468.4458,0.08242,2.05735,468.6465,0.04936,1.12795,457.5298,-0.14306,0.03813,,,
468.5284,0.08254,2.06034,468.7286,0.04929,1.12647,457.6125,-0.14312,0.03735,,,
468.6134,0.08265,2.06318,468.8142,0.04914,1.12293,457.6953,-0.14313,0.03725,,,
468.6948,0.08259,2.06153,468.8956,0.04918,1.12403,457.7774,-0.14328,0.03541,,,
468.7794,0.08276,2.06591,468.9798,0.04946,1.13026,457.8618,-0.14337,0.03428,,,
468.863,0.08292,2.06976,469.0631,0.04969,1.13561,457.9455,-0.1434,0.03392,,,
468.9463,0.0831,2.0744,469.1463,0.04958,1.13303,458.0289,-0.14329,0.03523,,,
469.03,0.08318,2.07635,469.2291,0.04949,1.13112,458.1119,-0.14315,0.03699,,,
469.1116,0.08302,2.07226,469.312,0.04953,1.13199,458.195,-0.14309,0.03776,,,
469.1979,0.08281,2.0672,469.3961,0.04942,1.12934,458.2781,-0.14299,0.03899,,,
469.2808,0.08259,2.06153,469.4795,0.0494,1.129,458.3622,-0.14283,0.04091,,,
469.3623,0.08259,2.06173,469.5639,0.04931,1.12685,458.4474,-0.14282,0.04101,,,
469.4467,0.08267,2.0637,469.6456,0.04925,1.12544,458.5314,-0.14281,0.0412,,,
469.5287,0.08271,2.06468,469.7296,0.04909,1.12186,458.6139,-0.14291,0.03988,,,
469.6135,0.08269,2.06408,469.8134,0.04882,1.11569,458.6977,-0.14277,0.04162,,,
469.6974,0.08283,2.0675,469.8966,0.04855,1.10951,458.7824,-0.14262,0.04357,,,
469.78,0.08316,2.0758,469.9799,0.04873,1.11362,458.865,-0.14266,0.04307,,,
469.8648,0.08328,2.07892,470.0641,0.04875,1.11412,458.9487,-0.14281,0.04123,,,
469.9466,0.08329,2.07906,470.1475,0.04856,1.10972,459.0332,-0.14288,0.04029,,,
470.029,0.08332,2.07975,470.2287,0.04842,1.10653,459.1152,-0.14294,0.03952,,,
470.1138,0.08331,2.07963,470.3128,0.04844,1.10692,459.2002,-0.14313,0.03717,,,
470.1954,0.0833,2.07936,470.3956,0.04843,1.1067,459.2832,-0.14317,0.03672,,,
470.2794,0.08321,2.07699,470.4792,0.04835,1.10496,459.3671,-0.14319,0.03652,,,
470.363,0.08314,2.07547,470.5626,0.04833,1.10446,459.4504,-0.14327,0.0355,,,
470.4467,0.08301,2.07199,470.6472,0.04846,1.10741,459.533,-0.14306,0.03804,,,
470.529,0.08295,2.07054,470.7296,0.04858,1.11026,459.6158,-0.14295,0.03949,,,
470.6118,0.08289,2.06916,470.8133,0.04858,1.11019,459.7003,-0.14312,0.03739,,,
470.6956,0.08295,2.0705,470.8966,0.04855,1.10946,459.7837,-0.14322,0.03611,,,
470.778,0.0829,2.06923,470.9805,0.04867,1.1122,459.8672,-0.14307,0.03799,,,
470.8613,0.08268,2.06391,471.0641,0.04871,1.11315,459.9508,-0.14283,0.04093,,,
470.9446,0.08255,2.06066,471.1484,0.04852,1.10885,460.034,-0.14299,0.03895,,,
471.0275,0.08261,2.06222,471.2318,0.04848,1.10785,460.1176,-0.14312,0.03734,,,
471.1119,0.0825,2.05945,471.3149,0.04865,1.11181,460.2006,-0.14307,0.03791,,,
471.1969,0.08242,2.05738,471.3976,0.04885,1.11647,460.2836,-0.14296,0.03935,,,
471.28,0.08234,2.05531,471.4817,0.0487,1.11287,460.3686,-0.14285,0.04074,,,
471.3626,0.08236,2.05598,471.5642,0.04847,1.10774,460.451,-0.14266,0.04296,,,
471.4466,0.08228,2.05385,471.65,0.04853,1.10917,460.5348,-0.14273,0.04214,,,
471.5306,0.08225,2.05317,471.7312,0.04864,1.1115,460.6182,-0.14276,0.04174,,,
471.6146,0.08223,2.0526,471.8149,0.0486,1.11069,460.7014,-0.14261,0.04366,,,
471.6974,0.08207,2.04869,471.8996,0.04866,1.11196,460.7848,-0.1422,0.04863,,,
471.7816,0.08223,2.05253,471.9834,0.04885,1.1163,460.8681,-0.14206,0.05037,,,
471.8648,0.08249,2.05903,472.066,0.04894,1.11857,460.9506,-0.14205,0.05055,,,
471.9466,0.08282,2.0673,472.151,0.04893,1.11818,461.0341,-0.1421,0.04991,,,
472.0297,0.08279,2.06667,472.2334,0.04884,1.11611,461.118,-0.14211,0.04983,,,
472.1127,0.08252,2.05995,472.3154,0.04902,1.12038,461.2011,-0.14197,0.05156,,,
472.1966,0.08241,2.05701,472.3994,0.04903,1.12043,461.2846,-0.14171,0.05472,,,
472.2807,0.08241,2.05713,472.4812,0.04888,1.11706,461.3668,-0.14184,0.05309,,,
472.3641,0.08246,2.05843,472.5668,0.04879,1.11493,461.4496,-0.14202,0.05092,,,
472.4463,0.08259,2.06153,472.6498,0.04872,1.11337,461.5332,-0.14192,0.0521,,,
472.5308,0.08257,2.06105,472.7314,0.04885,1.11648,461.615,-0.14211,0.04984,,,
472.614,0.08262,2.06235,472.817,0.04858,1.11019,461.6977,-0.14216,0.04921,,,
472.6974,0.08256,2.06099,472.8997,0.0484,1.10618,461.7841,-0.14216,0.04916,,,
472.7812,0.08262,2.06231,472.9838,0.04837,1.10536,461.8671,-0.14204,0.05068,,,
472.864,0.08272,2.06475,473.0649,0.04837,1.10536,461.9512,-0.14197,0.05146,,,
472.9468,0.08284,2.06786,473.1489,0.04818,1.10114,462.033,-0.14193,0.052,,,
473.0301,0.08287,2.06872,473.2325,0.048,1.09704,462.1156,-0.14175,0.05421,,,
473.114,0.08279,2.06673,473.3166,0.04803,1.09766,462.1996,-0.1417,0.05483,,,
473.1954,0.08258,2.06131,473.3988,0.04827,1.10311,462.284,-0.14195,0.05178,,,
473.279,0.08234,2.05547,473.4835,0.04845,1.10715,462.3669,-0.14191,0.05225,,,
473.3634,0.08222,2.05246,473.5671,0.0486,1.11078,462.4489,-0.14194,0.05194,,,
473.4484,0.08225,2.05312,473.6494,0.04861,1.11086,462.5343,-0.14199,0.05127,,,
473.5305,0.08225,2.05322,473.7342,0.04926,1.12588,462.6171,-0.1419,0.05232,,,
473.613,0.08223,2.05262,473.818,0.04973,1.13652,462.6984,-0.14196,0.05168,,,
473.6963,0.08212,2.04992,473.9004,0.04987,1.13975,462.7843,-0.14203,0.05072,,,
473.7813,0.08199,2.04671,473.9852,0.04979,1.13786,462.8661,-0.14199,0.05125,,,
473.8642,0.08183,2.04261,474.0672,0.04995,1.1416,462.9498,-0.14192,0.05213,,,
473.947,0.08194,2.04537,474.1511,0.05004,1.14353,463.0333,-0.14168,0.05504,,,
474.0299,0.08214,2.0503,474.2343,0.05002,1.14304,463.1156,-0.14161,0.05592,,,
474.1129,0.08229,2.0541,474.317,0.04998,1.14229,463.1996,-0.14179,0.05376,,,
474.197,0.0824,2.0569,474.4019,0.05008,1.14462,463.282,-0.14184,0.05314,,,
474.281,0.08245,2.05813,474.4848,0.05011,1.14514,463.3656,-0.14183,0.05329,,,
474.3656,0.08246,2.05828,474.5686,0.05012,1.14537,463.4485,-0.14185,0.05299,,,
474.449,0.0824,2.05678,474.6516,0.05026,1.14857,463.5335,-0.14197,0.05158,,,
474.5322,0.08236,2.05589,474.7337,0.05045,1.15286,463.615,-0.142,0.05114,,,
474.6168,0.08224,2.05289,474.8182,0.05038,1.15127,463.6992,-0.14194,0.05191,,,
474.6994,0.08235,2.05555,474.9022,0.04997,1.14205,463.7836,-0.14189,0.05255,,,
474.7828,0.08243,2.05753,474.9867,0.04962,1.13404,463.8678,-0.1418,0.05357,,,
474.8658,0.08243,2.05759,475.068,0.04928,1.12617,463.9502,-0.142,0.0512,,,
474.9484,0.0824,2.05696,475.1518,0.04908,1.12166,464.0361,-0.14214,0.04942,,,
475.0332,0.08253,2.06024,475.234,0.0489,1.11761,464.1185,-0.14209,0.05003,,,
475.1172,0.08258,2.06147,475.318,0.04883,1.116,464.2008,-0.14204,0.05061,,,
475.2006,0.08272,2.06497,475.4002,0.04876,1.11439,464.2846,-0.1422,0.04866,,,
475.2844,0.08281,2.06709,475.4848,0.04878,1.11478,464.3658,-0.14229,0.04754,,,
475.3672,0.08271,2.06456,475.569,0.04894,1.11852,464.4518,-0.14227,0.04778,,,
475.4496,0.0826,2.06181,475.6504,0.04904,1.12074,464.5356,-0.14195,0.0518,,,
475.5337,0.08259,2.06167,475.734,0.04906,1.12118,464.6187,-0.14158,0.0563,,,
475.6174,0.08242,2.05744,475.8164,0.04917,1.12377,464.703,-0.14138,0.05879,,,
475.6996,0.08252,2.0598,475.9029,0.04932,1.12707,464.7858,-0.14125,0.06041,,,
475.7824,0.08257,2.06111,475.9836,0.04938,1.12856,464.8697,-0.14138,0.05879,,,
475.8658,0.08255,2.06057,476.0693,0.04932,1.12709,464.9531,-0.14137,0.05888,,,
475.9521,0.08238,2.05639,476.151,0.04918,1.124,465.0363,-0.14127,0.06009,,,
476.0328,0.08224,2.05281,476.2347,0.0492,1.12437,465.1199,-0.14132,0.05958,,,
476.1188,0.08229,2.05416,476.3174,0.04908,1.12173,465.2022,-0.14134,0.05922,,,
476.2006,0.08233,2.05507,476.4026,0.0488,1.11525,465.286,-0.1413,0.05978,,,
476.2848,0.08231,2.05466,476.4836,0.04877,1.11447,465.3694,-0.14121,0.06088,,,
476.3672,0.08227,2.0536,476.568,0.04882,1.1158,465.4533,-0.14117,0.06133,,,
476.452,0.08215,2.05061,476.652,0.04885,1.11648,465.5374,-0.14122,0.06074,,,
476.5346,0.08205,2.04801,476.7344,0.04884,1.11617,465.6194,-0.14134,0.05925,,,
476.6178,0.08207,2.0487,476.8186,0.04892,1.11802,465.7043,-0.14183,0.0533,,,
476.7012,0.08203,2.04761,476.9017,0.04901,1.12013,465.7873,-0.14235,0.0468,,,
476.7832,0.08188,2.04384,476.9846,0.04899,1.1196,465.8702,-0.14264,0.04321,,,
476.8664,0.08195,2.0456,477.0678,0.04883,1.11595,465.953,-0.14254,0.04454,,,
476.9512,0.08203,2.04772,477.1516,0.04871,1.11323,466.0377,-0.14254,0.04446,,,
477.0356,0.08208,2.04885,477.2347,0.04867,1.1122,466.1212,-0.14244,0.04578,,,
477.1184,0.0822,2.0518,477.318,0.04865,1.11185,466.2056,-0.14225,0.04808,,,
477.2011,0.08223,2.05274,477.4026,0.0486,1.11068,466.2875,-0.1421,0.0499,,,
477.286,0.08205,2.04811,477.487,0.04868,1.11254,466.372,-0.14213,0.0495,,,
477.3682,0.08187,2.04374,477.5691,0.04871,1.11329,466.456,-0.14216,0.04923,,,
477.4512,0.08183,2.04262,477.6533,0.0488,1.11529,466.5368,-0.14232,0.04725,,,
477.5348,0.08184,2.04301,477.7375,0.04878,1.11492,466.6211,-0.14256,0.04429,,,
477.6182,0.08189,2.04404,477.821,0.0486,1.11063,466.7054,-0.14255,0.04441,,,
477.7026,0.08203,2.04771,477.9034,0.04854,1.10926,466.7884,-0.1425,0.045,,,
477.7846,0.08201,2.04717,477.9871,0.04859,1.11051,466.8716,-0.14257,0.04416,,,
477.8691,0.08175,2.04066,478.0699,0.04857,1.11007,466.9554,-0.14252,0.04468,,,
477.9504,0.08154,2.03545,478.1535,0.04854,1.1093,467.0381,-0.14244,0.0457,,,
478.0366,0.08156,2.03596,478.2354,0.04866,1.11217,467.1206,-0.14266,0.04305,,,
478.119,0.08162,2.03748,478.3207,0.04878,1.11476,467.205,-0.14253,0.04461,,,
478.2029,0.08168,2.03886,478.4026,0.0487,1.11291,467.2881,-0.14201,0.05096,,,
478.2862,0.08174,2.04028,478.4872,0.04866,1.11211,467.3727,-0.14163,0.05575,,,
478.368,0.08194,2.04535,478.5696,0.04868,1.11241,467.4552,-0.14178,0.05382,,,
478.4515,0.082,2.04694,478.6542,0.04864,1.11167,467.5372,-0.14196,0.05161,,,
478.5359,0.08212,2.04998,478.7371,0.04874,1.114,467.6202,-0.14193,0.05204,,,
478.62,0.08221,2.05201,478.8213,0.04884,1.1161,467.7032,-0.14185,0.05294,,,
478.7024,0.08232,2.05492,478.9039,0.04889,1.11728,467.7868,-0.14189,0.05251,,,
478.7866,0.08217,2.05111,478.9875,0.04893,1.11828,467.8717,-0.14189,0.0525,,,
478.87,0.08189,2.04426,479.0698,0.0489,1.11757,467.9518,-0.14197,0.05145,,,
478.9528,0.08162,2.03732,479.1554,0.04874,1.11393,468.0371,-0.14226,0.04796,,,
479.0377,0.08144,2.033,479.2366,0.04864,1.11161,468.1187,-0.14254,0.04453,,,
479.1204,0.08139,2.03174,479.3204,0.04872,1.11343,468.2033,-0.14235,0.0468,,,
479.2044,0.08152,2.03494,479.4034,0.04879,1.11497,468.2848,-0.14217,0.04903,,,
479.2862,0.08153,2.03515,479.4879,0.04867,1.11238,468.368,-0.14221,0.04861,,,
479.3717,0.08147,2.03356,479.5711,0.04852,1.10892,468.4535,-0.14214,0.04938,,,
479.4537,0.08143,2.03268,479.6547,0.04855,1.10947,468.536,-0.14212,0.04966,,,
479.5376,0.08149,2.03415,479.7394,0.04887,1.11685,468.6188,-0.14249,0.04507,,,
479.6217,0.0815,2.0343,479.8228,0.04901,1.12,468.7038,-0.14295,0.03946,,,
479.7031,0.08147,2.03374,479.906,0.04898,1.11931,468.7869,-0.14303,0.0384,,,
479.7884,0.08149,2.03425,479.9878,0.04898,1.11946,468.8688,-0.14253,0.04457,,,
479.8708,0.08158,2.0364,480.0708,0.04889,1.11726,468.9525,-0.14207,0.05027,,,
479.9552,0.08168,2.03894,480.1547,0.04878,1.1148,469.0376,-0.14194,0.05183,,,
480.0376,0.08182,2.04232,480.2381,0.04864,1.11156,469.1209,-0.14224,0.04825,,,
480.12,0.08185,2.04324,480.3205,0.04869,1.11283,469.2028,-0.14251,0.04482,,,
480.2059,0.0818,2.04178,480.4044,0.04879,1.11512,469.2854,-0.14257,0.04412,,,
480.2878,0.08153,2.03525,480.4884,0.04864,1.11172,469.3703,-0.14269,0.04268,,,
480.3703,0.08124,2.02786,480.5712,0.04844,1.107,469.4541,-0.14282,0.04102,,,
480.4543,0.08124,2.0278,480.6542,0.04845,1.10736,469.5362,-0.14303,0.03843,,,
480.538,0.08133,2.03009,480.739,0.04853,1.10914,469.6204,-0.14306,0.03807,,,
480.622,0.08139,2.03178,480.8213,0.04846,1.10755,469.7028,-0.14301,0.03865,,,
480.7041,0.08146,2.03335,480.9035,0.04843,1.10682,469.7863,-0.14272,0.04234,,,
480.7883,0.08142,2.03251,480.9888,0.04844,1.10703,469.8702,-0.14255,0.04438,,,
480.8731,0.08136,2.03085,481.0713,0.04856,1.10982,469.9532,-0.14264,0.04331,,,
480.9556,0.08138,2.03151,481.1545,0.0485,1.10834,470.0358,-0.14287,0.0404,,,
481.0397,0.0815,2.03434,481.2384,0.04836,1.10518,470.1212,-0.14286,0.04061,,,
481.1231,0.08158,2.03645,481.3223,0.04834,1.10466,470.2053,-0.14262,0.04347,,,
481.2084,0.0816,2.03685,481.4063,0.04844,1.10713,470.2859,-0.14271,0.04239,,,
481.2909,0.08162,2.03752,481.4904,0.04846,1.10759,470.3696,-0.14274,0.04197,,,
481.374,0.08189,2.04406,481.5724,0.04846,1.10753,470.454,-0.14268,0.04272,,,
481.4574,0.08201,2.0472,481.6566,0.04822,1.10204,470.5383,-0.14262,0.04348,,,
481.5402,0.0819,2.04433,481.7404,0.04814,1.10029,470.6207,-0.1426,0.04373,,,
481.6242,0.08161,2.03711,481.8238,0.04816,1.10055,470.7051,-0.14247,0.04532,,,
481.7071,0.08137,2.03106,481.9064,0.04815,1.1003,470.7888,-0.14223,0.04835,,,
481.7908,0.08122,2.02738,481.9898,0.04809,1.09914,470.871,-0.14229,0.04758,,,
481.8734,0.08121,2.02721,482.0739,0.04809,1.09906,470.9539,-0.14258,0.04397,,,
481.9574,0.08117,2.02625,482.1566,0.04707,1.07568,471.0369,-0.14277,0.04171,,,
482.0402,0.08098,2.02138,482.2416,0.04611,1.05381,471.1208,-0.14274,0.042,,,
482.1239,0.08087,2.01857,482.3233,0.04583,1.04729,471.2041,-0.143,0.03877,,,
482.2083,0.08098,2.0215,482.4084,0.04602,1.05183,471.2868,-0.14321,0.0363,,,
482.29,0.08102,2.02236,482.4929,0.0465,1.06267,471.3712,-0.14267,0.04289,,,
482.3748,0.08107,2.02367,482.5754,0.04672,1.06769,471.4541,-0.1423,0.04743,,,
482.4575,0.08098,2.02146,482.6614,0.04689,1.0717,471.5358,-0.14229,0.04763,,,
482.5416,0.08087,2.01857,482.7443,0.04713,1.07714,471.6196,-0.14214,0.04948,,,
482.624,0.08098,2.02139,482.8284,0.04724,1.07965,471.7042,-0.1421,0.04995,,,
482.7086,0.08098,2.02149,482.9104,0.04721,1.07882,471.7876,-0.142,0.05114,,,
482.7914,0.08101,2.02228,482.9954,0.04711,1.07659,471.8699,-0.14211,0.04981,,,
482.8742,0.08114,2.02544,483.0781,0.04737,1.08265,471.9534,-0.14233,0.04711,,,
482.9586,0.08157,2.03623,483.162,0.04764,1.08882,472.0373,-0.14256,0.04428,,,
483.0393,0.08135,2.03058,483.2454,0.04775,1.09116,472.12,-0.14253,0.04461,,,
483.1252,0.08109,2.02418,483.3281,0.04776,1.09159,472.204,-0.14239,0.04636,,,
483.2092,0.08108,2.02392,483.4102,0.0479,1.09468,472.2876,-0.14251,0.04485,,,
483.2914,0.08099,2.0217,483.495,0.04819,1.10127,472.3702,-0.14275,0.04195,,,
483.3758,0.08094,2.02042,483.5782,0.04826,1.103,472.4534,-0.14286,0.04051,,,
483.4596,0.08096,2.02083,483.6611,0.0485,1.10833,472.5371,-0.14283,0.04097,,,
483.5412,0.08108,2.02404,483.7431,0.04933,1.12742,472.6215,-0.14287,0.04042,,,
483.6257,0.08114,2.02535,483.8278,0.04985,1.13932,472.7054,-0.14292,0.03976,,,
483.709,0.08103,2.02279,483.912,0.04982,1.13852,472.7876,-0.14299,0.03891,,,
483.7914,0.08092,2.02,483.9934,0.04943,1.12957,472.8709,-0.143,0.03879,,,
483.8761,0.08105,2.02313,484.0764,0.04908,1.1217,472.9534,-0.14295,0.03946,,,
483.959,0.08123,2.02758,484.1593,0.04894,1.11843,473.0377,-0.1428,0.04128,,,
484.0422,0.08128,2.02881,484.2426,0.04892,1.11797,473.1203,-0.14261,0.04359,,,
484.1262,0.08141,2.03217,484.325,0.04881,1.1155,473.204,-0.14261,0.04368,,,
484.2109,0.08143,2.03257,484.4106,0.04858,1.11017,473.2885,-0.14288,0.04028,,,
484.2934,0.08138,2.03149,484.4922,0.04849,1.10826,473.3719,-0.14289,0.04016,,,
484.3757,0.08148,2.03391,484.5753,0.04845,1.10732,473.4547,-0.14275,0.04193,,,
484.46,0.08147,2.03354,484.6602,0.04842,1.10655,473.538,-0.1426,0.04377,,,
484.5444,0.08146,2.03347,484.7412,0.04835,1.10487,473.6222,-0.14245,0.04565,,,
484.6269,0.08123,2.02775,484.8248,0.04831,1.10398,473.7058,-0.14251,0.04489,,,
484.7096,0.08102,2.02248,484.9078,0.04834,1.10471,473.788,-0.14254,0.04447,,,
484.7936,0.081,2.02183,484.9922,0.04833,1.10457,473.8706,-0.14258,0.04403,,,
484.8756,0.08122,2.02731,485.075,0.04822,1.10197,473.9562,-0.14259,0.04393,,,
484.9596,0.08137,2.03113,485.1576,0.04829,1.10354,474.0384,-0.14269,0.04266,,,
485.044,0.08128,2.02902,485.2416,0.04839,1.106,474.1226,-0.14279,0.04141,,,
485.1272,0.08111,2.02459,485.325,0.04835,1.10504,474.2072,-0.14267,0.04285,,,
485.2094,0.08127,2.02861,485.4096,0.04823,1.10226,474.2902,-0.14266,0.04298,,,
485.2934,0.08132,2.02989,485.4914,0.04814,1.10008,474.3724,-0.14257,0.04412,,,
485.3753,0.0815,2.03452,485.5764,0.04807,1.09854,474.4554,-0.1425,0.04499,,,
485.459,0.08159,2.03657,485.658,0.04782,1.09295,474.5388,-0.14231,0.04732,,,
485.5434,0.08152,2.03482,485.743,0.04761,1.08809,474.6211,-0.14227,0.04785,,,
485.626,0.08146,2.03342,485.8272,0.04762,1.08822,474.705,-0.14224,0.04814,,,
485.7102,0.08143,2.03273,485.9096,0.04759,1.08756,474.7884,-0.1422,0.04873,,,
485.7933,0.08142,2.03247,485.9929,0.04736,1.08237,474.8724,-0.14216,0.04913,,,
485.877,0.08115,2.02564,486.0771,0.04738,1.08279,474.9548,-0.14219,0.04878,,,
485.9598,0.0809,2.01948,486.1617,0.04749,1.08534,475.0376,-0.14208,0.05021,,,
486.043,0.08093,2.0202,486.2438,0.04759,1.08772,475.1205,-0.14201,0.05107,,,
486.1272,0.08104,2.02283,486.327,0.04758,1.08743,475.2034,-0.14202,0.05091,,,
486.2106,0.08119,2.0267,486.4116,0.04753,1.08616,475.2863,-0.1421,0.04995,,,
486.2939,0.0811,2.02431,486.496,0.0474,1.0832,475.3694,-0.14211,0.04983,,,
486.3766,0.08117,2.02606,486.5798,0.04734,1.08184,475.454,-0.142,0.05117,,,
486.4602,0.08118,2.02634,486.6626,0.04718,1.07833,475.5366,-0.14213,0.04954,,,
486.5421,0.08125,2.02818,486.7455,0.04699,1.07383,475.6202,-0.14215,0.04926,,,
486.6264,0.08125,2.02812,486.829,0.04685,1.07066,475.703,-0.14218,0.04894,,,
486.7119,0.08134,2.03038,486.9116,0.04701,1.07435,475.7867,-0.14228,0.04773,,,
486.7944,0.08135,2.0307,486.9947,0.04712,1.07692,475.8688,-0.14218,0.04898,,,
486.8769,0.08116,2.02586,487.0787,0.04708,1.0759,475.9536,-0.14207,0.05029,,,
486.9622,0.08107,2.02369,487.1642,0.047,1.07401,476.0355,-0.14213,0.0495,,,
487.045,0.08109,2.02423,487.2458,0.04702,1.07456,476.1201,-0.14225,0.04805,,,
487.1296,0.08107,2.02363,487.3302,0.04712,1.07695,476.2033,-0.1422,0.04865,,,
487.2117,0.08105,2.02305,487.4116,0.04721,1.07895,476.2874,-0.14226,0.04788,,,
487.2945,0.08103,2.02266,487.4968,0.04738,1.08281,476.3688,-0.14233,0.04706,,,
487.3784,0.081,2.02197,487.5797,0.04735,1.08218,476.4512,-0.14256,0.0443,,,
487.4618,0.08086,2.01853,487.6644,0.04749,1.08528,476.534,-0.1426,0.04376,,,
487.5464,0.0806,2.01197,487.7472,0.04759,1.08754,476.6178,-0.14248,0.04518,,,
487.6294,0.08027,2.00379,487.8301,0.0475,1.08553,476.7015,-0.1425,0.04493,,,
487.7128,0.08017,2.00114,487.9141,0.04748,1.08501,476.7839,-0.14245,0.04555,,,
487.7963,0.08043,2.00782,487.9984,0.04754,1.08636,476.8679,-0.14242,0.04601,,,
487.8796,0.0807,2.01446,488.0807,0.0475,1.08547,476.9504,-0.14237,0.04663,,,
487.9652,0.08086,2.01831,488.1666,0.0474,1.08322,477.0347,-0.1422,0.04864,,,
488.0474,0.08083,2.01774,488.2478,0.04722,1.07907,477.1176,-0.14214,0.04942,,,
488.1304,0.08024,2.00287,488.3312,0.047,1.07418,477.202,-0.14223,0.04827,,,
488.2128,0.07833,1.95527,488.415,0.04687,1.07114,477.2857,-0.14247,0.04538,,,
488.2975,0.07656,1.9111,488.5002,0.04671,1.06744,477.3674,-0.14251,0.0448,,,
488.3812,0.0764,1.90706,488.5842,0.04648,1.0622,477.4524,-0.14257,0.04415,,,
488.4678,0.07717,1.92642,488.6672,0.04636,1.05942,477.5339,-0.14258,0.04404,,,
488.5514,0.07796,1.94597,488.7504,0.04653,1.0633,477.6203,-0.14259,0.04382,,,
488.6352,0.07855,1.9607,488.833,0.04651,1.06297,477.7024,-0.14273,0.04213,,,
488.717,0.07916,1.97592,488.915,0.04657,1.06423,477.7856,-0.14269,0.04258,,,
488.8026,0.07969,1.98914,488.9985,0.04675,1.06844,477.8701,-0.14271,0.04234,,,
488.8888,0.07993,1.99533,489.0841,0.0469,1.07181,477.9535,-0.14277,0.04169,,,
488.9716,0.08003,1.99769,489.1674,0.04718,1.0783,478.0369,-0.14271,0.04238,,,
489.0548,0.08004,1.99795,489.2507,0.04732,1.08135,478.1196,-0.14266,0.04301,,,
489.1372,0.08014,2.00057,489.334,0.04715,1.0775,478.2022,-0.1427,0.04248,,,
489.221,0.08021,2.0023,489.4172,0.04707,1.07575,478.2871,-0.14255,0.04441,,,
489.3066,0.08032,2.00492,489.5004,0.04712,1.07688,478.371,-0.14227,0.04776,,,
489.3898,0.08043,2.00758,489.5837,0.04696,1.07331,478.4539,-0.14205,0.05049,,,
489.4718,0.08035,2.0057,489.6671,0.04692,1.07236,478.5376,-0.14204,0.0506,,,
489.5566,0.08043,2.00774,489.7512,0.04714,1.07733,478.6194,-0.14219,0.04876,,,
489.6392,0.08086,2.01834,489.8347,0.04743,1.08392,478.7024,-0.14235,0.0468,,,
489.722,0.08246,2.05848,489.9176,0.04728,1.08056,478.787,-0.14236,0.04666,,,
489.8038,0.08428,2.10381,490.0014,0.04722,1.07906,478.8703,-0.14226,0.04798,,,
489.8882,0.08455,2.1105,490.0839,0.04746,1.08465,478.953,-0.14227,0.04776,,,
489.969,0.08395,2.09569,490.169,0.04755,1.08673,479.036,-0.1423,0.04748,,,
490.0504,0.08315,2.07565,490.2496,0.0475,1.08562,479.1194,-0.1422,0.04865,,,
490.1315,0.08243,2.05758,490.3336,0.04742,1.0838,479.203,-0.14215,0.04927,,,
490.2158,0.08198,2.04648,490.417,0.04743,1.08405,479.2862,-0.14217,0.0491,,,
490.2984,0.08154,2.03537,490.5012,0.04733,1.08172,479.3696,-0.14215,0.0493,,,
490.3792,0.08106,2.02352,490.5846,0.0475,1.08552,479.4551,-0.14216,0.04917,,,
490.4626,0.0809,2.01939,490.67,0.04766,1.08928,479.5366,-0.14237,0.04658,,,
490.5454,0.08094,2.02035,490.7513,0.04764,1.0887,479.6191,-0.14239,0.04631,,,
490.6282,0.08083,2.01762,490.8348,0.04765,1.08896,479.704,-0.14247,0.04539,,,
490.712,0.08076,2.01605,490.9204,0.04773,1.09079,479.7876,-0.1426,0.04379,,,
490.7949,0.08072,2.01488,491.0019,0.04786,1.09378,479.8722,-0.14271,0.04243,,,
490.8765,0.08055,2.01057,491.0856,0.04799,1.09671,479.955,-0.14256,0.0442,,,
490.9618,0.08057,2.01114,491.1696,0.04816,1.10063,480.0376,-0.14237,0.04658,,,
491.0434,0.08056,2.01092,491.25,0.04824,1.10257,480.1204,-0.14227,0.04777,,,
491.1262,0.08058,2.01135,491.3354,0.04805,1.09808,480.2053,-0.14202,0.05093,,,
491.2106,0.08038,2.00651,491.4168,0.0479,1.09469,480.2894,-0.14183,0.05323,,,
491.2934,0.0803,2.00455,491.5008,0.04787,1.09411,480.3728,-0.14173,0.05447,,,
491.3773,0.08035,2.00558,491.586,0.04784,1.09324,480.4546,-0.14183,0.05328,,,
491.4617,0.08015,2.00081,491.6674,0.04773,1.09077,480.541,-0.14191,0.05227,,,
491.5456,0.08001,1.99726,491.7504,0.0478,1.09241,480.6236,-0.14173,0.05444,,,
491.6291,0.07991,1.9948,491.834,0.04787,1.0939,480.708,-0.14179,0.05374,,,
491.7124,0.07982,1.99259,491.9174,0.04768,1.08976,480.7914,-0.14199,0.05129,,,
491.7954,0.07977,1.9912,492.0008,0.04762,1.08819,480.873,-0.14191,0.05227,,,
491.8802,0.07976,1.99092,492.0844,0.04755,1.0868,480.9563,-0.14197,0.05145,,,
491.9638,0.07988,1.99387,492.1685,0.04749,1.0853,481.0394,-0.14205,0.05049,,,
492.0476,0.07992,1.99509,492.2511,0.04755,1.08681,481.1222,-0.14207,0.05028,,,
492.1303,0.07997,1.99621,492.3363,0.04753,1.08627,481.204,-0.14211,0.04983,,,
492.2156,0.08005,1.9981,492.4184,0.04735,1.08212,481.2888,-0.14227,0.04782,,,
492.2989,0.0801,1.99935,492.5018,0.04725,1.07973,481.3716,-0.14232,0.04722,,,
492.3807,0.0799,1.99454,492.585,0.04722,1.07913,481.4551,-0.1423,0.04741,,,
492.4652,0.07978,1.99141,492.6684,0.04713,1.0771,481.5384,-0.14223,0.04827,,,
492.5496,0.07996,1.99597,492.7512,0.04707,1.07573,481.6192,-0.14239,0.04635,,,
492.6332,0.08006,1.99849,492.8348,0.0472,1.07867,481.704,-0.14249,0.04514,,,
492.7179,0.08027,2.00368,492.9165,0.04731,1.08131,481.7869,-0.14254,0.04445,,,
492.8008,0.08031,2.00462,493.003,0.04725,1.07973,481.8716,-0.14247,0.04539,,,
492.8852,0.08006,1.99846,493.0848,0.04712,1.07684,481.9546,-0.1425,0.045,,,
492.9682,0.08,1.99691,493.1697,0.04704,1.07511,482.0372,-0.14254,0.04451,,,
493.0523,0.08003,1.9976,493.2504,0.04723,1.07942,482.1206,-0.14263,0.04338,,,
493.1332,0.08007,1.99867,493.334,0.04744,1.08414,482.2049,-0.14256,0.04427,,,
493.218,0.08018,2.00139,493.4188,0.04743,1.08405,482.288,-0.14243,0.0458,,,
493.3014,0.08015,2.00059,493.502,0.04733,1.08174,482.371,-0.14249,0.04517,,,
493.385,0.08017,2.00132,493.5844,0.04725,1.07995,482.4564,-0.14266,0.04307,,,
493.469,0.08004,1.99795,493.6683,0.04713,1.07721,482.5378,-0.1426,0.04381,,,
493.5516,0.08014,2.00054,493.7516,0.04718,1.07819,482.6222,-0.14251,0.04484,,,
493.634,0.0803,2.00454,493.8358,0.04717,1.0781,482.7061,-0.14238,0.04645,,,
493.7198,0.08041,2.00718,493.918,0.04729,1.08071,482.7891,-0.14224,0.04814,,,
493.8015,0.08058,2.01137,494.0036,0.04737,1.08266,482.8712,-0.14209,0.05005,,,
493.8866,0.08062,2.01256,494.0854,0.04737,1.08266,482.9562,-0.14194,0.05191,,,
493.9701,0.08056,2.01089,494.1692,0.04731,1.08122,483.0394,-0.14193,0.05199,,,
494.0527,0.08046,2.00835,494.2524,0.04728,1.08051,483.1223,-0.14197,0.05157,,,
494.1367,0.0804,2.00691,494.3355,0.04742,1.0837,483.2053,-0.14202,0.05091,,,
494.2206,0.08045,2.00824,494.4194,0.04736,1.08228,483.2888,-0.14205,0.05049,,,
494.3021,0.08044,2.00793,494.5026,0.04717,1.07801,483.372,-0.14235,0.04684,,,
494.3847,0.0803,2.00434,494.5868,0.04729,1.08073,483.4551,-0.14252,0.04476,,,
494.4678,0.08026,2.0035,494.67,0.04744,1.08411,483.5387,-0.14262,0.04352,,,
494.5519,0.08016,2.00087,494.7531,0.0473,1.08104,483.6222,-0.14281,0.04123,,,
494.6344,0.07987,1.99368,494.8378,0.04727,1.08022,483.7053,-0.1429,0.04,,,
494.7197,0.07987,1.99372,494.9197,0.04747,1.08486,483.7896,-0.14275,0.04191,,,
494.8041,0.08003,1.99781,495.0045,0.04759,1.08758,483.8706,-0.1426,0.04371,,,
494.8863,0.08008,1.99898,495.0877,0.04766,1.08922,483.9567,-0.14251,0.04488,,,
494.9701,0.07989,1.99425,495.1705,0.04757,1.08716,484.0402,-0.14247,0.04541,,,
495.0537,0.07971,1.98981,495.2566,0.04761,1.0881,484.1217,-0.1425,0.04499,,,
495.1384,0.07954,1.98561,495.3374,0.04764,1.08869,484.206,-0.14256,0.04422,,,
495.221,0.07957,1.98619,495.4196,0.04754,1.08656,484.2885,-0.14247,0.04541,,,
495.3045,0.07967,1.98883,495.5052,0.04753,1.08616,484.3744,-0.14226,0.0479,,,
495.3881,0.07977,1.99113,495.5874,0.04757,1.08718,484.4578,-0.14219,0.0488,,,
495.472,0.07974,1.99054,495.6711,0.04767,1.08951,484.5412,-0.14223,0.04826,,,
495.5542,0.07969,1.9892,495.753,0.04771,1.09038,484.6244,-0.14208,0.05013,,,
495.6382,0.07978,1.99154,495.8373,0.0476,1.08788,484.7086,-0.14216,0.04915,,,
495.7206,0.0797,1.98937,495.92,0.04756,1.08686,484.7903,-0.14212,0.04968,,,
495.8053,0.07977,1.99119,496.0042,0.04765,1.08909,484.8758,-0.142,0.05109,,,
495.8876,0.07983,1.99283,496.0868,0.04773,1.09086,484.9578,-0.14192,0.05217,,,
495.9711,0.0799,1.99455,496.1722,0.04756,1.08682,485.0416,-0.14183,0.05328,,,
496.0551,0.0799,1.99451,496.2544,0.04731,1.08116,485.1242,-0.14193,0.05206,,,
496.1376,0.07975,1.99072,496.3381,0.04736,1.08229,485.2089,-0.14192,0.05218,,,
496.22,0.07979,1.99171,496.4219,0.04736,1.08244,485.2906,-0.1418,0.05363,,,
496.3028,0.07995,1.99568,496.5039,0.04723,1.07937,485.3732,-0.14194,0.05184,,,
496.3884,0.07995,1.99565,496.587,0.04715,1.07765,485.4552,-0.14193,0.05206,,,
496.4727,0.07987,1.99361,496.6704,0.04719,1.07841,485.5409,-0.14189,0.0525,,,
496.5556,0.07972,1.99009,496.7534,0.04726,1.08012,485.6233,-0.14182,0.0533,,,
496.6391,0.07965,1.9882,496.837,0.04728,1.08043,485.708,-0.14172,0.05463,,,
496.7219,0.07976,1.99087,496.9207,0.04729,1.08081,485.7896,-0.14183,0.05319,,,
496.8079,0.07982,1.99243,497.0032,0.04735,1.08221,485.8737,-0.14198,0.05144,,,
496.8863,0.08,1.99692,497.0866,0.04744,1.0842,485.9582,-0.14217,0.0491,,,
496.9703,0.08007,1.99875,497.1689,0.04744,1.08421,486.0402,-0.14222,0.04847,,,
497.056,0.08007,1.99862,497.2542,0.04743,1.08396,486.124,-0.14223,0.04825,,,
497.1386,0.07996,1.99607,497.3369,0.04736,1.08244,486.2078,-0.14226,0.04794,,,
497.2219,0.07975,1.99072,497.42,0.0473,1.08089,486.291,-0.14212,0.04971,,,
497.305,0.0794,1.98187,497.5036,0.0472,1.07867,486.3738,-0.14193,0.05196,,,
497.3882,0.0792,1.97699,497.5886,0.04707,1.07572,486.4578,-0.14207,0.05027,,,
497.4731,0.07926,1.97847,497.6739,0.04701,1.07425,486.5416,-0.14211,0.04976,,,
497.5549,0.07937,1.98123,497.7559,0.04698,1.07362,486.6253,-0.14211,0.04975,,,
497.6367,0.07946,1.98359,497.839,0.04702,1.07464,486.7084,-0.14216,0.0492,,,
497.7208,0.07962,1.98754,497.9236,0.04705,1.07517,486.7918,-0.14227,0.04782,,,
497.8044,0.07979,1.99162,498.0076,0.04694,1.07278,486.8771,-0.14227,0.04786,,,
497.8868,0.07985,1.99319,498.0896,0.04715,1.07746,486.9583,-0.14216,0.04918,,,
497.9711,0.07967,1.98873,498.172,0.04731,1.08111,487.043,-0.1421,0.0499,,,
498.0538,0.07966,1.98847,498.2561,0.04726,1.08001,487.1269,-0.14216,0.04923,,,
498.1386,0.07969,1.98914,498.3416,0.04717,1.07799,487.2076,-0.14217,0.04904,,,
498.2206,0.07963,1.98774,498.424,0.04704,1.07493,487.2944,-0.14219,0.04874,,,
498.307,0.07953,1.98518,498.509,0.04733,1.08158,487.3778,-0.14227,0.04784,,,
498.3884,0.07941,1.98215,498.5922,0.04732,1.0814,487.46,-0.14224,0.04819,,,
498.4724,0.07921,1.97722,498.6752,0.04695,1.07306,487.5452,-0.1423,0.0474,,,
498.557,0.07903,1.97273,498.7578,0.04679,1.06924,487.6262,-0.14252,0.04471,,,
498.6404,0.07901,1.97219,498.8398,0.04659,1.06481,487.7098,-0.1426,0.04376,,,
498.7234,0.07902,1.9725,498.9252,0.04643,1.06116,487.7938,-0.14243,0.04585,,,
498.8067,0.07902,1.97258,499.0066,0.04612,1.05412,487.8764,-0.1425,0.04502,,,
498.89,0.07907,1.97363,499.0918,0.04596,1.05037,487.9621,-0.14242,0.04595,,,
498.9752,0.07928,1.97906,499.1744,0.04588,1.04847,488.0444,-0.14227,0.04784,,,
499.057,0.07926,1.97851,499.2585,0.04591,1.04927,488.1283,-0.14223,0.04832,,,
499.1412,0.0791,1.97452,499.3406,0.04585,1.04779,488.2115,-0.14222,0.04842,,,
499.225,0.07924,1.97789,499.4244,0.04573,1.04502,488.2946,-0.14216,0.04918,,,
499.3074,0.07946,1.98358,499.5093,0.0455,1.03995,488.3768,-0.14216,0.04913,,,
499.3911,0.07959,1.98668,499.5916,0.04527,1.03463,488.4608,-0.14216,0.04918,,,
499.474,0.07956,1.98593,499.6768,0.04502,1.02886,488.544,-0.14227,0.04782,,,
499.5582,0.07951,1.98479,499.7578,0.04512,1.03105,488.628,-0.14227,0.04779,,,
499.6422,0.0796,1.98687,499.8435,0.04532,1.03569,488.7124,-0.14232,0.04715,,,
499.7252,0.07951,1.98479,499.9252,0.04521,1.03324,488.7956,-0.14238,0.04646,,,
499.8094,0.07938,1.98149,500.0094,0.04496,1.02758,488.8784,-0.14239,0.04639,,,
499.8926,0.0793,1.9795,500.0932,0.04476,1.023,488.9627,-0.14235,0.04687,,,
499.9767,0.07923,1.97763,500.1772,0.04483,1.02457,489.047,-0.1424,0.04625,,,
500.059,0.07918,1.97661,500.26,0.04522,1.03333,489.1291,-0.14237,0.04654,,,
500.1419,0.07905,1.97321,500.3424,0.04542,1.038,489.2146,-0.14232,0.04718,,,
500.2274,0.07903,1.97282,500.4257,0.04542,1.03801,489.296,-0.14223,0.04829,,,
500.3094,0.07911,1.97474,500.5103,0.04537,1.03691,489.3799,-0.1421,0.04987,,,
500.3941,0.07913,1.97522,500.5934,0.04533,1.0359,489.4633,-0.14209,0.05009,,,
500.478,0.07912,1.97488,500.678,0.04538,1.037,489.5476,-0.14205,0.05052,,,
500.5613,0.07908,1.97389,500.7611,0.04571,1.0447,489.629,-0.14208,0.05022,,,
500.6438,0.07904,1.97311,500.8444,0.04601,1.05144,489.7136,-0.14217,0.04911,,,
500.7269,0.07895,1.97066,500.93,0.04621,1.05614,489.7953,-0.14204,0.05063,,,
500.811,0.07899,1.97163,501.0121,0.04642,1.06082,489.8789,-0.14191,0.05231,,,
500.896,0.07922,1.97751,501.0944,0.04654,1.0635,489.9628,-0.14197,0.05148,,,
500.977,0.07947,1.98383,501.1778,0.04649,1.0624,490.0472,-0.14203,0.05074,,,
501.0611,0.07942,1.98259,501.2609,0.04632,1.05849,490.1309,-0.14199,0.05121,,,
501.1432,0.07931,1.97983,501.345,0.04627,1.0575,490.2144,-0.14196,0.05158,,,
501.2284,0.07922,1.97755,501.4288,0.04614,1.05441,490.2966,-0.14199,0.05128,,,
501.3128,0.07926,1.97838,501.509,0.04597,1.05055,490.38,-0.142,0.05109,,,
501.3939,0.07933,1.98012,501.5944,0.04592,1.04942,490.464,-0.14206,0.0504,,,
501.4778,0.07933,1.98013,501.6776,0.04599,1.05094,490.5464,-0.14223,0.04832,,,
501.5622,0.07923,1.9777,501.7619,0.04601,1.05148,490.6298,-0.14228,0.04771,,,
501.6437,0.07926,1.97838,501.8444,0.04592,1.04947,490.7146,-0.14231,0.04737,,,
501.7264,0.07925,1.97824,501.9266,0.0458,1.04681,490.7967,-0.14223,0.04831,,,
501.8102,0.07935,1.98076,502.0115,0.04568,1.04395,490.8792,-0.14229,0.04756,,,
501.8938,0.07929,1.97924,502.0946,0.04551,1.04013,490.964,-0.14253,0.04459,,,
501.978,0.07924,1.97811,502.1772,0.0455,1.03988,491.0474,-0.14263,0.04333,,,
502.0619,0.07923,1.9778,502.261,0.04561,1.04239,491.131,-0.14255,0.04443,,,
502.1444,0.07932,1.97994,502.3445,0.04562,1.04258,491.2144,-0.14228,0.04775,,,
502.2283,0.07926,1.97848,502.4278,0.04551,1.04015,491.297,-0.14219,0.04877,,,
502.3106,0.07911,1.97465,502.5122,0.04543,1.03828,491.3824,-0.14209,0.05001,,,
502.394,0.07908,1.97407,502.5944,0.04558,1.04157,491.4647,-0.14203,0.05079,,,
502.4791,0.07907,1.97366,502.6785,0.04571,1.0446,491.548,-0.14197,0.05153,,,
502.561,0.079,1.97197,502.7624,0.04569,1.04413,491.6314,-0.14181,0.05345,,,
502.6436,0.07908,1.9739,502.847,0.04548,1.03943,491.7156,-0.14184,0.05316,,,
502.7282,0.07893,1.97018,502.929,0.04542,1.03792,491.7976,-0.14189,0.05253,,,
502.8116,0.07873,1.96515,503.0118,0.04542,1.03813,491.8824,-0.1418,0.05356,,,
502.8947,0.07862,1.9626,503.0976,0.04536,1.03675,491.9645,-0.14183,0.05319,,,
502.9778,0.07868,1.96395,503.179,0.04533,1.03595,492.0493,-0.14189,0.05253,,,
503.0611,0.07876,1.96606,503.2648,0.04545,1.03863,492.133,-0.14197,0.0515,,,
503.1452,0.07885,1.96835,503.3449,0.04559,1.04192,492.2152,-0.14211,0.04975,,,
503.2276,0.07906,1.97351,503.4294,0.04564,1.04304,492.2996,-0.14212,0.04962,,,
503.3111,0.07925,1.97833,503.5126,0.04576,1.04589,492.3822,-0.14189,0.05249,,,
503.395,0.07916,1.97605,503.5984,0.04598,1.05079,492.4648,-0.14188,0.05266,,,
503.4784,0.07906,1.97342,503.682,0.04598,1.05091,492.548,-0.14184,0.05307,,,
503.5612,0.07908,1.97389,503.7631,0.04585,1.04786,492.6326,-0.14151,0.05723,,,
503.6431,0.07918,1.97639,503.8466,0.04569,1.04411,492.7158,-0.14159,0.05614,,,
503.728,0.07925,1.97829,503.9312,0.04566,1.04339,492.7978,-0.14188,0.0526,,,
503.81,0.07931,1.97969,504.0138,0.04555,1.04102,492.8822,-0.14205,0.05057,,,
503.8944,0.07926,1.97861,504.0974,0.04552,1.04023,492.9644,-0.142,0.05113,,,
503.9766,0.07923,1.97786,504.1819,0.04557,1.04153,493.0484,-0.14205,0.05059,,,
504.0625,0.07916,1.97607,504.2661,0.04572,1.04485,493.1326,-0.14229,0.04754,,,
504.1463,0.07909,1.97424,504.3481,0.04585,1.04792,493.216,-0.1423,0.04749,,,
504.2286,0.07897,1.97134,504.4325,0.04579,1.04636,493.3002,-0.1422,0.04865,,,
504.313,0.07895,1.97064,504.5154,0.04583,1.04734,493.3844,-0.1424,0.04618,,,
504.394,0.07907,1.97375,504.5978,0.04582,1.04718,493.4676,-0.14229,0.04753,,,
504.4781,0.0789,1.96958,504.6795,0.04586,1.04804,493.5503,-0.14212,0.04967,,,
504.5617,0.07877,1.96615,504.7641,0.04598,1.05081,493.634,-0.14204,0.05071,,,
504.6445,0.07873,1.96525,504.8467,0.04581,1.04701,493.7176,-0.14212,0.0497,,,
504.7284,0.07877,1.96628,504.9306,0.04553,1.04053,493.8009,-0.14209,0.04999,,,
504.8125,0.07882,1.96744,505.0138,0.04545,1.03875,493.8831,-0.14198,0.05141,,,
504.8976,0.07893,1.97019,505.0965,0.04527,1.03452,493.9654,-0.14195,0.05173,,,
504.9804,0.07887,1.96875,505.1804,0.04506,1.02983,494.0504,-0.14198,0.05143,,,
505.063,0.07868,1.96409,505.2636,0.04489,1.02582,494.1332,-0.14201,0.05097,,,
505.1459,0.07858,1.96151,505.3471,0.045,1.0285,494.2179,-0.14205,0.05057,,,
505.2288,0.07851,1.95974,505.4312,0.04515,1.03188,494.3015,-0.14208,0.05017,,,
505.313,0.07847,1.95873,505.514,0.04554,1.04076,494.3838,-0.14199,0.05129,,,
505.3966,0.07861,1.96222,505.5966,0.04564,1.04293,494.4666,-0.1419,0.05241,,,
505.4809,0.07873,1.96515,505.6814,0.04569,1.04418,494.5512,-0.1419,0.05236,,,
505.5646,0.07882,1.96745,505.7641,0.0457,1.04452,494.6364,-0.14195,0.05178,,,
505.6467,0.07877,1.96623,505.8482,0.0455,1.03996,494.7159,-0.14195,0.05172,,,
505.7309,0.07902,1.97259,505.9316,0.04518,1.03245,494.8004,-0.1418,0.05365,,,
505.8136,0.07913,1.9752,506.0152,0.0448,1.02392,494.8844,-0.14176,0.05405,,,
505.8981,0.07912,1.97495,506.0984,0.04456,1.01841,494.967,-0.14191,0.05229,,,
505.9802,0.07903,1.97272,506.1824,0.04458,1.01893,495.0512,-0.14214,0.0494,,,
506.0638,0.07888,1.9691,506.264,0.04492,1.0265,495.135,-0.14226,0.04796,,,
506.1459,0.07894,1.97039,506.3474,0.04509,1.03055,495.2167,-0.14231,0.04731,,,
506.2292,0.07893,1.9702,506.4304,0.04522,1.03344,495.3009,-0.14222,0.04847,,,
506.3126,0.07872,1.96511,506.5139,0.04546,1.03883,495.3862,-0.14202,0.05092,,,
506.3969,0.07854,1.96041,506.5974,0.04556,1.04122,495.4675,-0.14196,0.05169,,,
506.4818,0.07863,1.96282,506.6816,0.04555,1.04107,495.553,-0.14193,0.052,,,
506.5638,0.07861,1.96228,506.7634,0.0456,1.0422,495.6366,-0.14186,0.05286,,,
506.6464,0.07862,1.9625,506.8465,0.04572,1.04492,495.7191,-0.14178,0.0538,,,
506.7287,0.07871,1.9647,506.9303,0.0457,1.04439,495.8026,-0.14174,0.0543,,,
506.8131,0.07891,1.96974,507.0152,0.04554,1.04076,495.8876,-0.1417,0.05482,,,
506.8976,0.07902,1.97257,507.0992,0.04549,1.03964,495.9689,-0.14175,0.05425,,,
506.9818,0.07873,1.96528,507.1814,0.04557,1.04142,496.0526,-0.14181,0.05352,,,
507.0656,0.07886,1.96844,507.2656,0.04553,1.04058,496.1366,-0.1419,0.05234,,,
507.1462,0.079,1.972,507.348,0.04538,1.037,496.2206,-0.14192,0.0521,,,
507.2299,0.07876,1.966,507.433,0.04544,1.03842,496.3042,-0.14194,0.05193,,,
507.313,0.07862,1.96259,507.5162,0.04563,1.04283,496.3865,-0.14208,0.0502,,,
507.3975,0.07865,1.9633,507.5993,0.0457,1.04451,496.4693,-0.14218,0.04899,,,
507.482,0.07858,1.96153,507.6822,0.04548,1.03946,496.5537,-0.14219,0.04875,,,
507.5652,0.07859,1.96184,507.7664,0.04529,1.03502,496.6372,-0.14221,0.0486,,,
507.6474,0.07863,1.96288,507.85,0.04532,1.03571,496.72,-0.14212,0.04965,,,
507.7306,0.07859,1.96183,507.9328,0.04537,1.03691,496.8046,-0.14184,0.05313,,,
507.8138,0.0787,1.96439,508.016,0.04534,1.03629,496.8879,-0.14172,0.05465,,,
507.8991,0.07869,1.96428,508.1,0.04532,1.0358,496.9716,-0.14167,0.05522,,,
507.9834,0.07843,1.95788,508.1828,0.04542,1.03811,497.0534,-0.14177,0.05402,,,
508.0656,0.07827,1.95368,508.2665,0.04545,1.0388,497.1378,-0.14179,0.05368,,,
508.149,0.07821,1.95231,508.3485,0.04545,1.03866,497.2203,-0.14183,0.05328,,,
508.2326,0.07823,1.95273,508.4322,0.04547,1.03911,497.3043,-0.14187,0.05274,,,
508.3139,0.07834,1.95552,508.5162,0.04561,1.04241,497.3873,-0.1419,0.0524,,,
508.3978,0.07832,1.95515,508.5992,0.04573,1.04516,497.4717,-0.14198,0.05143,,,
508.482,0.07828,1.95398,508.6832,0.04573,1.04508,497.554,-0.14198,0.05138,,,
508.5653,0.07818,1.95164,508.765,0.0456,1.04218,497.637,-0.14195,0.05176,,,
508.6485,0.07832,1.95498,508.849,0.04568,1.04388,497.7207,-0.14193,0.05199,,,
508.7316,0.07797,1.94633,508.9333,0.04568,1.04393,497.8047,-0.14194,0.05186,,,
508.8162,0.07616,1.90117,509.017,0.04564,1.04315,497.8883,-0.1418,0.05361,,,
508.8994,0.074,1.84725,509.1004,0.04565,1.04324,497.9719,-0.14185,0.05295,,,
508.9828,0.07375,1.84085,509.184,0.04578,1.04621,498.0552,-0.14173,0.05444,,,
509.0686,0.07456,1.86107,509.2665,0.04574,1.04531,498.1384,-0.14165,0.05542,,,
509.1532,0.07547,1.88396,509.3516,0.04558,1.04178,498.2216,-0.14159,0.05623,,,
509.2384,0.07621,1.90246,509.434,0.04542,1.03798,498.3037,-0.14167,0.05515,,,
509.3227,0.07686,1.91862,509.5181,0.04549,1.03967,498.3869,-0.1418,0.05357,,,
509.4058,0.07726,1.92864,509.6008,0.04555,1.04096,498.4716,-0.14208,0.05017,,,
509.4894,0.07768,1.939,509.6852,0.0455,1.03984,498.5538,-0.14231,0.04738,,,
509.5726,0.07808,1.94914,509.7684,0.04533,1.03596,498.6368,-0.14221,0.04854,,,
509.6588,0.07856,1.96102,509.8525,0.04527,1.03458,498.721,-0.14213,0.04957,,,
509.743,0.07997,1.9962,509.9354,0.0453,1.03529,498.805,-0.14193,0.05205,,,
509.825,0.08159,2.03657,510.0191,0.04537,1.03697,498.8889,-0.14187,0.05273,,,
509.9075,0.0822,2.05189,510.1007,0.04514,1.03158,498.9722,-0.14181,0.05344,,,
509.9902,0.08211,2.04965,510.1846,0.04507,1.02992,499.0548,-0.1418,0.05365,,,
510.073,0.08153,2.03518,510.2691,0.04509,1.03044,499.1396,-0.14183,0.05324,,,
510.1544,0.08089,2.01908,510.3515,0.04509,1.03043,499.2206,-0.14174,0.0544,,,
510.2356,0.08035,2.00568,510.4339,0.04513,1.03136,499.3056,-0.1417,0.05479,,,
510.3184,0.07972,1.99001,510.5186,0.04517,1.03238,499.3891,-0.14181,0.05352,,,
510.4013,0.07928,1.97891,510.6028,0.04525,1.03405,499.472,-0.14181,0.05346,,,
510.4838,0.07883,1.96784,510.686,0.04537,1.03692,499.5556,-0.14166,0.05537,,,
510.5664,0.0786,1.96193,510.7697,0.04534,1.03627,499.6388,-0.1415,0.05737,,,
510.6502,0.07848,1.9589,510.8534,0.04532,1.0358,499.7217,-0.14162,0.05587,,,
510.7324,0.07846,1.9584,510.9376,0.04548,1.03935,499.805,-0.14177,0.05402,,,
510.8142,0.07851,1.95976,511.0198,0.04565,1.04337,499.8889,-0.14193,0.05204,,,
510.8986,0.07838,1.9565,511.1031,0.04567,1.04374,499.9734,-0.14201,0.05107,,,
510.982,0.07833,1.95528,511.1863,0.04549,1.03952,500.0563,-0.14185,0.05303,,,
511.0656,0.0784,1.95713,511.2716,0.04544,1.03855,500.1402,-0.14173,0.05446,,,
511.1481,0.07856,1.9611,511.3537,0.0455,1.03989,500.2234,-0.14172,0.05454,,,
511.2313,0.07846,1.95845,511.4356,0.04547,1.03913,500.3061,-0.14161,0.05594,,,
511.314,0.07832,1.95498,511.5194,0.0453,1.03531,500.39,-0.14175,0.05424,,,
511.3982,0.0784,1.95699,511.602,0.04531,1.03546,500.4726,-0.14192,0.05213,,,
511.4812,0.07832,1.95506,511.6852,0.04553,1.04047,500.5578,-0.14189,0.05248,,,
511.5672,0.07829,1.95422,511.7706,0.04554,1.04083,500.6391,-0.14175,0.05419,,,
511.6504,0.07835,1.95587,511.8536,0.04543,1.03831,500.7228,-0.14184,0.05308,,,
511.7341,0.07842,1.95757,511.9381,0.04534,1.03616,500.807,-0.14184,0.05312,,,
511.8176,0.0783,1.95453,512.0196,0.04532,1.0357,500.8907,-0.14175,0.05419,,,
511.9006,0.0781,1.9495,512.1053,0.04534,1.03625,500.9738,-0.14178,0.05385,,,
511.984,0.07805,1.94822,512.1876,0.04513,1.03144,501.0591,-0.14172,0.05461,,,
512.067,0.07815,1.95075,512.2714,0.04512,1.03121,501.1416,-0.14184,0.05313,,,
512.1513,0.07837,1.95628,512.3526,0.04529,1.03511,501.2266,-0.14185,0.05295,,,
512.235,0.07856,1.96103,512.4386,0.04511,1.031,501.3074,-0.14182,0.05335,,,
512.318,0.07865,1.96325,512.522,0.04514,1.03159,501.3918,-0.14193,0.05206,,,
512.403,0.07854,1.96061,512.605,0.04525,1.03423,501.4748,-0.14179,0.05368,,,
512.4834,0.07825,1.95317,512.6892,0.04526,1.03425,501.5582,-0.14169,0.0549,,,
512.5676,0.07807,1.94882,512.7722,0.04511,1.03085,501.6428,-0.14175,0.05428,,,
512.6522,0.07801,1.9474,512.8559,0.04503,1.029,501.7263,-0.14185,0.05299,,,
512.7376,0.07795,1.9458,512.9384,0.04521,1.0332,501.8096,-0.14188,0.05262,,,
512.8198,0.07791,1.94491,513.0239,0.04448,1.01665,501.8922,-0.14186,0.05284,,,
512.9041,0.07776,1.94107,513.1075,0.0445,1.01692,501.9759,-0.14174,0.0543,,,
512.9859,0.07772,1.94006,513.1874,0.04456,1.01838,502.0581,-0.14174,0.05439,,,
513.0705,0.07799,1.94669,513.2718,0.04421,1.01027,502.143,-0.14185,0.05297,,,
513.154,0.07753,1.93532,513.3554,0.04354,0.99513,502.2281,-0.14183,0.05329,,,
513.2376,0.07725,1.92839,513.4399,0.04292,0.98098,502.3122,-0.14174,0.0544,,,
513.3226,0.07724,1.92812,513.5219,0.04254,0.97227,502.3945,-0.14178,0.05386,,,
513.4038,0.07719,1.9269,513.6046,0.04236,0.96805,502.4763,-0.14183,0.05319,,,
513.4882,0.07735,1.9307,513.6891,0.04233,0.96748,502.5622,-0.14187,0.05278,,,
513.5724,0.07763,1.93786,513.7717,0.04256,0.97262,502.6446,-0.14198,0.05143,,,
513.6555,0.07791,1.94469,513.8546,0.04223,0.96522,502.729,-0.14201,0.05098,,,
513.7382,0.078,1.94706,513.9384,0.04156,0.94972,502.8117,-0.14197,0.05153,,,
513.8206,0.07803,1.94791,514.022,0.0414,0.94616,502.8946,-0.14197,0.05151,,,
513.9062,0.07794,1.94561,514.1054,0.0419,0.95763,502.98,-0.1418,0.05355,,,
513.989,0.0776,1.93713,514.19,0.04241,0.96931,503.0624,-0.14173,0.05443,,,
514.0726,0.07742,1.93248,514.273,0.04234,0.96766,503.145,-0.14172,0.05461,,,
514.1565,0.07718,1.92656,514.356,0.04188,0.95709,503.2289,-0.1417,0.05484,,,
514.2394,0.07706,1.9235,514.4381,0.04168,0.9526,503.3118,-0.14171,0.05472,,,
514.3223,0.07707,1.92382,514.5222,0.04227,0.96612,503.3941,-0.14158,0.05629,,,
514.4078,0.07721,1.92728,514.6058,0.04273,0.97659,503.4787,-0.14148,0.05761,,,
514.4904,0.07727,1.92884,514.6899,0.04252,0.97182,503.5618,-0.1416,0.05604,,,
514.5746,0.07731,1.92989,514.772,0.04223,0.96505,503.645,-0.14168,0.05508,,,
514.6576,0.07722,1.92756,514.8549,0.04219,0.96416,503.729,-0.14167,0.05523,,,
514.7408,0.07719,1.92672,514.9397,0.04275,0.97705,503.8134,-0.14171,0.05475,,,
514.8243,0.07728,1.929,515.0226,0.04323,0.98803,503.8948,-0.14189,0.05253,,,
514.9079,0.0775,1.93457,515.1076,0.04302,0.98328,503.9801,-0.14194,0.05183,,,
514.9902,0.07781,1.94221,515.1914,0.04247,0.97059,504.0617,-0.14195,0.05178,,,
515.076,0.07807,1.94888,515.2754,0.04208,0.96165,504.1468,-0.14189,0.05256,,,
515.1576,0.07826,1.95348,515.3565,0.04248,0.97091,504.2292,-0.14176,0.05415,,,
515.241,0.07842,1.95761,515.4396,0.04304,0.98364,504.3141,-0.1417,0.05484,,,
515.3242,0.07846,1.95843,515.5231,0.04297,0.98206,504.3963,-0.14167,0.05521,,,
515.4063,0.07828,1.95412,515.6074,0.0425,0.97135,504.4797,-0.14161,0.05591,,,
515.4918,0.07824,1.95296,515.6902,0.04217,0.96381,504.5642,-0.1417,0.05479,,,
515.5746,0.07808,1.94893,515.7724,0.04263,0.97424,504.646,-0.14188,0.05264,,,
515.659,0.07811,1.94984,515.857,0.04324,0.9882,504.7304,-0.14182,0.05339,,,
515.7403,0.07793,1.94535,515.9396,0.04303,0.98339,504.8132,-0.14167,0.0552,,,
515.8248,0.07775,1.94083,516.0231,0.04236,0.9681,504.8986,-0.14171,0.0547,,,
515.9094,0.07787,1.94367,516.1069,0.04155,0.94962,504.9812,-0.14185,0.05296,,,
515.9912,0.07782,1.94247,516.1887,0.04162,0.95119,505.0653,-0.1418,0.05363,,,
516.0756,0.07765,1.93823,516.2724,0.04226,0.96584,505.1504,-0.14146,0.05783,,,
516.158,0.07769,1.93937,516.3575,0.04229,0.96642,505.233,-0.14133,0.05946,,,
516.2418,0.07781,1.94221,516.441,0.04173,0.9538,505.3148,-0.14135,0.05918,,,
516.3268,0.07788,1.94397,516.5246,0.04132,0.94426,505.3989,-0.14149,0.05743,,,
516.4109,0.07757,1.93628,516.6069,0.04145,0.94728,505.4817,-0.14152,0.05703,,,
516.4926,0.07736,1.93109,516.6911,0.04184,0.95617,505.5661,-0.14126,0.06031,,,
516.5772,0.07732,1.93015,516.7729,0.0419,0.95761,505.6476,-0.1411,0.0622,,,
516.6606,0.07746,1.93355,516.8584,0.04131,0.94414,505.7308,-0.14137,0.05895,,,
516.7424,0.07748,1.93411,516.9408,0.0412,0.94162,505.813,-0.14166,0.0553,,,
516.8268,0.07755,1.93587,517.0257,0.04135,0.94509,505.8983,-0.14169,0.05496,,,
516.9093,0.07744,1.93305,517.1088,0.04156,0.94979,505.9802,-0.14162,0.05577,,,
516.9938,0.0773,1.92961,517.191,0.04177,0.95451,506.0634,-0.14143,0.05814,,,
517.0762,0.07718,1.92654,517.2773,0.04159,0.95046,506.148,-0.14126,0.06023,,,
517.16,0.07716,1.92599,517.3588,0.04129,0.94373,506.232,-0.14112,0.062,,,
517.2428,0.07727,1.9287,517.4433,0.04142,0.94653,506.3152,-0.14096,0.06402,,,
517.3264,0.07755,1.93585,517.5258,0.04202,0.96023,506.398,-0.14093,0.06427,,,
517.4104,0.07761,1.93734,517.6096,0.0423,0.96674,506.4816,-0.14111,0.06215,,,
517.4946,0.07765,1.93831,517.6909,0.04184,0.95616,506.5648,-0.14124,0.06057,,,
517.5768,0.07768,1.93907,517.7752,0.04153,0.94909,506.6478,-0.14135,0.0592,,,
517.6597,0.07775,1.94084,517.8581,0.04158,0.95034,506.73,-0.14151,0.05719,,,
517.7428,0.07773,1.94028,517.9429,0.04186,0.95669,506.8131,-0.14158,0.05637,,,
517.8262,0.07757,1.93628,518.0252,0.04186,0.95673,506.8968,-0.14153,0.0569,,,
517.911,0.07732,1.93006,518.1089,0.04152,0.94883,506.9814,-0.14134,0.05934,,,
517.9944,0.07718,1.92659,518.1926,0.0415,0.94833,507.0652,-0.1412,0.06101,,,
518.0774,0.07724,1.92816,518.2766,0.04167,0.95239,507.1484,-0.14121,0.06089,,,
518.1598,0.07738,1.93154,518.3598,0.04186,0.95675,507.2322,-0.1412,0.06103,,,
518.246,0.07746,1.93351,518.4418,0.04189,0.95739,507.3156,-0.14123,0.06066,,,
518.3282,0.07746,1.93352,518.5266,0.04163,0.9513,507.3984,-0.14109,0.06239,,,
518.4116,0.07759,1.93675,518.6096,0.04144,0.94695,507.4817,-0.14098,0.06368,,,
518.494,0.07771,1.93989,518.6934,0.04149,0.94815,507.5642,-0.14115,0.06161,,,
518.5786,0.07764,1.93793,518.7782,0.04189,0.95745,507.6481,-0.1413,0.05973,,,
518.662,0.07749,1.9343,518.8598,0.04203,0.96043,507.7312,-0.14138,0.05872,,,
518.7454,0.07736,1.93101,518.9434,0.0417,0.95303,507.8144,-0.14144,0.05807,,,
518.8292,0.07739,1.93169,519.0254,0.04133,0.94465,507.8988,-0.14155,0.05666,,,
518.914,0.07739,1.93188,519.1117,0.04149,0.94827,507.9802,-0.14161,0.05594,,,
518.9967,0.07743,1.93273,519.1953,0.04192,0.95809,508.0657,-0.14151,0.05712,,,
519.0805,0.07747,1.93382,519.2772,0.0421,0.96212,508.149,-0.14145,0.05792,,,
519.162,0.07733,1.93034,519.3598,0.04183,0.95595,508.2318,-0.14136,0.05904,,,
519.247,0.07726,1.92869,519.4436,0.04161,0.95093,508.3164,-0.14126,0.0602,,,
519.3287,0.07708,1.92416,519.5274,0.04162,0.95128,508.3992,-0.14109,0.06237,,,
519.4127,0.07699,1.92188,519.6106,0.04185,0.95641,508.485,-0.141,0.06342,,,
519.4959,0.07695,1.92076,519.6957,0.04177,0.95452,508.5663,-0.14094,0.06424,,,
519.5803,0.0771,1.92467,519.7796,0.04155,0.9496,508.65,-0.14085,0.0653,,,
519.6628,0.07697,1.92142,519.8617,0.0412,0.94161,508.734,-0.1408,0.06599,,,
519.7452,0.07686,1.91869,519.9455,0.04088,0.93435,508.8178,-0.14084,0.06545,,,
519.8299,0.07702,1.92256,520.0276,0.04111,0.93963,508.9018,-0.14102,0.06319,,,
519.9121,0.07709,1.9244,520.1106,0.04158,0.95037,508.9854,-0.14098,0.06369,,,
519.9952,0.07723,1.92771,520.1951,0.04171,0.95317,509.0681,-0.14096,0.06398,,,
520.0813,0.07712,1.92514,520.2766,0.04126,0.9429,509.1513,-0.14103,0.06303,,,
520.1642,0.07693,1.92029,520.362,0.04123,0.94218,509.2369,-0.14106,0.06276,,,
520.2466,0.07693,1.92027,520.4466,0.04166,0.95198,509.3191,-0.14112,0.06195,,,
520.3309,0.07678,1.9166,520.529,0.04198,0.95951,509.4037,-0.14123,0.06058,,,
520.414,0.07674,1.91557,520.6104,0.04164,0.95164,509.486,-0.14132,0.05954,,,
520.4955,0.07682,1.91767,520.6955,0.0412,0.94161,509.5696,-0.14144,0.0581,,,
520.5797,0.07689,1.91938,520.7787,0.04133,0.94457,509.655,-0.14146,0.05782,,,
520.6629,0.0769,1.91958,520.8632,0.04159,0.95053,509.7373,-0.14141,0.05844,,,
520.7457,0.07718,1.92655,520.9453,0.04184,0.95611,509.821,-0.14146,0.05774,,,
520.8291,0.07734,1.93046,521.0291,0.04186,0.95677,509.9059,-0.14159,0.0562,,,
520.9129,0.07741,1.93226,521.1125,0.04166,0.95209,509.9892,-0.14154,0.05686,,,
520.9966,0.07752,1.93494,521.197,0.0415,0.94836,510.0718,-0.14118,0.06122,,,
521.0812,0.07739,1.93192,521.2798,0.04167,0.95229,510.156,-0.141,0.06344,,,
521.1628,0.07725,1.92842,521.3636,0.04181,0.95544,510.2389,-0.14107,0.06255,,,
521.2452,0.07712,1.92498,521.4455,0.04173,0.95362,510.3238,-0.14114,0.06176,,,
521.3294,0.07725,1.92838,521.53,0.04131,0.94414,510.4054,-0.14111,0.06205,,,
521.4122,0.07738,1.93166,521.6148,0.04129,0.94356,510.4894,-0.14109,0.06234,,,
521.4978,0.07743,1.9329,521.6972,0.04172,0.95341,510.5721,-0.14111,0.06205,,,
521.5787,0.07742,1.93258,521.7812,0.04201,0.96011,510.6562,-0.14118,0.06121,,,
521.6625,0.07736,1.93117,521.8645,0.04183,0.95599,510.7384,-0.14141,0.05839,,,
521.747,0.07719,1.92687,521.9465,0.04177,0.9546,510.8227,-0.14152,0.05705,,,
521.8295,0.07704,1.92315,522.031,0.04189,0.95731,510.9066,-0.1414,0.05859,,,
521.9134,0.07718,1.92652,522.1132,0.04185,0.95644,510.9896,-0.14131,0.05965,,,
521.9976,0.07712,1.92508,522.1963,0.04167,0.95224,511.0719,-0.14112,0.06198,,,
522.0796,0.07705,1.92344,522.2818,0.04151,0.94875,511.1578,-0.14113,0.06192,,,
522.1636,0.07711,1.92473,522.365,0.04154,0.9493,511.24,-0.14129,0.05986,,,
522.2466,0.07709,1.92424,522.4477,0.04168,0.95263,511.3244,-0.14134,0.05928,,,
522.3302,0.077,1.92216,522.532,0.04169,0.95272,511.4064,-0.14131,0.05969,,,
522.4133,0.07682,1.91769,522.6153,0.0418,0.95538,511.4915,-0.14117,0.06139,,,
522.4998,0.07674,1.9157,522.698,0.04184,0.95628,511.5728,-0.14124,0.06051,,,
522.5814,0.07682,1.91764,522.7825,0.04152,0.94896,511.6589,-0.14131,0.0596,,,
522.6664,0.07683,1.91777,522.866,0.04156,0.9498,511.7398,-0.14126,0.06023,,,
522.7484,0.07688,1.91896,522.9484,0.04168,0.95258,511.8234,-0.14129,0.05995,,,
522.8339,0.077,1.92198,523.0328,0.04157,0.94998,511.9078,-0.14123,0.06058,,,
522.9164,0.07705,1.92341,523.1154,0.04126,0.94293,511.9906,-0.14119,0.06114,,,
523.0004,0.07714,1.92554,523.1998,0.04188,0.95716,512.0743,-0.14122,0.06076,,,
523.0834,0.07723,1.92771,523.2839,0.04139,0.94592,512.1583,-0.14119,0.06108,,,
523.1676,0.07711,1.9249,523.3678,0.0417,0.95296,512.2417,-0.1412,0.06103,,,
523.25,0.07707,1.92374,523.4507,0.04247,0.97064,512.3243,-0.14116,0.06143,,,
523.3342,0.0769,1.91959,523.5318,0.04283,0.97887,512.4071,-0.141,0.06343,,,
523.4163,0.07675,1.91595,523.6172,0.04275,0.97707,512.491,-0.14091,0.06451,,,
523.4996,0.0768,1.91703,523.6982,0.04281,0.9783,512.575,-0.14095,0.06409,,,
523.583,0.07697,1.92125,523.783,0.0432,0.98731,512.6582,-0.14109,0.06238,,,
523.6679,0.07714,1.92555,523.8667,0.04349,0.99397,512.7422,-0.14123,0.06067,,,
523.7519,0.07729,1.92928,523.9498,0.04354,0.99496,512.8244,-0.14128,0.06005,,,
523.8339,0.07715,1.92582,524.0331,0.04368,0.9983,512.9086,-0.14122,0.0607,,,
523.9172,0.07717,1.9263,524.1172,0.04362,0.9969,512.9924,-0.14117,0.06141,,,
523.9998,0.07718,1.92657,524.1996,0.04374,0.99952,513.0758,-0.14101,0.0633,,,
524.083,0.07703,1.92285,524.2838,0.04408,1.00741,513.1585,-0.14092,0.0644,,,
524.1657,0.07682,1.91747,524.3662,0.04408,1.00734,513.242,-0.14093,0.06428,,,
524.2496,0.07691,1.91971,524.4494,0.04405,1.00667,513.3271,-0.14104,0.06299,,,
524.3336,0.07703,1.92294,524.5334,0.0439,1.00337,513.4088,-0.14103,0.06307,,,
524.4176,0.07703,1.9227,524.6153,0.04387,1.00253,513.4944,-0.1411,0.06218,,,
524.4992,0.07707,1.92393,524.7,0.04389,1.00313,513.5774,-0.14125,0.06037,,,
524.5832,0.07711,1.92494,524.7828,0.04348,0.99364,513.6614,-0.14134,0.05927,,,
524.6671,0.07706,1.92348,524.8666,0.0431,0.98508,513.7437,-0.14133,0.05944,,,
524.7488,0.07705,1.92331,524.9506,0.0433,0.98961,513.828,-0.14137,0.05888,,,
524.8325,0.07708,1.92413,525.0337,0.04344,0.99274,513.9114,-0.14134,0.05928,,,
524.9168,0.0771,1.92469,525.117,0.04335,0.99077,513.9942,-0.14122,0.06074,,,
525.0006,0.07716,1.92614,525.2005,0.04342,0.99235,514.0784,-0.14116,0.06148,,,
525.0843,0.07732,1.93005,525.2844,0.04347,0.99345,514.162,-0.14103,0.06303,,,
525.1661,0.07744,1.93318,525.3675,0.04359,0.99614,514.2463,-0.14099,0.06353,,,
525.2512,0.07735,1.9308,525.45,0.04375,0.99983,514.3289,-0.14098,0.06372,,,
525.3352,0.07711,1.9249,525.5334,0.04401,1.0058,514.4134,-0.1409,0.06465,,,
525.418,0.07706,1.92358,525.616,0.04424,1.01108,514.494,-0.14085,0.06526,,,
525.4991,0.07695,1.92073,525.7,0.04397,1.00494,514.5782,-0.14087,0.06502,,,
525.5825,0.07656,1.91108,525.7836,0.04358,0.99591,514.6626,-0.14089,0.06487,,,
525.6671,0.07638,1.90658,525.8662,0.04366,0.99789,514.7476,-0.14075,0.06658,,,
525.7512,0.07642,1.90755,525.9505,0.04406,1.00701,514.8294,-0.14083,0.06558,,,
525.8332,0.07647,1.90878,526.034,0.0442,1.01006,514.9144,-0.141,0.06347,,,
525.9186,0.07654,1.91063,526.1163,0.04408,1.00738,514.9972,-0.14118,0.06123,,,
526.0022,0.07649,1.90932,526.201,0.04404,1.00651,515.0802,-0.14129,0.05987,,,
526.0845,0.07632,1.90504,526.2859,0.04414,1.0088,515.1626,-0.14133,0.05936,,,
526.168,0.07626,1.90353,526.3664,0.04426,1.0114,515.2466,-0.14121,0.0609,,,
526.2526,0.07631,1.90486,526.4509,0.04424,1.01096,515.3302,-0.14115,0.06157,,,
526.3364,0.07641,1.90746,526.5341,0.04424,1.01105,515.4126,-0.14121,0.06093,,,
526.419,0.07639,1.90682,526.6176,0.04434,1.01324,515.4964,-0.14106,0.06268,,,
526.5016,0.0763,1.90473,526.7011,0.04432,1.01291,515.5806,-0.14095,0.06407,,,
526.5874,0.0764,1.90703,526.7854,0.04445,1.01591,515.6653,-0.14082,0.06568,,,
526.6696,0.07632,1.9052,526.8692,0.04455,1.01804,515.7461,-0.14076,0.06648,,,
526.7516,0.07632,1.9052,526.9515,0.04451,1.01711,515.8322,-0.14074,0.06672,,,
526.8356,0.07629,1.90427,527.0351,0.04436,1.01378,515.9121,-0.14101,0.0633,,,
526.919,0.07627,1.90397,527.1184,0.04443,1.01532,515.9974,-0.1411,0.06222,,,
527.0043,0.07633,1.90547,527.2032,0.04479,1.02356,516.0806,-0.14116,0.06144,,,
527.0863,0.0765,1.90968,527.2849,0.04487,1.02549,516.1653,-0.14115,0.06157,,,
527.1702,0.07645,1.90847,527.3686,0.0447,1.02149,516.2491,-0.14117,0.06141,,,
527.2522,0.07644,1.9082,527.4506,0.04446,1.01619,516.332,-0.14118,0.06124,,,
527.336,0.07634,1.90553,527.5365,0.04465,1.02037,516.416,-0.1412,0.06099,,,
527.4209,0.07635,1.90588,527.6184,0.04499,1.02816,516.4996,-0.14127,0.06018,,,
527.5028,0.07642,1.90754,527.7016,0.04477,1.02314,516.5828,-0.1412,0.06095,,,
527.5863,0.07648,1.90902,527.7846,0.0443,1.01233,516.6667,-0.14113,0.06184,,,
527.6703,0.07637,1.90626,527.8678,0.04399,1.00532,516.7497,-0.14098,0.06365,,,
527.7546,0.07644,1.90818,527.952,0.04421,1.01036,516.8342,-0.14083,0.06551,,,
527.84,0.07641,1.90743,528.0343,0.04441,1.015,516.9165,-0.1409,0.06465,,,
527.9213,0.07629,1.90427,528.1188,0.0444,1.01468,517,-0.14092,0.0644,,,
528.005,0.07623,1.90277,528.2021,0.04404,1.00653,517.0833,-0.14095,0.06404,,,
528.0889,0.07629,1.90433,528.2852,0.04369,0.99848,517.166,-0.14091,0.06462,,,
528.1736,0.07646,1.90864,528.3701,0.04378,1.00053,517.2496,-0.14097,0.06378,,,
528.256,0.07654,1.91059,528.4534,0.04395,1.0044,517.3355,-0.14109,0.06238,,,
528.3399,0.07645,1.90841,528.5362,0.04386,1.0024,517.419,-0.14119,0.06113,,,
528.423,0.07644,1.90806,528.62,0.04371,0.99889,517.5,-0.1412,0.06098,,,
528.5055,0.0765,1.90961,528.7039,0.04351,0.99436,517.583,-0.14131,0.05961,,,
528.5898,0.07654,1.91058,528.7866,0.04362,0.99688,517.666,-0.14208,0.05017,,,
528.6734,0.07653,1.91028,528.8722,0.04381,1.00133,517.7494,-0.14297,0.03923,,,
528.7563,0.07645,1.90839,528.9541,0.04375,0.99993,517.8334,-0.14345,0.03327,,,
528.8407,0.07633,1.90542,529.0381,0.04348,0.9936,517.9185,-0.14355,0.03209,,,
528.9217,0.07639,1.90683,529.1216,0.04342,0.99225,518.0041,-0.14322,0.03609,,,
529.0064,0.07664,1.91319,529.2047,0.04337,0.99109,518.0886,-0.14268,0.04282,,,
529.0882,0.07676,1.91619,529.2877,0.04348,0.99363,518.1703,-0.14228,0.04774,,,
529.1738,0.07665,1.91339,529.3715,0.04372,0.99912,518.2538,-0.14187,0.05269,,,
529.2568,0.07657,1.91132,529.457,0.04373,0.99932,518.3374,-0.14159,0.05622,,,
529.34,0.07667,1.91372,529.5383,0.04345,0.99303,518.4214,-0.14138,0.05877,,,
529.4236,0.07659,1.91189,529.6241,0.04341,0.99217,518.5058,-0.14123,0.06065,,,
529.5072,0.07638,1.90664,529.706,0.04371,0.99904,518.5898,-0.14131,0.05961,,,
529.5902,0.07638,1.90662,529.7902,0.0439,1.00331,518.6734,-0.14126,0.06032,,,
529.6734,0.07627,1.90396,529.873,0.04361,0.99663,518.7554,-0.14045,0.07027,,,
529.7562,0.07629,1.90443,529.9549,0.04338,0.99139,518.839,-0.13928,0.08462,,,
529.8396,0.07627,1.90393,530.0416,0.0435,0.99413,518.9226,-0.13868,0.092,,,
529.9226,0.07631,1.9048,530.1244,0.04368,0.99818,519.0053,-0.13882,0.09038,,,
530.0054,0.07594,1.89564,530.2058,0.04365,0.99766,519.0873,-0.13909,0.087,,,
530.09,0.07588,1.89414,530.2902,0.0434,0.99194,519.1708,-0.13956,0.08115,,,
530.1718,0.07598,1.89671,530.375,0.04318,0.98672,519.253,-0.13989,0.07714,,,
530.2556,0.07607,1.8989,530.4561,0.04319,0.98711,519.335,-0.14018,0.07351,,,
530.3384,0.07611,1.89977,530.5413,0.04337,0.99114,519.4197,-0.14005,0.07523,,,
530.4236,0.07607,1.8989,530.6242,0.04362,0.99688,519.5025,-0.14001,0.0757,,,
530.5046,0.0759,1.89456,530.7079,0.04374,0.99952,519.584,-0.13993,0.07661,,,
530.5884,0.0759,1.89469,530.7911,0.04352,0.99453,519.6662,-0.14001,0.07569,,,
530.6718,0.076,1.89709,530.8735,0.04318,0.98686,519.7496,-0.14017,0.07374,,,
530.7544,0.0761,1.8997,530.9587,0.04316,0.98633,519.8332,-0.14025,0.07272,,,
530.8392,0.07618,1.90153,531.041,0.04363,0.99715,519.9156,-0.14046,0.07011,,,
530.9212,0.07619,1.90187,531.1254,0.04377,1.00033,519.9985,-0.1406,0.06837,,,
531.005,0.07621,1.90234,531.2087,0.04356,0.9956,520.0825,-0.14062,0.06818,,,
531.0887,0.0762,1.90214,531.291,0.04342,0.99236,520.165,-0.14058,0.06869,,,
531.1716,0.07618,1.9017,531.375,0.04349,0.99393,520.2488,-0.1406,0.06841,,,
531.2556,0.07605,1.89839,531.4574,0.04379,1.0007,520.3326,-0.14069,0.06722,,,
531.3387,0.076,1.89716,531.5402,0.04369,0.99846,520.416,-0.14079,0.0661,,,
531.423,0.07601,1.89744,531.6256,0.04366,0.9977,520.4991,-0.14073,0.0668,,,
531.506,0.07599,1.8968,531.7084,0.04363,0.99717,520.5829,-0.14063,0.06806,,,
531.5914,0.07605,1.89847,531.7919,0.04371,0.99895,520.665,-0.14061,0.06831,,,
531.673,0.07591,1.89482,531.8726,0.0436,0.99642,520.7507,-0.14068,0.06735,,,
531.757,0.07582,1.89258,531.9564,0.04331,0.9899,520.834,-0.14061,0.06828,,,
531.8389,0.07579,1.89191,532.0399,0.04324,0.98824,520.9171,-0.14066,0.06764,,,
531.925,0.07573,1.89039,532.1244,0.04339,0.99162,521.0012,-0.14073,0.06685,,,
532.0101,0.07563,1.888,532.2066,0.04352,0.99457,521.0832,-0.14076,0.06644,,,
532.0919,0.07555,1.886,532.2906,0.04353,0.99478,521.1663,-0.14075,0.06649,,,
532.1758,0.07552,1.88504,532.375,0.04333,0.99036,521.251,-0.1407,0.06719,,,
532.2585,0.07577,1.89135,532.4579,0.0432,0.98731,521.334,-0.1406,0.06839,,,
532.3443,0.07609,1.89932,532.5408,0.04333,0.99017,521.418,-0.1404,0.07089,,,
532.4252,0.07614,1.90067,532.625,0.04362,0.9969,521.501,-0.1405,0.06958,,,
532.509,0.07595,1.89581,532.709,0.04379,1.0008,521.5846,-0.1406,0.06836,,,
532.5922,0.07591,1.89483,532.7937,0.04368,0.99816,521.666,-0.14058,0.06863,,,
532.6757,0.07593,1.89525,532.8752,0.0436,0.99639,521.7516,-0.14055,0.06906,,,
532.7598,0.07611,1.89987,532.9582,0.04362,0.99683,521.8344,-0.14047,0.07004,,,
532.842,0.07612,1.90019,533.0438,0.04394,1.00418,521.9197,-0.14048,0.06986,,,
532.9244,0.07611,1.89996,533.126,0.04404,1.00641,522.0027,-0.14056,0.06883,,,
533.0094,0.07618,1.90152,533.209,0.04395,1.00447,522.0858,-0.14064,0.06786,,,
533.0918,0.0761,1.89954,533.2922,0.04373,0.99932,522.1687,-0.14065,0.06779,,,
533.1758,0.07598,1.89653,533.3758,0.04362,0.99691,522.2544,-0.14062,0.06817,,,
533.2581,0.0759,1.89467,533.4592,0.04391,1.00362,522.3364,-0.14059,0.06849,,,
533.3418,0.07582,1.89256,533.5434,0.04413,1.00843,522.4212,-0.14065,0.06775,,,
533.4259,0.07585,1.89328,533.6281,0.04376,1.00004,522.5032,-0.14063,0.06799,,,
533.5078,0.07582,1.89261,533.7109,0.04315,0.98616,522.5882,-0.1406,0.06838,,,
533.5932,0.07581,1.89231,533.7932,0.04318,0.98693,522.672,-0.14064,0.0679,,,
533.6771,0.07598,1.89667,533.8766,0.04361,0.99658,522.7552,-0.14062,0.06818,,,
533.762,0.07596,1.89621,533.9587,0.04373,0.99935,522.8376,-0.14072,0.0669,,,
533.8447,0.07598,1.89669,534.0424,0.04328,0.98913,522.922,-0.14078,0.06623,,,
533.9281,0.0759,1.8945,534.1274,0.04278,0.97777,523.005,-0.14075,0.06652,,,
534.0101,0.07576,1.89114,534.209,0.04277,0.97753,523.0878,-0.14072,0.06686,,,
534.0937,0.07568,1.88909,534.2926,0.04298,0.98222,523.1718,-0.14071,0.06699,,,
534.1772,0.0758,1.8921,534.3761,0.04304,0.98358,523.2558,-0.14089,0.06482,,,
534.2603,0.07574,1.89062,534.4593,0.04303,0.98343,523.3389,-0.14094,0.06419,,,
534.3446,0.07574,1.89058,534.5432,0.04313,0.98562,523.4232,-0.14087,0.06503,,,
534.4301,0.07584,1.89311,534.6281,0.04324,0.98809,523.5062,-0.14082,0.06573,,,
534.5118,0.07594,1.89563,534.71,0.04347,0.99346,523.5896,-0.14081,0.06579,,,
534.5951,0.07573,1.89042,534.7949,0.04362,0.99688,523.6746,-0.14089,0.06478,,,
534.6791,0.07554,1.8857,534.8777,0.0435,0.99412,523.757,-0.14105,0.06284,,,
534.7645,0.07531,1.87995,534.961,0.04341,0.99214,523.8413,-0.14106,0.06272,,,
534.8459,0.07523,1.87783,535.0461,0.04328,0.98918,523.9228,-0.14077,0.06624,,,
534.9297,0.07553,1.8853,535.1287,0.04346,0.99314,524.0074,-0.14057,0.06871,,,
535.0126,0.07571,1.88982,535.2139,0.04359,0.99629,524.0889,-0.14056,0.06892,,,
535.0964,0.07571,1.88985,535.295,0.04347,0.99336,524.1724,-0.14069,0.0673,,,
535.1783,0.0756,1.88707,535.381,0.04352,0.99448,524.2556,-0.14074,0.06661,,,
535.2625,0.07546,1.88373,535.4626,0.04376,1.0001,524.3399,-0.14059,0.06854,,,
535.3463,0.07533,1.88044,535.5473,0.04404,1.00657,524.425,-0.14047,0.06999,,,
535.4298,0.07525,1.87837,535.6289,0.04428,1.01196,524.507,-0.14064,0.06793,,,
535.5131,0.07522,1.87772,535.7111,0.04417,1.00943,524.5913,-0.14074,0.06664,,,
535.5966,0.07513,1.87546,535.7938,0.04384,1.00185,524.6724,-0.14073,0.06676,,,
535.6786,0.07511,1.8749,535.8764,0.04354,0.99504,524.7555,-0.14058,0.06867,,,
535.7613,0.075,1.87219,535.9604,0.04338,0.99132,524.8394,-0.14059,0.06854,,,
535.8451,0.07492,1.87026,536.046,0.04329,0.98927,524.926,-0.14076,0.06648,,,
535.9282,0.07506,1.87357,536.1264,0.0432,0.9873,525.0088,-0.14096,0.06397,,,
536.0134,0.07515,1.8759,536.2102,0.04315,0.98619,525.091,-0.14109,0.06233,,,
536.0974,0.07515,1.87588,536.2928,0.04313,0.98563,525.1746,-0.14093,0.06436,,,
536.1809,0.07529,1.87932,536.3769,0.04319,0.98698,525.2588,-0.14066,0.0677,,,
536.2641,0.07525,1.87835,536.4604,0.04332,0.99004,525.3419,-0.14054,0.06915,,,
536.3462,0.07511,1.87498,536.544,0.04328,0.98916,525.424,-0.14058,0.06864,,,
536.4318,0.0752,1.87718,536.6274,0.0431,0.98496,525.5094,-0.14055,0.06902,,,
536.5134,0.07516,1.87605,536.709,0.04297,0.98191,525.5926,-0.14042,0.07065,,,
536.5974,0.07514,1.87562,536.794,0.04297,0.98195,525.6765,-0.14024,0.07288,,,
536.6802,0.07516,1.87607,536.8776,0.04321,0.98741,525.7586,-0.14018,0.07361,,,
536.7631,0.07532,1.88016,536.9616,0.0434,0.99193,525.8418,-0.1404,0.07087,,,
536.8467,0.07544,1.88315,537.0458,0.04337,0.99127,525.9264,-0.1405,0.06962,,,
536.9295,0.07568,1.88904,537.128,0.04322,0.98764,526.0094,-0.14043,0.07043,,,
537.0138,0.07551,1.88486,537.212,0.04328,0.9891,526.0928,-0.14036,0.07131,,,
537.0948,0.07535,1.88081,537.2957,0.04368,0.99825,526.1756,-0.14033,0.07174,,,
537.1796,0.0753,1.87962,537.3764,0.04365,0.99752,526.2578,-0.14042,0.07066,,,
537.2632,0.07518,1.87653,537.4614,0.04335,0.99067,526.3404,-0.14056,0.06893,,,
537.3461,0.07501,1.8725,537.5451,0.04302,0.98323,526.4244,-0.14059,0.06849,,,
537.4301,0.07496,1.87115,537.6296,0.0433,0.98946,526.5088,-0.1406,0.06836,,,
537.5149,0.07479,1.86703,537.7111,0.04332,0.9901,526.5933,-0.14051,0.06947,,,
537.5974,0.07465,1.86342,537.7955,0.04319,0.987,526.6765,-0.14047,0.06998,,,
537.6805,0.07451,1.85991,537.8784,0.04287,0.97972,526.7598,-0.1406,0.06839,,,
537.765,0.07451,1.8599,537.9613,0.04262,0.97393,526.843,-0.14064,0.06785,,,
537.8481,0.07473,1.86544,538.0455,0.04275,0.97704,526.926,-0.14065,0.06778,,,
537.9326,0.07488,1.86928,538.1288,0.04283,0.97882,527.01,-0.14062,0.06816,,,
538.016,0.07488,1.86913,538.2123,0.04218,0.96403,527.0937,-0.14077,0.06635,,,
538.1,0.07461,1.86233,538.295,0.04171,0.95324,527.1768,-0.14093,0.06438,,,
538.1819,0.07453,1.8603,538.38,0.04189,0.95734,527.2601,-0.1408,0.06597,,,
538.2659,0.07476,1.86612,538.4624,0.0426,0.97349,527.344,-0.14059,0.06846,,,
538.3494,0.07476,1.86628,538.5466,0.04377,1.00042,527.4278,-0.14052,0.06934,,,
538.4336,0.07472,1.86529,538.6292,0.04384,1.00197,527.5103,-0.14063,0.06804,,,
538.517,0.07489,1.86938,538.7139,0.04231,0.96693,527.595,-0.14086,0.06524,,,
538.6003,0.07482,1.8677,538.7988,0.04044,0.9243,527.6772,-0.14095,0.0641,,,
538.6818,0.07426,1.85372,538.8804,0.04047,0.92496,527.7599,-0.14089,0.06481,,,
538.7668,0.07414,1.85065,538.9644,0.04186,0.95667,527.8445,-0.14065,0.06782,,,
538.851,0.07419,1.85184,539.0485,0.04264,0.97452,527.928,-0.14072,0.06695,,,
538.9318,0.07433,1.8555,539.132,0.04165,0.95181,528.0123,-0.14092,0.06444,,,
539.0188,0.07449,1.85942,539.2121,0.03962,0.90554,528.0963,-0.1409,0.06464,,,
539.1008,0.07456,1.86114,539.2973,0.03933,0.89886,528.178,-0.14074,0.0667,,,
539.1836,0.0746,1.86206,539.381,0.04067,0.92948,528.2618,-0.14055,0.06904,,,
539.2676,0.07477,1.86642,539.4636,0.04177,0.95465,528.344,-0.14043,0.07053,,,
539.3516,0.07497,1.8714,539.5461,0.04101,0.93732,528.4282,-0.14053,0.06924,,,
539.4347,0.07481,1.86748,539.6287,0.03973,0.90787,528.5118,-0.14054,0.06908,,,
539.5174,0.07473,1.86531,539.7141,0.03936,0.89951,528.596,-0.14042,0.07064,,,
539.6012,0.07454,1.86066,539.7974,0.0405,0.92559,528.6782,-0.14046,0.07012,,,
539.6841,0.07459,1.86194,539.8806,0.04174,0.95387,528.762,-0.14041,0.07069,,,
539.7686,0.07473,1.86547,539.9649,0.04137,0.94556,528.8447,-0.14035,0.07144,,,
539.8496,0.07475,1.86586,540.0468,0.04017,0.918,528.9282,-0.14056,0.0689,,,
539.9346,0.07481,1.86744,540.1319,0.03985,0.91068,529.013,-0.14053,0.06927,,,
540.0166,0.07519,1.87689,540.2168,0.04092,0.93521,529.0946,-0.14048,0.06988,,,
540.1009,0.07539,1.88191,540.2988,0.04202,0.9604,529.1804,-0.14059,0.06854,,,
540.184,0.0754,1.88215,540.3816,0.04163,0.95147,529.2621,-0.14063,0.06805,,,
540.2672,0.07526,1.87856,540.4652,0.04038,0.92294,529.3463,-0.14061,0.06832,,,
540.3516,0.0752,1.8772,540.5466,0.03998,0.91379,529.4292,-0.14052,0.06943,,,
540.4337,0.07511,1.87494,540.6304,0.04072,0.93068,529.5136,-0.14058,0.06866,,,
540.517,0.07504,1.87319,540.7139,0.04157,0.95004,529.5952,-0.14083,0.06555,,,
540.6016,0.07501,1.87229,540.7976,0.04121,0.94191,529.6793,-0.14101,0.06334,,,
540.6845,0.07492,1.8701,540.8826,0.04012,0.91692,529.7636,-0.14113,0.06184,,,
540.7675,0.07475,1.86597,540.9636,0.03977,0.90886,529.8474,-0.14089,0.06484,,,
540.8518,0.07469,1.86449,541.0488,0.04064,0.92876,529.9296,-0.14047,0.07004,,,
540.9363,0.07459,1.86204,541.1328,0.04154,0.94943,530.0142,-0.1403,0.07214,,,
541.0201,0.07445,1.85852,541.2149,0.04133,0.9445,530.0974,-0.14048,0.06982,,,
541.102,0.07453,1.86038,541.3,0.03995,0.91302,530.1826,-0.14078,0.06612,,,
541.1858,0.07486,1.86855,541.3828,0.03909,0.89347,530.265,-0.14068,0.06739,,,
541.2702,0.07484,1.86804,541.4674,0.03985,0.91071,530.349,-0.14066,0.06761,,,
541.3515,0.07462,1.86278,541.5504,0.04077,0.93175,530.43,-0.14061,0.06832,,,
541.437,0.0745,1.85966,541.6338,0.04074,0.93111,530.5136,-0.14078,0.06615,,,
541.5195,0.07453,1.86031,541.717,0.03994,0.91289,530.5976,-0.14085,0.06532,,,
541.6034,0.07455,1.86088,541.8007,0.03977,0.90882,530.68,-0.14069,0.06732,,,
541.6872,0.07466,1.86373,541.8858,0.04052,0.92603,530.7637,-0.14053,0.06928,,,
541.7693,0.07473,1.86542,541.9668,0.04135,0.94493,530.8468,-0.14038,0.07116,,,
541.8532,0.07487,1.86879,542.0522,0.04113,0.94009,530.9297,-0.14044,0.07032,,,
541.937,0.07481,1.86753,542.1361,0.04026,0.91999,531.0147,-0.14047,0.07003,,,
542.021,0.07474,1.86556,542.2195,0.03986,0.91098,531.0976,-0.14044,0.07033,,,
542.1033,0.07473,1.86546,542.3022,0.04029,0.92081,531.181,-0.14036,0.07136,,,
542.1862,0.07475,1.86583,542.384,0.041,0.93696,531.265,-0.14035,0.07148,,,
542.2707,0.07477,1.86646,542.4676,0.04062,0.92842,531.3488,-0.14029,0.07224,,,
542.3544,0.07473,1.86532,542.5515,0.03931,0.89848,531.4316,-0.1403,0.07211,,,
542.4377,0.07465,1.86352,542.6355,0.03887,0.88829,531.5152,-0.14017,0.07367,,,
542.5218,0.07468,1.86409,542.719,0.03981,0.90979,531.5979,-0.14018,0.0736,,,
542.6047,0.07472,1.86521,542.8028,0.04122,0.94204,531.681,-0.14026,0.07263,,,
542.6882,0.07459,1.86186,542.885,0.04135,0.94496,531.7648,-0.1404,0.07086,,,
542.7718,0.07451,1.85987,542.9702,0.04049,0.92526,531.8468,-0.14061,0.06833,,,
542.8546,0.07435,1.856,543.0538,0.03995,0.91312,531.931,-0.14064,0.06793,,,
542.9402,0.0743,1.85469,543.137,0.04053,0.92631,532.0131,-0.14067,0.06749,,,
543.023,0.07416,1.85123,543.2211,0.04134,0.94485,532.0963,-0.14073,0.06679,,,
543.1052,0.07396,1.84629,543.3038,0.04147,0.94784,532.182,-0.14103,0.06314,,,
543.1912,0.0742,1.85211,543.3868,0.04054,0.9264,532.2652,-0.14129,0.05986,,,
543.2743,0.07449,1.85942,543.4698,0.0399,0.91192,532.348,-0.14123,0.06067,,,
543.3563,0.07424,1.85323,543.553,0.04028,0.92055,532.4316,-0.14087,0.06502,,,
543.4382,0.0743,1.85462,543.6355,0.04124,0.94246,532.5156,-0.14053,0.06921,,,
543.5237,0.07433,1.85541,543.7194,0.04123,0.94236,532.5976,-0.1404,0.07082,,,
543.6063,0.07424,1.85324,543.8028,0.04022,0.91919,532.6797,-0.14039,0.071,,,
543.6885,0.07422,1.85258,543.887,0.03948,0.90237,532.7645,-0.14034,0.07163,,,
543.7741,0.07426,1.85357,543.9713,0.03944,0.90144,532.8489,-0.1403,0.07209,,,
543.856,0.07432,1.85511,544.0537,0.03984,0.91039,532.9318,-0.14036,0.07136,,,
543.941,0.07438,1.85678,544.1371,0.03995,0.91311,533.0148,-0.14032,0.07181,,,
544.0242,0.07442,1.85764,544.221,0.03931,0.89836,533.0988,-0.14046,0.07007,,,
544.107,0.0743,1.85473,544.3041,0.03858,0.88162,533.182,-0.14068,0.06741,,,
544.1912,0.07425,1.85332,544.3872,0.03913,0.89429,533.2659,-0.14065,0.06778,,,
544.2755,0.0743,1.85477,544.4698,0.04019,0.91844,533.35,-0.14067,0.06753,,,
544.358,0.0743,1.8548,544.5551,0.04067,0.92952,533.4339,-0.14069,0.06726,,,
544.4428,0.07435,1.85595,544.6371,0.03983,0.91038,533.5171,-0.14073,0.06683,,,
544.525,0.0744,1.85716,544.7217,0.03888,0.88865,533.6,-0.1407,0.06713,,,
544.6076,0.07457,1.86139,544.805,0.03904,0.89215,533.681,-0.14072,0.06693,,,
544.6918,0.07488,1.86911,544.89,0.0399,0.91181,533.7662,-0.14071,0.06701,,,
544.7746,0.07484,1.86822,544.9716,0.04033,0.92177,533.8472,-0.14073,0.06675,,,
544.86,0.07476,1.86617,545.0555,0.03975,0.90846,533.9314,-0.14056,0.06894,,,
544.9424,0.07467,1.86392,545.1398,0.03878,0.88628,534.0168,-0.14046,0.07009,,,
545.0242,0.07454,1.86078,545.222,0.03893,0.88973,534.0984,-0.14041,0.07075,,,
545.1081,0.07449,1.85943,545.3054,0.03985,0.91075,534.182,-0.14034,0.07158,,,
545.1907,0.07444,1.85812,545.391,0.0403,0.92098,534.2658,-0.1402,0.07327,,,
545.2739,0.07425,1.85353,545.4726,0.03992,0.91229,534.3494,-0.14031,0.07201,,,
545.3582,0.07413,1.85054,545.5552,0.03939,0.90025,534.4326,-0.14051,0.06952,,,
545.4412,0.0742,1.85221,545.64,0.03959,0.90469,534.5163,-0.14056,0.06891,,,
545.5266,0.07432,1.85519,545.7244,0.04035,0.9221,534.6,-0.14044,0.07035,,,
545.6071,0.07436,1.85621,545.8066,0.04059,0.92757,534.683,-0.14043,0.07049,,,
545.6921,0.07442,1.85762,545.8892,0.04012,0.91697,534.7684,-0.14068,0.06741,,,
545.7754,0.07438,1.8567,545.9724,0.03953,0.90349,534.8498,-0.14068,0.06745,,,
545.858,0.07413,1.85053,546.0556,0.03968,0.90687,534.9342,-0.14067,0.0675,,,
545.9416,0.07394,1.8456,546.1404,0.04031,0.92134,535.0186,-0.14074,0.06673,,,
546.0254,0.07387,1.844,546.223,0.04043,0.92396,535.101,-0.14074,0.06666,,,
546.1079,0.07389,1.84447,546.3057,0.03992,0.91235,535.1853,-0.14088,0.06496,,,
546.192,0.07386,1.84374,546.3899,0.03933,0.89893,535.2678,-0.14085,0.06527,,,
546.2735,0.07371,1.83999,546.4724,0.03947,0.902,535.3535,-0.14073,0.0668,,,
546.3584,0.07379,1.84202,546.554,0.04028,0.92059,535.4358,-0.14071,0.06708,,,
546.4411,0.07394,1.84564,546.6394,0.04055,0.92668,535.5207,-0.14054,0.06915,,,
546.525,0.07385,1.84334,546.723,0.0398,0.90968,535.6026,-0.14016,0.07381,,,
546.6082,0.07393,1.84549,546.8062,0.0391,0.89355,535.6862,-0.14004,0.07534,,,
546.6911,0.07405,1.84842,546.8896,0.03916,0.89499,535.7685,-0.14018,0.07362,,,
546.7759,0.074,1.84712,546.973,0.03987,0.91111,535.853,-0.14026,0.07255,,,
546.858,0.07392,1.84532,547.0555,0.03994,0.91271,535.9355,-0.1405,0.0696,,,
546.9418,0.07374,1.8408,547.1396,0.03955,0.90395,536.0198,-0.14052,0.06935,,,
547.0253,0.07366,1.83875,547.2235,0.03898,0.89074,536.1026,-0.14049,0.06981,,,
547.1096,0.07375,1.84084,547.3074,0.03913,0.89425,536.187,-0.14047,0.06994,,,
547.1912,0.0739,1.84477,547.3921,0.03987,0.9112,536.27,-0.1403,0.07207,,,
547.2744,0.07407,1.84902,547.4739,0.04019,0.91853,536.3535,-0.14033,0.07174,,,
547.3589,0.07416,1.85115,547.5589,0.03968,0.9069,536.4365,-0.14046,0.07013,,,
547.4416,0.07411,1.84984,547.6422,0.03918,0.89545,536.5222,-0.14034,0.07159,,,
547.5258,0.07416,1.85112,547.7253,0.03942,0.90082,536.6052,-0.14017,0.07374,,,
547.6082,0.07427,1.85398,547.8082,0.04014,0.91745,536.6878,-0.14017,0.07371,,,
547.6914,0.07438,1.85665,547.8929,0.04061,0.92814,536.7722,-0.14037,0.07119,,,
547.7758,0.07423,1.85304,547.9746,0.0401,0.91645,536.855,-0.14038,0.07114,,,
547.8585,0.07417,1.85133,548.0582,0.0394,0.90036,536.938,-0.14034,0.07155,,,
547.942,0.07422,1.85259,548.1424,0.03935,0.89927,537.0214,-0.14029,0.07216,,,
548.0256,0.07444,1.85813,548.2265,0.03992,0.91221,537.1075,-0.14025,0.0727,,,
548.109,0.0746,1.86225,548.308,0.04019,0.91858,537.1892,-0.14023,0.07291,,,
548.1914,0.0747,1.86464,548.3907,0.03997,0.91344,537.2726,-0.14031,0.07202,,,
548.2754,0.07479,1.86692,548.475,0.03934,0.89912,537.3575,-0.14035,0.07143,,,
548.3584,0.07454,1.86067,548.5586,0.03928,0.8978,537.44,-0.14016,0.07384,,,
548.4431,0.07429,1.85432,548.6421,0.03978,0.90907,537.525,-0.13998,0.07605,,,
548.5262,0.07402,1.84781,548.7252,0.04003,0.91489,537.6078,-0.13999,0.07595,,,
548.61,0.07397,1.84641,548.8082,0.03975,0.90847,537.6914,-0.14015,0.07396,,,
548.6934,0.0739,1.84464,548.8896,0.03927,0.89758,537.7722,-0.14034,0.07165,,,
548.7761,0.07376,1.84127,548.9756,0.0393,0.89824,537.8559,-0.14038,0.0711,,,
548.8622,0.07389,1.84443,549.058,0.0398,0.90953,537.9408,-0.14044,0.07039,,,
548.9433,0.07394,1.84572,549.1406,0.04017,0.91799,538.0222,-0.1403,0.07212,,,
549.0273,0.07403,1.84787,549.2235,0.03982,0.90997,538.107,-0.14037,0.07126,,,
549.1108,0.0739,1.84476,549.3078,0.03923,0.89653,538.1889,-0.14053,0.06923,,,
549.1934,0.07387,1.84394,549.3902,0.03935,0.89927,538.2729,-0.14058,0.0686,,,
549.2754,0.074,1.84713,549.475,0.0398,0.90966,538.3578,-0.14051,0.06944,,,
549.3593,0.07415,1.85105,549.5579,0.0401,0.91654,538.439,-0.14038,0.07105,,,
549.4422,0.07406,1.84867,549.641,0.03979,0.90936,538.5234,-0.14024,0.07285,,,
549.5272,0.07382,1.84263,549.727,0.03934,0.89909,538.608,-0.14019,0.07344,,,
549.6112,0.07357,1.83655,549.8096,0.03922,0.89642,538.6896,-0.14022,0.07306,,,
549.6944,0.07352,1.8353,549.8919,0.03967,0.90668,538.7736,-0.14021,0.07324,,,
549.7783,0.07353,1.83548,549.9754,0.03998,0.91378,538.8562,-0.14018,0.07356,,,
549.8606,0.07354,1.83578,550.0576,0.03972,0.90775,538.9404,-0.14019,0.07343,,,
549.9426,0.07356,1.83628,550.1424,0.03927,0.89755,539.0214,-0.14021,0.07322,,,
550.028,0.07379,1.84184,550.2261,0.03913,0.89435,539.1054,-0.14021,0.07315,,,
550.1111,0.07404,1.8482,550.309,0.03936,0.89946,539.1895,-0.14029,0.07224,,,
550.194,0.07413,1.8504,550.3937,0.03961,0.90528,539.2729,-0.14029,0.07224,,,
550.2781,0.07405,1.8485,550.4768,0.03926,0.89735,539.3572,-0.14033,0.07177,,,
550.363,0.07392,1.84521,550.5606,0.03893,0.88977,539.4404,-0.14039,0.07098,,,
550.444,0.07383,1.84285,550.6432,0.03894,0.88993,539.523,-0.14048,0.0699,,,
550.5274,0.0738,1.84228,550.7266,0.03929,0.89782,539.6066,-0.14036,0.07133,,,
550.6123,0.07378,1.84158,550.8086,0.03939,0.90014,539.6915,-0.14018,0.07356,,,
550.6941,0.07384,1.84321,550.8941,0.03909,0.89324,539.7759,-0.14024,0.07288,,,
550.7774,0.07389,1.84456,550.978,0.03865,0.88335,539.8599,-0.14025,0.07275,,,
550.8611,0.07394,1.84577,551.062,0.03866,0.88358,539.9414,-0.14026,0.07256,,,
550.9452,0.07395,1.84595,551.1458,0.03894,0.88985,540.025,-0.14027,0.07243,,,
551.028,0.07393,1.84553,551.2295,0.03915,0.89473,540.1082,-0.14018,0.07355,,,
551.1122,0.07379,1.84199,551.3124,0.03884,0.88769,540.1914,-0.13994,0.07647,,,
551.1928,0.07373,1.84044,551.3961,0.03812,0.87128,540.2726,-0.13999,0.07591,,,
551.2776,0.07377,1.84141,551.48,0.03787,0.86537,540.3584,-0.13996,0.0763,,,
551.3623,0.07383,1.84295,551.5626,0.03805,0.86954,540.4414,-0.13993,0.07664,,,
551.4446,0.07368,1.83918,551.6462,0.03827,0.87468,540.5257,-0.13983,0.07788,,,
551.5278,0.0736,1.8372,551.7299,0.03831,0.8756,540.6091,-0.13983,0.07782,,,
551.6109,0.07358,1.83673,551.8118,0.03786,0.86534,540.6919,-0.1401,0.07458,,,
551.695,0.07354,1.83571,551.8955,0.03778,0.8635,540.7761,-0.14017,0.07363,,,
551.7774,0.07358,1.83674,551.9792,0.03817,0.87226,540.8579,-0.14015,0.07394,,,
551.8618,0.07363,1.838,552.0626,0.03857,0.88154,540.9422,-0.14011,0.07442,,,
551.9454,0.07357,1.83654,552.1465,0.03893,0.88963,541.0245,-0.14008,0.07479,,,
552.0288,0.07354,1.83569,552.2298,0.03871,0.88474,541.1086,-0.14004,0.07527,,,
552.1102,0.0736,1.8371,552.3128,0.03854,0.88081,541.1921,-0.14004,0.07528,,,
552.195,0.07352,1.8353,552.3968,0.03874,0.88531,541.2772,-0.14005,0.07522,,,
552.2768,0.07352,1.83522,552.4787,0.03886,0.88816,541.358,-0.14012,0.07425,,,
552.3596,0.07351,1.83497,552.5632,0.03912,0.89413,541.4428,-0.14025,0.07276,,,
552.4424,0.07367,1.83892,552.6484,0.03905,0.89241,541.5258,-0.14021,0.07324,,,
552.5284,0.07381,1.84235,552.7298,0.03895,0.89025,541.609,-0.14014,0.0741,,,
552.6112,0.07391,1.84489,552.8126,0.03915,0.89464,541.6936,-0.14019,0.07344,,,
552.6958,0.07397,1.84646,552.8956,0.03949,0.90245,541.777,-0.14022,0.07302,,,
552.778,0.07389,1.8445,552.9799,0.03948,0.90222,541.8609,-0.14021,0.07316,,,
552.862,0.07379,1.84186,553.0622,0.0393,0.89815,541.9421,-0.14016,0.07376,,,
552.9446,0.07377,1.84156,553.1461,0.03938,0.90004,542.0254,-0.14013,0.07422,,,
553.0287,0.07378,1.84164,553.2285,0.03968,0.90679,542.1098,-0.14001,0.07565,,,
553.1115,0.07368,1.83911,553.312,0.0399,0.91197,542.191,-0.14013,0.07421,,,
553.197,0.07357,1.83648,553.3976,0.0398,0.9095,542.2759,-0.14025,0.07268,,,
553.2778,0.07317,1.82646,553.4816,0.03976,0.90871,542.3598,-0.14019,0.0735,,,
553.3626,0.07212,1.80031,553.5651,0.04004,0.91513,542.4437,-0.14028,0.07238,,,
553.4449,0.07179,1.79195,553.6491,0.04037,0.92253,542.5254,-0.14039,0.07098,,,
553.5284,0.07174,1.79083,553.7328,0.04074,0.93103,542.6106,-0.14028,0.07236,,,
553.6137,0.07178,1.79186,553.8159,0.04068,0.92963,542.693,-0.1401,0.07453,,,
553.6978,0.072,1.79716,553.899,0.04052,0.92601,542.7778,-0.13997,0.07614,,,
553.7807,0.07205,1.79854,553.981,0.04055,0.92676,542.8614,-0.13988,0.07726,,,
553.8647,0.07221,1.80249,554.0642,0.04068,0.92974,542.9442,-0.13987,0.07739,,,
553.9468,0.07232,1.80516,554.1472,0.04066,0.92913,543.0278,-0.13986,0.07745,,,
554.0308,0.07259,1.81197,554.2302,0.04053,0.92635,543.1132,-0.13988,0.07724,,,
554.1168,0.07257,1.81146,554.3146,0.04034,0.92183,543.1938,-0.13983,0.07785,,,
554.1988,0.07252,1.81023,554.3967,0.0404,0.92335,543.2766,-0.13976,0.07877,,,
554.2822,0.07261,1.81261,554.4805,0.04062,0.92826,543.3606,-0.13975,0.07881,,,
554.3657,0.07258,1.81175,554.5626,0.04071,0.93035,543.4437,-0.14,0.07577,,,
554.4488,0.07258,1.81168,554.6458,0.04051,0.92579,543.5266,-0.14011,0.07447,,,
554.5326,0.07274,1.8158,554.732,0.04013,0.91721,543.6094,-0.13994,0.07653,,,
554.6166,0.07328,1.82919,554.814,0.03992,0.91222,543.6941,-0.13992,0.07678,,,
554.7,0.07448,1.85924,554.8968,0.04001,0.91445,543.7756,-0.13988,0.07726,,,
554.7836,0.07493,1.87044,554.9819,0.0403,0.92107,543.8591,-0.13999,0.07585,,,
554.8669,0.07488,1.8691,555.0632,0.04046,0.92457,543.9434,-0.14007,0.07494,,,
554.9482,0.07464,1.86316,555.1474,0.04025,0.91997,544.0271,-0.14009,0.07465,,,
555.03,0.07438,1.85678,555.2319,0.03999,0.91384,544.1115,-0.1402,0.07329,,,
555.1145,0.07421,1.8525,555.3132,0.04014,0.91737,544.1939,-0.14036,0.07135,,,
555.1968,0.07406,1.84869,555.397,0.0404,0.92337,544.2787,-0.14051,0.06946,,,
555.2797,0.07387,1.84403,555.4814,0.04041,0.92349,544.3608,-0.14048,0.06988,,,
555.363,0.07371,1.83987,555.5639,0.04035,0.92219,544.4451,-0.14024,0.07284,,,
555.4457,0.0735,1.83467,555.6482,0.04004,0.91511,544.5297,-0.13994,0.07652,,,
555.529,0.07332,1.83019,555.7312,0.04002,0.9147,544.6142,-0.13978,0.07855,,,
555.6114,0.07317,1.82659,555.8151,0.04048,0.92506,544.6954,-0.13973,0.07913,,,
555.696,0.07318,1.82666,555.898,0.04055,0.9268,544.7799,-0.13999,0.07585,,,
555.7779,0.07317,1.82642,555.9829,0.04031,0.92128,544.8632,-0.13999,0.07594,,,
555.8624,0.0731,1.82474,556.0669,0.03995,0.91291,544.9455,-0.13987,0.07738,,,
555.9456,0.07326,1.8287,556.15,0.03981,0.9097,545.0289,-0.13985,0.07759,,,
556.0283,0.07334,1.83069,556.2347,0.04008,0.91587,545.1123,-0.14002,0.07552,,,
556.111,0.07336,1.83133,556.3174,0.04004,0.91509,545.1974,-0.14004,0.07525,,,
556.1957,0.07325,1.82839,556.4011,0.03979,0.90942,545.2802,-0.13998,0.07599,,,
556.2784,0.0732,1.82712,556.4856,0.03942,0.90096,545.3633,-0.1398,0.07822,,,
556.3632,0.07311,1.82506,556.569,0.03918,0.89536,545.4468,-0.13971,0.07938,,,
556.4466,0.07303,1.8229,556.6524,0.03934,0.89913,545.5309,-0.13989,0.07709,,,
556.53,0.07294,1.82077,556.7343,0.03964,0.90588,545.6148,-0.14003,0.07536,,,
556.613,0.07273,1.81538,556.8199,0.03945,0.90161,545.6973,-0.1401,0.07458,,,
556.6954,0.07271,1.815,556.9028,0.03903,0.89204,545.7815,-0.14008,0.07485,,,
556.7782,0.07272,1.81524,556.9859,0.03905,0.89248,545.8643,-0.13998,0.07598,,,
556.862,0.07258,1.81166,557.0698,0.03951,0.90298,545.948,-0.14,0.07582,,,
556.9468,0.0725,1.80984,557.1542,0.03993,0.9125,546.0318,-0.14011,0.07448,,,
557.0285,0.07261,1.81255,557.2369,0.03991,0.91206,546.1144,-0.14023,0.07292,,,
557.1138,0.07268,1.81424,557.3212,0.0397,0.9074,546.1972,-0.14026,0.07252,,,
557.1968,0.07279,1.8171,557.4021,0.03957,0.90422,546.282,-0.14023,0.07292,,,
557.2796,0.07288,1.81935,557.4854,0.0395,0.90283,546.364,-0.14019,0.07348,,,
557.3637,0.07308,1.82425,557.568,0.03959,0.90479,546.4473,-0.14009,0.07469,,,
557.4472,0.07322,1.82763,557.6512,0.03969,0.90702,546.5293,-0.13994,0.07657,,,
557.528,0.07334,1.83068,557.7343,0.03971,0.90756,546.6135,-0.13984,0.07771,,,
557.6116,0.07316,1.82611,557.8175,0.03971,0.90762,546.6959,-0.13973,0.07912,,,
557.6966,0.07293,1.82044,557.9023,0.03993,0.91252,546.7812,-0.13966,0.08,,,
557.7812,0.07294,1.82074,557.984,0.04004,0.91504,546.8645,-0.13973,0.07905,,,
557.8629,0.07279,1.81706,558.0681,0.04008,0.91597,546.9482,-0.13987,0.07744,,,
557.947,0.07235,1.8061,558.15,0.03997,0.91346,547.031,-0.13992,0.0768,,,
558.0299,0.07223,1.80289,558.2338,0.0399,0.91184,547.1136,-0.13989,0.07718,,,
558.1147,0.07225,1.80356,558.3165,0.04009,0.91616,547.1978,-0.13983,0.07794,,,
558.197,0.07231,1.80507,558.4015,0.04044,0.92421,547.2818,-0.13994,0.07647,,,
558.2806,0.07235,1.80591,558.4834,0.04038,0.92282,547.3636,-0.14008,0.07483,,,
558.3628,0.0725,1.80971,558.5656,0.04009,0.91626,547.4469,-0.14013,0.07414,,,
558.4468,0.07266,1.81364,558.65,0.03991,0.91209,547.5305,-0.14007,0.07492,,,
558.53,0.0728,1.8172,558.7312,0.03976,0.9086,547.6148,-0.13998,0.07602,,,
558.6144,0.07101,1.77247,558.8164,0.03954,0.90359,547.7008,-0.13977,0.0786,,,
558.697,0.06863,1.71325,558.9,0.03936,0.8996,547.782,-0.13961,0.08063,,,
558.7812,0.06744,1.68343,558.9814,0.03939,0.90015,547.865,-0.13949,0.08211,,,
558.8682,0.06783,1.69319,559.0648,0.03947,0.90195,547.9498,-0.13935,0.08384,,,
558.9524,0.07108,1.77422,559.147,0.03959,0.90486,548.0342,-0.1393,0.08446,,,
559.036,0.07454,1.86067,559.2307,0.03973,0.90798,548.1169,-0.13928,0.08469,,,
559.1186,0.07573,1.89048,559.3135,0.0399,0.91184,548.2015,-0.13937,0.08351,,,
559.1994,0.07576,1.89115,559.3969,0.03976,0.90858,548.2835,-0.13956,0.08121,,,
559.2824,0.07527,1.87889,559.4814,0.03961,0.90522,548.3661,-0.13959,0.08089,,,
559.3652,0.07458,1.86178,559.5642,0.03947,0.90196,548.45,-0.13941,0.08309,,,
559.4492,0.07419,1.85197,559.6468,0.03942,0.90098,548.533,-0.13936,0.08367,,,
559.5307,0.07375,1.841,559.7305,0.03951,0.90305,548.6176,-0.13944,0.08263,,,
559.6135,0.0737,1.83959,559.8139,0.03954,0.90364,548.7004,-0.13949,0.08212,,,
559.6954,0.07361,1.83743,559.898,0.0394,0.90032,548.7838,-0.13969,0.07955,,,
559.7792,0.07349,1.83441,559.9807,0.03944,0.90127,548.8668,-0.1398,0.0782,,,
559.8624,0.07339,1.83195,560.0634,0.03953,0.90352,548.9516,-0.13979,0.07836,,,
559.9466,0.07325,1.82844,560.1476,0.03958,0.90461,549.0325,-0.13975,0.07881,,,
560.0286,0.07313,1.82558,560.2302,0.03929,0.89798,549.1176,-0.13973,0.07905,,,
560.1113,0.07297,1.82151,560.3111,0.03914,0.89458,549.201,-0.13968,0.07973,,,
560.194,0.07292,1.82031,560.3924,0.03932,0.89872,549.2834,-0.1396,0.08077,,,
560.2776,0.07286,1.81883,560.4762,0.03972,0.90767,549.3692,-0.13962,0.0805,,,
560.3625,0.07271,1.81509,560.5561,0.03981,0.9097,549.4524,-0.13959,0.08081,,,
560.4444,0.07252,1.81036,560.6378,0.03979,0.9093,549.5354,-0.13959,0.0808,,,
560.5284,0.07198,1.79683,560.7202,0.03978,0.90904,549.6197,-0.13957,0.08103,,,
560.6098,0.07157,1.7865,560.8011,0.03975,0.90844,549.7024,-0.13951,0.08187,,,
560.6939,0.07155,1.78606,560.8837,0.03974,0.90816,549.7847,-0.1394,0.08321,,,
560.7778,0.07171,1.78991,560.9646,0.03984,0.91055,549.8681,-0.1394,0.08316,,,
560.859,0.07191,1.7951,561.0457,0.03966,0.90645,549.9526,-0.13952,0.08174,,,
560.9409,0.07203,1.79813,561.1279,0.03931,0.89828,550.0352,-0.1395,0.08189,,,
561.0234,0.07207,1.79911,561.2105,0.03924,0.89668,550.1172,-0.13945,0.08251,,,
561.1055,0.07206,1.7988,561.2934,0.03933,0.89877,550.2024,-0.13952,0.08171,,,
561.1876,0.07234,1.80574,561.3744,0.03947,0.90193,550.2843,-0.13957,0.08104,,,
561.2692,0.07242,1.80776,561.4566,0.03948,0.90233,550.368,-0.13961,0.08064,,,
561.352,0.0724,1.80737,561.5401,0.03944,0.90132,550.4515,-0.13969,0.07957,,,
561.4329,0.07247,1.80912,561.623,0.03937,0.89965,550.5371,-0.13971,0.07936,,,
561.5156,0.07245,1.80838,561.7045,0.03943,0.90104,550.6196,-0.13971,0.07934,,,
561.5976,0.07232,1.80516,561.7879,0.03965,0.90625,550.7026,-0.13961,0.08054,,,
561.6804,0.07241,1.80739,561.8699,0.03962,0.90539,550.786,-0.1396,0.08072,,,
561.7632,0.07255,1.81101,561.9531,0.03954,0.90364,550.8682,-0.13961,0.08058,,,
561.8426,0.07286,1.81875,562.0351,0.0395,0.90281,550.9537,-0.13971,0.07933,,,
561.9245,0.07311,1.82501,562.12,0.03964,0.90597,551.0366,-0.1397,0.07949,,,
562.0061,0.07313,1.82535,562.2021,0.03959,0.90476,551.1209,-0.13968,0.0797,,,
562.0891,0.07307,1.82409,562.2832,0.03954,0.90372,551.2049,-0.13973,0.07906,,,
562.1715,0.07288,1.81932,562.3675,0.03938,0.90009,551.2872,-0.13988,0.07724,,,
562.2541,0.07267,1.81408,562.4493,0.03921,0.89601,551.371,-0.13995,0.07644,,,
562.3371,0.07256,1.81117,562.5339,0.03902,0.89185,551.455,-0.13984,0.07778,,,
562.4194,0.07267,1.81388,562.6171,0.03905,0.89234,551.5379,-0.13982,0.078,,,
562.5012,0.07264,1.81327,562.7003,0.03914,0.89458,551.621,-0.13979,0.07832,,,
562.584,0.07246,1.80863,562.7825,0.03941,0.90069,551.7047,-0.13978,0.07849,,,
562.6671,0.07245,1.8085,562.8642,0.03937,0.89964,551.7894,-0.13972,0.07919,,,
562.7504,0.07246,1.80874,562.9489,0.03911,0.89389,551.8725,-0.13975,0.07885,,,
562.835,0.07242,1.80765,563.0305,0.03912,0.89395,551.9551,-0.13978,0.07851,,,
562.9187,0.07244,1.80816,563.1125,0.03921,0.89604,552.0393,-0.13974,0.07895,,,
563.0014,0.07243,1.80811,563.1972,0.03937,0.89973,552.1228,-0.13971,0.07934,,,
563.0846,0.07244,1.80831,563.2799,0.03957,0.90434,552.206,-0.13976,0.07874,,,
563.1669,0.07206,1.7987,563.363,0.03945,0.90158,552.291,-0.1397,0.07943,,,
563.2486,0.0718,1.79236,563.4468,0.03944,0.9013,552.3723,-0.1396,0.08067,,,
563.3335,0.07179,1.7919,563.528,0.03944,0.90141,552.4565,-0.13956,0.08115,,,
563.4168,0.072,1.79719,563.612,0.03956,0.90419,552.539,-0.13968,0.0797,,,
563.501,0.07213,1.80045,563.6948,0.03951,0.90285,552.6235,-0.13962,0.08042,,,
563.5844,0.0722,1.80218,563.7778,0.03947,0.90212,552.7078,-0.13949,0.08207,,,
563.6686,0.07215,1.80098,563.861,0.03946,0.90181,552.792,-0.13936,0.08361,,,
563.7508,0.07195,1.79599,563.9458,0.03934,0.89906,552.8748,-0.13919,0.08576,,,
563.8334,0.07208,1.79923,564.0276,0.03923,0.89644,552.9589,-0.1392,0.08564,,,
563.9171,0.07243,1.80801,564.1093,0.03939,0.90011,553.039,-0.1393,0.08444,,,
563.9997,0.0724,1.80736,564.1928,0.03949,0.90241,553.123,-0.13927,0.08478,,,
564.0828,0.07261,1.81237,564.277,0.03945,0.90158,553.2068,-0.13927,0.08482,,,
564.1648,0.07224,1.80327,564.3606,0.03927,0.89755,553.29,-0.13941,0.08307,,,
564.2481,0.07181,1.79254,564.4439,0.03915,0.89473,553.3731,-0.13948,0.08222,,,
564.332,0.07166,1.7889,564.5271,0.03931,0.8983,553.4555,-0.13962,0.08044,,,
564.416,0.07169,1.78943,564.61,0.03955,0.90387,553.539,-0.13975,0.07885,,,
564.5006,0.07169,1.78947,564.6929,0.03955,0.90385,553.6235,-0.1398,0.0783,,,
564.5824,0.07183,1.79301,564.7752,0.03938,0.89993,553.7047,-0.1396,0.08075,,,
564.6651,0.0718,1.79233,564.8618,0.03949,0.90241,553.7906,-0.13959,0.08088,,,
564.7484,0.07163,1.78812,564.9436,0.0397,0.90739,553.8744,-0.13969,0.07956,,,
564.833,0.07156,1.78628,565.027,0.03961,0.90533,553.957,-0.1398,0.07819,,,
564.9168,0.07161,1.78753,565.112,0.03933,0.89881,554.04,-0.13975,0.07881,,,
565,0.07168,1.78925,565.1936,0.03892,0.88943,554.125,-0.13961,0.08056,,,
565.0822,0.07212,1.8002,565.2758,0.03881,0.88704,554.2078,-0.13963,0.08036,,,
565.165,0.0726,1.81217,565.3613,0.03902,0.89182,554.2905,-0.13975,0.0789,,,
565.249,0.07261,1.81247,565.4441,0.03892,0.88936,554.3739,-0.13982,0.07797,,,
565.3325,0.07241,1.80762,565.5274,0.03819,0.87269,554.458,-0.13977,0.07856,,,
565.4161,0.07203,1.79807,565.6106,0.03717,0.84953,554.5422,-0.13969,0.07966,,,
565.5026,0.07171,1.79003,565.6937,0.03667,0.8381,554.624,-0.13968,0.07968,,,
565.5855,0.07172,1.79032,565.7756,0.03685,0.84224,554.7095,-0.1398,0.07819,,,
565.6663,0.07165,1.78852,565.8616,0.03718,0.84961,554.793,-0.13981,0.07815,,,
565.7508,0.07191,1.79505,565.946,0.03747,0.85638,554.8762,-0.13976,0.07878,,,
565.833,0.0723,1.80475,566.0308,0.03763,0.86005,554.9595,-0.13964,0.08018,,,
565.9164,0.07253,1.81057,566.1138,0.03796,0.86758,555.0424,-0.13963,0.0803,,,
566,0.07244,1.80821,566.1988,0.03846,0.87903,555.126,-0.1397,0.07945,,,
566.0812,0.07233,1.80539,566.2824,0.03861,0.88245,555.2105,-0.13972,0.07924,,,
566.1663,0.07217,1.80142,566.3669,0.03825,0.87408,555.2929,-0.13966,0.08002,,,
566.2496,0.07201,1.79751,566.4478,0.03816,0.87202,555.3765,-0.1395,0.08196,,,
566.3336,0.07204,1.79827,566.5332,0.03921,0.89605,555.4597,-0.13929,0.08454,,,
566.4158,0.07207,1.7989,566.6168,0.0407,0.93007,555.5442,-0.1394,0.08319,,,
566.4998,0.07198,1.79668,566.6982,0.04142,0.94667,555.6268,-0.13947,0.08234,,,
566.5844,0.07181,1.79264,566.7817,0.04115,0.94047,555.7098,-0.13937,0.08358,,,
566.6664,0.07193,1.79552,566.8635,0.04077,0.93179,555.7926,-0.13934,0.08392,,,
566.7496,0.07199,1.79707,566.9463,0.04038,0.92285,555.878,-0.13932,0.08412,,,
566.8336,0.07197,1.79662,567.0296,0.04031,0.92132,555.96,-0.13925,0.08497,,,
566.9176,0.07193,1.79558,567.1102,0.04005,0.91537,556.0426,-0.13923,0.08523,,,
567.0005,0.07214,1.80064,567.1936,0.03946,0.90177,556.1276,-0.13913,0.08646,,,
567.0824,0.07228,1.80425,567.2778,0.03924,0.89684,556.209,-0.13908,0.08712,,,
567.1666,0.07222,1.80273,567.3606,0.03945,0.90169,556.2915,-0.13909,0.08704,,,
567.2504,0.07203,1.79792,567.4441,0.03959,0.90475,556.3771,-0.13918,0.08583,,,
567.334,0.07199,1.79698,567.5262,0.03958,0.90452,556.4586,-0.1393,0.08445,,,
567.4186,0.07198,1.79686,567.6108,0.03935,0.89922,556.5428,-0.13924,0.0851,,,
567.5033,0.07193,1.79544,567.6944,0.03915,0.89463,556.626,-0.13924,0.08517,,,
567.5848,0.07203,1.79802,567.7795,0.03914,0.89444,556.708,-0.13935,0.08385,,,
567.6684,0.07193,1.79557,567.8609,0.03908,0.89317,556.7908,-0.13958,0.08093,,,
567.7519,0.0719,1.79478,567.9454,0.03903,0.892,556.876,-0.13965,0.08004,,,
567.836,0.07192,1.79539,568.0288,0.03896,0.89036,556.9595,-0.13958,0.08094,,,
567.9185,0.07183,1.79313,568.1097,0.03881,0.88687,557.043,-0.13947,0.08225,,,
568.0027,0.07168,1.78934,568.1961,0.03886,0.88812,557.1274,-0.13949,0.0821,,,
568.0864,0.07112,1.77523,568.2795,0.03913,0.89425,557.2102,-0.13959,0.08088,,,
568.1713,0.07085,1.76869,568.364,0.0392,0.89582,557.2945,-0.13968,0.07975,,,
568.2521,0.07096,1.77142,568.4472,0.03911,0.89379,557.3784,-0.13949,0.08209,,,
568.3372,0.07111,1.77498,568.5288,0.0388,0.8868,557.46,-0.13927,0.0848,,,
568.4202,0.07116,1.77631,568.6137,0.03874,0.8854,557.5449,-0.13932,0.08416,,,
568.504,0.07134,1.78071,568.6978,0.03898,0.89094,557.628,-0.13942,0.08296,,,
568.5873,0.07152,1.78528,568.7802,0.03915,0.89468,557.7112,-0.13958,0.0809,,,
568.672,0.07163,1.78794,568.864,0.03917,0.89524,557.7951,-0.13961,0.08058,,,
568.7556,0.07151,1.78499,568.9488,0.0388,0.88675,557.8788,-0.13941,0.08302,,,
568.8389,0.07138,1.78185,569.0334,0.03846,0.87905,557.962,-0.13921,0.08549,,,
568.9232,0.0715,1.78482,569.1164,0.03855,0.88093,558.0454,-0.13924,0.08517,,,
569.0066,0.07142,1.78267,569.2004,0.03871,0.88458,558.1278,-0.13938,0.08348,,,
569.0891,0.07143,1.78302,569.2854,0.03854,0.88083,558.2114,-0.1393,0.08438,,,
569.173,0.07146,1.78383,569.3684,0.03834,0.8763,558.2946,-0.13913,0.08648,,,
569.2581,0.07174,1.79068,569.4512,0.03834,0.87611,558.3789,-0.13894,0.08888,,,
569.3404,0.07197,1.79653,569.5325,0.0385,0.87993,558.4614,-0.1388,0.09059,,,
569.423,0.07221,1.80247,569.6176,0.03848,0.87946,558.5456,-0.13891,0.08924,,,
569.5056,0.07204,1.79828,569.7012,0.03824,0.87401,558.6277,-0.13903,0.08773,,,
569.5902,0.07196,1.79626,569.7844,0.03803,0.86918,558.7133,-0.13909,0.08698,,,
569.6742,0.07177,1.79145,569.8691,0.03801,0.86861,558.7949,-0.13912,0.08668,,,
569.7568,0.07165,1.78861,569.9516,0.03805,0.8697,558.8787,-0.1393,0.08436,,,
569.8404,0.07163,1.78794,570.0374,0.03806,0.86988,558.9638,-0.1395,0.08193,,,
569.923,0.07169,1.78965,570.1208,0.038,0.86833,559.0456,-0.13961,0.08054,,,
570.0063,0.07158,1.78677,570.2044,0.03797,0.8677,559.1284,-0.13949,0.08201,,,
570.09,0.07155,1.78607,570.289,0.03765,0.86045,559.213,-0.13921,0.08555,,,
570.1728,0.07139,1.78194,570.371,0.0376,0.85928,559.2961,-0.13925,0.08507,,,
570.2554,0.07126,1.77885,570.4563,0.03754,0.85791,559.3793,-0.13944,0.08273,,,
570.3406,0.07145,1.78346,570.5379,0.03764,0.86032,559.4626,-0.13946,0.08248,,,
570.423,0.07166,1.78883,570.6206,0.03778,0.8633,559.5456,-0.13938,0.08339,,,
570.5072,0.07168,1.78932,570.7066,0.03814,0.87156,559.6291,-0.13921,0.08546,,,
570.5902,0.07172,1.79031,570.7894,0.03849,0.87965,559.7123,-0.13934,0.08392,,,
570.6726,0.07179,1.7921,570.875,0.03864,0.88301,559.7966,-0.13956,0.0812,,,
570.7568,0.07174,1.79073,570.9562,0.03859,0.88193,559.8808,-0.13963,0.08036,,,
570.8396,0.07168,1.78931,571.0416,0.03865,0.88341,559.9623,-0.13949,0.08209,,,
570.9235,0.07173,1.79041,571.125,0.0388,0.88665,560.0457,-0.13935,0.08378,,,
571.0092,0.07181,1.79258,571.207,0.03899,0.89115,560.1289,-0.13944,0.0827,,,
571.0922,0.07186,1.7939,571.2916,0.0388,0.88682,560.212,-0.13982,0.07803,,,
571.1768,0.07193,1.79545,571.3748,0.03845,0.8788,560.2973,-0.13993,0.07664,,,
571.2582,0.07192,1.79532,571.4566,0.03849,0.87965,560.3792,-0.13969,0.07966,,,
571.3428,0.07193,1.79542,571.541,0.03852,0.8803,560.4631,-0.13942,0.08287,,,
571.4253,0.07181,1.79248,571.6238,0.0387,0.88444,560.5461,-0.13946,0.08241,,,
571.5106,0.07171,1.79015,571.7094,0.03816,0.87199,560.6296,-0.13941,0.083,,,
571.5929,0.07163,1.78806,571.7924,0.03798,0.86792,560.7109,-0.13952,0.08169,,,
571.6785,0.07147,1.78403,571.8752,0.03802,0.86896,560.7972,-0.13961,0.08062,,,
571.7622,0.07141,1.78259,571.9594,0.03823,0.87363,560.8802,-0.13939,0.08333,,,
571.8445,0.07145,1.78359,572.0434,0.03844,0.87854,560.9634,-0.13933,0.08407,,,
571.9305,0.07127,1.77896,572.1268,0.03839,0.87739,561.0479,-0.13944,0.08262,,,
572.0136,0.07104,1.77343,572.2109,0.03809,0.87058,561.1302,-0.13944,0.0827,,,
572.0978,0.07091,1.77012,572.2951,0.03797,0.86769,561.2138,-0.13927,0.08479,,,
572.1793,0.07068,1.76432,572.3787,0.03811,0.87087,561.2959,-0.13908,0.08706,,,
572.2646,0.07073,1.76552,572.4606,0.03838,0.87718,561.3799,-0.13917,0.08601,,,
572.3489,0.07106,1.77388,572.5452,0.03845,0.87878,561.4643,-0.13935,0.08383,,,
572.432,0.0714,1.78229,572.6281,0.03834,0.87633,561.5461,-0.13947,0.08231,,,
572.5149,0.07155,1.78595,572.7125,0.0385,0.87986,561.6289,-0.13932,0.0841,,,
572.5982,0.07144,1.78337,572.7955,0.03884,0.88775,561.715,-0.13919,0.08571,,,
572.6836,0.07131,1.78002,572.8792,0.03882,0.88716,561.799,-0.13908,0.08718,,,
572.7678,0.0712,1.77721,572.9614,0.03854,0.88069,561.8801,-0.13924,0.08519,,,
572.8489,0.07129,1.77951,573.0469,0.03836,0.87677,561.9629,-0.13935,0.0838,,,
572.9338,0.07142,1.78282,573.1287,0.03863,0.88281,562.0464,-0.13925,0.08497,,,
573.0164,0.07131,1.78,573.2127,0.03896,0.89031,562.1294,-0.13921,0.08546,,,
573.1004,0.07119,1.77703,573.2962,0.03886,0.88806,562.2122,-0.13925,0.08496,,,
573.1856,0.07122,1.77769,573.3784,0.03853,0.88058,562.2974,-0.1394,0.08314,,,
573.2685,0.07136,1.7814,573.4631,0.03838,0.87709,562.3814,-0.13951,0.0818,,,
573.3507,0.07143,1.78311,573.5472,0.03853,0.8806,562.4634,-0.13939,0.08324,,,
573.4344,0.07142,1.78267,573.6313,0.03881,0.88701,562.547,-0.13925,0.08499,,,
573.5182,0.07143,1.78313,573.716,0.03904,0.89232,562.63,-0.13926,0.08491,,,
573.6016,0.07147,1.78412,573.7984,0.03921,0.89601,562.7151,-0.13925,0.08502,,,
573.6872,0.07151,1.78492,573.8828,0.03917,0.89511,562.7978,-0.1392,0.08568,,,
573.7686,0.07143,1.78293,573.9662,0.03895,0.8902,562.8818,-0.13914,0.08633,,,
573.8539,0.0712,1.77729,574.05,0.03886,0.88802,562.9638,-0.13904,0.08766,,,
573.9372,0.07112,1.77541,574.1318,0.03883,0.88745,563.0457,-0.13904,0.0876,,,
574.021,0.07106,1.7739,574.2149,0.03877,0.88611,563.1301,-0.13911,0.08675,,,
574.105,0.07107,1.77395,574.3,0.03884,0.88754,563.2101,-0.13918,0.08588,,,
574.1885,0.07116,1.77623,574.3836,0.03893,0.8897,563.295,-0.13912,0.08662,,,
574.2715,0.07124,1.77827,574.4654,0.03879,0.88653,563.3745,-0.13904,0.08756,,,
574.3544,0.0713,1.77989,574.5504,0.03862,0.88265,563.4568,-0.13909,0.08704,,,
574.4392,0.07123,1.778,574.6338,0.03865,0.88332,563.5374,-0.13937,0.08353,,,
574.5212,0.07131,1.77995,574.7149,0.03844,0.87845,563.6187,-0.13953,0.08158,,,
574.605,0.07141,1.7825,574.7998,0.03837,0.87683,563.702,-0.13948,0.08217,,,
574.6895,0.0712,1.77725,574.8832,0.0383,0.87538,563.7847,-0.1392,0.08566,,,
574.771,0.0711,1.77485,574.9668,0.03826,0.87448,563.8656,-0.139,0.08809,,,
574.8562,0.07117,1.77663,575.0508,0.03824,0.87395,563.9463,-0.13899,0.08818,,,
574.9389,0.07132,1.78019,575.1343,0.03825,0.87422,564.0272,-0.13914,0.08632,,,
575.0228,0.07105,1.77346,575.2191,0.03825,0.87427,564.1105,-0.13926,0.08487,,,
575.1063,0.07108,1.77438,575.3013,0.03835,0.87655,564.1907,-0.13902,0.08791,,,
575.189,0.07104,1.77329,575.3878,0.03841,0.8777,564.2724,-0.13887,0.08972,,,
575.2754,0.07078,1.76685,575.4695,0.03851,0.88011,564.3552,-0.13895,0.08866,,,
575.3576,0.07076,1.76638,575.5535,0.03833,0.87594,564.4391,-0.13916,0.08616,,,
575.4414,0.07085,1.76858,575.638,0.03819,0.87289,564.5211,-0.13924,0.0851,,,
575.524,0.07089,1.76961,575.7217,0.03813,0.8715,564.604,-0.13913,0.0865,,,
575.6065,0.07092,1.77041,575.8048,0.03819,0.87279,564.6853,-0.13892,0.08907,,,
575.693,0.07105,1.77345,575.89,0.03819,0.8727,564.7664,-0.13881,0.09043,,,
575.7772,0.07115,1.77595,575.9718,0.03816,0.87204,564.851,-0.13882,0.09033,,,
575.861,0.07124,1.7782,576.0562,0.03841,0.87789,564.9331,-0.13882,0.0903,,,
575.9441,0.07116,1.77631,576.139,0.03869,0.88427,565.016,-0.13859,0.09317,,,
576.0268,0.07097,1.77155,576.2229,0.03864,0.88298,565.0976,-0.13849,0.0944,,,
576.1106,0.07095,1.77097,576.3058,0.03838,0.87718,565.1806,-0.13867,0.09214,,,
576.194,0.07096,1.77124,576.3902,0.0382,0.87294,565.2631,-0.13885,0.0899,,,
576.2795,0.07087,1.76906,576.4726,0.03807,0.87008,565.346,-0.13889,0.08951,,,
576.3616,0.07093,1.77062,576.5574,0.0381,0.87065,565.4288,-0.13876,0.09104,,,
576.4458,0.07106,1.77392,576.64,0.03794,0.86699,565.512,-0.13862,0.09276,,,
576.5273,0.071,1.77223,576.7246,0.03775,0.86274,565.5949,-0.13879,0.09073,,,
576.6118,0.07089,1.76968,576.8072,0.03778,0.86334,565.6777,-0.13903,0.0877,,,
576.6951,0.07077,1.76659,576.8909,0.03789,0.86583,565.7615,-0.13926,0.08489,,,
576.7778,0.07074,1.76578,576.9761,0.03798,0.86796,565.8438,-0.1393,0.08435,,,
576.8644,0.07072,1.76522,577.0594,0.03816,0.87211,565.9281,-0.13916,0.0861,,,
576.9454,0.07077,1.76663,577.1442,0.03801,0.86864,566.0108,-0.1392,0.08559,,,
577.0299,0.07074,1.76587,577.2274,0.03791,0.86632,566.0948,-0.13925,0.08498,,,
577.1142,0.07042,1.75787,577.3098,0.03808,0.87028,566.1789,-0.1392,0.08569,,,
577.1989,0.07034,1.75578,577.3955,0.0383,0.87524,566.2605,-0.13907,0.08727,,,
577.2826,0.07032,1.75537,577.4795,0.03834,0.87622,566.3437,-0.13888,0.08956,,,
577.3664,0.07027,1.75402,577.5639,0.03817,0.87228,566.4254,-0.13883,0.09026,,,
577.4516,0.07026,1.75386,577.6482,0.03812,0.87118,566.5095,-0.13883,0.09026,,,
577.5331,0.07032,1.75529,577.7324,0.03801,0.86862,566.5932,-0.13904,0.08763,,,
577.6182,0.07027,1.75413,577.8149,0.03809,0.87053,566.6778,-0.13906,0.0874,,,
577.7026,0.07033,1.75553,577.898,0.03811,0.87097,566.7585,-0.13897,0.08844,,,
577.7864,0.07031,1.75516,577.9817,0.03796,0.86755,566.8432,-0.13893,0.08895,,,
577.8688,0.07057,1.76157,578.0644,0.03789,0.86592,566.9278,-0.13907,0.08728,,,
577.9537,0.07081,1.76763,578.1474,0.03791,0.86633,567.0086,-0.13925,0.08501,,,
578.0355,0.07074,1.76577,578.2317,0.038,0.86839,567.0932,-0.1393,0.08437,,,
578.1186,0.07063,1.76309,578.316,0.03791,0.8664,567.1757,-0.13924,0.08519,,,
578.2021,0.07057,1.76154,578.3994,0.03776,0.86307,567.2589,-0.13906,0.08735,,,
578.2857,0.07053,1.76065,578.4813,0.03781,0.86412,567.3418,-0.13896,0.08862,,,
578.3691,0.0706,1.76228,578.564,0.03783,0.86464,567.4271,-0.139,0.08809,,,
578.4531,0.07049,1.75959,578.648,0.03788,0.86579,567.5094,-0.13893,0.08899,,,
578.5361,0.07053,1.76062,578.7321,0.03768,0.86113,567.5921,-0.13897,0.08844,,,
578.6187,0.07052,1.76034,578.8171,0.03759,0.859,567.6753,-0.13889,0.08947,,,
578.7056,0.07059,1.76212,578.9015,0.03757,0.85862,567.7606,-0.1389,0.08931,,,
578.7875,0.07068,1.76423,578.9839,0.03778,0.86341,567.8418,-0.13906,0.08738,,,
578.8711,0.07065,1.76359,579.0688,0.03813,0.87149,567.9242,-0.13894,0.08886,,,
578.9546,0.07054,1.76089,579.1511,0.0382,0.87299,568.0087,-0.13883,0.09014,,,
579.0383,0.0703,1.75477,579.2328,0.03824,0.874,568.0918,-0.13884,0.09004,,,
579.1228,0.07007,1.74915,579.3188,0.03825,0.8741,568.175,-0.139,0.08805,,,
579.2072,0.07009,1.7495,579.4014,0.03844,0.8784,568.2588,-0.13914,0.08643,,,
579.2895,0.07022,1.75295,579.485,0.03839,0.87729,568.3422,-0.13908,0.08717,,,
579.3744,0.0704,1.7572,579.5686,0.03812,0.87109,568.4242,-0.1388,0.09057,,,
579.4566,0.07047,1.75902,579.6528,0.03798,0.86806,568.5098,-0.13861,0.09286,,,
579.5405,0.07034,1.75582,579.737,0.0379,0.86606,568.5914,-0.13864,0.0925,,,
579.625,0.07041,1.75766,579.8198,0.03798,0.86794,568.6757,-0.13881,0.09041,,,
579.7072,0.07053,1.76052,579.903,0.03815,0.87194,568.759,-0.13904,0.08758,,,
579.791,0.07054,1.76074,579.9879,0.03793,0.86692,568.841,-0.13923,0.08532,,,
579.8744,0.07041,1.75755,580.0711,0.03796,0.86749,568.9264,-0.13923,0.08521,,,
579.958,0.07032,1.75521,580.1546,0.03808,0.87026,569.0088,-0.13925,0.08507,,,
580.0414,0.07048,1.75944,580.237,0.03815,0.87177,569.0928,-0.13926,0.08493,,,
580.125,0.07054,1.76084,580.32,0.03812,0.87122,569.1759,-0.13928,0.08469,,,
580.2089,0.07056,1.76135,580.4044,0.03803,0.86921,569.2604,-0.13916,0.0861,,,
580.292,0.07063,1.76308,580.4882,0.03806,0.8699,569.3422,-0.13882,0.09034,,,
580.377,0.07048,1.75941,580.5713,0.03794,0.86713,569.426,-0.13869,0.09194,,,
580.4576,0.07021,1.75252,580.6555,0.03786,0.86525,569.5098,-0.13875,0.09119,,,
580.5442,0.07004,1.74827,580.7382,0.03794,0.86703,569.5934,-0.13883,0.09026,,,
580.6253,0.07001,1.74771,580.8203,0.038,0.86845,569.678,-0.13885,0.08998,,,
580.7102,0.07009,1.7496,580.9048,0.0381,0.87076,569.761,-0.13877,0.09092,,,
580.7937,0.07013,1.75058,580.9887,0.03815,0.87184,569.845,-0.13862,0.09281,,,
580.8755,0.0701,1.7498,581.0714,0.03802,0.86896,569.929,-0.13868,0.09208,,,
580.9607,0.07008,1.74927,581.1568,0.03794,0.86718,570.0124,-0.13885,0.08998,,,
581.045,0.06993,1.74554,581.239,0.03785,0.8651,570.0934,-0.13883,0.09021,,,
581.1287,0.06992,1.74537,581.3243,0.03761,0.85945,570.1782,-0.13868,0.09203,,,
581.2121,0.06998,1.74676,581.4074,0.03745,0.85592,570.263,-0.13854,0.0938,,,
581.2951,0.06988,1.74432,581.4918,0.03767,0.86087,570.3448,-0.13853,0.09394,,,
581.3811,0.06987,1.74421,581.5742,0.03805,0.8697,570.429,-0.13867,0.0922,,,
581.4632,0.06984,1.74335,581.6574,0.0382,0.87303,570.51,-0.13881,0.09049,,,
581.5468,0.06986,1.74394,581.7425,0.03832,0.8757,570.5942,-0.13874,0.09135,,,
581.6312,0.06998,1.7469,581.8268,0.038,0.86835,570.6782,-0.13867,0.09214,,,
581.7148,0.07002,1.74792,581.9094,0.03768,0.86115,570.762,-0.1387,0.09185,,,
581.7993,0.07023,1.7531,581.9932,0.03746,0.8561,570.8461,-0.13886,0.08983,,,
581.8812,0.07006,1.74895,582.0771,0.03742,0.85527,570.931,-0.13881,0.09042,,,
581.9649,0.07004,1.74834,582.1596,0.03752,0.8575,571.0129,-0.13875,0.09113,,,
582.0491,0.06998,1.74688,582.2437,0.0377,0.8617,571.0969,-0.13882,0.09026,,,
582.1321,0.06992,1.7454,582.3268,0.03774,0.86249,571.1813,-0.13889,0.08947,,,
582.2165,0.06978,1.74192,582.4111,0.03774,0.86261,571.2649,-0.13898,0.08834,,,
582.3005,0.06983,1.74303,582.4949,0.03755,0.85824,571.3487,-0.13902,0.08791,,,
582.3826,0.07003,1.74804,582.5795,0.03742,0.85519,571.4321,-0.13911,0.08677,,,
582.466,0.07025,1.75357,582.6622,0.03739,0.85444,571.5169,-0.1391,0.08681,,,
582.5486,0.07055,1.76099,582.7472,0.03741,0.85506,571.5987,-0.1391,0.08689,,,
582.632,0.07014,1.75073,582.8289,0.03759,0.85918,571.6838,-0.13916,0.08612,,,
582.7153,0.06986,1.74393,582.9136,0.03762,0.85968,571.7666,-0.13912,0.0866,,,
582.7992,0.06973,1.74056,582.998,0.03757,0.85866,571.8503,-0.13908,0.08711,,,
582.8829,0.06979,1.74222,583.0813,0.03737,0.85412,571.9339,-0.13899,0.08826,,,
582.9672,0.06986,1.74389,583.1641,0.03729,0.85221,572.0186,-0.1391,0.08681,,,
583.0524,0.06974,1.74078,583.2479,0.0375,0.85712,572.1015,-0.13939,0.08332,,,
583.1342,0.06959,1.73712,583.3303,0.03755,0.85827,572.185,-0.13957,0.08106,,,
583.2166,0.06942,1.73281,583.4148,0.03746,0.85613,572.2693,-0.13954,0.08141,,,
583.3008,0.06951,1.7352,583.4986,0.03743,0.85549,572.3532,-0.13916,0.08609,,,
583.3856,0.0696,1.73746,583.5822,0.03753,0.8576,572.4366,-0.13907,0.0872,,,
583.468,0.06949,1.73451,583.666,0.0378,0.86387,572.5204,-0.13925,0.08504,,,
583.5518,0.0695,1.7348,583.7494,0.03808,0.87037,572.6014,-0.13945,0.08256,,,
583.634,0.06956,1.73639,583.8342,0.03818,0.87257,572.687,-0.13942,0.08294,,,
583.7174,0.06925,1.72859,583.9168,0.038,0.86851,572.771,-0.1393,0.08436,,,
583.8014,0.06833,1.70572,584,0.03806,0.86977,572.854,-0.13925,0.08508,,,
583.8855,0.06742,1.68291,584.0834,0.03808,0.8703,572.938,-0.13926,0.08489,,,
583.9702,0.06708,1.67436,584.1664,0.03804,0.86932,573.0224,-0.13937,0.08352,,,
584.0552,0.06729,1.67977,584.2502,0.03814,0.87154,573.1042,-0.13947,0.08237,,,
584.1408,0.06796,1.69647,584.3326,0.03803,0.86903,573.1879,-0.13942,0.08294,,,
584.2234,0.06862,1.71283,584.4162,0.03784,0.86473,573.273,-0.13938,0.08347,,,
584.3072,0.06911,1.72508,584.5004,0.03777,0.86324,573.357,-0.13926,0.08488,,,
584.3899,0.0701,1.74987,584.5832,0.0376,0.85938,573.4387,-0.13897,0.08843,,,
584.4746,0.07154,1.78577,584.6666,0.03769,0.86132,573.5246,-0.13873,0.0914,,,
584.5576,0.0728,1.81735,584.7507,0.0376,0.85935,573.6076,-0.13843,0.09507,,,
584.6404,0.07294,1.82084,584.8334,0.03745,0.8558,573.6904,-0.13823,0.09759,,,
584.7218,0.07319,1.82703,584.9172,0.03748,0.85646,573.7732,-0.13834,0.0962,,,
584.8057,0.07284,1.81824,585.0021,0.03744,0.85556,573.8554,-0.13851,0.09416,,,
584.8874,0.07222,1.80283,585.0836,0.03725,0.85129,573.9414,-0.13838,0.09578,,,
584.9704,0.07161,1.78764,585.168,0.03741,0.8549,574.0245,-0.1382,0.09793,,,
585.0534,0.0711,1.77491,585.2509,0.03772,0.86199,574.1086,-0.13827,0.09713,,,
585.136,0.0707,1.76494,585.3336,0.03787,0.86537,574.1903,-0.13838,0.09578,,,
585.219,0.07033,1.7556,585.418,0.03779,0.8637,574.2756,-0.13848,0.09454,,,
585.3018,0.0701,1.74975,585.4992,0.03773,0.86226,574.358,-0.13845,0.09492,,,
585.386,0.07005,1.74847,585.585,0.03773,0.86227,574.4424,-0.13821,0.09789,,,
585.469,0.07009,1.74955,585.6679,0.0376,0.85921,574.5258,-0.13802,0.10022,,,
585.5513,0.07006,1.74876,585.752,0.03786,0.86533,574.6101,-0.13818,0.09822,,,
585.6347,0.07002,1.74791,585.8352,0.03804,0.86927,574.6926,-0.13836,0.09597,,,
585.72,0.07004,1.74839,585.9185,0.03801,0.86873,574.7761,-0.13839,0.09559,,,
585.8039,0.07,1.74747,586.0032,0.03804,0.86934,574.8608,-0.13838,0.09576,,,
585.8863,0.06981,1.74253,586.0885,0.03814,0.87161,574.9441,-0.13845,0.09489,,,
585.9694,0.06966,1.73889,586.1704,0.03841,0.87783,575.0268,-0.13859,0.09312,,,
586.0538,0.0697,1.73991,586.2533,0.03849,0.87956,575.1112,-0.13865,0.09236,,,
586.1392,0.06982,1.74276,586.3365,0.03854,0.8807,575.1939,-0.13851,0.09415,,,
586.2214,0.06984,1.74334,586.421,0.03858,0.88159,575.2766,-0.13828,0.09698,,,
586.3048,0.06979,1.74221,586.502,0.03841,0.87786,575.3614,-0.13842,0.0952,,,
586.3889,0.06989,1.74454,586.5873,0.0382,0.873,575.4452,-0.1386,0.093,,,
586.4739,0.06989,1.74449,586.67,0.03813,0.8714,575.5298,-0.1387,0.09184,,,
586.5588,0.06992,1.74533,586.752,0.038,0.8684,575.6125,-0.1387,0.09177,,,
586.6424,0.06986,1.74374,586.8374,0.03758,0.85896,575.6953,-0.13848,0.09446,,,
586.7247,0.06993,1.7455,586.922,0.03743,0.85534,575.781,-0.13844,0.09501,,,
586.8085,0.06991,1.7452,587.005,0.03756,0.85846,575.8638,-0.13865,0.09246,,,
586.8926,0.06993,1.74557,587.0887,0.03778,0.86335,575.9485,-0.13878,0.09083,,,
586.9747,0.06986,1.7439,587.1701,0.03772,0.86206,576.0308,-0.13877,0.09098,,,
587.0588,0.06978,1.74176,587.2564,0.03766,0.86071,576.1139,-0.13867,0.09213,,,
587.1432,0.06969,1.73963,587.3382,0.03773,0.86237,576.1977,-0.13856,0.0935,,,
587.2257,0.06949,1.73459,587.4224,0.03774,0.86244,576.2822,-0.13858,0.09326,,,
587.3078,0.06937,1.73158,587.506,0.03769,0.86138,576.3662,-0.13867,0.09218,,,
587.3926,0.06935,1.73118,587.5902,0.03767,0.86084,576.4485,-0.13847,0.09462,,,
587.4754,0.06946,1.7338,587.6736,0.03773,0.86217,576.5318,-0.13829,0.09691,,,
587.5609,0.06957,1.7366,587.7578,0.03786,0.86527,576.6141,-0.13827,0.09709,,,
587.6443,0.06969,1.73957,587.8421,0.03784,0.86472,576.7004,-0.13836,0.09599,,,
587.728,0.06966,1.73892,587.9242,0.0376,0.85933,576.7841,-0.13852,0.09399,,,
587.812,0.0696,1.73726,588.009,0.03765,0.86047,576.8686,-0.1385,0.09426,,,
587.8953,0.06978,1.74191,588.0928,0.03774,0.86242,576.9497,-0.13832,0.09643,,,
587.9797,0.07006,1.74888,588.1765,0.03752,0.85758,577.035,-0.1383,0.09669,,,
588.0625,0.07013,1.7505,588.2593,0.03725,0.85127,577.118,-0.13834,0.09624,,,
588.146,0.06989,1.74449,588.342,0.0371,0.84787,577.2026,-0.13842,0.09526,,,
588.2289,0.06969,1.73967,588.4255,0.03628,0.82919,577.2859,-0.13833,0.09637,,,
588.3116,0.0696,1.73748,588.5101,0.03582,0.8187,577.3709,-0.13828,0.09691,,,
588.3942,0.06965,1.73862,588.5945,0.03574,0.81676,577.455,-0.13836,0.09595,,,
588.4807,0.06968,1.73935,588.6778,0.03569,0.81563,577.5402,-0.13852,0.09397,,,
588.5626,0.06974,1.74091,588.7628,0.03581,0.8184,577.623,-0.13861,0.09292,,,
588.6467,0.06977,1.74162,588.8471,0.03617,0.82654,577.7075,-0.1385,0.09423,,,
588.729,0.06996,1.74623,588.9304,0.03645,0.83291,577.791,-0.13861,0.09285,,,
588.8126,0.06981,1.74256,589.0149,0.03667,0.83813,577.8748,-0.13862,0.09273,,,
588.897,0.06928,1.72938,589.0972,0.03692,0.84367,577.9581,-0.13872,0.0916,,,
588.9795,0.06884,1.71837,589.181,0.03697,0.8448,578.0411,-0.13871,0.09172,,,
589.0647,0.06867,1.71407,589.2652,0.03697,0.84495,578.1254,-0.1387,0.09181,,,
589.1479,0.06852,1.7105,589.3496,0.03699,0.84534,578.2094,-0.13866,0.09232,,,
589.2309,0.06843,1.70807,589.4316,0.03696,0.84476,578.2926,-0.13866,0.0923,,,
589.316,0.06852,1.71037,589.5152,0.03696,0.84458,578.377,-0.13878,0.09076,,,
589.3994,0.06872,1.71548,589.6,0.03685,0.84213,578.4601,-0.13878,0.09076,,,
589.4824,0.06893,1.72054,589.6821,0.03694,0.84424,578.5434,-0.1387,0.09177,,,
589.5645,0.06908,1.72445,589.7664,0.03703,0.84631,578.6268,-0.13864,0.09252,,,
589.6492,0.06926,1.72881,589.8505,0.03731,0.85269,578.7105,-0.13868,0.09208,,,
589.7338,0.06947,1.73409,589.9338,0.03771,0.8619,578.7941,-0.13862,0.09279,,,
589.8168,0.06965,1.73859,590.0178,0.03903,0.89191,578.879,-0.1386,0.09303,,,
589.9014,0.06971,1.74017,590.101,0.03974,0.90814,578.9602,-0.13843,0.09513,,,
589.9834,0.06978,1.74173,590.1832,0.03976,0.90869,579.0441,-0.13818,0.09821,,,
590.067,0.0698,1.74233,590.2651,0.03946,0.90191,579.1286,-0.13823,0.09756,,,
590.1511,0.06988,1.74436,590.3468,0.039,0.89134,579.2137,-0.1382,0.09801,,,
590.2328,0.07017,1.75166,590.4307,0.03848,0.87941,579.2939,-0.13819,0.09814,,,
590.3168,0.07049,1.75963,590.5146,0.03819,0.8727,579.3793,-0.13812,0.09891,,,
590.4016,0.07038,1.75682,590.5938,0.03801,0.86874,579.4625,-0.13839,0.09556,,,
590.4836,0.07027,1.75404,590.6785,0.03783,0.86459,579.545,-0.13855,0.09361,,,
590.5695,0.07012,1.75025,590.763,0.03758,0.85881,579.6299,-0.13866,0.09227,,,
590.6512,0.06997,1.74647,590.8462,0.03739,0.85442,579.7132,-0.13859,0.09316,,,
590.7366,0.06982,1.7428,590.929,0.03736,0.85385,579.7972,-0.1385,0.09426,,,
590.8184,0.06971,1.74019,591.0124,0.03734,0.85329,579.8801,-0.13835,0.09614,,,
590.9006,0.06961,1.7375,591.0962,0.03733,0.85304,579.9639,-0.13845,0.0949,,,
590.9837,0.06943,1.73318,591.1793,0.03727,0.85186,580.0492,-0.13856,0.09351,,,
591.0686,0.06941,1.73259,591.2632,0.03728,0.85204,580.1328,-0.13857,0.09337,,,
591.151,0.06951,1.73502,591.347,0.03738,0.85416,580.2172,-0.13852,0.09397,,,
591.2354,0.06953,1.73569,591.4293,0.03727,0.85177,580.2993,-0.13848,0.0945,,,
591.3188,0.06947,1.73404,591.5137,0.03726,0.85162,580.3831,-0.1385,0.09423,,,
591.4,0.06926,1.7289,591.5976,0.03732,0.85296,580.467,-0.13858,0.09328,,,
591.4849,0.0691,1.72493,591.6806,0.03725,0.85127,580.551,-0.13852,0.09402,,,
591.5694,0.06888,1.71927,591.7641,0.03716,0.84933,580.6334,-0.13836,0.09598,,,
591.6511,0.06875,1.7162,591.8492,0.03738,0.85428,580.7168,-0.13833,0.09638,,,
591.7363,0.06882,1.7178,591.9316,0.03737,0.85412,580.8007,-0.13837,0.09584,,,
591.8194,0.06885,1.71858,592.0145,0.03728,0.8521,580.8829,-0.13837,0.09583,,,
591.9042,0.06873,1.71569,592.0989,0.03712,0.84845,580.9674,-0.13834,0.09621,,,
591.9887,0.06874,1.71598,592.1813,0.03699,0.84528,581.0496,-0.13845,0.09493,,,
592.0706,0.06878,1.71678,592.2664,0.03711,0.84804,581.1339,-0.13841,0.09531,,,
592.1554,0.06882,1.71791,592.3495,0.03728,0.85201,581.2172,-0.13843,0.09515,,,
592.2396,0.06891,1.72014,592.4337,0.03766,0.86064,581.3024,-0.13837,0.09588,,,
592.3209,0.06902,1.72281,592.5166,0.03754,0.85791,581.384,-0.13849,0.09433,,,
592.4042,0.069,1.72233,592.5996,0.03741,0.85507,581.4698,-0.1387,0.09174,,,
592.4895,0.06913,1.72557,592.6835,0.03746,0.85604,581.5518,-0.13878,0.09075,,,
592.5722,0.06895,1.72114,592.7676,0.03747,0.85631,581.6365,-0.13888,0.08961,,,
592.6554,0.0687,1.71491,592.8511,0.03734,0.85347,581.7205,-0.1389,0.08931,,,
592.7411,0.06872,1.71536,592.9339,0.03731,0.85274,581.8041,-0.1388,0.09051,,,
592.8226,0.0689,1.71995,593.0162,0.03737,0.85395,581.8878,-0.13864,0.09259,,,
592.906,0.0691,1.72477,593.1005,0.03739,0.85446,581.971,-0.13834,0.09627,,,
592.9905,0.06913,1.72555,593.1856,0.03732,0.85287,582.0558,-0.13841,0.09539,,,
593.0738,0.06909,1.72456,593.2676,0.03729,0.85218,582.1373,-0.13837,0.09589,,,
593.1572,0.06902,1.7229,593.3516,0.03731,0.85269,582.2226,-0.13841,0.09542,,,
593.2403,0.069,1.7224,593.4342,0.03753,0.85773,582.306,-0.13834,0.09624,,,
593.3224,0.06909,1.72451,593.5199,0.03753,0.8576,582.3892,-0.13832,0.09646,,,
593.406,0.06901,1.72252,593.6028,0.03743,0.85534,582.4727,-0.13836,0.09599,,,
593.4908,0.06869,1.71461,593.6856,0.03739,0.85451,582.5571,-0.13828,0.09692,,,
593.5727,0.06854,1.7109,593.7696,0.03723,0.85079,582.6403,-0.13827,0.09712,,,
593.6562,0.06861,1.71274,593.8531,0.03732,0.85298,582.7226,-0.13843,0.09512,,,
593.7414,0.06871,1.71502,593.9363,0.03761,0.85943,582.8082,-0.13852,0.09404,,,
593.824,0.06874,1.71596,594.0205,0.03743,0.85539,582.8903,-0.13855,0.09359,,,
593.9065,0.06888,1.71936,594.1031,0.03725,0.85129,582.976,-0.13862,0.09283,,,
593.9905,0.06883,1.71825,594.1877,0.03728,0.85208,583.0592,-0.13862,0.09273,,,
594.0745,0.06865,1.71356,594.2706,0.03738,0.85437,583.1426,-0.1387,0.09174,,,
594.1576,0.06863,1.71324,594.3549,0.03753,0.8576,583.226,-0.13882,0.09035,,,
594.241,0.06867,1.71404,594.438,0.03757,0.85862,583.3094,-0.13873,0.09143,,,
594.3235,0.06855,1.71114,594.5202,0.03739,0.85444,583.3926,-0.13855,0.09368,,,
594.4082,0.06839,1.70724,594.605,0.03731,0.85266,583.4778,-0.13838,0.09571,,,
594.4928,0.06816,1.70141,594.6889,0.03733,0.85308,583.5604,-0.13823,0.09756,,,
594.5748,0.06793,1.69567,594.7729,0.03731,0.85258,583.6436,-0.13829,0.0969,,,
594.6589,0.068,1.69747,594.8562,0.03734,0.85341,583.729,-0.13828,0.09692,,,
594.7424,0.06808,1.69935,594.9379,0.03743,0.85538,583.8113,-0.13808,0.09945,,,
594.8252,0.06813,1.70062,595.0209,0.03737,0.85407,583.8958,-0.13792,0.10138,,,
594.9091,0.06823,1.70319,595.1044,0.03725,0.85126,583.9793,-0.13785,0.1023,,,
594.9908,0.0685,1.70989,595.185,0.03724,0.85114,584.0614,-0.13802,0.10016,,,
595.0757,0.06871,1.71502,595.27,0.03703,0.8463,584.1457,-0.13809,0.09934,,,
595.159,0.06867,1.71425,595.3535,0.03694,0.84425,584.228,-0.13804,0.09994,,,
595.2445,0.06866,1.71393,595.4389,0.03704,0.8464,584.3121,-0.13813,0.09887,,,
595.327,0.06865,1.71358,595.521,0.0373,0.85245,584.3961,-0.1383,0.09675,,,
595.4088,0.06862,1.7129,595.6044,0.03746,0.856,584.4787,-0.1384,0.09544,,,
595.4944,0.06866,1.71394,595.689,0.03746,0.85609,584.5626,-0.13831,0.09663,,,
595.5761,0.0687,1.71485,595.7716,0.03746,0.85618,584.6456,-0.13815,0.09852,,,
595.6594,0.06878,1.71686,595.8545,0.03748,0.85665,584.7304,-0.13808,0.09942,,,
595.7426,0.06875,1.71603,595.9368,0.0377,0.86167,584.8137,-0.13821,0.09786,,,
595.8268,0.06874,1.71601,596.0224,0.03771,0.8619,584.8977,-0.13835,0.09616,,,
595.9105,0.06862,1.71287,596.1054,0.03744,0.85554,584.9792,-0.13845,0.09483,,,
595.9918,0.0685,1.71001,596.1888,0.03733,0.85322,585.0634,-0.13839,0.09561,,,
596.0772,0.06876,1.71641,596.2729,0.03743,0.85542,585.1474,-0.13814,0.09875,,,
596.159,0.06894,1.72092,596.3558,0.03728,0.8521,585.2318,-0.13805,0.09976,,,
596.2421,0.06899,1.72219,596.4392,0.03733,0.8532,585.3152,-0.13799,0.1005,,,
596.3268,0.06893,1.72062,596.5234,0.03734,0.8534,585.4,-0.13799,0.10059,,,
596.41,0.06898,1.7218,596.6064,0.0372,0.85009,585.4839,-0.13782,0.10268,,,
596.4944,0.06875,1.71615,596.6907,0.03712,0.84841,585.566,-0.13781,0.10274,,,
596.5776,0.06851,1.71022,596.7735,0.03724,0.85105,585.6499,-0.13788,0.10191,,,
596.6618,0.06838,1.70685,596.8565,0.03717,0.84939,585.735,-0.13803,0.10001,,,
596.7445,0.06836,1.70631,596.9411,0.03686,0.84232,585.8182,-0.13807,0.09957,,,
596.8271,0.06826,1.70397,597.0236,0.03674,0.83963,585.9012,-0.13806,0.09967,,,
596.9118,0.06829,1.70454,597.107,0.03669,0.83861,585.9862,-0.13811,0.09905,,,
596.9956,0.06845,1.70865,597.1912,0.03686,0.84247,586.07,-0.13835,0.09615,,,
597.0786,0.06859,1.71213,597.2734,0.037,0.84552,586.152,-0.13867,0.09215,,,
597.1614,0.06865,1.71376,597.3572,0.03702,0.84601,586.2372,-0.13882,0.09034,,,
597.2449,0.06865,1.7137,597.4414,0.03718,0.84972,586.3199,-0.13871,0.09171,,,
597.3284,0.06856,1.71147,597.5254,0.03724,0.85097,586.4048,-0.13854,0.09376,,,
597.4119,0.06845,1.70863,597.6089,0.03734,0.85333,586.4872,-0.13846,0.09476,,,
597.4963,0.06842,1.70794,597.6941,0.03732,0.85285,586.5709,-0.13848,0.09451,,,
597.5788,0.06832,1.7055,597.7772,0.03718,0.84968,586.6541,-0.13846,0.0948,,,
597.6627,0.06837,1.70661,597.8598,0.03722,0.85069,586.7371,-0.13834,0.09623,,,
597.7456,0.06826,1.70399,597.9426,0.03738,0.85419,586.8201,-0.13802,0.10014,,,
597.829,0.06822,1.70284,598.0262,0.03755,0.85806,586.9042,-0.13785,0.10227,,,
597.9125,0.06842,1.7078,598.1098,0.03758,0.85878,586.9905,-0.13801,0.10034,,,
597.9965,0.06845,1.70869,598.1934,0.03758,0.85883,587.0722,-0.13812,0.09894,,,
598.0793,0.06854,1.71079,598.2766,0.03742,0.85514,587.1563,-0.13813,0.09878,,,
598.1607,0.06857,1.71175,598.3588,0.03737,0.85408,587.2406,-0.13807,0.09956,,,
598.2449,0.0685,1.70999,598.4433,0.03736,0.85388,587.323,-0.13803,0.10009,,,
598.328,0.06845,1.70857,598.5242,0.03737,0.85411,587.4063,-0.13815,0.09858,,,
598.4109,0.06836,1.70648,598.6076,0.0373,0.85237,587.489,-0.13824,0.09743,,,
598.4948,0.06822,1.7028,598.6925,0.03717,0.84959,587.5752,-0.1383,0.09669,,,
598.5786,0.06827,1.7041,598.7758,0.03718,0.84972,587.6586,-0.13828,0.09697,,,
598.6616,0.0682,1.70241,598.8597,0.03709,0.84753,587.7428,-0.1383,0.09668,,,
598.7456,0.06814,1.70082,598.9418,0.03662,0.83685,587.8232,-0.13836,0.09605,,,
598.8308,0.06801,1.69757,599.0259,0.0355,0.81135,587.9079,-0.13842,0.09523,,,
598.9144,0.06796,1.69648,599.111,0.03493,0.79829,587.9937,-0.13827,0.09709,,,
598.9967,0.06782,1.69302,599.195,0.03495,0.7988,588.077,-0.13814,0.0987,,,
599.0829,0.06769,1.68974,599.2778,0.03521,0.80463,588.1597,-0.13809,0.09929,,,
599.1648,0.06774,1.69098,599.3621,0.03531,0.80698,588.2442,-0.13822,0.09774,,,
599.2485,0.06794,1.69586,599.446,0.03545,0.81009,588.327,-0.13818,0.09822,,,
599.3305,0.06806,1.69888,599.5294,0.03555,0.81248,588.4116,-0.13816,0.09842,,,
599.4145,0.06813,1.70076,599.6129,0.03566,0.81491,588.4956,-0.13806,0.09964,,,
599.4996,0.06807,1.69913,599.6962,0.03589,0.82026,588.5802,-0.13797,0.10078,,,
599.5824,0.06786,1.69404,599.7793,0.03607,0.82424,588.6631,-0.13825,0.09738,,,
599.6652,0.06799,1.69709,599.8643,0.03618,0.82679,588.747,-0.13839,0.09568,,,
599.7478,0.06803,1.69821,599.945,0.0361,0.82491,588.8299,-0.13838,0.09576,,,
599.8314,0.06807,1.6992,,,,588.912,-0.13822,0.09771,,,
599.9156,0.0681,1.69982,,,,588.9942,-0.1383,0.0967,,,
599.999,0.06809,1.69967,,,,589.0795,-0.1385,0.0942,,,
,,,,,,589.1624,-0.13858,0.09333,,,
,,,,,,589.2461,-0.13847,0.09462,,,
,,,,,,589.3289,-0.13829,0.09687,,,
,,,,,,589.41,-0.13816,0.09842,,,
,,,,,,589.4951,-0.13822,0.09766,,,
,,,,,,589.5803,-0.13827,0.09713,,,
,,,,,,589.6635,-0.13806,0.09965,,,
,,,,,,589.7457,-0.13791,0.10155,,,
,,,,,,589.8299,-0.13796,0.10088,,,
,,,,,,589.914,-0.13805,0.09986,,,
,,,,,,589.9984,-0.13808,0.0994,,,
,,,,,,590.081,-0.13781,0.10271,,,
,,,,,,590.1635,-0.13766,0.10461,,,
,,,,,,590.2482,-0.13767,0.10448,,,
,,,,,,590.3299,-0.13788,0.10192,,,
,,,,,,590.4141,-0.13807,0.09951,,,
,,,,,,590.4976,-0.13817,0.09829,,,
,,,,,,590.5818,-0.13808,0.09946,,,
,,,,,,590.664,-0.13806,0.09967,,,
,,,,,,590.7463,-0.13806,0.09967,,,
,,,,,,590.8313,-0.13792,0.10139,,,
,,,,,,590.9158,-0.13768,0.10441,,,
,,,,,,590.9989,-0.13759,0.10553,,,
,,,,,,591.0822,-0.13767,0.10447,,,
,,,,,,591.1658,-0.13783,0.10257,,,
,,,,,,591.2494,-0.138,0.10044,,,
,,,,,,591.3336,-0.13808,0.09946,,,
,,,,,,591.417,-0.13796,0.10091,,,
,,,,,,591.5002,-0.13767,0.10447,,,
,,,,,,591.5842,-0.1378,0.1029,,,
,,,,,,591.668,-0.13809,0.09925,,,
,,,,,,591.7503,-0.13809,0.09933,,,
,,,,,,591.834,-0.13789,0.10182,,,
,,,,,,591.9184,-0.13772,0.10388,,,
,,,,,,592.0014,-0.13783,0.10254,,,
,,,,,,592.0858,-0.13802,0.10012,,,
,,,,,,592.1663,-0.138,0.10048,,,
,,,,,,592.252,-0.13805,0.09978,,,
,,,,,,592.3359,-0.13805,0.09979,,,
,,,,,,592.418,-0.13808,0.09943,,,
,,,,,,592.503,-0.13824,0.09743,,,
,,,,,,592.5855,-0.13823,0.09759,,,
,,,,,,592.6707,-0.13816,0.09847,,,
,,,,,,592.7515,-0.13809,0.09932,,,
,,,,,,592.8378,-0.13819,0.09802,,,
,,,,,,592.9195,-0.1383,0.09674,,,
,,,,,,593.0034,-0.13819,0.09803,,,
,,,,,,593.0888,-0.13805,0.09979,,,
,,,,,,593.1722,-0.13796,0.10094,,,
,,,,,,593.2559,-0.13812,0.0989,,,
,,,,,,593.3388,-0.13832,0.09651,,,
,,,,,,593.4231,-0.13828,0.09701,,,
,,,,,,593.5063,-0.1381,0.09924,,,
,,,,,,593.59,-0.13801,0.10029,,,
,,,,,,593.6755,-0.13811,0.09908,,,
,,,,,,593.757,-0.13819,0.09805,,,
,,,,,,593.8401,-0.13803,0.10004,,,
,,,,,,593.9241,-0.13782,0.10267,,,
,,,,,,594.0089,-0.13779,0.10302,,,
,,,,,,594.0918,-0.13803,0.10002,,,
,,,,,,594.1723,-0.13813,0.09884,,,
,,,,,,594.2578,-0.13807,0.09953,,,
,,,,,,594.3404,-0.13802,0.10016,,,
,,,,,,594.4238,-0.13812,0.09891,,,
,,,,,,594.5082,-0.13829,0.09683,,,
,,,,,,594.5903,-0.13828,0.09698,,,
,,,,,,594.6734,-0.13812,0.09891,,,
,,,,,,594.7575,-0.13783,0.10245,,,
,,,,,,594.8415,-0.13768,0.10438,,,
,,,,,,594.9252,-0.1376,0.10532,,,
,,,,,,595.0102,-0.13918,0.08587,,,
,,,,,,595.0924,-0.14144,0.058,,,
,,,,,,595.1782,-0.14223,0.0483,,,
,,,,,,595.2634,-0.14187,0.05275,,,
,,,,,,595.3468,-0.14136,0.05906,,,
,,,,,,595.4322,-0.14035,0.07144,,,
,,,,,,595.5162,-0.13905,0.08744,,,
,,,,,,595.6021,-0.13725,0.10962,,,
,,,,,,595.683,-0.13528,0.13387,,,
,,,,,,595.7657,-0.13439,0.14492,,,
,,,,,,595.8493,-0.13462,0.14209,,,
,,,,,,595.932,-0.13489,0.13877,,,
,,,,,,596.0131,-0.13529,0.13385,,,
,,,,,,596.0951,-0.13568,0.12901,,,
,,,,,,596.1772,-0.13628,0.12158,,,
,,,,,,596.26,-0.13689,0.11415,,,
,,,,,,596.3409,-0.13715,0.11086,,,
,,,,,,596.4248,-0.13711,0.11144,,,
,,,,,,596.5089,-0.13706,0.11205,,,
,,,,,,596.591,-0.1372,0.11026,,,
,,,,,,596.674,-0.1373,0.10908,,,
,,,,,,596.7582,-0.13729,0.10918,,,
,,,,,,596.8411,-0.13713,0.11112,,,
,,,,,,596.9254,-0.13706,0.11204,,,
,,,,,,597.0082,-0.13715,0.11093,,,
,,,,,,597.0918,-0.13721,0.11018,,,
,,,,,,597.1765,-0.1372,0.11026,,,
,,,,,,597.261,-0.13698,0.11293,,,
,,,,,,597.3438,-0.13693,0.11365,,,
,,,,,,597.4296,-0.13728,0.10934,,,
,,,,,,597.513,-0.13754,0.10603,,,
,,,,,,597.5963,-0.13753,0.10618,,,
,,,,,,597.6804,-0.13742,0.10753,,,
,,,,,,597.7642,-0.13744,0.10736,,,
,,,,,,597.8482,-0.13764,0.10482,,,
,,,,,,597.932,-0.1378,0.1029,,,
,,,,,,598.0154,-0.13777,0.10327,,,
,,,,,,598.0989,-0.13756,0.10579,,,
,,,,,,598.1814,-0.13735,0.10846,,,
,,,,,,598.2664,-0.13736,0.10834,,,
,,,,,,598.3497,-0.13753,0.10616,,,
,,,,,,598.4338,-0.13758,0.1056,,,
,,,,,,598.5166,-0.13747,0.10701,,,
,,,,,,598.6,-0.13725,0.10964,,,
,,,,,,598.6836,-0.13737,0.10821,,,
,,,,,,598.7664,-0.13751,0.10649,,,
,,,,,,598.8515,-0.13751,0.10647,,,
,,,,,,598.9344,-0.13722,0.11003,,,
,,,,,,599.018,-0.13706,0.11196,,,
,,,,,,599.1021,-0.13723,0.10988,,,
,,,,,,599.1852,-0.1374,0.10781,,,
,,,,,,599.269,-0.13736,0.10833,,,
,,,,,,599.3503,-0.13727,0.1094,,,
,,,,,,599.435,-0.13723,0.10988,,,
,,,,,,599.5176,-0.13742,0.10756,,,
,,,,,,599.6011,-0.13756,0.10589,,,
,,,,,,599.6846,-0.1373,0.109,,,
,,,,,,599.7681,-0.13686,0.11441,,,
,,,,,,599.8524,-0.13686,0.11442,,,
,,,,,,599.9365,-0.13698,0.11303,,,
