P-1_smoothed_normalized_wavelength_nm,P-1_smoothed_normalized_abs_1_au,P-1_smoothed_normalized_abs_2_au,P-1_smoothed_normalized_abs_3_au,P-1_smoothed_normalized_abs_4_au,P-1_smoothed_normalized_abs_5_au,P-1_smoothed_normalized_abs_6_au,P-1_smoothed_normalized_abs_7_au,P-1_smoothed_normalized_abs_8_au,P-1_smoothed_normalized_abs_9_au,P-2_smoothed_normalized_wavelength_nm,P-2_smoothed_normalized_abs_1_au,P-2_smoothed_normalized_abs_2_au,P-2_smoothed_normalized_abs_3_au,P-2_smoothed_normalized_abs_4_au,P-2_smoothed_normalized_abs_5_au,P-2_smoothed_normalized_abs_6_au,P-2_smoothed_normalized_abs_7_au,P-2_smoothed_normalized_abs_8_au,P-2_smoothed_normalized_abs_9_au,P-3_smoothed_normalized_wavelength_nm,P-3_smoothed_normalized_abs_1_au,P-3_smoothed_normalized_abs_2_au,P-3_smoothed_normalized_abs_3_au,P-3_smoothed_normalized_abs_4_au,P-3_smoothed_normalized_abs_5_au,P-3_smoothed_normalized_abs_6_au,P-3_smoothed_normalized_abs_7_au,P-3_smoothed_normalized_abs_8_au,P-3_smoothed_normalized_abs_9_au,P-4_smoothed_normalized_wavelength_nm,P-4_smoothed_normalized_abs_1_au,P-4_smoothed_normalized_abs_2_au,P-4_smoothed_normalized_abs_3_au,P-4_smoothed_normalized_abs_4_au,P-4_smoothed_normalized_abs_5_au,P-4_smoothed_normalized_abs_6_au,P-4_smoothed_normalized_abs_7_au,P-4_smoothed_normalized_abs_8_au,P-4_smoothed_normalized_abs_9_au,P-1_raw_wavelength_nm,P-1_raw_abs_1_au,P-1_raw_abs_2_au,P-1_raw_abs_3_au,P-1_raw_abs_4_au,P-1_raw_abs_5_au,P-1_raw_abs_6_au,P-1_raw_abs_7_au,P-1_raw_abs_8_au,P-1_raw_abs_9_au,P-2_raw_wavelength_nm,P-2_raw_abs_1_au,P-2_raw_abs_2_au,P-2_raw_abs_3_au,P-2_raw_abs_4_au,P-2_raw_abs_5_au,P-2_raw_abs_6_au,P-2_raw_abs_7_au,P-2_raw_abs_8_au,P-2_raw_abs_9_au,P-3_raw_wavelength_nm,P-3_raw_abs_1_au,P-3_raw_abs_2_au,P-3_raw_abs_3_au,P-3_raw_abs_4_au,P-3_raw_abs_5_au,P-3_raw_abs_6_au,P-3_raw_abs_7_au,P-3_raw_abs_8_au,P-3_raw_abs_9_au,P-4_raw_wavelength_nm,P-4_raw_abs_1_au,P-4_raw_abs_2_au,P-4_raw_abs_3_au,P-4_raw_abs_4_au,P-4_raw_abs_5_au,P-4_raw_abs_6_au,P-4_raw_abs_7_au,P-4_raw_abs_8_au,P-4_raw_abs_9_au
439.99744,0.00331,0.0034,0.00447,0.00331,0.00375,0.00293,0.00305,0.00483,0.00616,800.0155,0.00205,0.00517,0.00356,0.00435,0.00292,0.00227,0.00356,0.00211,0.00364,800.008,0.00171,0.00199,0.00165,0.00141,0.0021,0.00115,0.00198,0.00144,0.00158,800.01343,0.00322,0.00153,0.00781,0.00297,0.00788,5.76E-04,0.0031,0.0051,9.01E-04,439.99744,0.00175,0.0018,0.00237,0.00175,0.00198,0.00155,0.00161,0.00256,0.00326,800.0155,0.00133,0.00334,0.0023,0.00281,0.00188,0.00147,0.0023,0.00136,0.00235,800.008,0.00439,0.00511,0.00424,0.00362,0.00538,0.00295,0.00508,0.0037,0.00405,800.01343,6.91E-04,3.28E-04,0.00168,6.38E-04,0.00169,1.24E-04,6.65E-04,0.0011,1.94E-04
439.49875,0.00665,0.00357,0.00495,0.00359,0.00407,0.00449,0.0038,0.00302,0.00616,799.49554,0.00353,0.00446,0.00424,0.00435,0.00392,0.00341,0.00356,0.00211,0.00364,799.48798,0.00246,0.00199,0.00165,0.00149,0.0021,0.00147,0.00153,0.00145,0.00181,799.4931,0.00322,0.00184,0.00781,0.00463,0.00317,0.0073,0.0031,0.00269,0.00378,439.49875,0.00501,0.00189,0.00262,0.0019,0.00215,0.00308,0.00201,0.00134,0.01119,799.49554,0.00228,0.00288,0.00284,0.00215,0.00281,0.0022,0.00248,0.00267,9.59E-04,799.48798,0.0063,0.00583,0.0048,0.00435,0.00595,0.00448,0.00393,0.00428,0.00463,799.4931,3.96E-04,6.98E-04,0.00103,9.96E-04,5.19E-04,0.00163,6.43E-04,5.77E-04,0.00154
439.00009,0.00331,0.0034,0.00366,0.00331,0.00407,0.00449,0.00288,0.00302,0.00329,799.01007,0.00318,0.00446,0.004,0.00388,0.00311,0.00341,0.0033,0.00211,0.00266,799.00262,0.00149,0.00128,0.00148,0.00133,0.00134,0.0012,9.97E-04,0.00129,0.00158,799.00745,0.00287,0.00184,0.00477,0.00297,-6.54E-04,0.0054,0.00299,0.00186,0.00378,439.00009,0.00352,0.00194,0.00283,0.00344,0.00235,0.00237,0.00584,0.0016,0.00169,799.01007,0.00241,0.00232,0.00274,0.00287,0.00253,0.0025,0.00212,0.00129,0.00363,799.00262,0.01172,0.00329,0.0038,0.00381,0.00377,0.00377,0.00387,0.00371,0.00478,799.00745,0.00232,3.96E-04,0.00222,0.00149,6.82E-04,0.00157,0.00131,9.27E-05,8.12E-04
438.50128,0.00476,0.00328,0.00366,0.00303,0.00444,0.00513,0.00288,0.00302,0.00329,798.48981,0.00318,0.00446,0.00402,0.00333,0.00311,0.00341,0.0033,0.00235,0.00266,798.51715,0.00149,0.00128,0.00148,0.00133,0.00134,0.00134,9.97E-04,0.00129,0.00105,798.48706,0.00184,0.00184,-0.00159,0.00149,-6.54E-04,0.0054,0.00299,5.76E-04,0.00388,438.50128,0.00111,0.00167,0.00191,0.00242,0.00429,0.00416,0.00152,0.00224,0.0023,798.48981,0.00205,0.00388,0.00259,0.00251,0.00354,0.00268,0.00259,0.00236,0.00172,798.51715,0.00383,0.00435,0.00381,0.00317,0.00343,0.00343,0.00256,0.00331,0.00415,798.48706,6.17E-04,0.00154,0.00155,7.30E-04,-5.22E-04,0.00124,8.84E-04,4.01E-04,0.00216
438.0025,0.00417,0.00328,0.00366,0.00303,0.00444,0.00513,0.00288,0.00393,0.00319,798.00415,0.00318,0.00413,0.004,0.00297,0.00309,0.00293,0.00329,0.00235,0.00292,797.99683,0.00149,0.00128,0.00148,0.00133,0.00134,0.00134,9.97E-04,0.00119,0.00105,798.00122,-0.00138,-4.68E-04,-0.00248,0.00108,-6.54E-04,0.002,5.71E-05,4.32E-04,0.00378,438.0025,0.00252,0.00247,0.00194,0.00147,0.00438,0.00271,0.00144,0.00241,0.00174,798.00415,0.00246,0.00338,0.00259,0.00283,0.00201,0.00246,0.00213,0.00208,0.00195,797.99683,0.00252,0.00282,0.00245,0.00341,0.00158,0.00307,0.00246,0.00306,7.16E-04,798.00122,0.00138,0.00121,-9.06E-04,2.32E-04,-1.41E-04,0.00116,1.23E-05,0.00119,8.33E-04
437.50366,0.00417,0.00328,0.00366,0.00303,0.00434,0.00513,0.00288,0.00393,0.00329,797.48376,0.00318,0.00413,0.00339,0.00217,0.00236,0.00293,0.00275,0.00235,0.00266,797.51117,0.00149,0.00127,0.00148,0.00127,0.00134,0.00134,9.97E-04,0.00119,6.15E-04,797.5152,-0.00655,-0.00237,-0.0034,-0.00358,-6.54E-04,-0.00124,-0.00346,-0.00294,-3.71E-04,437.50366,0.00937,0.00173,0.00194,0.0016,0.00376,0.00279,0.00179,0.00208,0.0018,797.48376,0.00188,0.00389,0.00303,0.00192,0.00152,0.00189,0.00296,0.00152,0.00199,797.51117,0.00671,0.00518,0.00445,0.00489,0.00443,0.00485,0.0049,0.00412,0.0027,797.5152,-2.98E-04,-1.00E-04,-3.41E-04,3.20E-04,0.00108,4.29E-04,8.01E-04,1.24E-04,8.35E-04
437.00479,0.00417,0.00363,0.00367,0.00303,0.00434,0.0037,0.00338,0.00393,0.00329,796.99792,0.00291,0.00367,0.00339,0.00204,0.00236,0.00258,0.00259,0.00235,0.00258,796.99066,0.00158,0.00127,0.00148,0.00133,0.00149,0.00141,0.00164,0.00119,6.15E-04,796.99451,-0.00729,-0.005,-0.00422,-0.00384,-6.54E-04,-0.00124,-0.00422,-0.00294,-0.0016,437.00479,0.00221,0.00192,0.00195,0.00372,0.0023,0.00291,0.00226,0.0022,0.00144,796.99792,0.00338,0.00266,0.00219,0.0014,0.00199,0.00166,0.00167,0.00248,0.00188,796.99066,0.00558,0.00396,0.0038,0.00454,0.00383,0.00376,0.00419,0.00185,0.00422,796.99451,-0.00141,-0.0015,-5.33E-04,-8.24E-04,1.10E-04,-2.66E-04,-9.58E-04,-6.32E-04,-3.44E-04
436.50589,0.00293,0.00363,0.00369,0.00365,0.00371,0.00366,0.00345,0.00374,0.00339,796.51196,0.00291,0.00367,0.00334,0.00204,0.00187,0.00258,0.00149,0.00201,0.00114,796.50476,0.00186,0.00154,0.0016,0.00147,0.00154,0.00145,0.00164,0.00119,0.00105,796.50836,-0.00729,-0.005,-0.0034,-0.00384,-0.00278,-0.00165,-0.00422,-0.00294,-0.0016,436.50589,0.00289,0.00363,0.00249,0.00232,0.00196,0.00194,0.0021,0.00183,0.0025,796.51196,0.00234,0.00237,7.42E-04,0.00132,0.00116,0.00191,0.00178,3.73E-04,0.00166,796.50476,0.00404,0.00327,0.00417,0.00326,0.00394,0.00398,0.00431,0.00306,0.00158,796.50836,-0.00157,-5.09E-04,-7.31E-04,-7.70E-04,6.50E-05,-9.99E-04,-7.43E-04,-7.86E-04,-7.97E-05
436.00693,0.00185,0.00455,0.00394,0.004,0.00371,0.00342,0.00367,0.00346,0.00272,795.99127,0.003,0.00367,0.00334,0.00204,0.00187,0.00191,0.00149,0.00201,0.00114,795.98407,0.00158,0.00154,0.00148,0.00127,0.00149,0.00141,0.00119,0.00119,0.00119,795.9873,-0.00729,-0.005,-0.0034,-0.00384,-0.00278,-0.00165,-0.00422,-0.00294,-0.0016,436.00693,0.00155,0.00241,0.00208,0.00212,0.00266,0.00196,0.00183,0.00213,0.00284,795.99127,0.00124,0.00125,0.00242,0.00128,0.00174,4.88E-04,9.37E-05,0.00258,7.25E-04,795.98407,0.00476,0.00492,0.00411,0.00411,0.00508,0.00361,0.00425,0.00435,0.00469,795.9873,-0.00207,-0.00107,-0.00186,-0.00154,-0.00135,-2.40E-04,-9.06E-04,-3.84E-05,-0.00146
435.5079,0.00185,0.00455,0.00394,0.004,0.00371,0.00342,0.00345,0.00346,0.0034,795.50513,0.003,0.00367,0.00183,0.00204,0.00187,0.00191,9.15E-04,0.00201,0.00114,795.49805,0.00158,0.00127,0.00141,9.53E-04,0.00146,0.00127,0.00119,0.00144,9.26E-04,795.50098,-0.00729,-0.00237,-0.0034,-0.00358,-0.00278,-0.00165,-0.00346,-0.00108,-3.71E-04,435.5079,9.77E-04,0.00275,0.00246,0.00193,0.00176,0.00157,0.00194,0.00198,0.002,795.50513,0.00194,0.00267,0.00215,0.00194,0.00121,0.00184,9.63E-04,0.0013,7.39E-04,795.49805,0.01333,0.00444,0.00418,0.00376,0.004,0.00371,0.0026,0.00443,0.00349,795.50098,2.54E-04,6.14E-05,-1.14E-04,8.21E-04,-5.98E-04,-3.55E-04,-1.85E-04,-2.32E-04,0.00147
435.00882,0.00185,0.00382,0.00394,0.00395,0.00417,0.00342,0.00339,0.00372,0.0031,794.98419,0.003,0.00379,0.00334,0.0022,0.0027,0.00191,9.15E-04,0.00266,0.00114,795.01184,0.0016,0.00159,0.00141,9.53E-04,0.00146,0.00127,0.00119,0.00144,0.00119,795.01453,2.15E-04,2.86E-04,-5.30E-04,0.00382,-0.00278,-0.00112,-8.62E-04,-1.79E-04,0.0011,435.00882,9.52E-04,0.00257,0.00298,0.0027,0.00283,0.00181,0.00279,0.00173,0.00144,794.98419,0.00353,0.00262,0.00275,0.00234,0.00341,0.00123,0.00232,0.00322,0.00274,795.01184,0.00308,0.00407,0.00361,0.0019,0.00263,0.00323,0.00304,0.00368,0.00306,795.01453,0.00167,4.20E-04,5.51E-04,0.00106,0.00102,7.42E-04,0.00214,6.32E-04,2.36E-04
434.5097,0.00185,0.00382,0.00465,0.00395,0.00364,0.00342,0.00339,0.00372,0.0031,794.4978,0.003,0.00406,0.00334,0.003,0.00273,0.00285,0.00149,0.00266,0.00336,794.49084,0.0012,0.00124,0.00141,9.49E-04,0.00119,0.00126,0.00119,0.0014,0.00119,794.49335,0.00118,0.00195,0.00256,0.00461,0.00122,0.00345,-8.59E-04,0.00294,0.00464,434.5097,1.12E-03,0.00202,0.00194,0.00213,0.00251,0.00241,0.0018,0.00197,0.0018,794.4978,0.00264,0.00245,0.00118,0.00205,0.00232,0.00305,5.91E-04,0.00272,0.00295,794.49084,0.0041,0.00241,0.0035,0.00244,0.00373,0.00326,0.00494,0.00499,0.00237,794.49335,2.80E-04,7.58E-04,9.92E-04,0.00159,2.62E-04,9.04E-04,-1.85E-04,0.00119,9.98E-04
434.01056,0.00198,0.00382,0.00563,0.00402,0.00401,0.00374,0.00339,0.00355,0.0031,794.01141,0.00408,0.00406,0.00338,0.00318,0.00338,0.00348,0.00311,0.00422,0.00336,794.00439,0.0012,0.00124,0.00141,9.49E-04,0.00103,0.00113,0.00121,0.00122,0.00119,794.00665,0.0013,0.00353,0.00323,0.00492,0.00319,0.00346,2.87E-04,0.00398,0.00464,434.01056,0.00278,0.00193,0.00422,0.00209,0.0022,0.00198,0.00171,0.00225,0.00164,794.01141,0.00194,0.00282,0.00328,0.00142,0.00176,0.00225,0.00201,0.00172,0.00272,794.00439,0.00429,0.00485,0.00473,0.00498,0.00386,0.00383,0.00441,0.00312,0.00428,794.00665,4.61E-05,9.60E-04,0.00134,9.91E-04,6.87E-04,7.45E-04,6.16E-05,8.55E-04,0.00158
433.51141,0.00211,0.00382,0.00392,0.00402,0.00401,0.00413,0.00339,0.00372,0.0031,793.49011,0.00408,0.00398,0.00338,0.00318,0.00338,0.00398,0.00311,0.00422,0.00297,793.48328,0.00128,0.00124,0.00136,9.53E-04,0.00108,0.00113,0.00125,0.00122,9.26E-04,793.48511,0.0013,0.00447,0.00462,0.0074,0.00319,0.00421,2.87E-04,0.00451,0.00683,433.51141,0.00166,0.00373,0.00383,0.00234,0.00193,0.00219,0.00183,0.00199,0.00218,793.49011,0.00321,0.00341,0.00218,0.00356,0.0034,0.00261,0.00294,0.00392,0.00217,793.48328,0.00252,0.00318,0.00363,0.00243,0.00306,0.00291,0.0031,0.00359,0.00328,793.48511,0.00263,0.00109,6.95E-04,0.00206,0.00197,0.0016,0.00243,9.70E-04,0.00147
433.01215,0.00292,0.00418,0.00709,0.00417,0.00401,0.00374,0.00345,0.00355,0.0031,793.00342,0.00349,0.00437,0.00437,0.00505,0.00338,0.00348,0.00455,0.00447,0.00297,792.9967,0.00128,0.00124,9.74E-04,0.0011,9.65E-04,0.00113,0.00125,0.00118,0.00128,792.99829,0.01154,0.00509,0.00622,0.00961,0.00916,0.00742,0.00907,0.00451,0.00734,433.01215,0.00105,0.00305,0.00375,0.00229,0.00212,0.00327,0.00741,0.00188,0.00282,793.00342,0.00363,0.00459,0.00282,0.00447,0.00218,0.00384,0.00327,0.00288,0.00186,792.9967,0.00391,0.00451,0.00429,0.00313,0.00247,0.00278,0.00431,0.00304,0.00408,792.99829,0.00304,0.00204,0.00197,0.00364,0.00216,0.00288,0.00234,0.00374,0.00181
432.51291,0.00292,0.00577,0.00488,0.00432,0.00401,0.00384,0.00381,0.00344,0.00391,792.51685,0.00439,0.00414,0.00417,0.00505,0.00338,0.00294,0.00455,0.00447,0.00289,792.51001,9.83E-04,0.0012,9.74E-04,0.0011,9.65E-04,0.00113,0.00125,8.60E-04,8.95E-04,792.51141,0.01154,0.00949,0.00832,0.00961,0.01005,0.00764,0.00907,0.00451,0.0084,432.51291,0.00154,0.004,0.00207,0.00221,0.00239,0.0023,0.00201,0.00269,0.0016,792.51685,0.00379,0.00257,0.00324,0.00326,0.00419,0.00257,0.00314,0.00393,0.00192,792.51001,0.00327,0.00403,0.0025,0.00404,0.00276,0.00354,0.0032,0.00378,0.0023,792.51141,0.00248,0.0021,0.00327,0.0032,0.00317,0.00228,0.00195,0.00252,0.00198
432.01355,0.00292,0.00577,0.00488,0.00432,0.00452,0.00384,0.00429,0.00344,0.00391,791.99524,0.00349,0.00414,0.00417,0.00387,0.00313,0.00294,0.00262,0.00333,0.00289,791.98846,0.00112,0.0012,9.74E-04,0.00111,9.65E-04,0.00133,0.00125,8.60E-04,8.65E-04,791.98962,0.01076,0.00949,0.00832,0.00677,0.01005,0.00764,0.00729,0.00631,0.0084,432.01355,0.00263,0.00221,0.00381,0.00305,0.00346,0.00178,0.00242,0.00168,0.00638,791.99524,0.00226,0.00307,0.00296,0.00354,0.00254,0.00177,0.00309,0.0037,0.00302,791.98846,0.00479,0.00309,0.00246,0.00283,0.00238,0.00349,0.00412,0.00215,0.00401,791.98962,0.00268,0.00223,0.00179,0.00268,0.00312,0.00193,0.00213,0.00171,0.00319
431.51422,0.00329,0.00476,0.00488,0.00435,0.00532,0.00384,0.00381,0.00344,0.00391,791.5083,0.00349,0.00414,0.00417,0.00387,0.00281,0.00294,0.00236,0.00168,0.00283,791.50171,0.00112,0.0012,9.74E-04,0.00111,0.00107,0.00133,9.95E-04,8.60E-04,8.65E-04,791.5025,0.00641,0.00608,0.00588,0.00473,-7.76E-05,0.00596,0.00719,0.00631,0.00747,431.51422,0.00309,0.00319,0.00258,0.00241,0.00305,0.00203,0.00293,0.00182,0.00207,791.5083,0.00284,0.00268,0.0027,0.00214,0.00165,0.0019,0.00152,0.00109,0.00153,791.50171,0.00231,0.0029,0.00283,0.0043,0.00273,0.00341,0.00372,0.0022,0.00222,791.5025,0.00231,0.00209,0.00201,0.00145,0.00279,0.00164,0.00157,7.40E-04,0.00204
431.01477,0.00369,0.0043,0.0049,0.00437,0.00532,0.00384,0.00429,0.00344,0.00391,790.98657,0.00349,0.00418,0.00417,0.00387,0.00281,0.00294,0.00236,0.00168,0.00267,791.01471,0.00112,0.0012,0.0011,0.00111,0.00107,0.00124,9.95E-04,8.60E-04,8.65E-04,791.01532,0.00626,0.00608,0.00584,0.00473,-7.76E-05,0.00596,0.00719,0.00365,0.00581,431.01477,0.00174,0.0031,0.00259,0.0023,0.00281,0.00319,0.00227,0.00206,0.00221,790.98657,0.00151,0.00278,0.00188,0.0025,0.00202,0.00214,0.00169,0.00215,0.00279,791.01471,0.00287,0.00344,0.00447,0.00284,0.00314,0.00393,0.00247,0.0036,0.00185,791.01532,1.78E-04,9.80E-04,1.25E-04,0.00102,-1.67E-05,3.68E-04,8.04E-04,0.00136,9.51E-04
430.51532,0.00369,0.00448,0.0049,0.00437,0.00442,0.00415,0.00371,0.0039,0.0039,790.49951,0.0037,0.00418,0.003,0.00387,0.00281,0.00294,0.00236,0.00168,0.00267,790.49286,0.00112,0.00124,0.00137,0.00137,0.00118,0.00119,9.95E-04,0.00141,8.65E-04,790.49316,0.00626,0.00456,0.00584,0.00473,-7.76E-05,0.00596,0.00719,0.00365,0.00581,430.51532,0.00195,0.00252,0.00303,0.00425,0.00296,0.00341,0.00186,0.00273,0.00244,790.49951,0.00304,0.0027,0.00289,0.00259,0.00182,0.00232,0.00134,8.63E-04,0.00183,790.49286,0.00478,0.00353,0.0035,0.0035,0.00413,0.00306,0.00255,0.00374,0.00314,790.49316,0.00138,0.00131,0.00126,6.54E-04,-4.54E-04,0.00128,0.00155,0.00141,0.00161
430.01584,0.00329,0.00448,0.00504,0.00437,0.00442,0.00438,0.00371,0.00403,0.0039,790.01233,0.00367,0.00418,0.00291,0.00387,0.00302,0.00313,0.00262,0.00317,0.00267,790.00574,0.00121,0.00134,0.0014,0.00111,0.00123,0.00119,9.95E-04,0.00141,8.41E-04,790.00574,0.00626,0.0039,0.00584,0.00473,-7.76E-05,0.00596,0.00719,0.0047,0.00581,430.01584,0.00257,0.00227,0.00499,0.00231,0.00234,0.0022,0.0025,0.00462,0.00206,790.01233,0.0035,0.00338,0.00291,0.00285,0.00249,0.0023,0.00284,0.0029,0.00173,790.00574,0.00463,0.00455,0.00384,0.00383,0.00374,0.00317,0.00305,0.00366,0.00394,790.00574,0.00135,0.00177,0.00126,0.00124,5.16E-04,0.00247,0.00186,7.85E-04,0.00125
429.5163,0.0027,0.00448,0.00572,0.00438,0.00442,0.00438,0.00371,0.00425,0.00381,789.49017,0.0037,0.0039,0.00295,0.00374,0.00281,0.00313,0.00208,0.00317,0.00243,789.48376,0.00121,0.00124,0.00137,0.00111,0.00118,0.00119,9.95E-04,0.00132,8.41E-04,789.48346,0.00641,0.0039,0.00588,0.00578,0.0024,0.00642,0.00725,0.0047,0.00704,429.5163,0.00319,0.00237,0.00267,0.00269,0.00226,0.00232,0.00196,0.00225,0.00202,789.49017,0.00239,0.00292,0.00194,0.00255,0.00195,0.00183,0.00252,0.00293,0.00249,789.48376,0.0031,0.00317,0.00358,0.00382,0.00303,0.00304,0.00383,0.00372,0.00318,789.48346,0.00227,5.97E-04,0.0022,0.00135,0.00135,0.00138,0.00156,0.00101,0.00282
429.01669,0.0027,0.00448,0.00632,0.00437,0.00442,0.00438,0.00437,0.00425,0.00381,789.00281,0.0037,0.00372,0.00253,0.00374,0.00302,0.00304,0.00307,0.00362,0.00243,788.9964,0.00121,0.00124,0.0014,0.00111,0.00118,0.00119,0.00119,0.00132,8.41E-04,788.99585,0.00813,0.0039,0.00584,0.00628,0.00461,0.00843,0.00725,0.0047,0.00581,429.01669,0.00113,0.00421,0.00372,0.00232,0.00311,0.00243,0.00297,0.00213,0.00267,789.00281,0.00237,0.00252,0.00141,0.00242,0.00233,0.00202,0.00198,0.00205,0.00156,788.9964,0.00391,0.00391,0.00363,0.00278,0.00373,0.00509,0.00402,0.00338,0.00215,788.99585,0.00193,8.37E-04,0.00141,0.00145,0.00208,0.00242,0.0019,0.00148,0.00189
428.51706,0.0027,0.00552,0.00632,0.00438,0.00476,0.00458,0.00437,0.00425,0.00381,788.51538,0.0037,0.00327,0.00253,0.00258,0.00265,0.00284,0.00307,0.00362,0.00241,788.50897,0.00121,0.00124,0.0014,0.00111,0.00118,0.00119,0.00117,0.00132,8.41E-04,788.50818,0.00813,0.0039,0.00578,0.00628,0.00518,0.00843,0.00725,0.00688,0.00704,428.51706,0.00143,0.00604,0.00551,0.00265,0.00266,0.00242,0.00231,0.00244,0.00197,788.51538,0.00245,0.0024,0.00191,0.00138,0.00171,0.00285,0.00129,0.00234,0.00157,788.50897,0.00303,0.00255,0.00323,0.00284,0.00292,0.00304,0.00242,0.00216,0.00215,788.50818,0.00223,0.00162,0.00256,0.0017,0.00232,0.00181,0.00282,0.00188,0.00151
428.0174,0.0027,0.00578,0.00632,0.00438,0.00494,0.0046,0.0053,0.00461,0.00419,787.99298,0.00379,0.00327,0.00253,0.00257,0.00265,0.00304,0.00307,0.00362,0.00241,787.98657,0.00137,0.00113,0.00142,0.00111,0.00134,0.00121,0.00117,0.00132,8.41E-04,787.9856,0.00813,0.00672,0.00578,0.00589,0.00518,0.00843,0.00839,0.00866,0.00595,428.0174,0.00147,0.00292,0.00334,0.00231,0.00252,0.00249,0.0028,0.00406,0.00242,787.99298,0.00254,0.00149,0.00163,0.00384,0.00198,0.00196,0.00219,0.00261,0.00267,787.98657,0.00352,0.00455,0.004,0.00424,0.00345,0.00311,0.00481,0.0041,0.00219,787.9856,0.00175,0.00184,0.00124,0.00182,9.91E-04,0.00182,0.00126,0.00186,0.00104
427.51764,0.00277,0.00552,0.00557,0.00469,0.00494,0.0047,0.00477,0.00488,0.00419,787.50531,0.00379,0.0023,0.00295,0.00257,0.00265,0.00259,0.00339,0.00404,0.00243,787.49908,0.00137,0.00113,0.00136,0.00115,0.00134,0.00121,0.00117,0.00132,8.55E-04,787.49774,0.00813,0.00737,0.00578,0.00552,0.00518,0.00843,0.00611,0.00866,0.00595,427.51764,0.00408,0.00527,0.0041,0.00248,0.00262,0.00251,0.00416,0.00258,0.00321,787.50531,0.00328,0.00211,0.00359,0.00166,0.00128,0.00167,0.00227,0.0034,0.00131,787.49908,0.00463,0.00443,0.00466,0.0047,0.00397,0.00421,0.003,0.00408,0.00499,787.49774,0.00126,0.00144,5.89E-04,0.00127,0.00111,0.00298,0.00204,0.00221,0.0019
427.01788,0.00326,0.00535,0.00557,0.00469,0.00494,0.0047,0.00477,0.00493,0.00458,786.98273,0.00302,0.0023,0.00253,0.00258,0.00307,0.00203,0.00348,0.00404,0.00295,787.01135,0.00152,0.00113,0.00136,0.00165,0.00149,0.00122,0.0012,0.00132,0.00113,787.00977,0.00813,0.00672,0.00578,0.00552,0.00518,0.00847,0.00587,0.00478,0.00484,427.01788,0.00172,0.00306,0.00258,0.0036,0.00388,0.00249,0.00301,0.00261,0.00222,786.98273,0.00386,0.00327,0.00302,0.00166,0.00302,0.00335,0.00225,0.00276,0.00364,787.01135,0.0044,0.00289,0.00389,0.00294,0.00394,0.00309,0.00308,0.00338,0.00421,787.00977,0.00293,0.00158,0.00169,6.77E-04,0.0013,0.00135,0.0018,0.00219,0.00128
426.5181,0.00483,0.00502,0.00488,0.00504,0.00495,0.00457,0.00477,0.00493,0.00505,786.49487,0.00302,0.00131,0.0026,0.00258,0.00199,0.00194,0.00348,0.0039,0.00295,786.48871,0.00172,0.00113,0.00136,0.00172,0.00153,0.00147,0.0012,0.00132,0.00134,786.48676,0.00684,0.00672,0.00781,0.00552,0.00604,0.00807,0.00611,0.00478,0.00595,426.5181,0.00547,0.00283,0.00295,0.00694,0.00262,0.0029,0.00253,0.0029,0.00504,786.49487,0.00169,7.97E-04,0.00201,0.00255,0.0026,0.00131,0.00239,0.00274,0.00197,786.48871,0.005,0.00533,0.00348,0.0051,0.00393,0.00431,0.00505,0.00431,0.00343,786.48676,0.00237,0.00211,0.00168,0.00119,0.00226,0.00194,0.00131,0.00103,0.00163
426.01825,0.00483,0.0045,0.00484,0.00504,0.00495,0.00457,0.00477,0.00493,0.00505,786.00696,0.00302,0.00131,0.00219,0.00293,0.00341,0.00194,0.00314,0.00281,0.00305,786.00079,0.00152,0.001,0.00128,0.00115,0.00149,0.00121,0.00127,9.82E-04,0.00124,785.99866,0.00894,0.00737,0.00786,0.00552,0.00764,0.0063,0.00611,0.00478,0.00595,426.01825,0.00264,0.00266,0.00308,0.00267,0.00329,0.00228,0.00247,0.00322,0.00267,786.00696,0.00195,0.00152,0.00129,0.00194,0.0022,0.00125,0.00229,0.00182,0.0019,786.00079,0.00391,0.00257,0.00329,0.00448,0.00381,0.00476,0.00359,0.00225,0.00289,785.99866,0.00192,9.34E-04,0.00216,0.00238,0.00211,0.0027,0.00124,9.95E-04,8.89E-04
425.51837,0.00483,0.0045,0.00484,0.00504,0.00495,0.00457,0.00466,0.00547,0.00505,785.48401,0.00302,0.00131,0.00219,0.003,0.00341,0.00194,0.00314,0.00281,0.00295,785.51276,0.00152,0.001,0.00128,0.00121,0.00149,0.00133,0.0014,9.82E-04,0.00124,785.51044,0.00872,0.00889,0.00915,0.00967,0.00764,0.00807,0.00611,0.00478,0.00758,425.51837,0.00256,0.00236,0.00253,0.00297,0.00276,0.00242,0.00324,0.0031,0.0029,785.48401,0.00209,8.48E-04,0.00168,0.00189,0.00119,9.55E-04,0.00119,0.00252,0.00227,785.51276,0.00497,0.00432,0.00535,0.00441,0.00477,0.00377,0.00493,0.00444,0.00466,785.51044,0.00147,0.00211,0.00197,0.00208,0.00164,0.00174,0.00232,0.00117,0.0018
425.01846,0.00358,0.0045,0.00484,0.00504,0.00521,0.00457,0.00466,0.0057,0.00505,784.99585,0.00323,0.00236,0.00219,0.003,0.00341,0.00194,0.00258,0.00281,0.00295,784.98987,0.00106,0.001,0.00128,0.0011,0.00149,0.00101,0.00127,9.82E-04,0.00113,784.98718,0.00872,0.00889,0.00915,0.00967,0.00764,0.00585,0.00844,0.00545,0.00836,425.01846,0.00298,0.00238,0.00256,0.00259,0.00258,0.00243,0.00352,0.0023,0.00327,784.99585,0.00295,0.0022,0.00141,0.00226,0.00256,0.00154,0.00203,0.00158,0.00244,784.98987,0.00233,0.002,0.0032,0.00273,0.00266,0.00221,0.00325,0.00252,0.00317,784.98718,0.00314,0.0033,0.00362,0.00315,0.00191,9.76E-04,0.00181,0.00216,0.00312
424.51849,0.00297,0.0045,0.00484,0.00561,0.00521,0.00459,0.00511,0.0057,0.00537,784.50763,0.00361,0.00341,0.0026,0.0032,0.00185,0.00239,0.00213,0.00277,0.00309,784.50165,0.00106,0.00114,0.00125,0.0011,0.00149,0.00101,0.00127,0.00121,0.00117,784.49872,0.00843,0.00983,0.00912,0.00611,0.00764,0.00466,0.00875,0.00545,0.00836,424.51849,0.00189,0.00532,0.00363,0.00343,0.00383,0.00306,0.00245,0.00302,0.00262,784.50763,0.00245,0.00244,0.00212,0.00239,0.00283,0.00292,0.00249,0.00194,0.00142,784.50165,0.00432,0.00292,0.0076,0.00309,0.00381,0.00341,0.00377,0.00731,0.00467,784.49872,0.00187,0.00191,0.00293,0.00228,0.00161,0.00235,0.00306,0.00224,0.00331
424.0184,0.00297,0.00529,0.00525,0.00648,0.00598,0.00539,0.00511,0.0057,0.00537,783.98444,0.00361,0.00378,0.0029,0.0032,0.0023,0.00376,0.00258,0.00245,0.0022,784.01337,0.00106,0.00114,0.00114,0.00106,0.00137,0.00101,0.00127,0.00121,0.00117,784.01019,0.00843,0.00889,0.00555,0.00611,0.00748,0.00454,0.00844,0.00441,0.00551,424.0184,0.00117,0.00284,0.00319,0.00388,0.00398,0.00361,0.00304,0.00628,0.01273,783.98444,0.00233,0.00315,0.00336,0.00273,0.00292,0.00305,0.00167,0.00265,0.00257,784.01337,0.00271,0.00386,0.00403,0.00283,0.00404,0.0026,0.00241,0.0031,0.0019,784.01019,0.00329,0.00247,0.00196,0.00131,0.00273,0.00126,0.00188,0.00184,0.00212
423.51834,0.00275,0.00529,0.00525,0.00656,0.00598,0.00578,0.00511,0.0057,0.00537,783.49597,0.00361,0.00378,0.0029,0.00183,0.00209,0.00376,0.00213,0.00158,0.0022,783.49017,0.00146,0.00145,0.00114,0.0011,0.00149,0.00113,0.001,0.00121,0.00108,783.48669,0.00572,0.00539,0.00432,0.0053,0.00268,0.00125,0.00329,0.00441,0.00551,423.51834,0.00157,0.00291,0.00278,0.00688,0.00316,0.00285,0.0027,0.00568,0.00284,783.49597,0.00418,0.00257,0.00212,0.00207,9.17E-04,0.00278,0.00137,0.00179,0.00199,783.49017,0.00474,0.00373,0.00208,0.0051,0.0039,0.00319,0.00438,0.00393,0.00301,783.48669,0.00181,0.00255,0.00119,0.00114,0.00165,0.001,0.00206,9.48E-04,0.00118
423.01822,0.00275,0.00451,0.0052,0.00656,0.00598,0.00611,0.00574,0.00583,0.00579,783.00745,0.00361,0.00398,0.0029,0.00183,0.00209,0.00232,0.00213,0.00158,0.00258,783.00171,0.00146,0.00151,0.00114,0.0011,0.00137,0.00113,0.001,0.00121,0.00108,782.99792,0.00572,0.00539,0.00432,0.00382,0.00268,0.00125,0.00329,0.00441,0.00551,423.01822,0.00177,0.0028,0.0028,0.00546,0.01141,0.00325,0.0037,0.00431,0.00306,783.00745,8.42E-04,0.00329,0.00187,9.61E-04,0.00149,0.00242,0.00178,0.00102,9.76E-04,783.00171,0.00466,0.00402,0.00293,0.00262,0.00351,0.00344,0.0038,0.00331,0.00332,782.99792,8.89E-04,9.59E-04,5.94E-04,0.00135,4.48E-04,-1.66E-04,5.33E-04,2.40E-05,9.01E-04
422.5181,0.00297,0.00451,0.0052,0.00593,0.00584,0.00611,0.00656,0.00583,0.00555,782.48401,0.00325,0.00398,0.00232,0.00183,0.00209,0.00232,0.0015,0.00158,0.00169,782.51312,0.00146,0.00145,0.00114,0.00118,0.00137,0.00113,0.001,0.00121,0.00117,782.50909,0.00572,0.00539,0.00432,0.00382,0.00268,0.00125,0.00329,0.00441,0.00551,422.5181,0.00145,0.00232,0.00275,0.00347,0.00276,0.00323,0.00347,0.0028,0.00344,782.48401,0.00254,0.00129,0.0015,0.00118,0.00135,0.0015,9.70E-04,5.72E-04,0.00167,782.51312,0.00373,0.00387,0.00295,0.00304,0.00432,0.00289,0.00257,0.00239,0.00278,782.50909,0.00123,0.00116,9.29E-04,8.21E-04,5.76E-04,2.68E-04,7.06E-04,0.00154,0.00154
422.01794,0.00301,0.00451,0.00508,0.00593,0.00554,0.00613,0.00675,0.00583,0.00579,781.99524,0.00325,0.00302,0.00232,0.00183,0.0023,0.00232,0.0015,0.00158,0.00169,781.9895,0.00142,0.00137,0.00115,0.00118,0.00137,0.00113,9.57E-04,0.00121,0.0011,781.98523,0.00413,0.00446,0.00277,0.00382,0.00208,0.00125,0.00329,0.00411,0.00716,422.01794,0.00189,0.00239,0.00257,0.00295,0.00448,0.00344,0.00396,0.00308,0.00401,781.99524,0.00292,0.00287,0.00295,0.00141,0.00153,0.00142,0.00192,0.00184,0.00175,781.9895,0.00509,0.00701,0.00717,0.00414,0.00351,0.00382,0.00358,0.00416,0.00409,781.98523,0.00153,0.00169,0.0019,7.52E-04,0.00113,0.00197,0.00159,0.00133,0.00169
421.51767,0.00301,0.00451,0.00508,0.00593,0.00554,0.00651,0.00656,0.00583,0.00598,781.50641,0.00378,0.00302,0.00232,0.00219,0.00237,0.00232,0.0015,0.00286,0.00258,781.50073,0.00142,0.00113,0.00115,0.00118,0.00121,0.00113,9.57E-04,9.31E-04,0.00108,781.49628,0.0031,0.00434,0.00184,0.0035,0.00183,0.00125,0.00329,0.00411,0.00716,421.51767,0.00264,0.00241,0.00573,0.00314,0.00309,0.0035,0.00357,0.00376,0.00294,781.50641,0.0021,0.00265,6.97E-04,0.00169,0.0027,0.00255,6.44E-04,0.00208,0.00109,781.50073,0.00288,0.00291,0.00388,0.00405,0.00228,0.00205,0.00245,0.00311,0.00314,781.49628,0.00147,0.00143,0.00239,0.00144,0.0021,7.58E-04,0.00126,0.00187,0.00183
421.0174,0.00306,0.00455,0.00508,0.00593,0.00584,0.00662,0.00636,0.00594,0.00598,780.98261,0.00378,0.00401,0.00457,0.00262,0.00362,0.00395,0.00297,0.00322,0.0027,781.0119,0.00142,0.00107,0.00121,0.00136,9.93E-04,0.00114,9.57E-04,0.00105,8.51E-04,781.0072,-0.00211,0.00117,9.19E-04,-0.00117,3.05E-04,6.58E-04,0.00257,0.00271,0.00169,421.0174,0.00159,0.00272,0.00269,0.00457,0.00293,0.00377,0.00466,0.00314,0.00317,780.98261,0.00244,0.00195,0.00313,0.00394,0.00233,0.00318,0.00241,0.00251,0.00293,781.0119,0.00365,0.00351,0.00377,0.00369,0.00379,0.00293,0.00245,0.00319,0.00282,781.0072,6.66E-04,2.52E-04,1.97E-04,0.00189,-3.93E-05,0.00107,0.00184,8.83E-04,0.00217
420.51703,0.00306,0.00513,0.00547,0.00619,0.00584,0.00712,0.00632,0.00599,0.00598,780.49371,0.00378,0.00401,0.00485,0.00569,0.00418,0.00462,0.00374,0.00372,0.00454,780.4881,0.00142,0.00107,0.00121,0.00111,8.88E-04,0.00114,9.57E-04,0.00105,8.51E-04,780.48297,-0.00211,0.00117,9.19E-04,-0.00117,3.05E-04,6.58E-04,0.00257,0.00271,0.00169,420.51703,0.00188,0.00316,0.00289,0.00345,0.0044,0.00378,0.00337,0.00347,0.00316,780.49371,0.00415,0.00259,0.00322,0.00367,0.00436,0.00344,0.00391,0.00356,0.00361,780.4881,0.00365,0.00274,0.00273,0.0017,0.00309,0.00355,0.002,0.00229,0.00166,780.48297,-5.57E-04,9.34E-04,3.94E-04,-2.51E-04,3.93E-04,-1.57E-04,-2.35E-05,8.48E-05,3.19E-04
420.01666,0.00301,0.00533,0.00547,0.00619,0.00686,0.00714,0.00632,0.00599,0.006,780.00458,0.00413,0.00372,0.00488,0.00569,0.00537,0.00462,0.00497,0.00373,0.00454,779.99908,0.00143,0.00107,0.00121,0.00111,9.93E-04,0.00129,9.57E-04,0.00105,8.51E-04,779.99365,-0.00211,0.00117,9.19E-04,-0.00117,3.05E-04,6.58E-04,0.00257,0.00271,0.00169,420.01666,0.00162,0.00285,0.00314,0.00354,0.00376,0.00392,0.00321,0.00317,0.00318,780.00458,0.00463,0.00441,0.00401,0.00466,0.00372,0.00413,0.00328,0.00241,0.00374,779.99908,0.00388,0.00225,0.0031,0.00348,0.00254,0.00332,0.00359,0.00269,0.00218,779.99365,-4.55E-04,-9.13E-04,-2.94E-04,-3.59E-04,6.55E-05,1.41E-04,5.53E-04,5.83E-04,3.64E-04
419.51627,0.00306,0.00538,0.00572,0.00619,0.00686,0.00714,0.00632,0.00613,0.00602,779.51538,0.00518,0.00401,0.00498,0.00541,0.00537,0.00333,0.00497,0.00373,0.00354,779.50989,0.00152,0.00107,0.00121,0.00111,9.93E-04,0.00129,0.00117,0.00105,8.51E-04,779.50427,-0.00211,0.00434,0.00184,-0.00117,0.00116,6.58E-04,0.00257,0.00271,0.00169,419.51627,0.00165,0.00282,0.00345,0.00328,0.01068,0.00398,0.00335,0.00324,0.0032,779.51538,0.00334,0.0036,0.00386,0.00368,0.00347,0.00299,0.00389,0.0024,0.0031,779.50989,0.00454,0.00419,0.00388,0.00284,0.00223,0.0039,0.00372,0.00304,0.00306,779.50427,0.00211,0.0014,0.00159,0.00144,2.49E-04,0.00142,6.95E-04,0.00184,0.00154
419.01587,0.00306,0.00538,0.00584,0.00619,0.00678,0.0074,0.00632,0.00613,0.00605,778.99115,0.00518,0.00475,0.00488,0.00517,0.00537,0.00333,0.00479,0.00373,0.00354,778.98578,0.00177,0.0015,0.00151,0.00136,8.72E-04,0.0012,0.00126,0.00105,8.96E-04,779.01477,0.00569,0.0065,0.00737,0.0067,0.00116,0.00659,0.00324,0.00857,0.00716,419.01587,0.00144,0.00309,0.00303,0.00323,0.00363,0.00526,0.0039,0.00371,0.00339,778.99115,0.00267,0.0024,0.00315,0.00307,0.00372,0.00168,0.00321,0.00302,0.00227,778.98578,0.0054,0.00408,0.00416,0.00437,0.0046,0.00352,0.00324,0.00378,0.00552,779.01477,0.00122,0.00347,0.00158,0.00288,0.00333,0.00197,0.00274,0.00184,0.00258
418.51535,0.00312,0.00564,0.00572,0.00611,0.00678,0.00724,0.00632,0.00617,0.0064,778.50177,0.00467,0.00372,0.00469,0.005,0.00511,0.00333,0.00408,0.00372,0.00354,778.49646,0.00177,0.0015,0.00151,0.00149,8.72E-04,0.0012,0.0012,0.00119,0.00117,778.4903,0.00627,0.00689,0.00742,0.013,0.01074,0.00791,0.0106,0.00858,0.0116,418.51535,0.00185,0.00299,0.00309,0.00364,0.00359,0.00318,0.00467,0.00327,0.00612,778.50177,0.00389,0.00307,0.00378,0.00349,0.0033,0.00215,0.0031,0.00341,0.00229,778.49646,0.00456,0.00385,0.00414,0.00444,0.00359,0.00309,0.003,0.0049,0.00301,778.4903,0.00135,0.00285,0.00253,0.00338,0.00336,0.00318,0.00233,0.00314,0.00252
418.01483,0.0035,0.00585,0.00572,0.00611,0.00678,0.00724,0.00737,0.00702,0.00702,778.01233,0.00413,0.00364,0.00446,0.00475,0.00325,0.0026,0.0034,0.00353,0.00351,778.00708,0.00177,0.0015,0.00126,0.00149,8.58E-04,0.00112,0.00117,9.31E-04,8.96E-04,778.00061,0.00627,0.01222,0.00976,0.013,0.01179,0.00916,0.01082,0.01082,0.01173,418.01483,0.00226,0.00323,0.00593,0.00423,0.00305,0.00405,0.00667,0.00392,0.00371,778.01233,0.00414,0.00317,0.00303,0.00334,0.00371,0.00245,0.00263,0.00365,0.004,778.00708,0.00453,0.00442,0.00487,0.00382,0.0022,0.00288,0.00339,0.00239,0.0023,778.00061,0.0021,0.00148,0.0021,0.00279,0.00231,0.00277,0.00228,0.00394,0.00275
417.51422,0.0035,0.00566,0.00578,0.00651,0.00678,0.00704,0.00657,0.00646,0.00702,777.48779,0.00299,0.00337,0.00408,0.00373,0.00244,0.00333,0.0034,0.00353,0.00254,777.48261,0.00152,0.00147,0.00107,0.00137,8.58E-04,0.00104,0.00105,8.16E-04,7.07E-04,777.5108,0.009,0.00732,0.00976,0.00912,0.01074,0.00904,0.0106,0.0146,0.01173,417.51422,0.00185,0.00535,0.00293,0.00303,0.00372,0.00383,0.00313,0.00458,0.00384,777.48779,0.00301,0.00235,0.00264,0.00323,0.0021,0.00232,0.00219,0.00202,0.00256,777.48261,0.00496,0.00385,0.00324,0.00417,0.00339,0.00428,0.00309,0.00346,0.00342,777.5108,0.00247,0.003,0.00213,0.00304,0.00256,0.0017,0.0026,0.00233,0.00249
417.01358,0.0035,0.0061,0.00578,0.00651,0.00704,0.00724,0.00657,0.00741,0.00611,776.99817,0.00299,0.00319,0.00282,0.00255,0.00244,0.00343,0.00271,0.00312,0.00254,776.99298,0.00119,0.00119,0.00107,0.00133,8.58E-04,9.57E-04,8.95E-04,8.16E-04,7.07E-04,776.98596,0.00978,0.00732,0.00769,0.00835,0.00932,0.00832,0.0106,0.01082,0.0116,417.01358,0.00241,0.00338,0.00306,0.00351,0.00405,0.00613,0.0062,0.00396,0.00434,776.99817,0.00155,0.00206,0.00288,0.00165,0.00157,0.0012,0.00175,0.00228,0.00164,776.99298,0.0039,0.00198,0.00274,0.00304,0.00188,0.00266,0.00121,0.00165,0.00139,776.98596,0.00193,0.00263,0.00235,0.00159,0.00253,0.00419,0.00238,0.00329,0.00332
416.51294,0.0035,0.00638,0.00578,0.00651,0.00727,0.00724,0.00647,0.00748,0.00611,776.50842,0.00299,0.00319,0.00282,0.00255,0.00244,0.00343,0.00271,0.00289,0.00254,776.50323,0.00117,0.00116,8.50E-04,0.00119,0.00108,9.57E-04,8.95E-04,8.16E-04,7.07E-04,776.49603,0.0095,0.0094,0.00758,0.00738,0.00932,0.00832,0.0091,0.0108,0.0116,416.51294,0.00172,0.003,0.00404,0.00344,0.00385,0.00372,0.00348,0.00342,0.00322,776.50842,0.00193,0.00217,0.00165,0.00241,0.00158,0.00221,0.00255,0.00251,9.61E-04,776.50323,0.00237,0.00377,0.00217,0.00352,0.00402,0.00243,0.0027,0.00209,0.00181,776.49603,0.00272,0.00157,0.00163,0.00196,0.00191,0.00194,0.00195,0.00351,0.00289
416.01224,0.00326,0.00615,0.00593,0.00657,0.00765,0.00743,0.00657,0.00693,0.00611,775.98358,0.00299,0.00319,0.00282,0.00255,0.00244,0.00343,0.00271,0.00289,0.00254,776.01343,0.00116,0.00108,8.48E-04,0.00102,0.00103,9.47E-04,4.79E-04,8.16E-04,7.07E-04,776.00598,0.009,0.0094,0.00758,0.00738,0.00932,0.00904,0.00342,0.0108,0.00436,416.01224,0.00186,0.00359,0.0048,0.00455,0.00924,0.00393,0.00367,0.00622,0.00323,775.98358,0.00318,0.00186,0.00182,0.00157,0.00192,0.00279,0.00131,0.00148,0.00185,776.01343,0.00306,0.00304,0.00291,0.00342,0.00348,0.00245,0.00229,0.00267,0.00418,776.00598,0.00257,0.00202,0.00165,0.00179,0.002,0.00179,0.00235,0.00232,9.37E-04
415.51147,0.00326,0.00615,0.00738,0.00657,0.00835,0.00743,0.00657,0.00654,0.00611,775.49371,0.00464,0.00337,0.00282,0.00373,0.00297,0.00397,0.00395,0.00289,0.00286,775.48859,9.24E-04,0.00108,8.48E-04,0.00102,0.00108,9.47E-04,8.95E-04,8.77E-04,8.13E-04,775.51587,0.00927,0.00808,0.00758,0.00835,0.00932,0.00904,0.00342,0.00922,0.00436,415.51147,0.00284,0.00346,0.0039,0.00402,0.0049,0.00528,0.00342,0.00422,0.00388,775.49371,0.00299,0.00317,0.00269,0.00317,0.00212,0.00256,0.00289,0.00187,0.00243,775.48859,0.00301,0.00298,0.00218,0.00113,0.00276,0.00275,0.00296,0.00378,0.00269,775.51587,0.00204,0.00251,0.00158,0.00151,0.00236,0.00203,7.35E-04,0.00153,0.00278
415.01068,0.00352,0.00653,0.00682,0.00657,0.00835,0.00743,0.00694,0.00693,0.00734,775.00366,0.00484,0.00491,0.00417,0.00427,0.00328,0.00432,0.00448,0.00289,0.00377,774.99866,0.00116,0.00102,8.50E-04,8.72E-04,0.00108,9.57E-04,8.95E-04,0.001,0.00105,774.99066,0.00613,0.00808,0.00769,0.00835,0.00932,0.00832,0.00342,0.00922,0.00436,415.01068,0.00141,0.00326,0.00314,0.00348,0.00477,0.0062,0.00501,0.00367,0.00571,775.00366,0.00375,0.00428,0.00285,0.00276,0.00389,0.003,0.0037,0.00268,0.00267,774.99866,0.00297,0.00276,0.00143,0.00261,0.00263,9.07E-04,0.00123,0.00257,0.00326,774.99066,0.00132,0.00254,0.00225,0.00246,0.00339,0.00286,5.82E-04,0.00284,5.59E-04
414.50989,0.00382,0.00653,0.00651,0.00657,0.00737,0.0073,0.00862,0.00693,0.00756,774.51349,0.00484,0.00542,0.00442,0.00427,0.0043,0.00465,0.00448,0.00416,0.00413,774.50854,0.00116,0.00102,8.50E-04,8.72E-04,0.00108,0.00107,0.00116,0.001,0.00105,774.50031,0.00496,0.00808,0.00736,0.00702,0.00901,0.00519,0.00342,0.0071,0.00746,414.50989,0.00203,0.00466,0.00465,0.00395,0.00442,0.0053,0.00489,0.00346,0.00474,774.51349,0.00312,0.00377,0.00472,0.00398,0.00278,0.00461,0.00369,0.00456,0.00348,774.50854,0.00216,0.00227,0.00245,0.00294,0.00308,0.00297,0.00298,0.00225,0.00208,774.50031,0.00199,0.00174,0.00217,0.00273,0.00308,0.00204,0.00263,0.00198,0.00322
414.009,0.00382,0.00694,0.00651,0.00657,0.00737,0.0073,0.00921,0.00693,0.00788,773.98828,0.00517,0.00542,0.00484,0.00423,0.00516,0.00465,0.00431,0.00416,0.00423,773.9834,0.00116,0.00102,9.54E-04,0.00102,0.0012,0.00116,0.00116,0.001,0.00115,774.00983,0.00496,0.00574,0.00651,0.00588,0.00812,0.00472,0.00271,0.00433,0.0029,414.009,0.00629,0.00405,0.00361,0.00346,0.00386,0.00375,0.00577,0.0042,0.004,773.98828,0.00401,0.00419,0.004,0.00382,0.00336,0.00313,0.00332,0.00322,0.00453,773.9834,0.0056,0.00262,0.00289,0.00223,0.00531,0.00385,0.0039,0.00289,0.00295,774.00983,8.26E-04,7.88E-04,0.00277,0.00203,0.00194,0.00112,0.0023,0.00204,0.0016
413.50806,0.00382,0.00707,0.00682,0.00722,0.00737,0.0073,0.00921,0.00731,0.00756,773.49799,0.00517,0.00408,0.00484,0.00417,0.0043,0.00429,0.00361,0.00354,0.00424,773.49316,0.00147,0.00102,9.54E-04,0.00115,0.00122,0.00126,0.00129,0.00101,0.00115,773.48431,0.00384,0.00574,0.00651,0.00471,0.00641,8.26E-04,0.00373,0.00433,0.00746,413.50806,0.00202,0.00409,0.00345,0.00382,0.0039,0.00386,0.00456,0.00387,0.00437,773.49799,0.0038,0.0035,0.00341,0.00273,0.00396,0.00325,0.00278,0.00344,0.00366,773.49316,0.00396,0.00371,0.00343,0.0045,0.00462,0.00528,0.00331,0.00282,0.00412,773.48431,0.00107,0.00189,0.0014,0.00126,0.00175,0.00101,8.02E-04,-5.91E-04,0.00174
413.00711,0.00382,0.00707,0.00682,0.00722,0.00737,0.0073,0.00921,0.00762,0.00756,773.00757,0.00517,0.00262,0.00339,0.00392,0.00326,0.00423,0.00361,0.00324,0.00423,773.00275,0.00153,0.00145,0.00113,0.00125,0.00156,0.00126,0.00133,0.0011,0.00115,772.99377,0.00384,0.00574,0.00651,0.00471,0.00641,5.60E-04,0.00366,0.00433,0.00346,413.00711,0.00216,0.00367,0.0038,0.00417,0.00707,0.00485,0.00488,0.00433,0.00417,773.00757,0.00334,0.00263,0.00313,0.00253,0.00333,0.00267,0.00207,0.00229,0.00273,773.00275,0.00455,0.00395,0.00323,0.00321,0.004,0.00324,0.00398,0.00545,0.00578,772.99377,0.00167,0.00123,0.00103,0.00101,0.00138,1.20E-04,-1.29E-04,9.31E-04,6.22E-04
412.5061,0.00382,0.00707,0.00718,0.00766,0.00788,0.00804,0.00863,0.00762,0.00788,772.51715,0.00486,0.00262,0.00308,0.00323,0.00326,0.00414,0.00361,0.0031,0.00377,772.51233,0.00147,0.00145,0.00126,0.00139,0.00156,0.00116,0.0013,0.0011,0.00107,772.50299,0.00496,0.00754,0.00651,0.00471,0.00641,5.60E-04,0.00366,0.00433,0.00346,412.5061,0.00195,0.00374,0.00386,0.00505,0.00417,0.00425,0.00515,0.00403,0.00391,772.51715,0.0034,0.00169,0.00219,0.00269,0.0021,0.00277,0.00233,0.00209,0.00274,772.51233,0.00376,0.00584,0.00228,0.00355,0.00312,0.00334,0.0034,0.00259,0.00295,772.50299,5.59E-04,0.00162,0.00161,1.26E-04,0.00128,1.78E-04,0.0019,0.00179,0.00195
412.00507,0.0039,0.00707,0.0073,0.00788,0.00799,0.00877,0.00921,0.00818,0.00788,771.99152,0.00479,0.00262,0.00308,0.00323,0.00326,0.00414,0.00321,0.0031,0.00377,771.98676,0.00132,0.00154,0.00126,0.00139,0.00122,0.00116,0.0013,0.00126,0.00107,772.01221,0.00647,0.00754,0.00749,0.00471,0.00641,5.60E-04,0.00366,0.00831,0.00346,412.00507,0.00272,0.00378,0.00574,0.00405,0.0043,0.00551,0.00616,0.00441,0.00477,771.99152,0.0031,0.00163,0.00199,0.00152,7.35E-04,0.00273,0.00285,0.002,0.00243,771.98676,0.00393,0.00426,0.004,0.00365,0.0042,0.00297,0.00388,0.00378,0.00274,772.01221,0.00139,0.00284,0.00181,0.00121,0.00178,-1.67E-04,7.87E-04,0.00215,7.45E-04
411.50394,0.00382,0.00707,0.00783,0.00809,0.00799,0.00877,0.00972,0.00833,0.00901,771.50085,0.00479,0.00262,0.00308,0.00323,0.00326,0.00423,0.00361,0.0031,0.00377,771.49622,0.00132,0.00149,0.00141,0.00141,0.00122,0.00116,0.0013,0.00126,0.00107,771.48633,0.00647,0.00754,0.00749,0.00565,0.00597,8.26E-04,0.00884,0.01001,0.00563,411.50394,0.00207,0.00731,0.00586,0.00438,0.00423,0.00464,0.00457,0.00468,0.00516,771.50085,0.00314,0.00273,0.00193,0.00208,0.00247,0.00242,0.00304,0.00139,0.00243,771.49622,0.00309,0.00354,0.00425,0.00361,0.00462,0.00191,0.00334,0.00324,0.00257,771.48633,0.00225,0.00305,0.00196,0.00251,0.00197,0.00132,0.0021,0.00256,0.00216
411.00281,0.0039,0.00715,0.00993,0.00809,0.00813,0.00877,0.00913,0.00839,0.00976,771.01007,0.00414,0.00314,0.00308,0.00323,0.00335,0.00375,0.00417,0.0031,0.00376,771.00543,0.00132,0.00149,0.00156,0.00143,0.00133,0.00116,0.00124,0.00129,0.00107,770.9953,0.00647,0.00586,0.00411,0.00565,0.00734,0.00503,0.00813,0.01001,0.00563,411.00281,0.00283,0.00559,0.00525,0.00428,0.00445,0.00597,0.00541,0.00444,0.00597,771.01007,0.00267,0.00203,0.00348,0.004,0.00313,0.00285,0.00164,0.00313,0.00249,771.00543,0.00338,0.00434,0.00362,0.00386,0.0026,0.00339,0.00317,0.00332,0.00338,770.9953,0.00194,0.00198,0.00292,0.00265,0.00242,0.00209,0.00215,0.003,0.00205
410.50168,0.00382,0.00838,0.00993,0.00827,0.0084,0.00877,0.00913,0.00843,0.00986,770.48413,0.00414,0.00314,0.00336,0.00444,0.00382,0.00372,0.00257,0.00313,0.00338,770.51465,0.00132,0.00138,0.00141,0.00141,0.00131,0.00132,0.00119,0.00129,0.00101,770.50421,0.00544,0.00586,0.00411,0.00716,0.00711,0.00615,0.00813,0.00624,0.00563,410.50168,0.00202,0.00368,0.00414,0.00514,0.00448,0.00464,0.00567,0.00446,0.0055,770.48413,0.00364,0.0035,0.00217,0.00303,0.00216,0.00302,0.00333,0.00202,0.00249,770.51465,0.00528,0.00383,0.0047,0.00419,0.00342,0.00423,0.00428,0.00362,0.00331,770.50421,0.00142,0.00122,8.55E-04,0.00206,0.00118,0.00139,0.00213,0.00221,0.00121
410.00049,0.00376,0.00838,0.0092,0.00971,0.00848,0.00966,0.01022,0.00843,0.01039,769.99316,0.00414,0.00314,0.0041,0.00444,0.00335,0.00372,0.00257,0.00366,0.00338,769.98871,0.00133,0.00119,0.00103,0.00128,0.00101,0.00132,0.00119,0.00131,0.00102,770.01306,0.00544,0.00586,0.00411,0.00716,0.00549,0.00645,0.00813,0.00624,0.00563,410.00049,0.00212,0.00443,0.00548,0.00547,0.00574,0.00511,0.00483,0.00553,0.00522,769.99316,0.00215,0.00425,0.00285,0.00332,0.00325,0.0024,0.0027,0.00247,0.00199,769.98871,0.00462,0.00421,0.00462,0.00396,0.00362,0.00926,0.00269,0.00339,0.00367,770.01306,2.81E-04,0.00126,8.83E-04,6.15E-04,0.00158,0.00108,0.00175,0.00134,0.00235
409.49921,0.00376,0.00838,0.0092,0.00977,0.01032,0.00966,0.01023,0.01045,0.01039,769.5022,0.00342,0.00447,0.00336,0.00425,0.00334,0.00361,0.0032,0.00366,0.00321,769.49768,0.00138,0.00119,0.00103,0.00128,0.00131,0.00159,0.00119,0.00131,0.00102,769.48676,0.00544,0.00566,0.00411,0.00389,0.00536,0.00598,0.00813,0.00624,0.00529,409.49921,0.00199,0.00753,0.00531,0.00517,0.00654,0.00914,0.00541,0.00633,0.00555,769.5022,0.00322,0.00162,0.00264,0.00287,0.00325,0.00233,0.00166,0.00237,0.00218,769.49768,0.00353,0.00251,0.00264,0.00205,0.00335,0.00939,0.00304,0.00391,0.00259,769.48676,0.00117,0.0019,9.24E-04,0.00154,0.00153,0.00177,0.0013,0.00123,0.00114
408.99792,0.00372,0.00841,0.01004,0.01033,0.0108,0.01212,0.01023,0.01082,0.01049,769.01105,0.00342,0.00251,0.00284,0.0039,0.00314,0.00276,0.00306,0.00366,0.00309,769.00653,0.00138,0.00119,0.00103,0.00128,0.00131,0.00159,0.00108,0.00118,0.00102,768.99536,0.00295,0.00582,0.0043,0.00389,0.00464,0.00561,0.00813,0.00624,0.00529,408.99792,0.00184,0.00445,0.00487,0.00551,0.00671,0.01507,0.00613,0.00572,0.00587,769.01105,0.00322,0.00306,0.00326,0.00274,0.00216,0.00287,0.00267,0.00267,0.00247,769.00653,0.00342,0.00304,0.00224,0.00328,0.00248,0.00292,0.00317,0.00335,0.00261,768.99536,0.00213,0.0023,0.00175,0.00209,0.00115,0.00173,0.00233,0.0024,0.00151
408.49658,0.00348,0.00842,0.01004,0.01041,0.0108,0.01368,0.01079,0.01193,0.01091,768.48468,0.00381,0.00251,0.00284,0.00323,0.00314,0.00195,0.00257,0.00266,0.00321,768.51544,0.00138,0.00119,0.00103,0.00121,0.00131,0.00159,0.00119,0.00118,0.00102,768.50391,0.00544,0.00582,0.00543,0.00442,0.00464,0.00598,0.00733,0.00574,0.00529,408.49658,0.00313,0.00465,0.00678,0.00552,0.00546,0.00641,0.00571,0.00631,0.00577,768.48468,0.00221,0.00289,0.00184,0.00208,0.00203,0.00178,0.00206,0.003,0.00208,768.51544,0.00387,0.00314,0.00366,0.00333,0.00367,0.00407,0.00378,0.00249,0.00286,768.50391,0.00182,0.00122,0.00117,8.37E-04,9.97E-04,0.00129,0.0022,0.0021,5.30E-04
407.99518,0.00348,0.00842,0.01109,0.01044,0.0108,0.01297,0.01119,0.01193,0.0111,767.99341,0.0035,0.00381,0.00284,0.00323,0.00314,0.00195,0.00306,0.00266,0.00283,767.98907,0.00151,0.00123,0.0012,0.00128,0.00143,0.00142,0.00124,0.00118,0.00112,768.01239,0.00594,0.00582,0.00597,0.00442,0.00464,0.00598,0.01021,0.00626,0.00701,407.99518,0.00197,0.00445,0.00653,0.0057,0.00571,0.00724,0.00592,0.00749,0.00612,767.99341,0.00246,0.00111,0.0016,0.00252,0.00197,6.43E-04,0.00197,0.00124,0.00115,767.98907,0.00435,0.00405,0.00307,0.00373,0.00388,0.00411,0.00277,0.00302,0.00304,768.01239,6.34E-04,0.00125,0.00128,9.50E-04,9.28E-04,0.00121,0.00223,0.00135,0.00164
407.49374,0.00372,0.00879,0.01165,0.01077,0.0108,0.01297,0.01119,0.01241,0.01157,767.50195,0.0035,0.00312,0.00284,0.00305,0.00314,0.00195,0.00306,0.00266,0.00283,767.49774,0.00151,0.00158,0.00134,0.0013,0.00151,0.00142,0.00112,0.00118,0.00119,767.48566,0.00594,0.00582,0.00597,0.00442,0.00464,0.00598,0.01021,0.00626,0.00764,407.49374,0.00175,0.00497,0.00587,0.00601,0.006,0.00807,0.00737,0.00657,0.00697,767.50195,0.00279,0.00246,0.00236,0.00159,0.00222,0.00126,0.00117,0.00172,0.00277,767.49774,0.00473,0.00444,0.00367,0.00309,0.00431,0.00521,0.00484,0.00367,0.00485,767.48566,0.00167,0.00126,0.00168,0.00172,0.00215,0.00186,0.00157,8.89E-04,0.00195
406.99231,0.00372,0.00939,0.01165,0.01136,0.01134,0.01359,0.01234,0.01333,0.0128,767.01044,0.00381,0.00312,0.00293,0.00247,0.00314,0.00195,0.00306,0.00266,0.00249,767.00623,0.00135,0.00158,0.0012,0.00121,0.00159,0.00137,0.00108,0.00118,0.00119,766.9939,0.00594,0.00587,0.00646,0.00798,0.00768,0.00727,0.01037,0.00626,0.00825,406.99231,0.00262,0.00547,0.00616,0.00694,0.00638,0.00687,0.00653,0.00705,0.00677,767.01044,0.00226,0.00257,0.00194,0.00253,0.00219,0.00166,0.00201,0.00271,0.00183,767.00623,0.00424,0.00434,0.00344,0.0035,0.00467,0.00365,0.00341,0.00406,0.00377,766.9939,0.00128,0.00177,0.00139,0.00323,0.00165,0.00156,0.00229,0.00194,0.00259
406.49078,0.00443,0.01001,0.01165,0.01246,0.01205,0.01359,0.01394,0.01333,0.01316,766.4837,0.00396,0.0033,0.003,0.00247,0.00339,0.00234,0.00311,0.00351,0.00283,766.51465,0.00135,0.00166,0.00134,0.001,0.00159,0.00124,0.00108,0.00128,0.00135,766.50214,0.00777,0.00822,0.00715,0.00941,0.00999,0.00866,0.01065,0.00905,0.00906,406.49078,0.00473,0.00529,0.00624,0.00659,0.00954,0.00946,0.00877,0.00824,0.0076,766.4837,0.00257,0.00201,0.00189,0.00197,0.00203,0.00151,0.00234,0.00258,0.00203,766.51465,0.00346,0.00426,0.00348,0.00334,0.00407,0.00351,0.00288,0.00385,0.00345,766.50214,0.00282,0.0026,0.00237,0.00229,0.00235,0.00188,0.0024,0.00216,0.00249
405.98926,0.00443,0.01034,0.0118,0.01311,0.01458,0.01359,0.01456,0.01557,0.01437,765.99207,0.00396,0.0033,0.003,0.00305,0.00339,0.00256,0.00338,0.00355,0.00249,765.98792,0.00135,0.00166,0.00132,0.001,0.00155,0.00124,0.00108,0.00128,0.00135,766.01025,0.00791,0.0087,0.00715,0.00988,0.00971,0.00876,0.01065,0.00905,0.01078,405.98926,0.00235,0.00617,0.0071,0.00701,0.00772,0.00719,0.0077,0.00839,0.00846,765.99207,0.00268,0.00213,0.002,0.00151,0.00247,0.00236,0.00218,0.00227,0.00161,765.98792,0.00316,0.00329,0.00306,0.00242,0.00514,0.0021,0.00229,0.00271,0.00242,766.01025,0.00255,0.00206,0.00237,0.00241,0.00263,0.00217,0.00293,0.00222,0.00177
405.48767,0.00372,0.01166,0.01342,0.01324,0.01477,0.01587,0.01658,0.01585,0.01599,765.50031,0.00399,0.0033,0.0031,0.00305,0.00369,0.00289,0.00338,0.00355,0.00249,765.49622,0.00135,0.00128,0.00132,0.001,0.0012,0.00124,0.00108,0.00121,0.00135,765.48309,0.00953,0.0087,0.00718,0.00941,0.00971,0.00876,0.01056,0.00802,0.00825,405.48767,0.00255,0.00709,0.00713,0.00934,0.00781,0.0084,0.00933,0.00911,0.00849,765.50031,0.00255,0.00219,0.00227,0.00287,0.00278,0.00186,0.00272,0.00229,0.00208,765.49622,0.00393,0.00491,0.00429,0.00257,0.00397,0.00319,0.00276,0.00329,0.00355,765.48309,0.0017,0.00246,0.00154,0.00202,0.0027,0.00212,0.00251,0.00249,0.00263
404.98605,0.00372,0.01224,0.01348,0.01604,0.01477,0.01587,0.01723,0.01721,0.01604,765.00836,0.00407,0.0034,0.00351,0.00395,0.00371,0.00319,0.00338,0.00355,0.00249,765.00439,0.0014,0.00128,0.00124,0.001,0.00105,0.00123,0.00108,0.00121,0.00109,764.99103,0.00791,0.00701,0.00715,0.00769,0.00857,0.00866,0.00693,0.00793,0.00705,404.98605,0.00193,0.00658,0.00848,0.00944,0.00789,0.01122,0.00959,0.00925,0.00907,765.00836,0.00291,0.00301,0.003,0.00255,0.00238,0.00206,0.00228,0.00241,0.00149,765.00439,0.00369,0.00478,0.00339,0.00401,0.00309,0.00346,0.00338,0.00347,0.0046,764.99103,0.00316,0.00187,0.00265,0.00212,0.00209,0.00223,0.00227,0.00172,0.00232
404.48434,0.00372,0.01243,0.01603,0.01625,0.01491,0.01616,0.01764,0.01749,0.01714,764.51636,0.00407,0.00466,0.00464,0.00442,0.00371,0.00319,0.00353,0.00373,0.00322,764.51245,0.0014,0.00147,0.00132,0.00122,0.00105,0.00124,0.00126,0.00123,0.00122,764.49884,0.00766,0.00427,0.00547,0.00474,0.00703,0.00747,0.00678,0.00709,0.00657,404.48434,0.00197,0.00648,0.00892,0.00849,0.00862,0.00855,0.00912,0.0114,0.00944,764.51636,0.00307,0.00434,0.00345,0.00285,0.00239,0.00207,0.00215,0.00242,0.00243,764.51245,0.00463,0.0031,0.00356,0.00313,0.0027,0.00363,0.00359,0.00311,0.00376,764.49884,0.00205,0.00151,0.00154,0.00165,0.00151,0.00132,0.00149,0.00171,0.00152
403.98264,0.00372,0.01243,0.0161,0.01625,0.0163,0.01719,0.01812,0.01944,0.01784,763.9892,0.0045,0.00545,0.00482,0.00442,0.00371,0.00321,0.00353,0.00376,0.0033,763.98529,0.0014,0.00147,0.00132,0.00142,0.00105,0.00127,0.0013,0.00123,0.00122,764.00659,0.0054,0.00427,0.00547,0.00474,0.00389,0.00614,0.00678,0.00699,0.00617,403.98264,0.0026,0.00681,0.00852,0.0086,0.01106,0.0091,0.01075,0.01043,0.00948,763.9892,0.00263,0.0064,0.00311,0.0033,0.00292,0.00362,0.00313,0.00355,0.00294,763.98529,0.00359,0.00403,0.00319,0.00365,0.00267,0.00316,0.00323,0.00315,0.0028,764.00659,0.00116,9.18E-04,0.00118,0.00102,0.00184,0.00186,0.00137,0.00152,0.00133
403.4809,0.00412,0.01286,0.01686,0.01625,0.01885,0.01719,0.01871,0.01972,0.01792,763.49707,0.00476,0.00545,0.00498,0.00442,0.00371,0.00372,0.00416,0.00376,0.0033,763.49316,0.0014,0.00147,0.00139,0.00142,0.00105,0.00127,0.0013,0.00123,0.00122,763.51422,0.0054,0.00427,0.00547,0.00474,0.00389,0.00614,0.00646,0.00633,0.00489,403.4809,0.00369,0.00722,0.00932,0.00938,0.00998,0.01011,0.0099,0.01056,0.01116,763.49707,0.00385,0.00352,0.00341,0.00314,0.00393,0.0028,0.00313,0.0025,0.00213,763.49316,0.00328,0.00378,0.00376,0.00387,0.00385,0.00327,0.00333,0.00369,0.00313,763.51422,0.00165,9.00E-04,9.73E-04,9.95E-04,8.36E-04,0.00161,0.00146,7.38E-04,0.00141
403.01776,0.00491,0.01334,0.01714,0.01772,0.0193,0.0191,0.02032,0.01972,0.01932,763.00482,0.00407,0.00437,0.00482,0.004,0.00349,0.00372,0.00416,0.00368,0.0033,763.00098,0.00128,0.00157,0.00129,0.00142,0.00104,0.00123,0.00126,0.00123,0.00109,762.98657,0.0054,0.00427,0.00547,0.00474,0.00389,0.00747,0.00646,0.0045,0.00489,403.01776,0.00218,0.00706,0.00907,0.0101,0.01048,0.01068,0.01226,0.01029,0.01022,763.00482,0.00322,0.00395,0.00407,0.0033,0.00319,0.00355,0.00269,0.00302,0.00222,763.00098,0.00438,0.00422,0.00396,0.00409,0.00363,0.00411,0.00355,0.0038,0.00338,762.98657,4.74E-04,0.00139,0.00156,0.00133,7.34E-05,0.0013,0.00166,0.0015,0.00105
402.51593,0.0048,0.01365,0.01735,0.01879,0.0193,0.02018,0.0225,0.01995,0.0211,762.51251,0.00403,0.00305,0.00467,0.004,0.00349,0.00344,0.00306,0.00251,0.00298,762.50879,0.00128,0.00147,0.00139,0.00137,0.00141,0.00127,0.0013,0.00139,0.00122,762.49408,0.00698,0.00515,0.00711,0.00621,0.00389,0.00747,0.00678,0.0045,0.00489,402.51593,0.00469,0.00752,0.00918,0.00994,0.01021,0.011,0.0121,0.01111,0.01335,762.51251,0.00389,0.00282,0.00321,0.00258,0.00226,0.0024,0.00272,0.00237,0.00213,762.50879,0.00419,0.00493,0.00357,0.00388,0.0039,0.00405,0.00401,0.00395,0.0043,762.49408,0.00184,0.00154,0.00219,0.0014,0.00213,0.0017,0.00139,0.00136,0.001
402.01407,0.0048,0.01422,0.01735,0.01909,0.0198,0.02078,0.02287,0.02099,0.02129,761.98492,0.00396,0.00305,0.00312,0.004,0.00346,0.00344,0.00306,0.00251,0.00298,762.01636,0.00124,0.00128,0.00129,0.00111,0.00117,0.00119,0.00104,0.00139,0.00107,762.0014,0.00698,0.00645,0.00725,0.0065,0.00816,0.00691,0.00738,0.0045,0.00489,402.01407,0.0064,0.00799,0.01139,0.01024,0.01068,0.01306,0.01191,0.01129,0.01126,761.98492,0.00174,0.00127,0.00144,0.00234,0.00145,0.00222,9.85E-04,0.00139,0.00112,762.01636,0.00317,0.00421,0.0033,0.00286,0.00203,0.00231,0.00266,0.00242,0.00274,762.0014,0.00236,0.00111,0.00156,0.0019,0.00304,0.00217,0.00216,9.68E-04,0.00203
401.51212,0.00531,0.01477,0.01904,0.01936,0.02019,0.02168,0.0225,0.02106,0.02283,761.49237,0.0036,0.00305,0.00312,0.00362,0.00346,0.00331,0.00306,0.00251,0.00298,761.48877,0.00124,0.00128,0.00129,0.00111,0.00117,0.00119,0.00104,0.00139,0.00107,761.50873,0.00698,0.00515,0.00725,0.0065,0.00816,0.00691,0.00646,0.00445,0.00467,401.51212,0.00254,0.008,0.01085,0.01172,0.01069,0.01147,0.01212,0.01115,0.01331,761.49237,0.0026,0.00197,0.00302,0.00356,0.0024,0.00214,0.00198,0.00162,0.00192,761.48877,0.00455,0.00325,0.00374,0.00351,0.00408,0.00429,0.00426,0.00355,0.00383,761.50873,0.0015,0.00139,0.00153,0.00188,0.00237,0.00231,0.00159,0.00134,0.00161
401.01016,0.0048,0.0149,0.01904,0.01984,0.0202,0.0238,0.0225,0.02133,0.02283,760.99976,0.0036,0.00305,0.00309,0.00304,0.00346,0.00331,0.00306,0.00251,0.00298,760.99615,0.00124,0.00128,0.00128,0.00111,0.00117,0.00119,0.00104,0.00139,0.00107,761.01593,0.00363,0.00315,0.00711,0.00644,0.00636,0.00321,0.00491,0.00295,0.00364,401.01016,0.00287,0.00782,0.0123,0.0109,0.01114,0.01259,0.01328,0.01218,0.01234,760.99976,0.00256,0.00336,0.00202,0.00287,0.00224,0.00272,0.00257,0.00227,0.00216,760.99615,0.00298,0.00327,0.00295,0.00225,0.003,0.00305,0.00237,0.00377,0.00243,761.01593,0.00172,0.0014,0.00183,0.00152,0.00175,0.00148,0.00225,9.56E-04,0.0012
400.50818,0.0048,0.0149,0.01904,0.02045,0.02106,0.02258,0.0225,0.02228,0.02293,760.50702,0.00396,0.00364,0.00312,0.00304,0.00346,0.00331,0.00349,0.00336,0.00335,760.50348,0.00161,0.00128,0.00128,0.00137,0.00128,0.00155,0.00116,0.00145,0.00121,760.48779,0.00363,0.00315,0.00617,0.00625,0.00636,0.00321,0.00491,0.00295,0.00364,400.50818,0.00281,0.00788,0.01007,0.01257,0.0117,0.01468,0.01191,0.01179,0.01208,760.50702,0.00233,0.00357,0.00239,0.0017,0.00254,0.00177,0.00226,0.00277,0.00217,760.50348,0.00429,0.00388,0.00423,0.004,0.00389,0.00416,0.00298,0.00397,0.00454,760.48779,7.81E-04,4.46E-04,0.00176,0.00139,0.00137,6.89E-04,0.00106,3.32E-04,7.82E-04
400.0061,0.00531,0.0149,0.01904,0.02045,0.02138,0.02258,0.0225,0.02301,0.02293,760.01428,0.00396,0.00404,0.00312,0.00264,0.00302,0.00363,0.00352,0.00352,0.00336,760.01074,0.00125,0.00143,0.00128,0.00153,0.00117,0.0014,0.00116,0.00145,0.00121,759.99475,0.00363,0.00315,0.00617,0.00625,0.00636,0.00321,0.00491,0.00295,0.00364,400.0061,0.00213,0.0082,0.00981,0.0105,0.01131,0.01313,0.01144,0.0128,0.01213,760.01428,0.00274,0.00261,0.002,0.00196,0.00239,0.00266,0.00235,0.00268,0.00219,760.01074,0.00434,0.00366,0.00328,0.00392,0.00452,0.00397,0.00397,0.00372,0.00309,759.99475,7.38E-04,6.78E-04,3.24E-04,4.18E-04,0.00131,6.31E-04,1.31E-04,6.34E-04,6.00E-04
399.50406,0.00412,0.01513,0.01904,0.02045,0.02138,0.02258,0.02213,0.02419,0.02293,759.48621,0.0036,0.00364,0.0037,0.00264,0.00302,0.0032,0.00352,0.00358,0.0034,759.48273,0.00125,0.00151,0.00146,0.00153,0.00116,0.0014,0.00133,0.00145,0.00121,759.50171,0.00363,0.00315,0.00617,0.00625,0.00636,0.00321,0.00491,0.00295,0.00364,399.50406,0.00345,0.00801,0.01151,0.01082,0.01155,0.01195,0.01224,0.01292,0.01239,759.48621,0.00407,0.00235,0.00306,0.00276,0.00195,0.00235,0.00268,0.00217,0.00256,759.48273,0.00412,0.00457,0.00385,0.00457,0.00328,0.00423,0.00387,0.00376,0.00423,759.50171,0.00226,0.00102,0.00133,0.00134,0.00161,0.00141,0.00147,0.00157,0.00181
399.00195,0.00412,0.01513,0.02022,0.02045,0.02138,0.02233,0.02213,0.02419,0.02335,758.99323,0.00342,0.00364,0.00407,0.00302,0.00302,0.00363,0.00365,0.00358,0.00371,758.98981,0.00125,0.00159,0.00146,0.00143,0.00116,0.0014,0.00133,0.00145,0.00121,759.00848,0.00344,0.00476,0.00617,0.00296,0.00611,0.00655,0.00653,0.00665,0.00747,399.00195,0.00832,0.00898,0.01149,0.01113,0.01174,0.01181,0.01204,0.01286,0.01269,758.99323,0.0033,0.00275,0.00263,0.00148,0.0019,0.00255,0.00227,0.00231,0.00271,758.98981,0.0032,0.00414,0.00407,0.00396,0.00261,0.0036,0.00341,0.00239,0.0039,759.00848,0.0022,0.00211,0.00174,0.0015,0.00196,0.00199,0.00207,0.00203,0.00263
398.49982,0.00568,0.01513,0.02022,0.02099,0.02124,0.02128,0.02213,0.023,0.02335,758.50012,0.00342,0.00364,0.00407,0.00302,0.00302,0.00363,0.00366,0.00358,0.00397,758.49677,0.00119,0.00159,0.00146,0.00135,0.00116,0.00128,0.00131,9.84E-04,0.00121,758.51526,0.00524,0.00549,0.00617,0.00555,0.00591,0.00655,0.00685,0.00665,0.00747,398.49982,0.00218,0.0089,0.01153,0.01111,0.01124,0.01288,0.01171,0.01325,0.0124,758.50012,0.00202,0.0023,0.00297,0.00274,0.00264,0.00207,0.00275,0.00243,0.0024,758.49677,0.00293,0.00406,0.00375,0.00338,0.00299,0.00328,0.00356,0.00399,0.0031,758.51526,0.00281,0.00208,0.00191,0.00152,0.00161,0.00162,0.00171,0.00229,0.00171
397.99759,0.00522,0.01533,0.02022,0.02099,0.02068,0.02128,0.02207,0.02234,0.02218,758.00696,0.00342,0.00426,0.00407,0.00302,0.00312,0.00395,0.00366,0.00376,0.00417,758.00372,0.00119,0.00152,0.0014,0.00135,0.00116,0.00111,0.0012,9.84E-04,0.00103,757.98663,0.00524,0.00549,0.00458,0.00445,0.00586,0.00592,0.00653,0.00638,0.00518,397.99759,0.003,0.00788,0.0107,0.01149,0.01295,0.01126,0.01217,0.01217,0.01235,758.00696,0.00221,0.00285,0.00335,0.00195,0.00202,0.00268,0.00263,0.00266,0.00296,758.00372,0.0033,0.00407,0.00412,0.00366,0.00347,0.00436,0.00335,0.00405,0.00329,757.98663,3.73E-04,0.00118,0.00289,6.37E-04,0.00127,0.00164,0.0014,0.00143,0.00161
397.49536,0.00446,0.01533,0.0196,0.02004,0.02043,0.02128,0.02152,0.02145,0.02206,757.51386,0.00342,0.00442,0.00388,0.00302,0.00409,0.00416,0.00366,0.00376,0.00379,757.5105,0.00119,0.0014,0.0014,0.00135,0.00121,0.00111,0.0012,0.00117,0.00103,757.49323,0.00524,0.00549,0.00458,0.00445,0.00586,0.00581,0.00653,0.00638,0.00518,397.49536,0.0034,0.00811,0.01037,0.01342,0.01059,0.01116,0.01168,0.01182,0.01174,757.51386,0.00295,0.00365,0.0025,0.00312,0.00291,0.00277,0.00237,0.00245,0.00292,757.5105,0.00305,0.0039,0.0036,0.00346,0.00322,0.00285,0.00306,0.00252,0.00265,757.49323,0.00113,0.00135,9.85E-04,0.00119,0.00126,8.03E-04,0.00178,0.00137,0.00111
396.99307,0.00522,0.0149,0.01881,0.0194,0.02043,0.02128,0.02018,0.02145,0.02118,756.98517,0.00375,0.00442,0.00379,0.00177,0.00312,0.00416,0.00338,0.00278,0.00379,757.01721,0.00126,0.00125,0.00121,0.00135,0.00126,0.00111,0.0012,0.00117,0.00103,756.99963,0.00524,0.00549,0.00458,0.00445,0.00586,0.00581,0.00653,0.00638,0.00518,396.99307,0.00276,0.00814,0.01518,0.01061,0.01094,0.01203,0.01139,0.01135,0.01167,756.98517,0.00389,0.00396,0.00298,0.00282,0.0039,0.00354,0.00271,0.00295,0.00269,757.01721,0.004,0.0032,0.00311,0.00386,0.00378,0.00281,0.00286,0.00337,0.00262,756.99963,0.00157,4.57E-04,6.20E-04,9.57E-04,0.00108,0.00127,3.53E-04,9.49E-04,4.14E-04
396.49078,0.00522,0.01533,0.01881,0.0194,0.02002,0.0211,0.02018,0.02112,0.02085,756.49176,0.00375,0.00279,0.0034,0.00177,0.00384,0.00383,0.00335,0.00278,0.00274,756.48859,0.00126,0.00109,0.00121,0.00135,0.00126,0.00111,0.00117,0.00117,0.00103,756.50604,0.0073,0.00629,0.00458,0.00555,0.00586,0.00581,0.00826,0.00638,0.00518,396.49078,0.00236,0.00816,0.00995,0.01026,0.01081,0.01139,0.01067,0.01118,0.01121,756.49176,0.00295,0.00286,0.00245,0.00114,0.00265,0.00287,0.00217,0.0018,0.00244,756.48859,0.00325,0.00358,0.00427,0.0038,0.00309,0.00295,0.0036,0.003,0.00282,756.50604,0.00277,0.00178,0.00207,0.0016,0.00225,0.00125,0.00223,0.00213,0.00238
395.9884,0.00522,0.01513,0.01863,0.01932,0.02043,0.02073,0.02016,0.02013,0.02085,755.99829,0.00375,0.00225,0.0034,0.00177,0.00292,0.00358,0.00319,0.00278,0.00247,755.99518,0.00127,0.00109,0.00121,0.00148,0.00131,0.00115,0.00117,0.00118,0.0011,756.01227,0.00982,0.00827,0.00963,0.00663,0.0087,0.00592,0.00917,0.00931,0.00904,395.9884,0.00312,0.00711,0.00986,0.01021,0.01096,0.01172,0.01068,0.01272,0.01092,755.99829,0.00242,0.0018,0.00135,0.00106,0.00168,0.00247,0.00218,0.00132,8.49E-04,755.99518,0.00323,0.00279,0.00203,0.00252,0.00336,0.00309,0.00307,0.0032,0.00357,756.01227,0.00211,0.003,0.00212,0.00269,0.00265,0.00253,0.00197,0.002,0.00278
395.48602,0.00564,0.01409,0.01729,0.0193,0.01999,0.01956,0.01984,0.02013,0.02064,755.50464,0.00368,0.00225,0.00279,0.00177,0.00292,0.00358,0.00319,0.00278,0.00247,755.50159,0.00126,0.00109,0.0011,0.00105,0.00131,0.00115,0.0012,0.00117,0.0011,755.48315,0.01072,0.01024,0.00985,0.00746,0.0087,0.00581,0.00917,0.00931,0.01059,395.48602,0.00347,0.00822,0.01165,0.01064,0.01058,0.01097,0.01069,0.01065,0.01103,755.50464,0.0021,0.00113,0.00219,0.00204,0.00248,0.00231,0.00206,0.00193,0.00177,755.50159,0.00365,0.00276,0.00309,0.00378,0.00367,0.00352,0.00299,0.00303,0.00321,755.48315,0.00235,0.00287,0.00286,0.00216,0.00187,0.00179,0.00221,0.00207,0.00194
394.98358,0.00564,0.01391,0.01729,0.0193,0.01881,0.01956,0.01979,0.01997,0.02064,755.01093,0.00368,0.00225,0.00279,0.00315,0.00292,0.00358,0.00319,0.00298,0.0024,755.00793,0.00126,0.00109,0.0011,0.00105,0.00131,0.00114,0.00117,0.00118,9.46E-04,754.98932,0.00982,0.01024,0.00985,0.00709,0.0087,0.0057,0.0081,0.00684,0.00904,394.98358,0.00349,0.00801,0.00911,0.01023,0.01358,0.01035,0.01047,0.01057,0.01168,755.01093,0.0025,0.00145,0.00266,0.00251,0.00189,0.00118,0.00136,0.00202,0.00159,755.00793,0.00452,0.00461,0.00391,0.00392,0.00408,0.00403,0.0037,0.0042,0.00282,754.98932,0.00238,0.0022,0.00298,0.00142,0.00264,0.00211,0.00229,0.00291,0.00234
394.48108,0.00564,0.01391,0.01721,0.01855,0.01824,0.01865,0.01936,0.01892,0.02085,754.51721,0.00368,0.00225,0.0034,0.00377,0.00384,0.00358,0.00319,0.00313,0.00247,754.51416,0.00142,0.00133,0.00121,0.00116,0.00136,0.00114,0.00117,0.00118,9.46E-04,754.4953,0.00232,0.00778,0.00679,0.00663,0.00773,0.0057,0.00805,0.00609,0.00541,394.48108,0.00299,0.00745,0.00915,0.00982,0.00965,0.00987,0.0105,0.01146,0.01012,754.51721,0.00238,0.00239,0.0018,0.00289,0.00297,0.00262,0.00227,0.00214,0.00224,754.51416,0.00287,0.00341,0.00283,0.0027,0.00349,0.00267,0.00318,0.00246,0.00196,754.4953,0.00231,0.00242,0.00221,0.0025,0.00166,0.00123,0.00173,0.00131,0.00228
394.01724,0.00564,0.01391,0.01641,0.01855,0.01777,0.01857,0.01936,0.01857,0.01912,753.98804,0.00387,0.00353,0.00382,0.00389,0.00386,0.00364,0.00343,0.00331,0.00247,753.98511,0.00148,0.00149,0.00115,0.00116,0.00136,0.00114,0.00122,0.00133,9.46E-04,754.00122,0.00232,0.00728,0.00545,0.00663,0.00421,0.0057,0.00681,0.00523,0.00541,394.01724,0.00293,0.00736,0.01162,0.0142,0.00995,0.01079,0.01007,0.01001,0.01186,753.98804,0.00336,0.00311,0.00247,0.00284,0.00275,0.00287,0.00222,0.0024,0.00155,753.98511,0.00407,0.00394,0.00553,0.00297,0.00305,0.00293,0.00216,0.00347,0.00242,754.00122,1.46E-04,0.00167,0.00146,0.00152,0.00215,0.00101,0.00174,0.00147,0.00116
393.51468,0.00564,0.01391,0.01641,0.01855,0.01777,0.01857,0.01903,0.01857,0.01912,753.49408,0.00452,0.00361,0.00382,0.0044,0.00418,0.00406,0.00352,0.00368,0.00347,753.49121,0.00139,0.00133,0.0011,0.00116,0.00119,0.00114,0.0012,0.00133,9.46E-04,753.50696,0.00232,0.00728,0.00545,0.00709,0.00421,0.0057,0.00681,0.00523,0.00541,393.51468,0.00573,0.00694,0.00868,0.00899,0.0094,0.00932,0.01024,0.00974,0.01108,753.49408,0.00321,0.00228,0.00268,0.00244,0.00249,0.00235,0.00304,0.00299,0.0024,753.49121,0.00575,0.00516,0.00498,0.00458,0.00531,0.00543,0.00502,0.00501,0.00489,753.50696,4.99E-04,0.00157,4.69E-04,0.00142,8.92E-04,0.00156,0.00104,5.40E-04,0.00103
393.01209,0.00644,0.01312,0.01641,0.01792,0.01777,0.01779,0.01903,0.01857,0.01943,753,0.00498,0.00361,0.00416,0.00377,0.00392,0.00364,0.00343,0.00368,0.00372,752.99719,0.00148,0.00138,0.00115,0.00128,0.00119,0.00123,0.00114,0.00135,0.001,753.0127,0.00232,0.00728,0.00545,0.00709,0.00421,0.00666,0.00681,0.00523,0.00541,393.01209,0.00341,0.01212,0.00868,0.01228,0.00903,0.00983,0.01111,0.00983,0.0097,753,0.00402,0.00265,0.00302,0.00334,0.00313,0.00316,0.00233,0.00253,0.00352,752.99719,0.00379,0.00381,0.00295,0.00396,0.00362,0.00314,0.00312,0.00342,0.00257,753.0127,0.001,2.19E-04,0.00117,0.00191,9.04E-04,0.00143,0.00146,0.00112,0.00183
392.50946,0.00644,0.01312,0.0164,0.01792,0.01777,0.01761,0.01843,0.0184,0.01943,752.5058,0.00452,0.00353,0.00416,0.00377,0.00386,0.00305,0.00331,0.00356,0.00372,752.50311,0.00148,0.00138,0.00115,0.00151,0.00127,0.00129,0.0012,0.00146,0.00119,752.48309,0.00466,0.00728,0.00545,0.00888,0.00421,0.00726,0.00657,0.00523,0.00852,392.50946,0.00768,0.0084,0.00925,0.01003,0.0095,0.01171,0.00975,0.01235,0.01121,752.5058,0.00292,0.00233,0.00307,0.00303,0.0027,0.00273,0.00278,0.00237,0.00259,752.50311,0.00356,0.00329,0.00264,0.00328,0.00259,0.00332,0.00309,0.00374,0.00313,752.48309,0.00219,0.00179,0.00154,0.00193,0.00105,0.00224,0.00191,0.00178,0.00188
392.00677,0.00644,0.01298,0.01591,0.01792,0.01796,0.01746,0.01843,0.01839,0.01833,752.0116,0.00449,0.00361,0.00273,0.00348,0.00327,0.00282,0.00331,0.00356,0.00269,752.00891,0.00148,0.00138,0.00108,0.00128,0.00127,0.00129,0.0012,0.00146,0.00119,751.98865,0.00672,0.00831,0.00715,0.00888,0.00491,0.00903,0.00681,0.00827,0.00852,392.00677,0.00573,0.00679,0.01045,0.00948,0.01141,0.00941,0.01188,0.01023,0.01028,752.0116,0.00345,0.00333,0.00268,0.00225,0.00253,0.00182,0.00213,0.0023,0.00289,752.00891,0.00474,0.00354,0.00386,0.00386,0.00326,0.00384,0.00292,0.0038,0.00304,751.98865,0.00297,0.00196,0.00275,0.00225,0.00213,0.00194,0.00328,0.00259,0.00231
391.50406,0.00627,0.01296,0.01587,0.01753,0.01796,0.01746,0.01804,0.01839,0.0183,751.51733,0.00414,0.00361,0.00273,0.00348,0.00327,0.00282,0.00331,0.0034,0.00269,751.51459,0.00154,0.00138,0.00108,0.00128,0.00127,0.0014,0.0012,0.00146,0.00122,751.49408,0.00672,0.00831,0.00912,0.00881,0.00709,0.00903,0.00859,0.00827,0.008,391.50406,0.00332,0.0071,0.00823,0.01076,0.00996,0.00924,0.00935,0.00929,0.01044,751.51733,0.0029,0.00214,0.00177,0.00247,0.00211,0.00197,0.00213,0.0022,0.00167,751.51459,0.00431,0.00428,0.00397,0.00395,0.0033,0.00359,0.00324,0.00397,0.00342,751.49408,0.002,0.00181,0.0024,0.00244,0.00268,0.00298,0.00141,0.00178,0.00253
391.00128,0.00535,0.01296,0.01587,0.01737,0.01732,0.01742,0.01804,0.01839,0.0183,750.98755,0.00414,0.00372,0.00273,0.00348,0.00327,0.00282,0.00331,0.0034,0.00269,750.98492,0.00154,0.00161,0.00123,0.00129,0.00129,0.0014,0.00121,0.0012,0.00127,750.99945,0.00672,0.00596,0.00912,0.00881,0.00709,0.00785,0.00657,0.00798,0.008,391.00128,0.00953,0.00687,0.00842,0.00919,0.01045,0.00922,0.01052,0.00973,0.0096,750.98755,0.00267,0.0024,0.00136,0.00203,0.00151,0.00172,9.29E-04,0.00232,0.00174,750.98492,0.00396,0.00449,0.00277,0.00282,0.00364,0.00358,0.0034,0.00408,0.00326,750.99945,0.00144,0.00209,0.00211,0.00172,0.00162,0.00207,0.00185,0.00216,0.00172
390.4985,0.00535,0.01296,0.01587,0.01737,0.01679,0.01742,0.01796,0.01839,0.0183,750.4931,0.00414,0.00372,0.00273,0.00383,0.00327,0.00305,0.00331,0.0034,0.00269,750.49054,0.00139,0.00161,0.00108,0.0011,0.00129,0.0014,0.00121,0.00112,0.00127,750.50476,0.00622,0.00596,0.00663,0.00881,0.00709,0.00595,0.00538,0.00798,0.00735,390.4985,0.00283,0.00686,0.0084,0.00928,0.00882,0.01009,0.00954,0.01122,0.00968,750.4931,0.00246,0.00268,0.00239,0.00296,0.00248,0.0022,0.00296,0.00164,0.00256,750.49054,0.00403,0.00413,0.00317,0.00346,0.00383,0.00403,0.00375,0.00288,0.00331,750.50476,0.00134,0.00106,0.00196,0.00189,0.00152,0.00128,0.00228,0.00126,0.00116
389.99567,0.00487,0.01273,0.01591,0.01737,0.01679,0.01742,0.01796,0.01839,0.0183,749.99841,0.00414,0.00416,0.0036,0.00367,0.00339,0.00341,0.00382,0.00315,0.00283,749.99597,0.00139,0.00144,0.00108,0.0011,0.00128,0.0014,0.00109,0.00112,0.00127,750.00989,0.00572,0.00542,0.00611,0.00812,0.00702,0.00595,0.00538,0.00726,0.00573,389.99567,0.00258,0.00697,0.00948,0.00858,0.00916,0.00913,0.00967,0.01022,0.01231,749.99841,0.00333,0.00314,0.00252,0.00295,0.00259,0.00309,0.0032,0.00278,0.00263,749.99597,0.00357,0.00447,0.00538,0.00332,0.00504,0.00371,0.00311,0.00307,0.0034,750.00989,0.00175,0.00128,0.00115,0.00201,0.00141,0.00169,0.00116,0.00171,0.00212
389.4928,0.00463,0.01273,0.01587,0.01753,0.01679,0.01757,0.01796,0.01744,0.01884,749.50378,0.00429,0.00416,0.0036,0.00416,0.00343,0.00341,0.00382,0.00315,0.00364,749.50134,0.00125,0.00131,0.00123,0.00129,0.00127,0.0013,0.00109,0.00112,0.00128,749.51508,0.00572,0.00542,0.00611,0.00812,0.00702,0.00595,0.00538,0.00679,0.00573,389.4928,0.0029,0.00674,0.01004,0.00938,0.00888,0.01009,0.0095,0.01051,0.01147,749.50378,0.00321,0.00296,0.00232,0.00269,0.00222,0.00303,0.00274,0.00226,0.00235,749.50134,0.00285,0.00257,0.0018,0.00202,0.00147,0.00268,0.00244,0.00211,0.00185,749.51508,0.00123,0.0014,0.00142,0.00258,0.00207,0.00114,0.00114,0.00173,0.00158
388.98987,0.00457,0.01273,0.01596,0.01773,0.01679,0.01757,0.01793,0.01744,0.01884,749.00903,0.00429,0.00413,0.0032,0.00367,0.00339,0.00349,0.00351,0.00326,0.00283,749.00659,0.00121,0.00124,0.00115,0.00129,0.00121,0.00129,0.00109,0.00107,0.00121,748.98474,0.00572,0.00596,0.00611,0.00812,0.00702,0.00673,0.00538,0.00703,0.00735,388.98987,0.00242,0.00661,0.00852,0.01163,0.0091,0.0093,0.00949,0.00912,0.01036,749.00903,0.00294,0.00274,0.00298,0.00237,0.00219,0.0028,0.00247,0.00203,0.00183,749.00659,0.00395,0.0037,0.00315,0.00452,0.00327,0.00361,0.0028,0.00383,0.00333,748.98474,0.00114,0.00116,0.00131,0.00174,0.00151,0.00145,0.00137,0.00156,0.00123
388.48694,0.00457,0.01273,0.01596,0.01802,0.01679,0.01783,0.01793,0.01744,0.01852,748.51416,0.00361,0.00413,0.00277,0.00352,0.00339,0.00324,0.00336,0.00325,0.00283,748.51184,0.00111,0.00124,0.00115,0.00137,0.00121,0.00105,0.00109,0.00106,0.00121,748.48962,0.00572,0.00651,0.00663,0.0079,0.00849,0.00673,0.00636,0.00703,0.00735,388.48694,0.00245,0.00706,0.00836,0.00954,0.00919,0.01069,0.0099,0.00923,0.00997,748.51416,0.00277,0.00267,0.00207,0.00273,0.00229,0.00184,0.00227,0.0025,0.00251,748.51184,0.00319,0.00335,0.00411,0.00351,0.00326,0.00333,0.00357,0.0031,0.00328,748.48962,0.00161,0.00172,0.00146,0.00157,0.00182,0.00148,0.00197,0.00146,0.00202
387.98392,0.00457,0.01291,0.01583,0.01855,0.01717,0.01757,0.01793,0.01744,0.0185,747.98389,0.00361,0.00413,0.00277,0.00352,0.00339,0.00324,0.00336,0.00325,0.00283,748.01691,0.00121,0.00126,0.00122,0.00141,0.00121,0.00127,0.00129,0.00107,0.00128,747.99451,0.0075,0.00799,0.00679,0.0079,0.00849,0.00689,0.00867,0.00703,0.00894,387.98392,0.00231,0.00683,0.00844,0.00982,0.00883,0.00985,0.0094,0.0105,0.0098,747.98389,0.00203,0.00204,0.00179,0.00206,0.00118,0.00225,0.00186,0.0021,0.00124,748.01691,0.00309,0.00317,0.00294,0.00361,0.0031,0.00329,0.00332,0.00276,0.0031,747.99451,0.00213,0.00203,0.00161,0.00206,0.00272,0.00154,0.00194,0.00151,0.00192
387.4809,0.00463,0.01316,0.01583,0.01855,0.01717,0.01783,0.01854,0.01853,0.01828,747.48877,0.00361,0.00413,0.00277,0.00352,0.00351,0.00285,0.00336,0.00325,0.00355,747.48651,0.00106,0.00125,0.00115,0.00137,0.00119,0.00127,0.00129,0.00107,0.00121,747.49921,0.00804,0.00799,0.00751,0.0079,0.00977,0.00717,0.00867,0.00703,0.00942,387.4809,0.00259,0.00696,0.00947,0.01006,0.00908,0.00943,0.00981,0.00991,0.00979,747.48877,0.00233,0.00271,0.00163,0.00227,0.00227,0.00209,0.00217,0.0021,0.00251,747.48651,0.00272,0.00373,0.00314,0.0037,0.00321,0.00239,0.00381,0.00271,0.00358,747.49921,0.0021,0.00199,0.00168,0.0017,0.00238,0.00224,0.00233,0.00225,0.00243
387.01651,0.00489,0.01302,0.01588,0.01855,0.01717,0.01747,0.01811,0.01866,0.01828,746.99365,0.00323,0.0042,0.00277,0.00352,0.00345,0.00324,0.00336,0.00325,0.00301,746.99146,0.00106,0.00124,0.00115,0.00141,0.00113,9.46E-04,0.00111,0.00106,7.80E-04,747.00391,0.00979,0.00726,0.00781,0.0079,0.00977,0.00819,0.00841,0.00822,0.00894,387.01651,0.00269,0.00788,0.00838,0.01086,0.00938,0.00925,0.00984,0.00987,0.00967,746.99365,0.00345,0.00333,0.00282,0.00328,0.00349,0.00274,0.00333,0.00251,0.00229,746.99146,0.00375,0.00324,0.00387,0.00366,0.00306,0.00325,0.00333,0.00369,0.00379,747.00391,0.00173,0.00198,0.00226,0.00234,0.0021,0.00213,0.00186,0.00242,0.00243
386.5134,0.00489,0.01316,0.01588,0.01863,0.01773,0.01747,0.01828,0.01866,0.01828,746.49841,0.00361,0.00444,0.00417,0.00352,0.00351,0.00324,0.00375,0.00325,0.00355,746.49628,0.00106,0.00125,0.00122,0.00143,0.00113,9.46E-04,0.00111,0.00106,7.80E-04,746.50848,0.00979,0.00726,0.00853,0.0079,0.00864,0.00892,0.00623,0.00966,0.00966,386.5134,0.00265,0.00719,0.0084,0.00986,0.0094,0.0101,0.01116,0.0098,0.00964,746.49841,0.00343,0.00287,0.00336,0.00256,0.00362,0.00168,0.00305,0.00175,0.00308,746.49628,0.0021,0.0032,0.00263,0.00266,0.0029,0.00346,0.0019,0.00315,0.00185,746.50848,0.0024,0.00142,0.00202,0.00253,0.00248,0.00213,0.00134,0.00177,0.00208
386.01025,0.00494,0.01359,0.01588,0.01834,0.01777,0.01747,0.01828,0.01866,0.01828,746.00311,0.00507,0.00444,0.00437,0.00396,0.00453,0.0033,0.00472,0.00346,0.00355,746.00098,0.00128,0.00125,0.00104,0.00104,0.00113,0.00102,0.00111,0.00119,7.80E-04,746.01294,0.00894,0.00726,0.00853,0.00615,0.00758,0.00819,0.00623,0.00853,0.00903,386.01025,0.00323,0.00689,0.00929,0.00903,0.0096,0.00905,0.00958,0.01191,0.01003,746.00311,0.00209,0.0036,0.00345,0.00228,0.00223,0.00213,0.00242,0.00257,0.00194,746.00098,0.00327,0.00272,0.00554,0.00373,0.00203,0.00242,0.00284,0.0026,0.002,746.01294,0.0027,0.00156,0.00189,9.31E-04,0.00186,0.00176,0.00181,0.00208,0.00135
385.50708,0.00494,0.01359,0.01658,0.01834,0.01808,0.01822,0.01828,0.01884,0.01896,745.50775,0.00458,0.00444,0.00451,0.00396,0.00362,0.00318,0.00472,0.00346,0.00428,745.50568,0.00128,0.00125,0.00104,0.00104,0.00113,0.00102,0.00111,0.0011,7.80E-04,745.51739,0.00894,0.00659,0.00853,0.00615,0.00758,0.00616,0.00623,0.00822,0.00903,385.50708,0.00233,0.00735,0.01142,0.0102,0.00967,0.00964,0.00967,0.01333,0.01016,745.50775,0.00327,0.00308,0.00269,0.00286,0.003,0.00294,0.0032,0.00224,0.00374,745.50568,0.00435,0.0044,0.00465,0.00403,0.0043,0.00422,0.0034,0.00305,0.00439,745.51739,0.00235,0.00258,0.00183,0.00212,0.00133,0.00192,0.00129,0.00213,0.00247
385.00385,0.00494,0.01374,0.01658,0.01834,0.01814,0.01822,0.01828,0.01951,0.0192,745.01221,0.0039,0.00403,0.00451,0.00419,0.00345,0.0033,0.00399,0.00396,0.00358,745.01025,0.00128,0.00111,0.00137,0.00138,0.00123,0.00102,0.00114,0.0011,0.00105,744.98621,0.00604,0.00726,0.0083,0.00531,0.0062,0.00561,0.00602,0.00787,0.00627,385.00385,0.00262,0.0093,0.00877,0.00971,0.00957,0.00985,0.00978,0.00997,0.01036,745.01221,0.00351,0.00243,0.00291,0.003,0.00293,0.00307,0.00313,0.00303,0.00276,745.01025,0.00367,0.00326,0.00266,0.00258,0.00342,0.00263,0.00292,0.00327,0.00386,744.98621,0.00192,0.00245,0.00178,0.00132,0.00163,0.00132,0.00177,0.00183,0.00194
384.50058,0.00494,0.0139,0.01658,0.01854,0.01828,0.01862,0.01848,0.01951,0.01958,744.51666,0.00458,0.00403,0.00451,0.00442,0.00362,0.00401,0.00479,0.00396,0.00428,744.51471,0.00127,0.00111,0.00115,0.00112,0.00123,0.00108,0.00114,0.0011,0.00105,744.49042,0.00413,0.00611,0.00597,0.00615,0.00547,0.00561,0.00602,0.00624,0.00709,384.50058,0.00308,0.00742,0.00877,0.01018,0.01119,0.01071,0.01104,0.01125,0.01445,744.51666,0.00296,0.00344,0.00298,0.00321,0.00234,0.00205,0.00377,0.00255,0.00277,744.51471,0.00401,0.00338,0.00352,0.00354,0.00385,0.00313,0.00328,0.00282,0.00268,744.49042,0.0013,0.00102,0.00198,0.00175,0.00228,0.00121,0.00141,0.00169,0.00256
383.99728,0.0052,0.01402,0.01658,0.01854,0.01864,0.01945,0.02002,0.01951,0.01972,743.9856,0.00458,0.00403,0.00462,0.00464,0.00362,0.00401,0.00438,0.00469,0.00428,743.9837,0.00127,0.00111,0.00115,0.00112,0.00123,0.00108,0.00114,0.0011,0.00105,743.99463,0.00413,0.00474,0.00597,0.00615,0.00547,0.00561,0.00658,0.00624,0.00709,383.99728,0.00275,0.00727,0.00968,0.01118,0.01169,0.01066,0.01391,0.01032,0.01285,743.9856,0.00252,0.0026,0.00302,0.00271,0.0022,0.00259,0.00258,0.00324,0.00231,743.9837,0.00325,0.00284,0.00546,0.00387,0.00314,0.00455,0.00309,0.00285,0.00322,743.99463,4.29E-04,0.00209,0.00128,0.00114,0.00118,8.61E-04,0.00129,0.00134,0.0012
383.49393,0.00557,0.01402,0.0183,0.01864,0.02115,0.01953,0.02049,0.02029,0.02285,743.48981,0.00458,0.00481,0.00462,0.00498,0.00362,0.00401,0.00399,0.00396,0.00428,743.48798,0.00127,0.00111,0.00134,0.00138,0.00122,0.00119,0.0012,0.0011,0.00105,743.49866,0.00413,0.00474,0.00495,0.00813,0.00547,0.00492,0.00658,0.00596,0.00709,383.49393,0.00295,0.00774,0.01008,0.00981,0.00986,0.0107,0.01059,0.01073,0.01043,743.48981,0.00371,0.0031,0.0032,0.00355,0.00257,0.00302,0.0031,0.00315,0.00359,743.48798,0.00301,0.00279,0.00294,0.00287,0.00266,0.00278,0.00189,0.00212,0.00152,743.49866,8.88E-04,0.00131,5.05E-04,0.00181,9.43E-04,0.00152,0.00185,8.13E-04,0.00152
382.99054,0.00557,0.0146,0.01831,0.01864,0.01941,0.01945,0.02049,0.02029,0.0203,742.99402,0.0048,0.00403,0.0045,0.00419,0.00398,0.00401,0.00393,0.00401,0.00358,742.99213,0.00117,0.00111,0.00134,0.0015,0.00122,0.00116,0.00106,0.00103,0.00118,743.00256,0.00413,0.00611,0.00495,0.0084,0.00547,0.00492,0.00602,0.00596,0.00709,382.99054,0.00321,0.00775,0.01136,0.00986,0.02088,0.01029,0.01084,0.01148,0.01209,742.99402,0.00396,0.0038,0.00315,0.0041,0.00368,0.00361,0.00283,0.00364,0.00418,742.99213,0.00409,0.00339,0.00343,0.00709,0.00569,0.00334,0.00392,0.00341,0.00305,743.00256,0.00178,8.92E-04,0.0019,0.00187,0.00181,0.002,0.0023,0.00173,0.00193
382.48712,0.00557,0.01463,0.01831,0.01864,0.01941,0.01945,0.02049,0.02029,0.0203,742.49811,0.00503,0.00375,0.00415,0.00406,0.00398,0.00317,0.00393,0.00359,0.00353,742.49634,0.00117,0.00132,0.00123,0.00143,0.00122,0.00116,0.00106,0.00103,0.00118,742.50641,0.0052,0.00611,0.00495,0.0084,0.00657,0.00492,0.00538,0.00498,0.00709,382.48712,0.00493,0.00866,0.00981,0.01024,0.01142,0.01033,0.01134,0.01089,0.01245,742.49811,0.0034,0.00352,0.00291,0.00367,0.00302,0.00362,0.00254,0.00232,0.00303,742.49634,0.00424,0.00357,0.00382,0.00385,0.00313,0.00306,0.00365,0.00291,0.00384,742.50641,0.00191,0.00171,0.00106,0.00229,0.00201,0.00106,0.00144,0.00128,0.00159
381.98367,0.00607,0.0146,0.01831,0.01884,0.01941,0.01945,0.02078,0.02032,0.0203,742.00208,0.0048,0.00375,0.00375,0.00394,0.00428,0.00317,0.00352,0.00359,0.00343,742.00031,0.00138,0.00139,0.00134,0.00143,0.00122,0.00119,0.00142,0.00113,0.00119,742.01025,0.0052,0.00415,0.00495,0.00754,0.00657,0.00492,0.00497,0.00581,0.00405,381.98367,0.00413,0.00773,0.00969,0.01021,0.01027,0.01022,0.01099,0.01075,0.01074,742.00208,0.0031,0.00242,0.00268,0.00262,0.00286,0.00199,0.00174,0.00259,0.00228,742.00031,0.00292,0.00369,0.00383,0.00399,0.0034,0.00298,0.00272,0.00264,0.00302,742.01025,0.00209,0.00171,0.00197,0.00254,0.00219,0.00141,0.00107,0.00167,0.0022
381.51889,0.00539,0.0146,0.01792,0.019,0.01934,0.01931,0.02078,0.02025,0.0203,741.50592,0.00404,0.00375,0.00375,0.00388,0.00428,0.00317,0.00352,0.00359,0.00343,741.50427,0.00138,0.0014,0.00135,0.00143,0.00122,0.00119,0.00137,0.00113,0.00122,741.51392,0.0052,0.00648,0.00495,0.00754,0.00657,0.00492,0.00497,0.00558,0.00405,381.51889,0.00285,0.0078,0.00948,0.01206,0.01048,0.01079,0.01119,0.01071,0.01077,741.50592,0.00325,0.00227,0.00242,0.00254,0.00253,0.00205,0.00276,0.00226,0.00203,741.50427,0.00374,0.00646,0.00316,0.00367,0.004,0.00383,0.00423,0.00315,0.00428,741.51392,0.00112,0.00139,0.0015,0.00162,0.00141,6.90E-04,0.00116,0.00107,6.29E-04
381.01538,0.00539,0.01445,0.0179,0.019,0.01879,0.01931,0.01988,0.02023,0.0203,741.00977,0.00404,0.00375,0.00375,0.00388,0.00391,0.00317,0.00352,0.0035,0.00343,741.00818,0.00138,0.0014,0.00135,0.00136,0.00109,0.00116,0.00106,0.00123,0.00122,741.01752,0.0052,0.00648,0.00699,0.00754,0.00657,0.00541,0.00497,0.00558,0.00405,381.01538,0.00398,0.00748,0.01104,0.00997,0.00994,0.01055,0.01103,0.01428,0.0106,741.00977,0.00241,0.00306,0.00213,0.0025,0.00277,0.0025,0.00227,0.00233,0.00222,741.00818,0.00354,0.00358,0.00346,0.00349,0.00279,0.00353,0.00396,0.00342,0.00313,741.01752,5.94E-04,5.73E-04,5.94E-04,9.53E-04,0.00112,0.00116,5.36E-05,0.00125,8.70E-04
380.51175,0.00539,0.01427,0.0179,0.019,0.01879,0.01994,0.01988,0.02019,0.02002,740.51349,0.00404,0.00409,0.00375,0.00388,0.00391,0.00388,0.00366,0.0035,0.00343,740.51196,0.00146,0.0014,0.00127,0.00123,0.00109,0.00138,0.00137,0.00129,0.00122,740.48553,0.0052,0.00623,0.00592,0.00754,0.00657,0.00541,0.00538,0.00498,0.00405,380.51175,0.00259,0.00844,0.00903,0.01005,0.01023,0.01013,0.01045,0.01071,0.01124,740.51349,0.00261,0.00264,0.00257,0.00199,0.00331,0.00258,0.00288,0.00263,0.00306,740.51196,0.00455,0.00455,0.00485,0.00407,0.00403,0.0044,0.00351,0.00339,0.00332,740.48553,0.00201,0.0015,0.00176,0.00208,0.00148,0.00137,0.00143,0.0012,0.00146
380.00815,0.00552,0.01427,0.01752,0.01884,0.01872,0.01994,0.01988,0.02019,0.02002,740.01709,0.00404,0.00409,0.00387,0.00388,0.00428,0.00399,0.00366,0.00361,0.0036,740.01563,0.00146,0.00131,0.00127,0.00116,0.00109,0.00117,0.00122,0.00129,0.00122,739.98895,0.00456,0.00595,0.00592,0.0076,0.00519,0.00637,0.0033,0.00558,0.00445,380.00815,0.00292,0.00765,0.00947,0.01028,0.00962,0.01164,0.01052,0.01069,0.01088,740.01709,0.00291,0.00285,0.0025,0.0027,0.00222,0.00331,0.00237,0.00203,0.00232,740.01563,0.00374,0.00222,0.00393,0.00298,0.00171,0.00283,0.00272,0.0033,0.0032,739.98895,0.00228,0.00203,0.00182,0.00258,0.00228,0.00157,0.00243,0.00166,0.0023
379.50452,0.00552,0.01445,0.01707,0.019,0.01872,0.02057,0.01976,0.02019,0.02016,739.48523,0.00404,0.00409,0.00388,0.00405,0.00429,0.00403,0.00366,0.00345,0.0036,739.4837,0.00146,0.00131,0.00126,0.00116,9.77E-04,0.00111,0.00106,0.001,0.0012,739.49225,0.00776,0.00595,0.00809,0.00784,0.00684,0.00721,0.00665,0.00558,0.00575,379.50452,0.00312,0.00755,0.01074,0.0101,0.0103,0.01088,0.01148,0.01044,0.01037,739.48523,0.00372,0.00315,0.0033,0.00313,0.00277,0.00296,0.00329,0.00279,0.00302,739.4837,0.00416,0.00368,0.00326,0.00316,0.00356,0.00412,0.0038,0.00346,0.00307,739.49225,0.00199,0.00134,0.00127,0.00169,0.00158,0.00173,0.00154,0.00107,9.57E-04
379.00079,0.00589,0.01445,0.01752,0.01908,0.01872,0.02057,0.01988,0.02019,0.02016,738.98865,0.00404,0.00441,0.00388,0.00405,0.00343,0.00435,0.00366,0.00345,0.0036,738.98724,0.00135,0.00116,0.00122,0.00116,9.77E-04,0.00111,0.00106,0.001,0.00114,738.99554,0.00776,0.00595,0.00655,0.0076,0.00684,0.00731,0.00717,0.00676,0.00445,379.00079,0.00337,0.00802,0.00927,0.00969,0.0099,0.01141,0.0129,0.0109,0.01101,738.98865,0.0034,0.00256,0.00425,0.00276,0.00347,0.0026,0.00252,0.00279,0.00248,738.98724,0.00405,0.00336,0.00323,0.0027,0.00354,0.00301,0.00313,0.00243,0.00381,738.99554,9.81E-04,0.00128,0.00207,0.00163,0.00108,0.00155,7.08E-04,0.00145,0.00124
378.49707,0.00589,0.01427,0.01752,0.01908,0.01872,0.01935,0.02073,0.02061,0.02016,738.492,0.00401,0.004,0.00397,0.00361,0.00417,0.00403,0.00356,0.00345,0.00384,738.4906,0.00135,0.00131,0.00122,0.00122,0.00112,0.00117,0.00122,0.001,0.00107,738.49866,0.00559,0.0057,0.00655,0.00584,0.00684,0.00721,0.00671,0.00539,0.00445,378.49707,0.00312,0.01144,0.00898,0.01329,0.01011,0.01194,0.01039,0.01108,0.01067,738.492,0.00261,0.00359,0.0025,0.00261,0.00294,0.00281,0.00179,0.00223,0.00182,738.4906,0.00286,0.00374,0.00274,0.00313,0.0025,0.00245,0.00266,0.00257,0.00274,738.49866,0.00167,9.95E-04,0.00174,0.00184,0.00147,0.00208,0.00191,0.00177,0.00227
377.99332,0.00607,0.01479,0.01698,0.01831,0.01812,0.01889,0.02056,0.02061,0.02016,737.9953,0.00401,0.004,0.00397,0.00361,0.00414,0.00377,0.00283,0.00345,0.00297,737.99396,0.00135,0.00131,0.00107,0.00122,0.00112,0.00117,0.00122,0.001,0.00107,738.00177,0.00559,0.0057,0.00655,0.00584,0.00645,0.00662,0.00671,0.00676,0.00575,377.99332,0.00523,0.008,0.00943,0.01035,0.00998,0.01024,0.01097,0.01101,0.01184,737.9953,0.00259,0.00304,0.00287,0.00181,0.00193,0.00313,0.00248,0.00224,0.00256,737.99396,0.00345,0.00297,0.00314,0.00346,0.00336,0.00339,0.0032,0.00371,0.00292,738.00177,0.00171,0.00174,0.00141,0.0012,0.00205,0.00182,0.00227,0.00173,9.42E-04
377.4895,0.00589,0.01479,0.01698,0.01921,0.01812,0.01861,0.01964,0.02067,0.02016,737.49847,0.00401,0.00406,0.00397,0.00361,0.00414,0.00377,0.00283,0.00345,0.00297,737.49719,0.00135,0.00126,0.00107,0.00128,0.00112,1.00E-03,0.00123,0.001,0.00101,737.5047,0.00776,0.0057,0.00655,0.00584,0.00684,0.00662,0.00675,0.00636,0.00629,377.4895,0.00321,0.00736,0.00979,0.01016,0.00926,0.00983,0.01162,0.01101,0.01292,737.49847,0.00234,0.00258,0.00257,0.00233,0.00269,0.00184,0.0023,0.00167,0.00264,737.49719,0.00378,0.00341,0.00334,0.00641,0.00286,0.00368,0.00324,0.00285,0.00247,737.5047,0.0012,0.00123,0.0017,0.00126,0.00149,0.00116,0.00144,0.00116,0.00152
376.98563,0.00568,0.01439,0.01672,0.01813,0.01812,0.01861,0.01926,0.01978,0.01972,737.00159,0.00401,0.00406,0.00437,0.00361,0.00414,0.00377,0.00356,0.00347,0.00301,737.00037,0.00135,0.00116,0.00112,0.00128,0.00114,0.00101,0.00123,9.19E-04,0.00101,737.00757,0.00587,0.00661,0.00655,0.00584,0.00693,0.00662,0.00675,0.00573,0.00629,376.98563,0.00408,0.00782,0.00885,0.0096,0.00959,0.00999,0.01088,0.01047,0.01013,737.00159,0.00298,0.00262,0.00285,0.00267,0.00267,0.00244,0.00183,0.00243,0.00192,737.00037,0.0044,0.00341,0.00252,0.00329,0.00296,0.00326,0.00315,0.00302,0.00273,737.00757,0.00188,0.00194,5.91E-04,0.00215,0.00139,0.00142,0.00185,0.00177,0.00135
376.48178,0.0056,0.01439,0.01672,0.01813,0.01812,0.01861,0.01792,0.01978,0.01959,736.50458,0.00462,0.00406,0.00437,0.00414,0.00417,0.00377,0.00356,0.00376,0.00301,736.50342,0.00118,0.00104,0.00108,0.00102,0.00112,1.00E-03,8.49E-04,7.71E-04,9.62E-04,736.51044,0.00587,0.00661,0.00671,0.00696,0.00693,0.00662,0.00675,0.00573,0.00708,376.48178,0.00301,0.00862,0.00907,0.0104,0.01062,0.00985,0.01019,0.01094,0.01107,736.50458,0.00325,0.00279,0.00282,0.00317,0.00291,0.0026,0.00263,0.00279,0.00194,736.50342,0.00362,0.00322,0.00288,0.00381,0.00292,0.00256,0.00318,0.00236,0.0026,736.51044,0.00196,0.00206,0.00173,0.00197,0.00182,0.0016,0.00145,0.00137,0.00153
376.0166,0.0056,0.01439,0.01672,0.01675,0.02008,0.01861,0.01792,0.01978,0.01915,736.00751,0.00503,0.00431,0.00441,0.00425,0.0045,0.00377,0.00388,0.00433,0.00301,736.00641,0.00118,0.00104,0.00108,0.00102,0.00101,1.00E-03,8.49E-04,7.71E-04,0.001,736.01318,0.00614,0.00661,0.00582,0.00874,0.00845,0.00662,0.00695,0.00636,0.00629,376.0166,0.00296,0.00761,0.00876,0.00883,0.01123,0.01433,0.00948,0.00963,0.01043,736.00751,0.00344,0.00316,0.00307,0.00372,0.0029,0.00269,0.00251,0.00376,0.00273,736.00641,0.0026,0.00263,0.00328,0.00262,0.00334,0.0026,0.00209,0.00198,0.00305,736.01318,0.00126,0.00142,0.00144,0.0015,0.00182,0.00147,0.00243,0.00123,0.00198
375.51266,0.0056,0.01371,0.0169,0.01675,0.02008,0.0178,0.01792,0.01819,0.01786,735.51038,0.00503,0.0049,0.00437,0.00425,0.0045,0.00392,0.00408,0.00433,0.00366,735.50934,0.00114,0.00104,0.00112,0.00102,0.00101,1.00E-03,8.49E-04,7.71E-04,0.001,735.51581,0.00614,0.00661,0.00582,0.00696,0.00845,0.00685,0.00695,0.00608,0.00642,375.51266,0.00296,0.00791,0.00907,0.00969,0.0117,0.01009,0.00919,0.01235,0.01037,735.51038,0.00381,0.0035,0.00318,0.00275,0.00302,0.00253,0.00356,0.00325,0.00269,735.50934,0.00303,0.00266,0.00276,0.00182,0.00243,0.00165,0.00218,0.00196,0.00229,735.51581,0.00148,0.00166,0.00179,0.00188,0.00195,0.00153,0.00174,0.00169,0.00167
375.00867,0.0056,0.01371,0.01655,0.01675,0.01709,0.01696,0.01783,0.01757,0.0176,735.01306,0.00496,0.00515,0.00461,0.00425,0.0045,0.00392,0.00436,0.0042,0.00417,735.01215,0.00114,0.00103,0.00108,8.92E-04,9.48E-04,9.30E-04,8.14E-04,7.71E-04,0.001,734.98285,0.00614,0.00661,0.00555,0.00696,0.00663,0.00641,0.00695,0.00573,0.00642,375.00867,0.0033,0.00726,0.01325,0.00886,0.01104,0.00897,0.01179,0.01328,0.00931,735.01306,0.00363,0.00357,0.00298,0.00324,0.00299,0.00227,0.00288,0.00309,0.00236,735.01215,0.0036,0.00372,0.00324,0.00328,0.00259,0.00336,0.0035,0.00354,0.00257,734.98285,0.00132,0.00114,0.00125,0.00191,0.00187,0.00114,0.00149,0.00181,9.28E-04
374.50464,0.00624,0.01308,0.01663,0.01675,0.01697,0.01696,0.01783,0.01757,0.0176,734.51575,0.00491,0.00515,0.0042,0.00425,0.00448,0.0038,0.00436,0.0042,0.00403,734.51483,0.00118,9.53E-04,0.00108,8.92E-04,9.48E-04,9.30E-04,8.49E-04,9.95E-04,0.001,734.48529,0.00687,0.00698,0.00555,0.00736,0.00663,0.00531,0.00695,0.00608,0.00642,374.50464,0.00421,0.00692,0.00894,0.00921,0.00904,0.00942,0.0098,0.00929,0.00945,734.51575,0.00317,0.0034,0.0026,0.00261,0.00289,0.00314,0.00314,0.00271,0.00329,734.51483,0.00292,0.00298,0.00365,0.00274,0.00314,0.00267,0.00273,0.00287,0.00272,734.48529,0.00158,0.0015,8.30E-04,0.00134,0.00127,0.00172,0.00176,0.00131,0.00138
374.00058,0.00725,0.01295,0.01663,0.01675,0.01697,0.01696,0.01797,0.01745,0.01704,733.98279,0.0041,0.00487,0.00403,0.00403,0.00382,0.00351,0.0041,0.00364,0.00366,734.01746,0.00114,9.53E-04,0.00101,8.92E-04,0.00101,9.47E-04,0.00106,9.95E-04,0.001,733.98767,0.00734,0.00698,0.00555,0.00736,0.00663,0.00476,0.00695,0.00608,0.00642,374.00058,0.00484,0.00778,0.00828,0.00892,0.00898,0.00895,0.00943,0.0089,0.00893,733.98279,0.0032,0.00332,0.00341,0.00384,0.0033,0.00349,0.00281,0.00235,0.00292,734.01746,0.00323,0.00212,0.0026,0.00229,0.00229,0.00238,0.00183,0.00288,0.00262,733.98767,0.00163,0.00181,0.00119,0.00182,0.00142,0.00138,0.00111,0.00108,0.00157
373.49646,0.00731,0.01295,0.01565,0.01583,0.01697,0.01746,0.01783,0.01745,0.01704,733.48529,0.0041,0.00342,0.00403,0.00366,0.00376,0.0038,0.00367,0.00298,0.00372,733.48444,0.00114,9.53E-04,9.09E-04,8.92E-04,0.00105,9.30E-04,9.15E-04,9.95E-04,0.00102,733.48993,0.00734,0.00737,0.00555,0.00736,0.00663,0.00476,0.00821,0.00608,0.00731,373.49646,0.00384,0.00662,0.0088,0.00838,0.00865,0.00924,0.00979,0.01184,0.00965,733.48529,0.00265,0.00315,0.00271,0.00307,0.00243,0.00245,0.00265,0.00279,0.0026,733.48444,0.00315,0.00244,0.00318,0.00274,0.00396,0.0028,0.003,0.00255,0.00296,733.48993,0.00174,0.00158,0.00175,0.00158,0.00192,0.00102,0.00194,0.00178,0.00162
372.99234,0.00731,0.01295,0.01565,0.01583,0.01635,0.01691,0.01709,0.01745,0.01704,732.98773,0.0041,0.00342,0.0042,0.00366,0.00374,0.00369,0.0035,0.00298,0.00371,732.98688,0.00123,9.53E-04,9.09E-04,8.92E-04,0.00105,9.30E-04,9.15E-04,9.95E-04,0.00102,732.99213,0.0076,0.00783,0.00655,0.00845,0.00895,0.00476,0.00861,0.00826,0.00734,372.99234,0.00513,0.00685,0.00926,0.009,0.00904,0.00931,0.00951,0.00923,0.00901,732.98773,0.00228,0.00221,0.00226,0.00236,0.00247,0.00193,0.00226,0.00181,0.00186,732.98688,0.00228,0.00458,0.00233,0.00161,0.01081,0.00243,0.0028,0.00208,0.00206,732.99213,0.00247,0.0021,0.00231,0.00187,0.00236,0.00102,0.00185,0.00222,0.00281
372.48813,0.00731,0.01295,0.01663,0.01583,0.01635,0.01658,0.01679,0.01745,0.01776,732.49005,0.0041,0.00342,0.0042,0.00366,0.00374,0.00369,0.0035,0.00298,0.00371,732.48932,0.00123,0.0012,9.09E-04,0.00107,0.00123,9.47E-04,0.00104,9.95E-04,9.21E-04,732.49426,0.00812,0.00783,0.00699,0.00736,0.00895,0.00476,0.00861,0.00826,0.00754,372.48813,0.00387,0.00713,0.00813,0.0083,0.00906,0.00951,0.00904,0.01038,0.0094,732.49005,0.0031,0.00221,0.00286,0.00218,0.00241,0.00285,0.00237,0.00192,0.0024,732.48932,0.00367,0.00603,0.0022,0.00307,0.00269,0.0018,0.00234,0.00258,0.00282,732.49426,0.0015,0.00187,0.00141,0.00182,0.00234,0.00138,0.00202,0.00217,0.0018
371.98392,0.00761,0.01295,0.01651,0.01569,0.01651,0.01658,0.01679,0.01745,0.01746,731.99225,0.00446,0.00342,0.00442,0.00366,0.00374,0.00369,0.0035,0.00298,0.00371,731.99152,9.85E-04,0.0012,9.09E-04,9.33E-04,0.00105,8.35E-04,9.15E-04,8.49E-04,8.02E-04,731.99628,0.00698,0.00783,0.00699,0.00549,0.00844,0.0055,0.00729,0.00724,0.00734,371.98392,0.00403,0.00733,0.0089,0.01221,0.0084,0.00877,0.00874,0.01328,0.00988,731.99225,0.00288,0.00276,0.00297,0.00274,0.00223,0.00238,0.00213,0.00236,0.00239,731.99152,0.004,0.00404,0.00312,0.00307,0.00324,0.00317,0.00314,0.00363,0.00277,731.99628,0.00238,0.00168,0.0015,0.00196,0.00203,0.00182,0.0019,0.00201,0.00158
371.5184,0.00731,0.01282,0.01651,0.01569,0.01597,0.01658,0.01679,0.01882,0.01776,731.49438,0.00449,0.00427,0.00442,0.00403,0.00374,0.00376,0.00349,0.00366,0.00372,731.49371,0.00125,0.0012,0.00106,0.00115,0.00105,8.35E-04,9.15E-04,0.00101,9.21E-04,731.49817,0.00572,0.00659,0.00655,0.00549,0.00844,0.00643,0.00729,0.00564,0.00651,371.5184,0.00738,0.00697,0.01138,0.00975,0.00939,0.00855,0.00888,0.00874,0.00984,731.49438,0.00318,0.00306,0.00311,0.0026,0.00309,0.00265,0.00262,0.00264,0.0026,731.49371,0.0032,0.00307,0.00271,0.00315,0.00316,0.0033,0.00267,0.00321,0.00236,731.49817,0.00176,0.0019,0.00206,0.00105,0.00181,0.00205,0.00157,0.00156,0.0022
371.01413,0.00715,0.01282,0.01653,0.01562,0.01597,0.01625,0.01679,0.01824,0.01785,730.99646,0.00449,0.00447,0.00433,0.00424,0.00394,0.00369,0.00329,0.00409,0.00379,730.99585,0.00125,0.0012,0.0011,0.00115,0.00116,0.00112,0.00104,0.00107,9.21E-04,731.00006,0.00572,0.00591,0.00699,0.00549,0.00686,0.00787,0.00729,0.00564,0.00651,371.01413,0.00567,0.00679,0.00874,0.00826,0.00873,0.00877,0.01145,0.00996,0.00924,730.99646,0.0029,0.00307,0.00285,0.00278,0.00274,0.00243,0.00245,0.00306,0.00246,730.99585,0.00252,0.00221,0.00284,0.00239,0.0018,0.00214,0.00173,0.00218,0.00168,731.00006,0.00123,0.00142,0.00151,0.00118,0.00119,0.00118,0.00131,0.00121,0.0014
370.5098,0.00715,0.01282,0.01651,0.01535,0.01626,0.01625,0.01679,0.01652,0.01785,730.49841,0.00475,0.00473,0.00383,0.0043,0.00394,0.00376,0.00349,0.00409,0.00382,730.49792,0.00125,0.0012,0.0011,0.00115,0.00116,0.00112,0.00104,0.00107,9.21E-04,730.50177,0.00572,0.00591,0.00701,0.00549,0.00553,0.00787,0.00729,0.00564,0.00634,370.5098,0.003,0.00675,0.00875,0.00832,0.00845,0.00878,0.01066,0.01288,0.00944,730.49841,0.00307,0.00326,0.00279,0.00369,0.00254,0.00282,0.00225,0.00291,0.00248,730.49792,0.00331,0.00361,0.00324,0.00295,0.00323,0.00296,0.00324,0.00309,0.00326,730.50177,0.00102,0.00127,0.00118,0.00142,0.00203,0.00169,0.00192,0.00115,0.00136
370.00543,0.00715,0.01282,0.01534,0.01535,0.01626,0.01625,0.01694,0.01636,0.01746,730.00024,0.00475,0.00475,0.00383,0.00436,0.00394,0.00376,0.00349,0.00451,0.00382,729.99982,9.85E-04,0.0013,0.0011,0.00107,0.00116,0.00112,0.00109,0.00107,9.61E-04,730.00342,0.00572,0.00591,0.00701,0.00553,0.00553,0.00787,0.00894,0.00564,0.00634,370.00543,0.00378,0.00679,0.00887,0.00809,0.0086,0.0086,0.00896,0.00965,0.01035,730.00024,0.00326,0.00288,0.00228,0.003,0.00262,0.00229,0.00194,0.00319,0.00245,729.99982,0.00362,0.00333,0.00282,0.00318,0.00297,0.00287,0.00329,0.00273,0.00269,730.00342,0.0018,0.00127,0.00177,0.00119,0.00147,0.00188,0.00194,0.00138,0.00208
369.50101,0.00711,0.01284,0.01481,0.01535,0.01626,0.0157,0.01658,0.01627,0.01785,729.50208,0.00475,0.0046,0.00383,0.00452,0.00367,0.00417,0.00349,0.00414,0.00379,729.50165,0.00129,0.00141,0.0011,0.00115,0.00125,0.00116,0.00126,0.00107,0.00105,729.505,0.00575,0.00591,0.00621,0.00661,0.00686,0.00787,0.00894,0.00641,0.00634,369.50101,0.01162,0.00796,0.00812,0.00812,0.009,0.00927,0.00877,0.00866,0.01012,729.50208,0.0033,0.00327,0.00248,0.00306,0.00232,0.00311,0.00252,0.00234,0.00316,729.50165,0.00417,0.00445,0.00406,0.00413,0.004,0.00379,0.00397,0.00439,0.00351,729.505,0.00124,0.00143,0.00207,0.00166,0.00112,0.00198,0.00194,0.00191,0.00127
368.99658,0.00711,0.01284,0.01481,0.01535,0.01626,0.0157,0.01639,0.01627,0.01798,729.00378,0.00436,0.00447,0.00376,0.00436,0.00359,0.00355,0.00301,0.00362,0.00317,729.00342,0.00122,0.00141,0.0011,0.00124,0.00116,0.00113,0.00109,0.00107,0.00105,729.00653,0.00616,0.00648,0.00822,0.00695,0.00686,0.0072,0.00877,0.00717,0.00665,368.99658,0.00473,0.00686,0.00769,0.00818,0.01376,0.00831,0.00942,0.00861,0.00903,729.00378,0.00325,0.00316,0.00298,0.00281,0.0029,0.00299,0.00256,0.00321,0.0027,729.00342,0.00245,0.0036,0.00237,0.00275,0.00321,0.00316,0.00281,0.00274,0.00246,729.00653,0.00205,0.00251,0.00194,0.0016,0.00216,0.00245,0.00193,0.002,0.00263
368.49207,0.00675,0.01297,0.01481,0.01546,0.01701,0.0155,0.01597,0.01621,0.01707,728.50543,0.00411,0.00353,0.00376,0.00373,0.00359,0.00329,0.00326,0.00362,0.00283,728.50507,0.00122,0.00144,0.00118,0.00119,0.00119,0.00113,0.00109,0.00107,0.00103,728.50793,0.00616,0.00648,0.00904,0.00695,0.0057,0.0072,0.00851,0.00717,0.00665,368.49207,0.00376,0.00721,0.00784,0.00852,0.01059,0.0082,0.00867,0.00858,0.01098,728.50543,0.00281,0.00297,0.00297,0.00292,0.00237,0.00269,0.00229,0.00267,0.00205,728.50507,0.00431,0.00391,0.00342,0.00356,0.00336,0.00377,0.00381,0.00349,0.0036,728.50793,0.00174,0.00155,0.00134,0.00192,0.00192,0.00155,0.00189,0.00209,0.00143
367.98755,0.00666,0.01273,0.01481,0.01583,0.01619,0.01525,0.01578,0.01621,0.01623,728.00696,0.00398,0.00353,0.00376,0.00346,0.00301,0.00278,0.00323,0.00397,0.00275,728.00665,0.00122,0.00141,0.00118,0.00119,0.00119,0.00112,8.81E-04,0.00107,0.00103,728.00928,0.00616,0.00648,0.00881,0.00695,0.0074,0.00692,0.00704,0.00555,0.00678,367.98755,0.00325,0.00674,0.00789,0.00934,0.00856,0.00874,0.00826,0.0097,0.00951,728.00696,0.00265,0.00228,0.00243,0.00241,0.00194,0.00169,0.00194,0.00175,0.00178,728.00665,0.00313,0.00417,0.00304,0.00401,0.00289,0.0029,0.00222,0.00302,0.00344,728.00928,0.00132,0.00139,0.00212,0.00149,0.00194,0.00118,0.00183,0.00154,0.00194
367.48297,0.00614,0.01273,0.01492,0.01583,0.01619,0.01525,0.01578,0.01584,0.01608,727.50842,0.00398,0.00353,0.00376,0.00346,0.00301,0.00278,0.00323,0.00397,0.00275,727.50818,0.00132,0.00138,0.00118,0.00122,0.00113,0.00109,8.81E-04,0.00104,0.00103,727.51056,0.00616,0.00648,0.00621,0.00695,0.00654,0.00692,0.00704,0.00548,0.00678,367.48297,0.00357,0.00868,0.00799,0.00839,0.01552,0.00771,0.00845,0.00838,0.00821,727.50842,0.00257,0.00222,0.00213,0.00224,0.00275,0.00212,0.00211,0.00283,0.00183,727.50818,0.00338,0.00369,0.00303,0.00304,0.00305,0.00288,0.00318,0.00213,0.00263,727.51056,0.00174,0.00103,0.00208,0.00137,0.00123,0.00191,0.00112,0.0011,0.00146
367.01721,0.00614,0.01224,0.0151,0.01583,0.01619,0.01525,0.01562,0.01584,0.01608,727.00977,0.00398,0.00353,0.00376,0.00346,0.00301,0.00278,0.00323,0.00328,0.00275,727.00958,0.00122,0.00133,0.00118,0.00119,0.00103,0.00109,8.81E-04,0.00104,0.00103,727.01172,0.00616,0.00648,0.00821,0.00638,0.00654,0.00692,0.00704,0.00548,0.00738,367.01721,0.00353,0.00639,0.00967,0.00838,0.00827,0.00807,0.00835,0.00997,0.00859,727.00977,0.00221,0.003,0.00308,0.00216,0.00182,0.0018,0.00209,0.00256,0.00146,727.00958,0.00349,0.00341,0.00304,0.00352,0.00306,0.0028,0.00226,0.00325,0.00293,727.01172,8.77E-04,0.00175,0.00189,0.00156,0.00159,0.00149,0.00151,0.00119,0.00172
366.51257,0.00615,0.01224,0.0151,0.01583,0.01563,0.01525,0.01578,0.01584,0.01608,726.51111,0.00398,0.00465,0.00477,0.00346,0.00426,0.00329,0.00326,0.00328,0.00283,726.51093,0.00132,0.00122,0.00118,0.00119,0.00102,0.00109,9.71E-04,0.00102,0.00103,726.51276,0.00704,0.00731,0.00723,0.00638,0.00654,0.0082,0.00704,0.00548,0.00738,366.51257,0.00308,0.00686,0.00835,0.00804,0.00901,0.00851,0.00847,0.00811,0.00851,726.51111,0.00317,0.0031,0.0031,0.00235,0.00277,0.00247,0.0024,0.00264,0.00285,726.51093,0.00344,0.00355,0.00266,0.00312,0.0025,0.00261,0.00297,0.00266,0.00235,726.51276,0.00168,0.00157,0.00109,0.00163,0.00141,0.00176,0.00214,0.00118,0.00159
366.0079,0.00615,0.01224,0.01577,0.0152,0.01563,0.01562,0.01574,0.01625,0.01623,726.01227,0.00465,0.00465,0.00477,0.00335,0.00369,0.00338,0.00331,0.00328,0.00359,726.01215,0.00134,0.00122,0.00118,0.00122,0.00102,0.00109,9.71E-04,0.00104,0.00109,726.01373,0.00704,0.00816,0.00723,0.00726,0.0074,0.0082,0.00749,0.00555,0.00803,366.0079,0.00328,0.00648,0.00879,0.01245,0.01158,0.00883,0.00775,0.0086,0.00862,726.01227,0.003,0.00305,0.00427,0.00453,0.00324,0.00326,0.00244,0.00212,0.00245,726.01215,0.00269,0.00313,0.00313,0.00259,0.00265,0.00294,0.00249,0.00292,0.00345,726.01373,0.00153,0.00191,0.00176,7.14E-04,0.00164,0.00196,0.0017,0.00163,0.00175
365.50323,0.00615,0.01284,0.01577,0.0152,0.01703,0.01604,0.01574,0.01625,0.01609,725.51337,0.00471,0.00418,0.00413,0.00364,0.00382,0.00368,0.00331,0.00328,0.00366,725.51331,0.00105,0.00122,0.00122,0.00122,9.74E-04,0.00102,0.00107,0.00104,0.00109,725.51465,0.00711,0.00809,0.00723,0.00759,0.00761,0.0082,0.00793,0.00578,0.00814,365.50323,0.00325,0.0072,0.00748,0.00892,0.00807,0.00849,0.00923,0.00863,0.01162,725.51337,0.00304,0.00314,0.00325,0.00326,0.00307,0.00296,0.00293,0.00194,0.00237,725.51331,0.00347,0.00312,0.00324,0.00313,0.00261,0.00321,0.0034,0.00262,0.00279,725.51465,0.00151,0.00188,0.00155,0.00218,0.00168,0.00212,0.00161,0.00124,0.00224
364.99847,0.00621,0.01284,0.01503,0.01678,0.01525,0.01604,0.01544,0.01632,0.0163,725.0144,0.00471,0.00418,0.00413,0.004,0.00382,0.00368,0.00331,0.00328,0.00366,725.0144,0.00105,0.00122,0.00125,0.00122,0.00102,0.00115,0.00107,0.00111,0.00113,725.0155,0.00711,0.00809,0.00778,0.0056,0.0078,0.00684,0.00793,0.00727,0.00814,364.99847,0.00377,0.00717,0.01025,0.008,0.01092,0.00827,0.00833,0.01008,0.00906,725.0144,0.00312,0.00225,0.00267,0.00209,0.00238,0.00218,0.00214,0.00232,0.00232,725.0144,0.00396,0.00375,0.00351,0.0035,0.0034,0.00376,0.00274,0.00285,0.00377,725.0155,0.00226,0.00229,0.00248,0.00202,0.00205,0.00191,0.00205,0.00206,0.00186
364.49368,0.00615,0.01284,0.01503,0.01513,0.01525,0.01562,0.01574,0.01632,0.01642,724.51532,0.00471,0.00418,0.00413,0.004,0.00382,0.00342,0.00331,0.00359,0.00359,724.51538,0.00135,0.00115,0.00125,0.00128,0.00102,0.00112,0.00107,0.00111,0.00109,724.51624,0.00704,0.00809,0.00778,0.00807,0.00828,0.00684,0.00774,0.00727,0.00867,364.49368,0.0034,0.00679,0.00894,0.01088,0.00916,0.00864,0.00944,0.0091,0.00852,724.51532,0.00361,0.0027,0.00257,0.00258,0.00247,0.00238,0.00205,0.0032,0.00268,724.51538,0.00252,0.00373,0.0032,0.00329,0.00228,0.00176,0.00318,0.00315,0.003,724.51624,0.0019,0.00174,0.00174,0.00224,0.0022,0.00138,0.00203,0.00176,0.00196
363.98889,0.00642,0.01274,0.01503,0.01504,0.01526,0.01562,0.01574,0.0165,0.01609,724.01624,0.00483,0.004,0.00413,0.00397,0.00382,0.00342,0.00331,0.00359,0.00359,724.0163,0.00125,0.00102,0.00106,0.00128,8.91E-04,0.00112,0.00102,0.00111,0.00102,724.01685,0.00856,0.00809,0.00778,0.00807,0.00918,0.00684,0.00774,0.00758,0.00734,363.98889,0.00602,0.007,0.00795,0.00888,0.00806,0.01135,0.00817,0.00912,0.00883,724.01624,0.00318,0.00311,0.00293,0.00316,0.0029,0.00308,0.00259,0.00332,0.00275,724.0163,0.00365,0.00263,0.00426,0.00349,0.00345,0.00318,0.00329,0.00357,0.00291,724.01685,0.00184,0.00163,0.00167,0.0012,0.00237,0.00147,0.002,0.00156,0.00158
363.48401,0.00642,0.01274,0.01458,0.01504,0.01526,0.01633,0.01593,0.0165,0.01609,723.51691,0.00493,0.00418,0.00398,0.004,0.0041,0.00365,0.00338,0.00311,0.00356,723.51715,0.00125,0.00102,0.00106,0.00115,8.91E-04,0.00112,0.00102,9.89E-04,0.00102,723.51739,0.00856,0.00809,0.0072,0.006,0.00828,0.00642,0.00659,0.00727,0.00734,363.48401,0.00311,0.00674,0.00902,0.00796,0.00839,0.00823,0.00843,0.00844,0.00869,723.51691,0.00302,0.00274,0.00298,0.00337,0.00267,0.00221,0.00234,0.00232,0.0023,723.51715,0.00345,0.00295,0.00272,0.00327,0.00331,0.00288,0.00262,0.00309,0.00235,723.51739,0.00122,0.00206,0.0018,0.00173,0.00178,0.0019,0.00166,0.00169,0.00191
363.01794,0.00651,0.01274,0.01458,0.01504,0.01526,0.01612,0.01593,0.01596,0.01642,723.01758,0.00493,0.00421,0.00424,0.00397,0.00413,0.00365,0.00359,0.00311,0.00356,722.98224,0.00129,0.00102,9.95E-04,0.00115,0.00115,0.00114,9.14E-04,9.89E-04,0.00102,722.98224,0.00567,0.0076,0.00661,0.0056,0.00713,0.00635,0.00659,0.00726,0.00579,363.01794,0.00345,0.00649,0.00772,0.00774,0.00807,0.00922,0.00907,0.00873,0.00836,723.01758,0.00321,0.00258,0.00273,0.00256,0.00342,0.00245,0.00241,0.00177,0.00254,722.98224,0.00319,0.00246,0.00247,0.00244,0.00226,0.00293,0.00234,0.00203,0.00262,722.98224,0.00187,0.00185,0.00155,0.00256,0.00197,0.00155,0.00142,0.00163,0.00118
362.513,0.00622,0.01274,0.01458,0.01463,0.01526,0.01555,0.01622,0.01574,0.01642,722.48254,0.00485,0.00421,0.00408,0.00397,0.0041,0.00365,0.00359,0.00311,0.00356,722.48285,0.00125,0.00103,9.95E-04,9.54E-04,0.00115,0.00112,9.14E-04,9.89E-04,9.19E-04,722.48261,0.00518,0.00685,0.00661,0.006,0.00713,0.00635,0.00576,0.00726,0.00579,362.513,0.00416,0.00761,0.00768,0.00931,0.00811,0.00921,0.00907,0.00873,0.00924,722.48254,0.00367,0.00272,0.0025,0.00269,0.00265,0.00236,0.00218,0.00201,0.00208,722.48285,0.00535,0.00291,0.00346,0.00295,0.00309,0.00354,0.00359,0.00254,0.00298,722.48261,0.00209,0.00201,0.00142,0.00129,0.00153,0.00112,7.89E-04,0.00149,0.00175
362.00806,0.00651,0.01345,0.01458,0.01463,0.01526,0.01612,0.01622,0.01574,0.01593,721.98303,0.00498,0.00421,0.00387,0.00397,0.0041,0.0038,0.00359,0.00311,0.00393,721.9834,0.00118,0.00103,9.95E-04,9.54E-04,9.93E-04,0.00114,9.14E-04,9.63E-04,9.95E-04,721.98285,0.00518,0.00685,0.00661,0.006,0.00713,0.00635,0.00576,0.00726,0.00579,362.00806,0.00358,0.00712,0.00913,0.00908,0.00896,0.00853,0.00858,0.00833,0.0091,721.98303,0.00346,0.00367,0.00305,0.00233,0.00305,0.00295,0.00232,0.00323,0.00274,721.9834,0.0033,0.00264,0.00255,0.00349,0.00294,0.0034,0.00211,0.00285,0.00308,721.98285,0.00111,0.0013,0.00113,4.22E-04,0.00125,0.00137,0.00203,0.00156,0.00124
361.50305,0.00668,0.01345,0.01468,0.01542,0.01532,0.01612,0.01581,0.01574,0.0172,721.48346,0.00485,0.00421,0.00387,0.00417,0.0041,0.00435,0.00359,0.00353,0.00424,721.48383,0.00118,0.00106,0.00103,0.00115,0.00115,0.00128,0.00103,9.89E-04,9.47E-04,721.48309,0.00502,0.00685,0.00661,0.006,0.00583,0.00635,0.00514,0.00693,0.00579,361.50305,0.00329,0.00713,0.01092,0.00768,0.00807,0.00811,0.00863,0.00762,0.00923,721.48346,0.00313,0.0036,0.00263,0.00273,0.00261,0.00281,0.00303,0.00265,0.00275,721.48383,0.00268,0.00339,0.00266,0.00206,0.00299,0.00218,0.00263,0.00265,0.00223,721.48309,0.00108,0.00147,0.00199,0.00182,0.00231,0.00138,0.00124,0.00156,0.00218
360.99805,0.00668,0.01345,0.01726,0.01538,0.01525,0.01533,0.01556,0.01574,0.01593,720.98383,0.00485,0.00441,0.00408,0.00372,0.00404,0.00437,0.00405,0.0036,0.00424,720.98425,0.00118,0.00106,0.00103,9.04E-04,9.93E-04,0.00106,0.00102,0.00104,9.47E-04,720.98322,0.0033,0.00606,0.00527,0.00196,0.00522,0.00635,0.00514,0.0055,0.0053,360.99805,0.00353,0.00766,0.00938,0.00816,0.00864,0.00883,0.00837,0.00852,0.00843,720.98383,0.00356,0.00294,0.00247,0.00313,0.00268,0.00282,0.00261,0.00232,0.00309,720.98425,0.00303,0.00272,0.00265,0.00368,0.00254,0.00356,0.00302,0.00247,0.00255,720.98322,0.00248,0.00253,0.00268,0.0027,0.00245,0.00276,0.00257,0.00254,0.00212
360.49292,0.00668,0.01263,0.01468,0.01484,0.01525,0.01495,0.01556,0.01611,0.01552,720.48407,0.00479,0.00441,0.00408,0.00385,0.00372,0.00435,0.00405,0.0036,0.00357,720.48456,0.00117,0.00106,0.00104,9.04E-04,9.62E-04,9.79E-04,0.00103,0.00102,8.72E-04,720.48328,8.76E-04,0.00469,0.00297,0.00192,8.49E-04,0.00188,0.00189,0.00209,0.00285,360.49292,0.00367,0.00668,0.00777,0.01518,0.00823,0.01373,0.00823,0.00864,0.00946,720.48407,0.00297,0.00236,0.00294,0.00346,0.00369,0.0031,0.0032,0.00228,0.00301,720.48456,0.00329,0.00383,0.00371,0.0034,0.00341,0.00329,0.00367,0.00391,0.00243,720.48328,7.09E-04,0.00169,0.00256,0.00152,0.00112,0.00178,0.00111,0.00118,0.00114
359.98782,0.00693,0.01263,0.01468,0.01484,0.01555,0.01434,0.01556,0.01611,0.01552,719.98419,0.0046,0.0039,0.0043,0.00385,0.00368,0.00334,0.00346,0.00353,0.00357,719.98474,0.00117,9.59E-04,0.00103,9.04E-04,9.52E-04,0.00106,0.0011,9.63E-04,9.35E-04,719.98328,2.92E-04,0.00342,0.00297,0.00192,8.49E-04,0.00161,0.00189,0.00209,0.00163,359.98782,0.00425,0.00893,0.01016,0.00814,0.00789,0.00791,0.00807,0.00899,0.00821,719.98419,0.00322,0.00284,0.00348,0.0024,0.00224,0.00314,0.00273,0.00271,0.00231,719.98474,0.00315,0.00385,0.00338,0.00232,0.00247,0.00272,0.00261,0.00288,0.01017,719.98328,1.88E-04,0.00101,6.38E-04,-3.92E-04,-1.41E-04,-3.49E-04,2.04E-04,4.49E-04,3.50E-04
359.4827,0.00693,0.01263,0.01411,0.0147,0.01495,0.01434,0.01556,0.01595,0.01541,719.48425,0.00396,0.0039,0.0043,0.00376,0.00347,0.00332,0.00346,0.00315,0.00309,719.48486,0.00117,9.59E-04,0.00114,9.04E-04,9.52E-04,0.00106,0.0011,0.00102,9.35E-04,719.48315,2.92E-04,0.00342,0.00297,0.00192,8.49E-04,0.00161,0.00189,0.00209,0.00163,359.4827,0.00401,0.00658,0.00747,0.00785,0.00873,0.0075,0.00876,0.01075,0.00816,719.48425,0.00309,0.00315,0.00316,0.00248,0.00241,0.00214,0.00213,0.00252,0.0019,719.48486,0.003,0.00246,0.00392,0.00351,0.00244,0.00251,0.00282,0.00262,0.00218,719.48315,6.28E-05,-3.50E-04,9.06E-06,4.13E-04,1.83E-04,4.05E-04,4.07E-04,-2.48E-04,6.13E-04
359.01639,0.00623,0.01256,0.014,0.0145,0.01495,0.01434,0.01526,0.01548,0.01531,718.98431,0.00394,0.00417,0.00362,0.00372,0.00338,0.00303,0.00331,0.00312,0.00295,718.98492,0.00117,9.59E-04,9.12E-04,9.04E-04,9.52E-04,0.00103,0.0011,0.00102,8.73E-04,718.98291,2.92E-04,0.00342,0.00297,0.00192,8.49E-04,0.00161,0.00189,0.00209,0.00163,359.01639,0.0039,0.00702,0.00825,0.00767,0.00927,0.00759,0.0086,0.00844,0.0093,718.98431,0.00254,0.00252,0.00278,0.00316,0.00237,0.00215,0.00223,0.00204,0.00274,718.98492,0.00287,0.00235,0.00234,0.00202,0.0021,0.00281,0.00291,0.00227,0.0024,718.98291,-1.29E-04,7.36E-04,7.00E-04,5.82E-04,2.51E-04,3.47E-04,8.14E-04,0.0011,9.82E-05
358.51117,0.00623,0.01256,0.01322,0.0145,0.01495,0.01434,0.01626,0.0153,0.01458,718.48419,0.00366,0.0039,0.00322,0.00353,0.00297,0.00303,0.00264,0.00312,0.00295,718.48486,0.00112,9.59E-04,9.12E-04,0.00111,9.02E-04,0.00103,0.00113,0.00102,8.51E-04,718.48261,2.92E-04,0.00342,0.00325,0.00271,0.00117,0.00188,0.00373,0.0046,0.00285,358.51117,0.0033,0.00709,0.00741,0.00778,0.00791,0.0085,0.00893,0.0081,0.0081,718.48419,0.00255,0.00283,0.00234,0.00243,0.00218,0.00159,0.00226,0.00106,0.00199,718.48486,0.00343,0.00367,0.00293,0.00368,0.00259,0.00304,0.00346,0.00323,0.00245,718.48261,5.93E-04,9.67E-04,9.31E-04,8.99E-04,0.00107,8.38E-04,8.03E-04,9.88E-04,8.53E-04
358.00592,0.00623,0.01256,0.01322,0.0145,0.01495,0.01498,0.01558,0.0153,0.01458,717.98407,0.00366,0.0039,0.00322,0.00351,0.00295,0.00303,0.0026,0.00312,0.00258,717.98474,0.00112,0.00111,9.12E-04,0.00107,9.02E-04,0.0011,0.00117,0.00126,8.73E-04,717.98224,0.00267,0.0045,0.00433,0.00418,0.0039,0.00218,0.00379,0.00511,0.00397,358.00592,0.0032,0.00665,0.00699,0.00767,0.00958,0.00847,0.00774,0.00819,0.00771,717.98407,0.00236,0.00269,0.00208,0.00228,0.00192,0.00195,0.00168,0.00201,0.00166,717.98474,0.00321,0.00283,0.00217,0.00293,0.00299,0.00264,0.00455,0.00381,0.00224,717.98224,5.74E-04,0.00109,0.00184,0.00128,8.38E-04,4.69E-04,8.37E-04,0.00122,0.00114
357.50061,0.00623,0.01256,0.01322,0.0147,0.01408,0.01597,0.0147,0.0153,0.01458,717.48376,0.00366,0.00345,0.0031,0.00351,0.00295,0.00303,0.0026,0.00312,0.00258,717.4845,0.00125,0.00117,0.00102,0.00107,0.00101,0.00112,0.00132,0.00126,8.73E-04,717.51746,0.00276,0.00507,0.00625,0.0046,0.00496,0.0039,0.00389,0.00566,0.0053,357.50061,0.00407,0.00786,0.00698,0.0078,0.00715,0.0103,0.00925,0.00757,0.0077,717.48376,0.00199,0.00211,0.00197,0.00227,0.00169,0.00199,0.00171,0.00203,0.00215,717.4845,0.00286,0.00333,0.00263,0.00284,0.00231,0.00286,0.00301,0.01472,0.0021,717.51746,0.0019,0.00231,0.00134,9.90E-04,0.00129,0.00225,0.00111,0.00153,0.00148
356.99527,0.00738,0.01239,0.01319,0.01449,0.01366,0.01597,0.01463,0.01548,0.01458,716.98346,0.00366,0.00345,0.0031,0.00351,0.00295,0.00308,0.0026,0.00314,0.00258,716.98425,0.00125,0.00117,0.00102,0.00107,0.00114,0.00112,0.00117,0.00125,8.73E-04,717.01691,0.00653,0.00718,0.00738,0.00594,0.006,0.00748,0.00518,0.00713,0.00686,356.99527,0.0042,0.00656,0.00768,0.00863,0.00935,0.00793,0.00824,0.00889,0.00862,716.98346,0.00248,0.00254,0.00245,0.00184,0.0019,0.00268,0.00133,0.00239,0.0014,716.98425,0.00371,0.003,0.00344,0.00275,0.00322,0.00408,0.00344,0.00367,0.00298,717.01691,0.002,0.00204,0.00205,0.00239,0.00215,0.00161,0.00215,0.00199,0.00172
356.48993,0.00769,0.01239,0.01319,0.01406,0.01366,0.01498,0.01438,0.01579,0.01456,716.48303,0.00384,0.00345,0.0031,0.00351,0.00295,0.00334,0.00264,0.00314,0.00313,716.48389,0.00112,0.00117,0.00117,0.00105,0.0011,0.00112,0.00117,9.77E-04,8.17E-04,716.51636,0.00653,0.00718,0.00648,0.00545,0.00637,0.00748,0.00761,0.00713,0.00692,356.48993,0.00413,0.00768,0.00711,0.008,0.00745,0.00845,0.00778,0.00864,0.00797,716.48303,0.00277,0.00222,0.002,0.00334,0.00239,0.00216,0.00202,0.00248,0.00202,716.48389,0.00417,0.00655,0.00346,0.0027,0.00342,0.00325,0.00339,0.00321,0.00291,716.51636,0.0014,0.002,0.00227,0.00249,0.00196,0.00201,0.00169,0.00173,0.00196
355.98453,0.00776,0.0122,0.01273,0.01347,0.01366,0.01455,0.0136,0.01579,0.01469,715.98248,0.00429,0.00393,0.00379,0.00488,0.00371,0.00388,0.00292,0.0037,0.00313,715.9834,0.00145,0.00117,0.00117,0.00105,0.00114,0.00115,0.00132,9.77E-04,9.47E-04,716.01563,0.00636,0.00681,0.00724,0.00545,0.00637,0.00693,0.00761,0.00533,0.00692,355.98453,0.0039,0.00645,0.00674,0.00744,0.00723,0.00864,0.00761,0.00835,0.00777,715.98248,0.00352,0.0032,0.00334,0.00337,0.00239,0.00297,0.00188,0.00267,0.00204,715.9834,0.00396,0.00299,0.003,0.00333,0.00291,0.00326,0.00273,0.00251,0.00243,716.01563,0.00186,0.00154,0.00159,0.00179,0.00186,0.00164,0.00266,0.00209,0.00209
355.51794,0.00738,0.01133,0.01268,0.01347,0.01366,0.01455,0.0136,0.01574,0.01411,715.51764,0.00429,0.00345,0.00442,0.00488,0.00371,0.00348,0.00313,0.00346,0.00317,715.48291,0.00126,0.00117,0.00117,0.00105,0.0011,9.52E-04,0.00107,9.77E-04,9.47E-04,715.51483,0.00636,0.00576,0.00648,0.00402,0.00453,0.00484,0.00737,0.00533,0.00692,355.51794,0.00868,0.00664,0.00825,0.00713,0.00796,0.00761,0.00715,0.00837,0.00724,715.51764,0.00499,0.00281,0.00287,0.00319,0.00341,0.00251,0.00216,0.00193,0.00274,715.48291,0.00265,0.00235,0.00299,0.00222,0.00282,0.00234,0.00591,0.00211,0.00187,715.51483,0.00137,0.00146,0.00139,0.00117,0.00137,0.00149,0.00163,0.00115,0.00149
355.01248,0.00738,0.01133,0.01268,0.01338,0.01366,0.01438,0.0136,0.01574,0.01411,715.01697,0.00446,0.0038,0.00442,0.00382,0.00327,0.00348,0.00335,0.00346,0.00341,714.98224,0.00126,0.00117,0.00117,0.00117,0.0011,9.52E-04,0.00107,9.77E-04,9.47E-04,715.01392,0.00636,0.00576,0.00648,0.00402,0.00453,0.00484,0.00737,0.00533,0.00692,355.01248,0.00411,0.00592,0.00656,0.0068,0.00706,0.0077,0.00719,0.00821,0.00823,715.01697,0.00341,0.00303,0.00432,0.00315,0.00307,0.00342,0.00273,0.00276,0.0024,714.98224,0.00406,0.00438,0.00515,0.00386,0.00317,0.00295,0.00352,0.00374,0.00425,715.01392,0.00119,5.97E-04,0.00156,8.63E-04,6.11E-04,0.00104,7.71E-04,7.96E-04,0.00138
354.50696,0.00697,0.01119,0.01268,0.01338,0.01434,0.01438,0.01352,0.01574,0.01411,714.51624,0.00431,0.00332,0.00442,0.00382,0.00327,0.00346,0.00336,0.00346,0.00364,714.51727,0.00126,0.0012,0.0012,0.00117,0.0011,9.52E-04,0.00126,0.00122,0.00102,714.51294,0.00636,0.00576,0.00648,0.00402,0.00453,0.00484,0.00737,0.00533,0.00692,354.50696,0.00369,0.00599,0.00671,0.00714,0.00803,0.00875,0.00752,0.00833,0.00747,714.51624,0.0026,0.00214,0.00285,0.00247,0.00204,0.00225,0.00217,0.00223,0.00235,714.51727,0.00323,0.00308,0.00308,0.003,0.00283,0.00244,0.00216,0.00317,0.00302,714.51294,0.00162,0.00124,0.0013,8.58E-04,9.73E-04,9.96E-04,0.00158,0.00119,0.00184
354.00143,0.00697,0.01119,0.01239,0.01338,0.01335,0.01418,0.0136,0.01552,0.01433,714.01538,0.00431,0.00332,0.00442,0.00382,0.00327,0.00346,0.0037,0.00374,0.00358,714.01648,0.00129,0.0013,0.00146,0.00117,0.00115,0.00115,0.00126,0.00124,0.00118,714.01196,0.00753,0.00576,0.00724,0.00402,0.00453,0.00484,0.00501,0.00554,0.00852,354.00143,0.00403,0.00647,0.00718,0.00708,0.00789,0.00713,0.0076,0.0103,0.00758,714.01538,0.00288,0.00245,0.00215,0.00205,0.00211,0.00206,0.00239,0.00241,0.0022,714.01648,0.0033,0.00339,0.00414,0.00369,0.00294,0.00305,0.00323,0.00312,0.00262,714.01196,0.00175,0.00244,0.00186,0.00153,0.00229,0.00162,0.00186,0.00213,0.00183
353.49588,0.00697,0.01133,0.01268,0.0135,0.01399,0.01418,0.01389,0.01507,0.01433,713.51447,0.00431,0.00332,0.00434,0.00382,0.00327,0.00346,0.0037,0.00374,0.00358,713.51563,0.00126,0.0013,0.00146,0.00117,0.00112,0.00118,8.92E-04,0.00122,0.00118,713.5108,0.00815,0.00698,0.00607,0.00711,0.00673,0.00464,0.00667,0.00627,0.00852,353.49588,0.00342,0.00588,0.00714,0.00761,0.00759,0.00864,0.007,0.00871,0.00788,713.51447,0.00278,0.00211,0.00316,0.00259,0.0031,0.00224,0.00241,0.00273,0.0029,713.51563,0.00406,0.00334,0.00375,0.0031,0.00357,0.0038,0.00405,0.00338,0.0031,713.5108,0.00185,0.00177,0.00209,0.00215,0.00145,0.00164,0.0017,0.00135,0.00206
352.99023,0.00762,0.0117,0.0135,0.01438,0.01385,0.01347,0.01389,0.01485,0.01489,713.01343,0.00446,0.0038,0.00434,0.00402,0.00429,0.00346,0.00373,0.00423,0.00358,713.01459,0.00126,0.0013,0.00146,0.00101,0.00112,0.00118,8.92E-04,0.00107,0.0012,713.00952,0.00815,0.00775,0.00564,0.00733,0.00744,0.00755,0.00573,0.00856,0.00795,352.99023,0.00486,0.00649,0.00625,0.00956,0.00701,0.0075,0.00735,0.00797,0.00864,713.01343,0.00382,0.00337,0.00347,0.00373,0.00277,0.00371,0.00317,0.00284,0.00231,713.01459,0.00378,0.00402,0.00391,0.00259,0.00355,0.00336,0.00347,0.00328,0.00395,713.00952,0.00234,0.00167,0.00195,0.00216,0.00244,0.00174,0.00108,0.00184,0.00189
352.48459,0.00919,0.0117,0.01248,0.01438,0.01324,0.01418,0.01389,0.01484,0.01542,712.51233,0.00452,0.00495,0.00475,0.00503,0.00429,0.0039,0.00398,0.0044,0.00358,712.51361,0.00126,0.00124,0.00115,0.00101,0.00107,9.93E-04,8.92E-04,0.00107,0.00121,712.50818,0.00786,0.00775,0.00434,0.00733,0.00673,0.00723,0.00524,0.00856,0.0078,352.48459,0.00696,0.00619,0.00839,0.00858,0.0074,0.00909,0.00745,0.00786,0.00916,712.51233,0.00324,0.00323,0.0028,0.00391,0.00327,0.00289,0.00364,0.00291,0.00267,712.51361,0.00322,0.00345,0.00398,0.00367,0.00288,0.00302,0.00229,0.00276,0.00308,712.50818,0.002,0.0015,7.18E-04,0.00262,0.00182,8.03E-04,0.00143,0.00194,0.00171
352.01782,0.00919,0.01184,0.01248,0.01393,0.01324,0.01402,0.01389,0.01484,0.01542,712.01111,0.00467,0.00495,0.00434,0.00503,0.00412,0.00408,0.00398,0.0044,0.00322,712.01251,0.00126,0.00112,0.00115,0.00101,9.88E-04,9.93E-04,8.92E-04,0.00107,0.00122,712.00684,0.00612,0.00698,0.00434,0.0056,0.00522,0.00446,0.00501,0.00856,0.00526,352.01782,0.00493,0.0063,0.01031,0.00767,0.00733,0.00713,0.00936,0.00785,0.00903,712.01111,0.00309,0.00334,0.00342,0.00334,0.00318,0.00316,0.00331,0.00332,0.00265,712.01251,0.00279,0.00232,0.00296,0.00194,0.00178,0.00176,0.00153,0.00249,0.00313,712.00684,0.00169,0.00185,0.00121,0.00157,0.0016,0.00163,0.00123,0.00201,0.00168
351.51212,0.00932,0.01184,0.01305,0.01393,0.01257,0.01347,0.01355,0.01484,0.01542,711.50983,0.00452,0.00407,0.00434,0.00369,0.00368,0.0039,0.00398,0.00361,0.00319,711.51123,0.00122,0.00112,0.00115,9.72E-04,9.88E-04,9.93E-04,8.92E-04,0.00107,0.00122,711.50537,0.006,0.0054,0.00376,0.0056,0.00522,0.00446,0.00524,0.00702,0.00526,351.51212,0.00594,0.00646,0.0066,0.00737,0.00701,0.00756,0.0074,0.00736,0.00816,711.50983,0.00292,0.00319,0.00307,0.00325,0.00266,0.00252,0.00257,0.00319,0.00208,711.51123,0.00354,0.00318,0.0028,0.00405,0.00274,0.00255,0.00308,0.00277,0.00331,711.50537,0.00132,0.00194,9.32E-04,0.0012,0.00106,0.00155,0.00113,0.00205,0.00113
351.00635,0.00932,0.01191,0.01259,0.01393,0.01257,0.01317,0.01355,0.01392,0.01484,711.00854,0.00385,0.00337,0.00401,0.00352,0.0035,0.00343,0.00385,0.00335,0.00319,711.00995,0.00115,0.00112,0.00115,9.72E-04,9.88E-04,9.93E-04,0.00106,0.00108,0.00125,711.00378,0.006,0.00488,0.00434,0.0056,0.00522,0.00446,0.00524,0.00702,0.00526,351.00635,0.00473,0.00626,0.00706,0.00713,0.00661,0.00742,0.00717,0.00822,0.00785,711.00854,0.00302,0.00263,0.00259,0.00238,0.00226,0.00263,0.00249,0.00233,0.00206,711.00995,0.00369,0.00287,0.00356,0.00261,0.00253,0.00357,0.00309,0.0034,0.00369,711.00378,9.14E-04,0.00105,0.00138,0.00107,0.00112,9.58E-04,8.34E-04,0.00151,9.13E-04
350.50055,0.00895,0.01184,0.01259,0.01347,0.01257,0.01317,0.01355,0.01392,0.01484,710.50708,0.00385,0.00337,0.00392,0.00326,0.0035,0.00298,0.00339,0.00323,0.00299,710.50861,0.00122,0.00114,0.00118,0.00102,0.00107,0.00128,0.00109,0.00109,0.00125,710.50214,0.00595,0.00488,0.00434,0.00515,0.00495,0.00446,0.00524,0.00601,0.00445,350.50055,0.00863,0.01159,0.00691,0.00802,0.00665,0.00697,0.00708,0.00818,0.00928,710.50708,0.00249,0.00217,0.00295,0.00227,0.00237,0.00221,0.00299,0.00217,0.00146,710.50861,0.00313,0.00293,0.00303,0.00249,0.00285,0.00327,0.00278,0.00279,0.0032,710.50214,0.00129,0.00116,8.08E-04,0.00127,0.00196,0.00121,0.00207,0.00116,0.0022
349.99475,0.00895,0.01157,0.01292,0.01317,0.01257,0.01317,0.01355,0.01398,0.01484,710.00555,0.00384,0.00337,0.00343,0.00326,0.00333,0.00298,0.00339,0.00316,0.00299,710.00708,0.00122,0.00114,0.00123,0.00102,0.00111,0.00128,0.00109,0.00116,0.00112,710.00043,0.00473,0.00488,0.00617,0.00515,0.00385,0.00446,0.00675,0.00541,0.00445,349.99475,0.00666,0.00696,0.00666,0.00767,0.00678,0.00683,0.00743,0.00694,0.00699,710.00555,0.0021,0.00217,0.00221,0.0021,0.00215,0.00163,0.00219,0.00134,0.00235,710.00708,0.00294,0.0033,0.00315,0.0029,0.00306,0.00331,0.00271,0.00297,0.0033,710.00043,0.00233,0.00102,0.00175,0.0022,0.00237,6.73E-04,0.00228,0.0024,0.00215
349.48889,0.00843,0.01157,0.01292,0.01317,0.01282,0.01317,0.01404,0.01398,0.01504,709.50391,0.00384,0.00337,0.00343,0.00326,0.00333,0.00298,0.00339,0.00316,0.00299,709.50555,0.00122,0.00127,0.00123,0.0011,0.00112,0.00126,0.00109,0.00116,0.00112,709.49866,0.00595,0.00538,0.00617,0.00515,0.00385,0.00313,0.00675,0.00438,0.00895,349.48889,0.00446,0.00612,0.00684,0.00688,0.00959,0.00822,0.00764,0.0074,0.00838,709.50391,0.00304,0.00282,0.00253,0.00165,0.00231,0.00193,0.00219,0.00209,0.00193,709.50555,0.00401,0.00387,0.00367,0.00328,0.003,0.00365,0.00376,0.00359,0.00288,709.49866,0.00128,0.00144,0.00133,0.00111,7.23E-04,0.00184,0.00145,0.00129,9.55E-04
348.98297,0.00843,0.01157,0.01259,0.01317,0.01282,0.01379,0.01404,0.01398,0.01321,709.00226,0.00384,0.00396,0.00343,0.00326,0.00333,0.00298,0.00339,0.00316,0.00318,709.00391,0.00115,0.00127,0.00123,0.00112,0.00117,0.00126,0.00106,0.00116,0.0011,708.99677,0.00473,0.00473,0.00617,0.00515,0.00385,0.00313,0.00385,0.00438,0.00717,348.98297,0.00484,0.00606,0.00743,0.00697,0.0071,0.0073,0.00755,0.00797,0.00801,709.00226,0.00248,0.00256,0.00215,0.00256,0.00176,0.0026,0.00259,0.00204,0.00205,709.00391,0.00314,0.0038,0.00326,0.00281,0.00287,0.00263,0.00312,0.0033,0.00274,708.99677,0.00102,0.00116,0.00137,0.0012,8.27E-04,0.00124,0.0015,8.17E-04,0.00192
348.51596,0.0084,0.01145,0.01292,0.01317,0.01264,0.01379,0.0142,0.01398,0.0136,708.50049,0.00454,0.00437,0.00392,0.00396,0.00358,0.00393,0.00392,0.00323,0.00318,708.5022,0.00123,0.00127,0.00126,0.00112,0.00116,0.00126,0.00113,0.00112,0.00107,708.49481,0.00473,0.00538,0.00617,0.00478,0.00385,0.00444,0.00385,0.00438,0.00587,348.51596,0.00444,0.00639,0.0071,0.0078,0.00689,0.00914,0.00751,0.00775,0.00796,708.50049,0.00365,0.00337,0.0028,0.00273,0.00322,0.00254,0.00253,0.00326,0.00279,708.5022,0.00372,0.00325,0.00322,0.00298,0.0036,0.00323,0.0035,0.00429,0.00303,708.49481,0.00234,0.00141,0.00133,7.47E-04,0.00106,6.69E-04,8.27E-04,9.42E-04,0.0021
348.01001,0.00816,0.01145,0.01304,0.01431,0.01264,0.01357,0.01385,0.01431,0.01311,707.99866,0.00454,0.00523,0.00434,0.00423,0.00436,0.00402,0.00402,0.0041,0.00433,708.00037,0.00123,0.00127,0.00126,0.0011,0.00116,0.00103,0.00113,0.00112,8.67E-04,707.99268,0.00473,0.00538,0.0062,0.00478,0.00446,0.00444,0.00385,0.00438,0.00717,348.01001,0.00777,0.00642,0.00608,0.00827,0.00669,0.00755,0.00662,0.00763,0.00694,707.99866,0.00406,0.00472,0.00453,0.00398,0.00318,0.00292,0.00296,0.00373,0.0036,708.00037,0.00274,0.00251,0.0028,0.00288,0.00353,0.00375,0.00203,0.00177,0.00282,707.99268,7.09E-04,8.61E-04,0.00115,0.00177,9.58E-04,9.55E-04,6.88E-04,0.00134,0.00154
347.504,0.00816,0.01206,0.01234,0.01474,0.01264,0.01357,0.01385,0.01362,0.01311,707.4967,0.00565,0.00523,0.00527,0.00431,0.00436,0.00439,0.00459,0.0041,0.00472,707.49847,0.00129,9.82E-04,0.00109,0.00112,0.00116,8.74E-04,0.00101,0.00107,8.67E-04,707.49054,0.0033,0.00453,0.0062,0.00478,0.0048,0.00444,0.00385,0.00534,0.00587,347.504,0.00426,0.00586,0.0069,0.0095,0.00651,0.00718,0.00952,0.00721,0.0072,707.4967,0.00293,0.00369,0.00353,0.0035,0.00354,0.00387,0.0032,0.00312,0.00307,707.49847,0.00348,0.00498,0.00381,0.00348,0.00298,0.00371,0.00289,0.00286,0.00222,707.49054,0.00133,0.00124,0.00138,0.00103,0.00117,0.00108,9.29E-04,0.00115,0.00126
346.99796,0.00816,0.01206,0.01234,0.01462,0.01264,0.01357,0.01385,0.01362,0.01311,706.99463,0.00601,0.00519,0.00535,0.00497,0.00427,0.00452,0.00485,0.0041,0.00472,706.99652,0.00129,9.82E-04,0.00109,0.00112,0.00116,8.74E-04,0.00101,0.00107,8.67E-04,706.98834,0.0033,0.00453,0.00533,0.00568,0.0047,0.00444,0.00432,0.00543,0.00587,346.99796,0.00432,0.00638,0.0071,0.00757,0.00696,0.00668,0.00733,0.00757,0.00675,706.99463,0.00388,0.00386,0.0034,0.0036,0.00281,0.00294,0.00313,0.00265,0.0033,706.99652,0.00336,0.00339,0.00334,0.00259,0.00303,0.0016,0.00295,0.00325,0.00222,706.98834,0.00183,0.00139,0.00166,0.00179,0.00169,9.55E-04,0.00153,0.00117,0.00161
346.49188,0.00816,0.0119,0.01304,0.01459,0.01314,0.01304,0.01385,0.01362,0.01335,706.49261,0.00601,0.00519,0.00535,0.00497,0.00427,0.00455,0.00485,0.0041,0.00472,706.49451,0.00131,0.00132,0.0013,0.00116,0.00116,8.74E-04,0.00113,0.00112,8.67E-04,706.48602,0.0044,0.00552,0.00635,0.00568,0.0048,0.00504,0.00607,0.00543,0.00493,346.49188,0.00449,0.00639,0.00653,0.01015,0.00766,0.00756,0.00748,0.00677,0.00719,706.49261,0.00395,0.00335,0.00368,0.00279,0.00276,0.00283,0.00353,0.00255,0.00304,706.49451,0.00331,0.00252,0.00265,0.00297,0.00257,0.00224,0.0026,0.00274,0.00267,706.48602,5.48E-04,9.73E-04,0.00187,0.00194,0.00103,0.00186,0.00158,0.0018,0.00106
345.98581,0.00849,0.01206,0.01249,0.01431,0.01327,0.01304,0.01385,0.01298,0.01335,705.99036,0.00601,0.00519,0.00535,0.00497,0.00427,0.00455,0.00485,0.0041,0.00463,705.99237,0.00129,0.00132,0.00104,0.00116,0.00118,8.74E-04,0.00101,0.00107,0.00104,705.98358,0.0044,0.00552,0.00635,0.00599,0.0048,0.00576,0.00625,0.00549,0.00376,345.98581,0.0046,0.00642,0.0079,0.00773,0.00785,0.0072,0.00767,0.00933,0.00706,705.99036,0.0041,0.00312,0.00345,0.00321,0.0026,0.00352,0.00325,0.00338,0.00299,705.99237,0.00389,0.00464,0.00421,0.00356,0.00372,0.00297,0.00326,0.00309,0.00367,705.98358,9.47E-04,0.00119,9.53E-04,0.00122,0.00101,0.00124,0.0013,0.00138,0.00166
345.51859,0.0087,0.0119,0.01249,0.01327,0.01359,0.01333,0.01414,0.01298,0.01359,705.4881,0.00506,0.00519,0.00569,0.00497,0.00427,0.005,0.00504,0.00482,0.00463,705.49011,0.00127,0.00135,0.00104,0.0012,0.00118,0.00115,0.00101,0.00107,0.00119,705.51703,0.0044,0.00465,0.00635,0.00599,0.0048,0.006,0.00625,0.00566,0.00376,345.51859,0.00656,0.0063,0.00707,0.00772,0.00897,0.0069,0.00713,0.0085,0.00738,705.4881,0.00389,0.00402,0.00377,0.00393,0.00392,0.00323,0.00247,0.00311,0.00372,705.49011,0.00458,0.00345,0.00375,0.00506,0.00301,0.00294,0.00381,0.00356,0.00329,705.51703,0.00135,0.00151,0.00136,0.00129,0.00136,0.00129,0.00134,0.00118,7.71E-04
345.01242,0.00978,0.0119,0.01337,0.01327,0.01359,0.01333,0.01348,0.01336,0.01351,704.98572,0.00506,0.00552,0.00574,0.00582,0.00542,0.00501,0.00504,0.00524,0.00463,704.98779,0.00127,0.00135,0.00104,0.0012,0.00118,0.00115,0.00106,0.00113,0.00119,705.01453,0.00443,0.00552,0.00635,0.00599,0.00631,0.006,0.00625,0.00566,0.00376,345.01242,0.00869,0.00659,0.00661,0.00702,0.00702,0.00711,0.00749,0.00687,0.00955,704.98572,0.00327,0.00356,0.0037,0.00393,0.0035,0.00362,0.00344,0.00343,0.0029,704.98779,0.00326,0.00448,0.00267,0.00308,0.00365,0.00313,0.00243,0.00264,0.00344,705.01453,9.52E-04,0.00152,0.0023,0.0023,0.00183,0.00181,0.00164,0.0015,8.08E-04
344.5062,0.01065,0.01181,0.01337,0.01327,0.01327,0.01304,0.01348,0.01322,0.01351,704.48328,0.00506,0.00575,0.00583,0.00587,0.00542,0.00501,0.00533,0.00532,0.00503,704.48541,0.00127,0.00128,0.00104,9.13E-04,0.00109,7.99E-04,0.00106,0.00112,9.38E-04,704.51184,0.00626,0.00704,0.00996,0.00665,0.00852,0.00842,0.00685,0.00566,0.00376,344.5062,0.00803,0.00625,0.00778,0.00699,0.00719,0.00705,0.009,0.0073,0.0183,704.48328,0.00326,0.00371,0.00414,0.00432,0.00353,0.00324,0.00372,0.00357,0.00371,704.48541,0.00321,0.00362,0.00322,0.00345,0.00324,0.00313,0.00272,0.00345,0.00304,704.51184,0.00184,9.98E-04,0.00229,0.00143,0.00218,0.00235,0.00147,0.00122,0.00228
343.99994,0.01065,0.01181,0.01271,0.01321,0.01278,0.01291,0.01299,0.01298,0.01278,704.01666,0.00505,0.00575,0.00574,0.00582,0.00542,0.00517,0.00533,0.00532,0.00503,703.98291,0.00125,0.00122,0.00104,9.13E-04,9.79E-04,7.99E-04,9.49E-04,0.00112,9.38E-04,704.00909,0.00856,0.00709,0.00996,0.00711,0.00889,0.01013,0.00762,0.00583,0.00574,343.99994,0.00517,0.00657,0.01071,0.00754,0.00815,0.00707,0.00687,0.00707,0.00715,704.01666,0.00449,0.00381,0.00433,0.00376,0.00354,0.00437,0.00349,0.0039,0.00327,703.98291,0.00325,0.00328,0.0019,0.00218,0.0028,0.00137,0.00319,0.00289,0.0024,704.00909,0.0022,0.0019,0.00218,0.00153,0.00191,0.00218,0.00228,0.00125,0.00123
343.49368,0.01065,0.01181,0.01336,0.01289,0.01278,0.01272,0.01299,0.01286,0.01236,703.5141,0.00489,0.00575,0.00516,0.00479,0.00508,0.00517,0.0045,0.00443,0.00503,703.5163,0.00125,0.00121,0.00126,9.13E-04,8.25E-04,7.99E-04,0.00106,0.00113,9.38E-04,703.50635,0.00909,0.00883,0.00985,0.00711,0.00889,0.01023,0.0095,0.00583,0.00831,343.49368,0.00563,0.00609,0.00798,0.00726,0.00676,0.00683,0.00787,0.00699,0.00676,703.5141,0.00446,0.00383,0.00417,0.00379,0.00328,0.00388,0.00365,0.00372,0.00325,703.5163,0.00339,0.00309,0.00334,0.00234,0.00251,0.00205,0.0035,0.00288,0.00196,703.50635,0.00215,0.00203,0.00214,0.00232,0.00309,0.00255,0.00304,0.0021,0.00179
342.98734,0.01065,0.01216,0.01336,0.01289,0.01278,0.01272,0.01234,0.01284,0.01236,703.01141,0.00471,0.00521,0.00423,0.00451,0.00479,0.00517,0.004,0.00365,0.00364,703.01367,0.00125,0.00121,0.00126,9.13E-04,8.25E-04,7.99E-04,0.00109,0.00112,9.38E-04,703.00342,0.00998,0.00945,0.0094,0.00896,0.00889,0.01013,0.0095,0.00908,0.00831,342.98734,0.00572,0.00643,0.00672,0.00682,0.00657,0.00649,0.00649,0.0068,0.00654,703.01141,0.00304,0.00378,0.00333,0.00309,0.00376,0.00334,0.00255,0.00286,0.00332,703.01367,0.00307,0.00313,0.00323,0.00247,0.00149,0.00213,0.00243,0.00293,0.00307,703.00342,0.00277,0.00252,0.00212,0.00277,0.00329,0.00242,0.00278,0.00248,0.00287
342.48099,0.01081,0.01216,0.01336,0.01289,0.01278,0.01272,0.01234,0.01284,0.01236,702.50867,0.00471,0.00454,0.00423,0.00451,0.004,0.00443,0.004,0.00354,0.0031,702.51093,0.0012,0.00118,0.00126,9.65E-04,8.25E-04,8.31E-04,0.00109,0.00112,9.89E-04,702.50049,0.00991,0.00945,0.0094,0.00896,0.00887,0.01022,0.00922,0.00976,0.00831,342.48099,0.00637,0.00648,0.00707,0.00675,0.00678,0.00673,0.00723,0.0068,0.00652,702.50867,0.00315,0.00337,0.00273,0.00291,0.00309,0.00352,0.00291,0.00236,0.00235,702.51093,0.00321,0.00255,0.00329,0.00309,0.00212,0.00333,0.00381,0.00357,0.00337,702.50049,0.00195,0.00214,0.00202,0.00265,0.00175,0.0022,0.00204,0.00195,0.00205
342.01355,0.01199,0.01225,0.01336,0.01289,0.01281,0.01272,0.01234,0.01284,0.01236,702.0058,0.00471,0.00454,0.00423,0.0044,0.00382,0.00443,0.00394,0.00324,0.0031,702.00818,0.0012,0.00118,0.00126,0.00118,8.25E-04,0.0012,0.00109,0.00113,9.94E-04,701.99738,0.00909,0.00922,0.0069,0.00818,0.00869,0.0081,0.00922,0.00908,0.00811,342.01355,0.00635,0.00703,0.00715,0.00703,0.00802,0.0135,0.00653,0.00644,0.00708,702.0058,0.00275,0.00293,0.00199,0.00284,0.00258,0.00286,0.00258,0.00209,0.00196,702.00818,0.00359,0.00371,0.00366,0.00388,0.00329,0.00308,0.00278,0.00279,0.00253,701.99738,0.00217,0.00247,0.00148,0.00193,0.00271,0.00103,0.00198,0.0021,0.00179
341.50714,0.01203,0.01329,0.01351,0.01329,0.01426,0.01498,0.01366,0.01284,0.01261,701.50287,0.00441,0.00453,0.00423,0.00438,0.00382,0.00358,0.00357,0.00324,0.0031,701.50531,0.00125,0.00118,0.00128,0.00121,0.00121,0.0013,0.00109,0.00113,9.94E-04,701.49426,0.00846,0.00653,0.0069,0.00721,0.00869,0.0081,0.00915,0.00848,0.00715,341.50714,0.01054,0.00767,0.00849,0.01092,0.01133,0.00793,0.0073,0.00746,0.00667,701.50287,0.00478,0.00293,0.0029,0.00322,0.00235,0.00231,0.00261,0.00229,0.002,701.50531,0.00303,0.00303,0.00304,0.00303,0.00311,0.00394,0.00317,0.0029,0.00255,701.49426,0.00213,0.00198,0.00211,0.00176,0.00191,0.0022,0.00197,0.00226,0.00174
341.0007,0.01427,0.0145,0.01542,0.01521,0.01515,0.01692,0.01379,0.01329,0.01264,700.99988,0.00441,0.00444,0.00426,0.00438,0.00382,0.00358,0.00357,0.00324,0.0031,701.00232,0.00128,0.00118,0.00119,0.00139,0.00121,0.0014,0.00109,0.00113,9.94E-04,700.99103,0.00769,0.00653,0.0069,0.00721,0.00869,0.0081,0.0083,0.00679,0.00706,341.0007,0.00755,0.00824,0.00891,0.0081,0.00754,0.01018,0.01768,0.00724,0.00669,700.99988,0.0031,0.00339,0.00275,0.00216,0.00246,0.00292,0.00206,0.00206,0.00216,701.00232,0.00367,0.00383,0.00333,0.00355,0.00409,0.00393,0.0043,0.00374,0.00342,700.99103,0.00182,9.31E-04,0.00134,0.00131,0.00187,0.00174,0.00213,0.00182,0.00152
340.49423,0.01639,0.01557,0.01604,0.01531,0.0151,0.01692,0.01457,0.01349,0.01264,700.49683,0.00441,0.0044,0.00426,0.00438,0.00364,0.00347,0.00357,0.00354,0.00334,700.49927,0.00128,0.00118,0.00119,0.00139,0.00121,0.0014,0.00116,0.00113,0.00105,700.48773,0.00553,0.00653,0.00702,0.00721,0.00869,0.00847,0.0083,0.00679,0.00694,340.49423,0.00867,0.00844,0.00816,0.00805,0.01013,0.00895,0.01033,0.00703,0.00724,700.49683,0.00285,0.00287,0.00316,0.00283,0.00311,0.00224,0.0023,0.0028,0.00291,700.49927,0.00329,0.00332,0.00364,0.00378,0.00353,0.00495,0.00265,0.00406,0.00269,700.48773,0.00165,0.0014,0.00151,0.00155,0.00231,0.00189,0.00178,0.00121,0.00154
339.9877,0.01639,0.01595,0.01685,0.01531,0.0151,0.01692,0.01457,0.01349,0.01368,699.99359,0.00441,0.00423,0.00407,0.00387,0.00343,0.00347,0.00357,0.00327,0.00334,699.99615,0.00128,0.00108,0.00113,0.00139,0.00112,0.0013,0.00103,0.00106,0.00105,699.98431,0.00553,0.00653,0.00702,0.00721,0.00869,0.00847,0.0083,0.00679,0.00694,339.9877,0.009,0.00943,0.00974,0.01606,0.00826,0.01038,0.01014,0.00714,0.00846,699.99359,0.00318,0.00284,0.00311,0.0029,0.00294,0.00282,0.00248,0.00282,0.00225,699.99615,0.00441,0.0027,0.0029,0.00495,0.00286,0.00359,0.01529,0.00297,0.00272,699.98431,0.00111,0.00165,0.00151,0.00179,8.11E-04,0.00182,0.00122,0.00146,0.00148
339.48114,0.01701,0.01783,0.01842,0.01691,0.01538,0.01533,0.01457,0.01349,0.01368,699.4903,0.00438,0.00423,0.00407,0.00387,0.00332,0.00347,0.00375,0.00421,0.00348,699.49298,0.00127,0.00105,0.00109,0.00115,0.00109,0.00116,8.00E-04,0.00103,0.00105,699.51685,0.00553,0.00725,0.00705,0.00726,0.00889,0.0088,0.0083,0.00679,0.00694,339.48114,0.0095,0.00951,0.01029,0.00929,0.00799,0.01082,0.00771,0.00731,0.00757,699.4903,0.00283,0.00273,0.00263,0.00286,0.00221,0.00189,0.00253,0.00277,0.00241,699.49298,0.00373,0.00336,0.00352,0.00387,0.00322,0.00334,0.00297,0.00265,0.00301,699.51685,0.00119,0.00156,0.00208,0.00193,0.00194,0.00213,0.00196,0.00161,0.00149
339.01349,0.01795,0.01797,0.01866,0.01757,0.01538,0.01533,0.01436,0.01381,0.01427,698.98694,0.00438,0.00423,0.00386,0.00387,0.00332,0.00347,0.00375,0.00413,0.00348,698.98962,0.00127,0.00105,0.00106,0.00115,9.37E-04,0.00105,8.00E-04,0.00103,0.00106,699.01331,0.00553,0.00767,0.00837,0.00726,0.00769,0.00847,0.00758,0.0075,0.00694,339.01349,0.01098,0.01047,0.01023,0.00895,0.00869,0.00811,0.0076,0.00966,0.00755,698.98694,0.00322,0.00207,0.00235,0.0025,0.00173,0.00224,0.00242,0.00211,0.00183,698.98962,0.00275,0.00277,0.00272,0.00245,0.00221,0.00268,0.00204,0.00272,0.00264,699.01331,0.00223,0.00178,0.00191,0.00198,0.00191,0.00223,0.00193,0.00206,0.00223
338.50687,0.02075,0.01979,0.01934,0.01757,0.01538,0.01533,0.01436,0.01398,0.01355,698.48352,0.0043,0.00423,0.00386,0.00387,0.00332,0.00347,0.00375,0.00413,0.00354,698.48627,0.00127,0.00108,0.00106,0.00115,9.37E-04,0.00105,8.00E-04,0.00103,0.00103,698.5097,0.00553,0.00803,0.00837,0.00636,0.00889,0.00751,0.00758,0.0075,0.00694,338.50687,0.01145,0.01069,0.00987,0.01018,0.00814,0.00805,0.00842,0.00882,0.00717,698.48352,0.00277,0.0029,0.00272,0.00235,0.00214,0.00285,0.0026,0.00272,0.00282,698.48627,0.00327,0.00257,0.0028,0.00294,0.0028,0.00299,0.00205,0.0021,0.00311,698.5097,0.00152,0.0019,0.00207,0.00156,0.00208,0.00247,0.00192,0.00173,0.00223
338.00021,0.02163,0.02021,0.01934,0.01782,0.01642,0.01533,0.01436,0.01398,0.01339,698.01599,0.0043,0.00444,0.00386,0.00387,0.00332,0.00358,0.00368,0.00383,0.00354,697.98279,0.00127,0.00108,0.00106,0.00115,9.37E-04,0.00105,8.00E-04,0.00106,0.00103,698.00592,0.00608,0.00803,0.00704,0.00618,0.00889,0.00711,0.00581,0.00713,0.00743,338.00021,0.01361,0.01164,0.01546,0.00943,0.00872,0.00916,0.00751,0.0074,0.00802,698.01599,0.0033,0.00287,0.00249,0.00252,0.00291,0.0025,0.00238,0.00267,0.00229,697.98279,0.00338,0.0033,0.00261,0.00478,0.0024,0.00186,0.00285,0.00271,0.00278,698.00592,0.00131,0.00187,0.0018,0.00137,0.00165,0.00161,0.00163,0.00176,0.00177
337.49353,0.02571,0.02201,0.02207,0.01924,0.01649,0.01576,0.01493,0.01398,0.01339,697.51245,0.0043,0.00449,0.00396,0.00382,0.0038,0.00388,0.00368,0.00413,0.00369,697.51526,0.00132,0.00114,0.00109,0.00125,0.00109,0.00108,0.00109,0.00106,0.00108,697.5022,0.00544,0.00364,0.00651,0.00361,0.00769,0.00659,0.00581,0.00609,0.00743,337.49353,0.01799,0.01243,0.01168,0.0108,0.01085,0.00834,0.00868,0.00749,0.00692,697.51245,0.00241,0.00322,0.00256,0.00261,0.00249,0.00268,0.00303,0.00275,0.00238,697.51526,0.00433,0.0031,0.0032,0.0032,0.00296,0.00276,0.00315,0.00316,0.00244,697.5022,0.00117,0.00173,0.0014,0.00133,0.00219,0.00153,0.00125,0.00153,0.00147
336.98682,0.02935,0.02349,0.02259,0.02042,0.01709,0.01624,0.01493,0.01398,0.01339,697.00873,0.00499,0.00459,0.00396,0.00391,0.00386,0.00358,0.00368,0.00383,0.00354,697.01166,0.0014,0.00121,0.00121,0.00129,0.00116,0.00108,0.00109,0.00106,0.00102,696.99835,0.0054,0.00314,0.00579,0.00361,0.00567,0.00612,0.00397,0.00594,0.00683,336.98682,0.01553,0.01323,0.01196,0.0113,0.00904,0.00876,0.0079,0.00705,0.00709,697.00873,0.00322,0.00342,0.00278,0.00309,0.00288,0.00231,0.00219,0.00247,0.00366,697.01166,0.0036,0.00366,0.00311,0.00336,0.00302,0.00297,0.00279,0.00354,0.00333,696.99835,0.0019,7.83E-04,0.00151,7.77E-04,0.00191,0.00132,8.54E-04,0.00131,0.0016
336.51904,0.03276,0.025,0.02259,0.02136,0.01806,0.01624,0.0164,0.01416,0.01307,696.505,0.00499,0.00459,0.0043,0.00405,0.00386,0.00358,0.00439,0.00383,0.00343,696.50793,0.0014,0.00116,0.00121,0.00129,0.00118,0.00116,0.00109,0.00109,9.90E-04,696.49432,0.0054,0.00219,0.0053,0.00361,0.00478,0.00326,0.00397,0.00594,0.00426,336.51904,0.01733,0.0155,0.01261,0.01302,0.00956,0.00859,0.00987,0.00762,0.00877,696.505,0.00324,0.00297,0.00305,0.00246,0.00245,0.00274,0.00323,0.00267,0.00286,696.50793,0.00358,0.00293,0.00361,0.00385,0.00348,0.00312,0.0028,0.00294,0.00358,696.49432,8.55E-04,3.29E-04,0.00114,5.44E-04,0.00103,0.00142,0.00172,0.00128,0.00162
336.01227,0.03276,0.02929,0.02382,0.02254,0.01806,0.01655,0.01665,0.01439,0.01339,696.00122,0.00502,0.00459,0.0043,0.00449,0.0038,0.00358,0.00434,0.00383,0.00343,696.00415,0.0014,0.00116,0.00121,0.00129,0.00136,0.00116,0.00109,0.00109,0.00102,695.9903,0.0054,0.00219,0.00384,0.00349,0.00372,0.00326,0.00397,0.00594,0.00426,336.01227,0.02209,0.01635,0.0132,0.01193,0.01097,0.00971,0.00881,0.00799,0.01127,696.00122,0.00325,0.00376,0.00287,0.00317,0.00309,0.00219,0.00284,0.00206,0.00221,696.00415,0.00382,0.00376,0.00416,0.0033,0.00366,0.00326,0.00232,0.0026,0.00262,695.9903,0.00116,6.75E-04,0.00125,0.00129,0.00122,7.02E-04,7.98E-04,0.00113,9.15E-04
335.50543,0.04175,0.0309,0.02495,0.02424,0.02021,0.01756,0.01707,0.01509,0.01361,695.49725,0.00502,0.00459,0.00426,0.00382,0.0038,0.00339,0.00434,0.00391,0.00343,695.50031,0.00132,0.00116,0.00127,0.00124,0.00136,7.13E-04,0.00109,0.00101,9.90E-04,695.48614,0.00398,0.00219,0.00369,0.00349,0.00299,0.00221,0.00419,0.00594,0.00426,335.50543,0.02443,0.0181,0.01499,0.01282,0.01069,0.00929,0.01283,0.009,0.00692,695.49725,0.00336,0.00226,0.00283,0.00327,0.00291,0.00307,0.00314,0.00253,0.00217,695.50031,0.00368,0.00297,0.00286,0.00345,0.00378,0.0034,0.0033,0.0028,0.00254,695.48614,0.00122,4.71E-04,1.98E-04,0.00185,6.43E-04,4.76E-04,9.35E-04,0.00164,-9.30E-05
334.9986,0.04617,0.03421,0.02834,0.02424,0.02073,0.01835,0.01707,0.01604,0.01346,694.99323,0.00503,0.00466,0.00426,0.00449,0.00355,0.00339,0.00413,0.00391,0.00343,694.99634,0.00114,0.00127,0.00127,0.00124,0.00121,7.13E-04,0.00109,0.00101,9.67E-04,694.98206,0.00333,0.00314,0.00369,0.00596,0.00299,0.00221,0.00371,0.00605,0.00349,334.9986,0.02483,0.02023,0.01607,0.01379,0.01265,0.01059,0.00903,0.00936,0.0072,694.99323,0.00343,0.00331,0.00238,0.0029,0.00229,0.00257,0.0028,0.00266,0.00252,694.99634,0.00292,0.00381,0.00326,0.00222,0.00388,0.00171,0.00279,0.00302,0.00271,694.98206,0.00165,0.00163,8.25E-04,7.49E-04,8.01E-04,8.80E-04,0.00114,0.00131,0.00138
334.49167,0.04692,0.03823,0.03037,0.02606,0.02282,0.02001,0.01715,0.01689,0.01346,694.4892,0.00508,0.00466,0.00426,0.00449,0.00355,0.00398,0.00413,0.00412,0.00353,694.49231,0.00114,0.00116,0.00114,0.00119,0.00121,7.13E-04,0.00109,9.57E-04,7.96E-04,694.51367,0.00333,0.00413,0.00369,0.00596,0.00299,0.00221,0.00419,0.00608,0.00349,334.49167,0.02847,0.02269,0.01952,0.01406,0.01207,0.01171,0.00907,0.00849,0.0074,694.4892,0.00323,0.0031,0.00275,0.00226,0.00326,0.00212,0.00248,0.00334,0.00228,694.49231,0.00339,0.00358,0.00383,0.00318,0.00284,0.00183,0.0029,0.00245,0.00204,694.51367,7.15E-04,0.00119,7.94E-04,0.00147,2.07E-04,2.16E-04,9.00E-04,0.00148,0.00168
333.98474,0.05381,0.04288,0.03614,0.02658,0.02391,0.02196,0.01715,0.01639,0.01353,693.98499,0.00508,0.00466,0.00368,0.00449,0.00355,0.00398,0.00413,0.00497,0.00353,693.98822,0.00114,0.00113,0.00114,0.00116,0.0012,7.13E-04,0.00101,7.53E-04,7.96E-04,694.00934,0.00333,0.00556,0.00384,0.00596,0.00372,0.0041,0.00419,0.00608,0.00637,333.98474,0.03108,0.02388,0.01912,0.01544,0.013,0.01485,0.01058,0.00894,0.00712,693.98499,0.00355,0.00301,0.0032,0.0032,0.0021,0.00319,0.00267,0.00321,0.00266,693.98822,0.00292,0.00325,0.0034,0.00323,0.00311,0.00305,0.00313,0.00285,0.00248,694.00934,6.19E-04,0.0014,0.00148,0.00128,8.26E-04,0.00143,-2.15E-04,0.0013,7.50E-04
333.51675,0.05873,0.04514,0.03689,0.02918,0.02458,0.02213,0.01956,0.01639,0.01353,693.51685,0.005,0.00413,0.00426,0.00468,0.00431,0.00446,0.00413,0.00497,0.00353,693.48401,0.00114,0.00113,0.00114,0.00116,0.00119,9.52E-04,0.00101,7.53E-04,7.96E-04,693.50494,0.00333,0.00556,0.0069,0.00683,0.00384,0.00663,0.00419,0.00689,0.00637,333.51675,0.03342,0.0249,0.01997,0.01718,0.01356,0.01278,0.01035,0.00943,0.00721,693.51685,0.00328,0.00322,0.00326,0.00314,0.00359,0.00288,0.00372,0.00328,0.00276,693.48401,0.00252,0.00278,0.00292,0.00304,0.00351,0.00262,0.00251,0.00193,0.00147,693.50494,0.00223,8.87E-04,0.00203,0.00225,0.00204,0.00167,0.00154,0.00247,0.00137
333.00977,0.06316,0.04706,0.03774,0.03248,0.02563,0.02415,0.01995,0.01689,0.01353,693.01251,0.00498,0.00413,0.00429,0.00468,0.00391,0.0049,0.00417,0.00497,0.00412,693.01581,0.00114,0.00113,0.00114,8.38E-04,0.0012,9.62E-04,9.80E-04,7.53E-04,8.26E-04,693.00037,0.00309,0.00641,0.00699,0.00596,0.00473,0.00663,0.00718,0.00605,0.00477,333.00977,0.03532,0.02778,0.02202,0.01786,0.0146,0.01162,0.01056,0.00867,0.00716,693.01251,0.00386,0.00245,0.00205,0.00334,0.00278,0.00316,0.00343,0.00341,0.00228,693.01581,0.00344,0.00289,0.00228,0.00297,0.00307,0.00244,0.00258,0.00192,0.00309,693.00037,0.00289,0.00296,0.00286,0.00337,0.00332,0.00263,0.00334,0.00317,0.00217
332.50275,0.06676,0.0525,0.04161,0.03375,0.0276,0.02415,0.01995,0.01783,0.01363,692.50812,0.00498,0.00413,0.00429,0.00467,0.00431,0.0049,0.00532,0.00467,0.00428,692.51141,0.00134,0.00113,0.00114,8.38E-04,0.00119,9.62E-04,9.80E-04,7.53E-04,8.26E-04,692.49579,0.00387,0.00413,0.00699,0.0059,0.00797,0.00423,0.00718,0.00713,0.00637,332.50275,0.04058,0.03911,0.02416,0.0289,0.01918,0.01385,0.01214,0.0098,0.00796,692.50812,0.00322,0.00266,0.00347,0.00302,0.00302,0.00347,0.00346,0.00274,0.00344,692.51141,0.00403,0.00347,0.00342,0.00215,0.00305,0.00356,0.00355,0.0032,0.00259,692.49579,0.00181,0.00207,0.00218,0.00253,0.00317,0.00202,0.00156,0.0019,0.00268
331.9957,0.0767,0.06907,0.04566,0.04061,0.03206,0.02617,0.02171,0.01853,0.01472,692.0036,0.00486,0.00413,0.00429,0.00413,0.00431,0.0049,0.00417,0.00467,0.00363,692.00702,0.00135,0.00135,0.00117,8.38E-04,0.00117,9.52E-04,0.00101,9.52E-04,0.00101,691.99109,0.00387,0.00403,0.00673,0.00549,0.00473,0.00423,0.00558,0.00596,0.00477,331.9957,0.04363,0.03711,0.02571,0.02149,0.01697,0.01547,0.01149,0.00992,0.00845,692.0036,0.00287,0.00397,0.00277,0.00301,0.00252,0.00316,0.00269,0.00333,0.00358,692.00702,0.00345,0.00395,0.003,0.00198,0.0032,0.00247,0.00233,0.00244,0.00212,691.99109,6.64E-04,0.00138,0.0015,0.00127,0.00102,9.09E-04,0.00162,0.00128,0.00102
331.48862,0.08246,0.07013,0.0486,0.04261,0.03615,0.02716,0.02294,0.01875,0.01504,691.49908,0.00445,0.00413,0.00429,0.00409,0.00391,0.00476,0.0041,0.00424,0.00363,691.5025,0.00157,0.00138,0.00133,8.38E-04,0.00117,9.62E-04,0.00106,9.52E-04,0.00101,691.48633,0.00387,0.00403,0.0061,0.00549,0.00454,0.00423,0.00549,0.00596,0.00477,331.48862,0.04928,0.03655,0.02875,0.02255,0.02107,0.01437,0.01245,0.01067,0.00779,691.49908,0.00401,0.00317,0.00328,0.00266,0.00322,0.00389,0.00361,0.00301,0.00329,691.5025,0.00451,0.00374,0.0039,0.00372,0.00297,0.00309,0.00333,0.00334,0.0038,691.48633,8.32E-04,8.67E-04,0.00119,0.00118,0.00171,5.75E-04,0.0012,0.00153,0.00143
330.98148,0.09313,0.07013,0.05433,0.04261,0.03615,0.02838,0.02329,0.01959,0.01569,690.99438,0.00343,0.00397,0.00407,0.00316,0.00378,0.00276,0.00257,0.00291,0.00277,690.99786,0.00135,0.00138,0.00127,9.88E-04,0.00117,9.62E-04,9.29E-04,9.52E-04,9.75E-04,691.01752,0.00387,0.00403,0.0061,0.00549,0.00454,0.00423,0.00549,0.00596,0.00477,330.98148,0.05239,0.04175,0.03055,0.02735,0.01913,0.01502,0.01232,0.01036,0.0083,690.99438,0.00314,0.00402,0.00299,0.00196,0.00282,0.00307,0.00265,0.00349,0.00235,690.99786,0.00406,0.00377,0.00354,0.00416,0.00299,0.00227,0.0034,0.00314,0.00323,691.01752,0.00134,2.91E-04,0.00145,6.13E-04,1.64E-04,0.00162,6.86E-04,3.38E-04,3.26E-04
330.51334,0.09902,0.0789,0.05775,0.04871,0.03982,0.02838,0.02354,0.02017,0.01569,690.48969,0.00343,0.00397,0.00192,0.00316,0.00378,0.00276,0.00257,0.0027,0.00277,690.49323,0.00129,0.00138,0.00136,0.00125,0.00117,9.70E-04,9.78E-04,9.71E-04,0.00113,690.51263,0.00625,0.00403,0.0061,0.00549,0.00454,0.00752,0.00549,0.00713,0.0055,330.51334,0.05748,0.04332,0.03358,0.02577,0.02499,0.01622,0.01418,0.01122,0.00918,690.48969,0.00212,0.00256,0.00262,0.00264,0.0019,0.00124,0.00127,0.00188,0.00179,690.49323,0.00461,0.00353,0.00348,0.00253,0.0039,0.00249,0.00272,0.00225,0.0029,690.51263,0.00139,0.0013,0.00131,0.00146,9.77E-04,0.00197,0.00118,0.00175,0.00118
330.00613,0.10864,0.08186,0.06346,0.05169,0.04197,0.03066,0.0268,0.02121,0.01667,689.98486,0.00343,0.00361,0.00192,0.00316,0.00378,0.00276,0.00257,0.0027,0.00277,689.98846,0.00129,0.00134,0.00127,0.00125,0.00117,9.70E-04,9.78E-04,9.71E-04,0.00113,690.00763,0.00647,0.00604,0.00673,0.00682,0.00454,0.00752,0.00549,0.00713,0.0055,330.00613,0.07392,0.04848,0.03793,0.02853,0.02221,0.01747,0.01463,0.01831,0.00905,689.98486,0.00221,0.0015,0.00124,0.00204,0.00244,0.00178,0.00166,7.35E-04,0.00121,689.98846,0.0033,0.00279,0.00325,0.00321,0.00299,0.00365,0.00238,0.00287,0.0025,690.00763,0.00159,0.0022,0.00178,0.00219,0.00163,0.00174,0.00182,0.00153,0.0017
329.4989,0.13042,0.09161,0.07168,0.05392,0.04564,0.03301,0.02765,0.02404,0.01711,689.51605,0.00343,0.00321,0.00192,0.00409,0.00333,0.00276,0.00257,0.00263,0.00277,689.48364,0.0012,0.00122,0.00126,0.00118,0.00103,9.70E-04,9.67E-04,9.71E-04,0.00112,689.50256,0.00739,0.00782,0.00775,0.00844,0.00646,0.0081,0.00715,0.00812,0.00792,329.4989,0.06901,0.05248,0.03968,0.03011,0.02415,0.01848,0.01492,0.0128,0.00882,689.51605,0.00256,0.00312,0.00123,0.00267,0.00274,0.00249,0.00201,0.00175,0.00267,689.48364,0.00308,0.00362,0.00388,0.00363,0.00319,0.00335,0.00251,0.00249,0.00342,689.50256,0.00176,0.00168,0.00201,0.00181,0.00178,0.00222,0.00179,0.002,0.00182
328.99164,0.1397,0.09918,0.07499,0.0569,0.04564,0.03492,0.0282,0.0242,0.01711,689.01111,0.00343,0.00321,0.0019,0.0038,0.00378,0.00323,0.00257,0.00263,0.00256,689.01471,0.00116,0.00109,0.00126,0.00118,0.00103,8.70E-04,9.67E-04,9.79E-04,9.75E-04,688.99731,0.00768,0.00793,0.00809,0.00878,0.00685,0.00553,0.00715,0.00899,0.00797,328.99164,0.07587,0.05598,0.04314,0.03323,0.02552,0.02048,0.01522,0.01272,0.01008,689.01111,0.0029,0.00233,0.00204,0.00301,0.0029,0.00315,0.00365,0.00302,0.00271,689.01471,0.00418,0.00343,0.00323,0.0036,0.00263,0.00294,0.0032,0.00295,0.00367,688.99731,0.00204,0.00185,0.00175,0.00206,0.00139,0.00112,0.00215,0.00193,0.00185
328.48434,0.14338,0.1058,0.08153,0.0628,0.04823,0.03871,0.02877,0.0242,0.01905,688.50604,0.00396,0.00361,0.0019,0.0038,0.00338,0.00323,0.00307,0.0027,0.00329,688.50983,0.00116,0.00102,0.00119,0.00118,9.30E-04,8.70E-04,9.67E-04,9.71E-04,9.26E-04,688.49207,0.00818,0.00782,0.00809,0.00878,0.00685,0.00553,0.00715,0.00931,0.00806,328.48434,0.08157,0.06007,0.04666,0.03483,0.02767,0.0211,0.01639,0.01515,0.01128,688.50604,0.00295,0.00207,0.00235,0.00291,0.00215,0.00208,0.00198,0.0017,0.0022,688.50983,0.00298,0.00313,0.00324,0.00303,0.00265,0.00192,0.00248,0.00321,0.00287,688.49207,0.00214,0.00186,0.00167,0.00189,0.00147,0.00232,0.00154,0.00219,0.00171
328.01605,0.15415,0.11352,0.08817,0.06582,0.0523,0.03988,0.03098,0.02863,0.02047,688.00092,0.00403,0.0033,0.00315,0.0038,0.00333,0.00323,0.00307,0.00284,0.00256,688.0047,0.001,9.83E-04,0.00118,0.00106,8.88E-04,7.91E-04,9.67E-04,9.23E-04,8.71E-04,687.98669,0.00949,0.00793,0.00809,0.00878,0.00685,0.00553,0.00715,0.01019,0.00806,328.01605,0.08629,0.06488,0.04971,0.03727,0.03058,0.02293,0.01991,0.01558,0.01208,688.00092,0.00211,0.00242,0.00112,0.00246,0.00257,0.0026,0.00142,0.00263,0.00166,688.0047,0.00248,0.00262,0.00304,0.00271,0.00239,0.00223,0.00284,0.00251,0.00237,687.98669,0.00165,0.0017,0.00174,0.00225,0.00213,0.00119,0.00146,0.0024,0.00173
327.5087,0.16308,0.12262,0.09394,0.07044,0.05779,0.04334,0.03535,0.02923,0.02073,687.49567,0.00403,0.0033,0.00348,0.00327,0.00333,0.00323,0.0028,0.00279,0.00256,687.49957,0.001,9.83E-04,0.00118,0.00106,8.88E-04,7.91E-04,9.60E-04,9.23E-04,8.71E-04,687.51746,0.00995,0.00793,0.00809,0.00849,0.00984,0.00722,0.00715,0.01119,0.00806,327.5087,0.09483,0.06969,0.05258,0.04055,0.03077,0.02487,0.0187,0.01546,0.01083,687.49567,0.0026,0.00255,0.00225,0.00211,0.00218,0.00139,0.00263,0.00253,0.00212,687.49957,0.00568,0.00252,0.00304,0.00308,0.00225,0.00284,0.00145,0.00237,0.00178,687.51746,0.00244,0.00155,0.00234,0.00208,0.00302,0.00155,0.00213,0.00243,0.00197
327.00128,0.17922,0.13171,0.09937,0.07663,0.05815,0.047,0.03763,0.02944,0.02073,686.99042,0.00403,0.0033,0.00255,0.00326,0.00338,0.00295,0.00221,0.00279,0.00256,686.99426,0.001,9.83E-04,9.11E-04,9.78E-04,8.78E-04,8.70E-04,9.60E-04,9.23E-04,8.71E-04,687.01196,0.00796,0.00793,0.00899,0.00801,0.00984,0.00722,0.0099,0.01119,0.00806,327.00128,0.10174,0.0741,0.05571,0.04329,0.0324,0.02928,0.02078,0.01573,0.01162,686.99042,0.00371,0.00213,0.00268,0.00293,0.00184,0.00246,0.00287,0.00183,0.00137,686.99426,0.00257,0.00221,0.00234,0.00118,0.00228,0.00203,0.00258,0.00162,0.00223,687.01196,0.00258,0.00375,0.00235,0.00172,0.00212,0.00211,0.00322,0.00241,0.00228
326.4939,0.19229,0.14005,0.10528,0.08181,0.06123,0.05038,0.03928,0.02973,0.02073,686.48505,0.00403,0.0033,0.00348,0.00326,0.00304,0.00295,0.0028,0.00279,0.00272,686.48895,0.001,9.47E-04,9.11E-04,9.78E-04,8.78E-04,9.97E-04,9.60E-04,9.23E-04,8.71E-04,686.50635,0.00796,0.00791,0.00899,0.00801,0.00925,0.0078,0.0099,0.00957,0.00798,326.4939,0.10781,0.08,0.05951,0.04501,0.03424,0.02667,0.02118,0.01599,0.01097,686.48505,0.00312,0.00284,0.00279,0.00211,0.0026,0.00257,0.00181,0.0018,0.00199,686.48895,0.00358,0.00331,0.00318,0.00332,0.00339,0.00327,0.00246,0.00283,0.00229,686.50635,0.00216,0.00172,0.00219,0.00182,0.00241,0.00321,0.00272,0.00258,0.00236
325.98642,0.20374,0.15119,0.11247,0.08507,0.06472,0.0504,0.04003,0.03022,0.02125,686.01569,0.00411,0.0033,0.00353,0.00327,0.00304,0.00357,0.0028,0.00279,0.00272,685.98358,0.001,9.47E-04,9.11E-04,9.78E-04,8.88E-04,9.95E-04,9.60E-04,0.00102,8.93E-04,686.00073,0.00796,0.00798,0.00899,0.00801,0.00925,0.00982,0.00977,0.00957,0.00798,325.98642,0.11316,0.08328,0.06192,0.05453,0.03524,0.02666,0.02175,0.01667,0.01124,686.01569,0.00265,0.00196,0.00165,0.00169,0.00239,0.0019,7.42E-04,0.00174,0.00176,685.98358,0.0028,0.00348,0.00153,0.00251,0.00192,0.00314,0.00267,0.00262,0.00241,686.00073,0.00171,0.00194,0.00193,0.00158,0.00199,0.00168,0.00232,0.00183,9.81E-04
325.51797,0.21385,0.15738,0.11702,0.09711,0.06659,0.0504,0.0411,0.0315,0.02125,685.51013,0.00411,0.00392,0.00353,0.00327,0.0037,0.00357,0.0028,0.00279,0.00309,685.51416,0.00109,0.0012,0.00103,0.00113,0.00126,9.97E-04,9.59E-04,0.00105,9.41E-04,685.495,0.00787,0.00791,0.00889,0.00849,0.00882,0.00983,0.00977,0.00945,0.00739,325.51797,0.11832,0.0888,0.06561,0.05138,0.03742,0.02886,0.02325,0.0192,0.01178,685.51013,0.00224,0.00253,0.00228,0.00352,0.00197,0.00231,0.00303,0.00227,0.0025,685.51416,0.00214,0.00243,0.00263,0.00289,0.00385,0.00256,0.0032,0.0027,0.00304,685.495,0.00169,0.0017,0.00191,0.00228,0.00189,0.00211,0.00205,0.00206,0.00172
325.01044,0.22361,0.16782,0.12399,0.10262,0.07072,0.05454,0.04285,0.03337,0.02226,685.00458,0.00411,0.00392,0.00353,0.00375,0.0037,0.00357,0.00377,0.00352,0.00306,685.00861,0.00109,0.0012,0.00103,0.0011,0.00126,9.97E-04,9.59E-04,0.00102,0.00108,684.98914,0.00686,0.00697,0.00867,0.00851,0.00855,0.0078,0.00953,0.00849,0.00739,325.01044,0.12503,0.0921,0.0686,0.0543,0.0394,0.02952,0.02268,0.01766,0.01214,685.00458,0.00299,0.00264,0.00293,0.00341,0.00312,0.00258,0.00344,0.0036,0.00234,685.00861,0.00337,0.0038,0.00351,0.00335,0.00338,0.00255,0.00206,0.00347,0.00345,684.98914,0.00241,0.0028,0.00234,0.00263,0.0029,0.00268,0.0021,0.00277,0.00231
324.5029,0.2363,0.17406,0.12964,0.10262,0.07445,0.05578,0.04394,0.03387,0.02292,684.49884,0.00427,0.00409,0.00359,0.00386,0.00387,0.00399,0.00424,0.00357,0.00363,684.50299,0.00131,0.00111,0.00121,0.00113,0.0013,9.95E-04,9.59E-04,0.00105,0.00118,684.48328,0.00686,0.00697,0.00867,0.01044,0.00533,0.00689,0.00604,0.00945,0.00745,324.5029,0.12877,0.09543,0.07166,0.0543,0.04,0.03032,0.02341,0.01792,0.01213,684.49884,0.00362,0.00285,0.00343,0.00242,0.00287,0.00264,0.00305,0.0023,0.00354,684.50299,0.00412,0.00308,0.00325,0.00322,0.00322,0.00326,0.00246,0.00323,0.00276,684.48328,8.58E-04,0.0015,0.00167,0.0024,0.00184,0.00238,0.00253,0.00203,0.00159
323.99533,0.24336,0.18035,0.13544,0.10262,0.07559,0.0573,0.04424,0.03387,0.02294,683.9931,0.00438,0.00442,0.00454,0.00386,0.00444,0.00399,0.00424,0.00447,0.00363,683.99731,0.00131,0.00111,0.00121,0.00122,0.0013,9.95E-04,9.59E-04,0.00107,0.00108,684.01343,0.00686,0.00697,0.00867,0.01044,0.00533,0.00689,0.00604,0.00945,0.00745,323.99533,0.13609,0.10294,0.07357,0.05511,0.0448,0.03129,0.02394,0.01843,0.01289,683.9931,0.00283,0.00303,0.00232,0.0028,0.00287,0.00276,0.00243,0.00288,0.00198,683.99731,0.00387,0.0037,0.00336,0.00283,0.00332,0.00265,0.00293,0.00228,0.00325,684.01343,0.00147,0.00102,0.00186,0.00183,8.37E-04,0.00148,9.37E-04,0.00129,0.0016
323.48767,0.25719,0.19343,0.13904,0.10416,0.08466,0.05913,0.04524,0.03484,0.02325,683.48724,0.00427,0.00442,0.00435,0.00386,0.00444,0.00408,0.00424,0.00444,0.00399,683.49152,0.00141,0.00111,0.0012,0.00122,0.00126,9.74E-04,0.00114,0.00107,9.51E-04,683.50732,0.00528,0.0069,0.00802,0.01044,0.00533,0.00689,0.00604,0.00945,0.00745,323.48767,0.13816,0.10235,0.07644,0.05677,0.04718,0.03256,0.02466,0.0193,0.01233,683.48724,0.00276,0.00338,0.00298,0.00249,0.0025,0.00374,0.00273,0.00324,0.0037,683.49152,0.00363,0.00285,0.0031,0.00353,0.00409,0.0025,0.00307,0.00275,0.00356,683.50732,0.00155,0.00153,0.00205,0.00224,0.00115,0.00145,0.0013,0.00205,0.00191
323.01907,0.2611,0.19455,0.14446,0.10729,0.08736,0.06153,0.04661,0.03648,0.0233,683.01746,0.00427,0.0047,0.00435,0.00399,0.00387,0.00428,0.00409,0.00447,0.00399,682.9856,0.00129,0.00111,9.47E-04,0.0011,0.00124,9.08E-04,0.0012,8.89E-04,8.14E-04,683.00128,0.00528,0.0069,0.00802,0.00851,0.0047,0.00677,0.00436,0.00863,0.0083,323.01907,0.14203,0.10459,0.08156,0.05886,0.04675,0.03343,0.02526,0.02104,0.0123,683.01746,0.00345,0.00322,0.00308,0.00311,0.00311,0.00256,0.00284,0.00322,0.00258,682.9856,0.00332,0.00223,0.00308,0.00312,0.00349,0.003,0.00324,0.00286,0.00244,683.00128,0.00174,0.00185,0.00258,0.00288,0.00222,0.00226,0.00245,0.0022,0.00202
322.51138,0.26843,0.19766,0.15415,0.11124,0.0878,0.06318,0.04774,0.03792,0.0233,682.51141,0.00427,0.00489,0.00462,0.00386,0.00381,0.00397,0.00409,0.00444,0.00399,682.51575,0.00129,0.00111,9.47E-04,0.00116,0.00121,9.08E-04,0.00122,0.00104,7.15E-04,682.49506,0.00528,0.0069,0.00802,0.00793,0.00533,0.00677,0.00591,0.00863,0.0083,322.51138,0.14664,0.10881,0.08318,0.06075,0.04646,0.03464,0.02658,0.02007,0.0129,682.51141,0.00244,0.00224,0.00281,0.00258,0.00306,0.00283,0.0029,0.00287,0.00324,682.51575,0.00393,0.00319,0.00243,0.00312,0.00317,0.00233,0.00332,0.00307,0.00209,682.49506,0.00114,0.00148,0.00172,0.00237,0.00219,0.00233,0.00137,0.00225,0.00179
322.00366,0.27714,0.20563,0.1572,0.11481,0.0878,0.06546,0.05024,0.03881,0.02438,682.00531,0.00377,0.0045,0.00435,0.00392,0.00378,0.00299,0.00379,0.00327,0.00386,682.0097,0.00129,0.00124,9.47E-04,0.00115,0.00121,9.08E-04,0.00126,0.00104,7.15E-04,681.98877,0.00385,0.00345,0.00802,0.00533,0.00655,0.00635,0.00591,0.00543,0.00591,322.00366,0.15229,0.11186,0.08343,0.0623,0.04623,0.03521,0.02665,0.02053,0.01572,682.00531,0.00303,0.00343,0.00323,0.00353,0.00246,0.00316,0.00264,0.00322,0.00362,682.0097,0.00277,0.00324,0.00179,0.00215,0.00292,0.00183,0.00332,0.00189,0.00171,681.98877,5.22E-04,0.00173,0.00148,0.00115,0.00101,9.30E-04,6.08E-04,0.00186,0.00178
321.49594,0.28781,0.21141,0.15768,0.11774,0.0878,0.06654,0.05036,0.03881,0.02514,681.49915,0.00377,0.00348,0.00435,0.00392,0.00378,0.00299,0.00379,0.00327,0.00386,681.5036,0.00108,0.00124,9.39E-04,8.57E-04,0.00114,7.87E-04,0.00122,7.38E-04,7.15E-04,681.48236,0.00385,0.00345,0.00687,0.00533,0.00655,0.00635,0.00591,0.00543,0.00591,321.49594,0.1571,0.11626,0.08995,0.0641,0.0476,0.03664,0.02802,0.0209,0.0133,681.49915,0.00341,0.00315,0.00341,0.00246,0.00244,0.00177,0.00245,0.00211,0.00213,681.5036,0.00397,0.00332,0.00296,0.00296,0.00311,0.00277,0.00314,0.00266,0.00183,681.48236,0.00117,7.41E-04,0.00186,0.0017,0.00141,0.00168,0.00127,0.00102,0.00127
320.98813,0.29691,0.21972,0.17,0.12114,0.08996,0.06925,0.0525,0.03949,0.02555,680.99298,0.00458,0.0045,0.00456,0.00392,0.00378,0.00299,0.00379,0.00327,0.00329,680.99738,0.00108,0.00126,9.39E-04,8.57E-04,0.0011,7.87E-04,0.0012,7.38E-04,7.15E-04,681.01208,0.00385,0.00345,0.00687,0.00533,0.00655,0.00635,0.00591,0.00543,0.00591,320.98813,0.16059,0.11883,0.09035,0.06611,0.04861,0.03742,0.02778,0.02145,0.01352,680.99298,0.00217,0.0029,0.00192,0.00253,0.00239,0.00193,0.00161,0.00166,0.00249,680.99738,0.00413,0.00425,0.00399,0.00295,0.00314,0.0037,0.00382,0.00313,0.00282,681.01208,8.28E-04,6.95E-04,0.00185,0.00114,0.00195,0.00137,0.00144,0.00117,0.00107
320.51941,0.30351,0.22458,0.17075,0.12494,0.09187,0.07072,0.05296,0.04055,0.02555,680.48663,0.00458,0.0045,0.00456,0.00392,0.00378,0.00299,0.00379,0.00327,0.00329,680.49115,0.00108,0.00117,0.00109,9.49E-04,0.00102,7.87E-04,0.00112,9.80E-04,8.95E-04,680.50555,0.00544,0.00345,0.00823,0.00793,0.00655,0.00779,0.00672,0.00543,0.00522,320.51941,0.16534,0.12198,0.09078,0.06875,0.05071,0.03923,0.02907,0.02215,0.01557,680.48663,0.00322,0.00209,0.00302,0.00284,0.00245,0.00304,0.00296,0.00251,0.00251,680.49115,0.00277,0.00292,0.00241,0.0022,0.00262,0.00202,0.00184,0.00184,0.00229,680.50555,0.00144,0.0022,0.00134,0.00216,0.00202,0.00173,0.00232,0.00161,0.00152
320.01157,0.31247,0.23053,0.17156,0.12993,0.09584,0.07367,0.05494,0.04186,0.026,680.01636,0.00457,0.0045,0.00456,0.00392,0.00379,0.00334,0.00295,0.00307,0.00373,679.9848,0.00108,0.00117,0.00109,9.49E-04,0.00102,7.87E-04,8.79E-04,9.80E-04,8.95E-04,679.99896,0.00579,0.0049,0.00635,0.00533,0.00544,0.0077,0.00672,0.00543,0.00496,320.01157,0.17019,0.12768,0.09341,0.06935,0.05283,0.03898,0.0292,0.02287,0.014,680.01636,0.00296,0.0034,0.00294,0.00283,0.00278,0.00216,0.00313,0.00267,0.00203,679.9848,0.00251,0.00325,0.0028,0.00368,0.00281,0.00268,0.00308,0.00251,0.003,679.99896,0.00226,0.00235,0.00234,0.00206,0.00196,0.00186,0.00199,0.00227,0.00199
319.50366,0.32164,0.24131,0.17653,0.13106,0.09963,0.07414,0.05518,0.0428,0.02646,679.50989,0.00458,0.00503,0.00468,0.00439,0.0043,0.00403,0.00459,0.00387,0.00373,679.51453,0.00108,0.00117,0.00109,9.49E-04,0.00102,7.87E-04,8.79E-04,9.80E-04,8.95E-04,679.49225,0.00647,0.00655,0.00635,0.00835,0.00544,0.0077,0.00714,0.00655,0.00522,319.50366,0.17388,0.13241,0.09469,0.07176,0.05272,0.04502,0.02993,0.02264,0.01376,679.50989,0.00344,0.00325,0.00305,0.00289,0.00283,0.0026,0.0031,0.0025,0.00241,679.51453,0.00337,0.00301,0.00316,0.00243,0.00253,0.00191,0.00286,0.00259,0.00233,679.49225,0.00125,0.00143,0.00177,0.00179,0.00117,0.00192,0.00153,0.00226,0.00112
318.99576,0.32861,0.24673,0.17896,0.13562,0.09985,0.07872,0.05656,0.04321,0.02646,679.0033,0.00458,0.00503,0.00473,0.00439,0.00438,0.00403,0.00469,0.00387,0.00373,679.00806,0.00109,0.00117,0.00109,0.00103,0.001,9.53E-04,0.00112,0.00101,9.10E-04,678.98547,0.00647,0.0049,0.00823,0.00835,0.00544,0.0077,0.00714,0.00655,0.00522,318.99576,0.17836,0.13055,0.0988,0.07532,0.05416,0.04331,0.03062,0.02295,0.01469,679.0033,0.00295,0.00357,0.00335,0.00214,0.00304,0.00299,0.00191,0.00198,0.00249,679.00806,0.00281,0.00363,0.00323,0.00335,0.00309,0.00244,0.00225,0.00303,0.00225,678.98547,0.00139,0.00105,0.00136,0.00101,8.01E-04,0.00166,7.47E-04,0.00115,7.66E-04
318.48782,0.33709,0.25025,0.18673,0.14234,0.10236,0.07911,0.05787,0.04338,0.02776,678.49664,0.00486,0.00428,0.00473,0.00443,0.00471,0.00403,0.00469,0.00387,0.00386,678.5014,0.00113,0.00108,8.97E-04,9.49E-04,0.001,9.53E-04,9.82E-04,0.00101,9.10E-04,678.51483,0.00647,0.0049,0.00823,0.00835,0.00544,0.00736,0.00629,0.00534,0.00522,318.48782,0.18227,0.1356,0.0997,0.07552,0.05778,0.04186,0.03286,0.02598,0.01569,678.49664,0.00314,0.00391,0.00324,0.00291,0.0032,0.00323,0.00303,0.00278,0.00304,678.5014,0.00377,0.0031,0.00315,0.00265,0.00328,0.00338,0.00316,0.00298,0.00247,678.51483,0.00185,0.00141,0.00197,0.00244,0.00148,0.00111,0.00162,0.00141,0.00167
318.01892,0.34448,0.25626,0.18843,0.14272,0.10639,0.07911,0.05987,0.04501,0.02829,677.98993,0.00458,0.00428,0.00502,0.00426,0.00471,0.00452,0.00469,0.00422,0.00402,677.99475,0.00113,0.00108,8.97E-04,9.83E-04,0.00104,9.56E-04,9.82E-04,0.00106,9.64E-04,678.00793,0.008,0.0049,0.00881,0.00973,0.00686,0.00674,0.00572,0.00534,0.00776,318.01892,0.18596,0.13719,0.10139,0.07556,0.0563,0.04166,0.03168,0.02382,0.01654,677.98993,0.0037,0.00276,0.00344,0.00286,0.0031,0.00261,0.00341,0.00273,0.00317,677.99475,0.00288,0.00276,0.0023,0.00286,0.00257,0.00245,0.00297,0.00271,0.00296,678.00793,0.00185,0.00104,0.00201,0.0025,0.00233,0.00243,0.00263,0.00246,0.00189
317.51093,0.35144,0.25928,0.19161,0.1428,0.1092,0.07911,0.0613,0.04606,0.02875,677.48309,0.00486,0.00428,0.00392,0.00426,0.00397,0.00452,0.00469,0.00431,0.00402,677.48798,0.00124,0.00104,8.92E-04,8.40E-04,0.00104,9.56E-04,9.82E-04,0.00103,9.83E-04,677.50092,0.008,0.00541,0.00914,0.00973,0.00724,0.00674,0.00572,0.00655,0.00807,317.51093,0.19151,0.14059,0.1048,0.07753,0.059,0.04348,0.03244,0.02437,0.01521,677.48309,0.00346,0.00243,0.00252,0.00354,0.00388,0.00338,0.00344,0.00311,0.00335,677.48798,0.00357,0.00266,0.00218,0.00215,0.00268,0.00261,0.00252,0.0023,0.00265,677.50092,0.00172,0.00116,0.00241,0.0024,0.00249,0.00158,0.00135,9.38E-04,0.00173
317.00287,0.36193,0.2657,0.19807,0.14653,0.1109,0.08218,0.0613,0.04606,0.02875,677.01245,0.00536,0.00428,0.00392,0.00426,0.00397,0.00452,0.00463,0.00464,0.00402,677.01739,0.00124,0.00104,8.92E-04,8.40E-04,0.00104,9.56E-04,9.75E-04,0.00103,9.83E-04,676.99384,0.008,0.00541,0.00934,0.00656,0.00724,0.00674,0.00451,0.00573,0.00807,317.00287,0.19611,0.14508,0.10648,0.07993,0.05868,0.05008,0.03464,0.02711,0.01497,677.01245,0.00296,0.00299,0.0034,0.00275,0.00239,0.00292,0.00335,0.00299,0.0026,677.01739,0.004,0.0032,0.00308,0.00252,0.00339,0.00263,0.00303,0.00313,0.00296,676.99384,0.00183,0.0022,0.00189,0.00209,0.00156,0.00145,0.00123,0.00156,0.00181
316.49481,0.37063,0.27419,0.20124,0.15106,0.1115,0.08577,0.06401,0.04863,0.02875,676.50549,0.00536,0.00382,0.00392,0.00426,0.00397,0.00452,0.00387,0.00464,0.00402,676.5105,0.00139,0.00104,8.92E-04,8.40E-04,0.00104,0.00102,9.75E-04,8.97E-04,9.83E-04,676.48669,0.008,0.00679,0.00881,0.00656,0.00724,0.00674,0.00451,0.00573,0.00741,316.49481,0.20273,0.14832,0.11048,0.08194,0.06048,0.04538,0.03387,0.02573,0.01599,676.50549,0.00362,0.00396,0.00253,0.00275,0.00257,0.00376,0.00299,0.00338,0.00248,676.5105,0.00319,0.00191,0.00229,0.00215,0.00268,0.00217,0.00197,0.00263,0.00252,676.48669,0.00116,0.00209,0.00212,0.00141,0.00157,0.00181,6.28E-04,0.00162,0.00187
315.98669,0.38313,0.28031,0.20879,0.15485,0.11431,0.09045,0.06546,0.05117,0.02992,675.99847,0.00458,0.00403,0.00392,0.00406,0.0037,0.00418,0.00343,0.00444,0.00384,676.00348,0.00124,0.0012,8.92E-04,8.40E-04,0.00104,8.47E-04,9.03E-04,0.00103,8.89E-04,676.01569,0.0085,0.0092,0.00881,0.00656,0.00724,0.00674,0.00451,0.00724,0.00741,315.98669,0.20735,0.15221,0.11864,0.08792,0.06186,0.04806,0.03464,0.02739,0.01583,675.99847,0.00365,0.0037,0.00308,0.00339,0.00332,0.00311,0.0025,0.00326,0.00313,676.00348,0.00381,0.00343,0.00305,0.00365,0.00268,0.00274,0.0025,0.00282,0.00228,676.01569,0.00215,0.00146,0.00208,0.00141,0.00144,0.00112,9.69E-04,0.00123,0.00128
315.51767,0.39187,0.28765,0.21779,0.16615,0.11692,0.09045,0.06546,0.05117,0.03022,675.49133,0.00426,0.00403,0.00392,0.00406,0.00369,0.00403,0.0031,0.00382,0.00375,675.4964,0.00124,0.00107,8.92E-04,8.40E-04,0.00104,8.47E-04,7.95E-04,0.00103,8.89E-04,675.50836,0.00882,0.00717,0.00969,0.00656,0.00668,0.0067,0.00451,0.00753,0.00741,315.51767,0.21145,0.15592,0.11524,0.09233,0.06476,0.04786,0.03551,0.02708,0.0168,675.49133,0.00368,0.00246,0.00318,0.00262,0.00257,0.0027,0.00221,0.00287,0.0034,675.4964,0.00393,0.00335,0.00305,0.00373,0.00307,0.00386,0.00297,0.00195,0.00323,675.50836,0.00208,0.00207,0.00152,0.00232,0.00219,0.00239,0.00171,0.00181,0.00159
315.00952,0.39962,0.29467,0.22178,0.16653,0.12233,0.09082,0.06712,0.05143,0.03065,674.98413,0.00426,0.00403,0.00356,0.00406,0.00369,0.00403,0.0031,0.00367,0.00375,674.98932,0.00114,0.0012,9.86E-04,0.00102,0.00107,0.00107,9.03E-04,8.61E-04,8.89E-04,675.00092,0.00882,0.00679,0.00743,0.00851,0.00613,0.00665,0.0067,0.00758,0.00701,315.00952,0.21869,0.15827,0.11735,0.08812,0.06473,0.04941,0.03561,0.02721,0.01622,674.98413,0.00275,0.0026,0.0023,0.0022,0.00239,0.00182,0.0018,0.00205,0.00242,674.98932,0.0024,0.00309,0.00213,0.00211,0.00275,0.00208,0.00231,0.00294,0.0017,675.00092,0.0019,0.00198,0.00279,0.00201,0.00227,0.00302,0.00144,0.00168,0.0018
314.50131,0.41331,0.29912,0.22178,0.16729,0.1224,0.09273,0.0673,0.05143,0.03084,674.51306,0.00386,0.00382,0.00356,0.00341,0.00369,0.00403,0.00278,0.00342,0.00369,674.48206,0.00114,0.0012,9.86E-04,8.41E-04,0.00107,9.41E-04,8.25E-04,8.61E-04,0.00102,674.49347,0.00882,0.00717,0.00743,0.00851,0.00613,0.0067,0.0079,0.00783,0.00741,314.50131,0.22123,0.1608,0.11933,0.08852,0.06544,0.04907,0.04737,0.02746,0.01632,674.51306,0.00249,0.00388,0.00324,0.00266,0.00161,0.00261,0.002,0.00247,0.00197,674.48206,0.00351,0.00274,0.00253,0.00284,0.00306,0.00348,0.00204,0.00319,0.00261,674.49347,0.00246,0.00154,0.0021,0.00218,0.00129,0.00144,0.00199,0.00244,0.00196
313.99307,0.4181,0.30389,0.22552,0.16729,0.12368,0.09338,0.07071,0.05189,0.03084,674.0058,0.00341,0.00349,0.00356,0.00335,0.00322,0.00312,0.00263,0.00317,0.00305,674.01099,0.00114,0.0012,9.86E-04,8.41E-04,0.00107,8.98E-04,8.25E-04,9.22E-04,8.23E-04,673.9859,0.00882,0.00717,0.00976,0.00851,0.00613,0.0067,0.0079,0.00783,0.00835,313.99307,0.22377,0.16431,0.12162,0.09122,0.0668,0.05443,0.03742,0.02843,0.01711,674.0058,0.00293,0.00289,0.00229,0.00326,0.00289,0.00274,0.00231,0.00237,0.00259,674.01099,0.00291,0.0036,0.0026,0.00262,0.00334,0.00316,0.00291,0.00221,0.00495,673.9859,0.00176,0.0012,0.0016,0.00183,0.00132,0.00143,0.00191,0.00163,0.00151
313.4848,0.42291,0.31052,0.22984,0.1724,0.12624,0.09651,0.07085,0.05373,0.03213,673.49835,0.00341,0.00349,0.00354,0.00334,0.00322,0.00376,0.00263,0.00308,0.00305,673.5036,0.00128,0.00121,0.00101,0.00102,0.00114,9.41E-04,8.25E-04,9.22E-04,0.00102,673.51453,0.00952,0.00561,0.00976,0.00851,0.00613,0.0067,0.00887,0.00866,0.00857,313.4848,0.22772,0.16719,0.12365,0.09237,0.0681,0.05107,0.03749,0.02848,0.01701,673.49835,0.00215,0.00198,0.00281,0.00209,0.00252,0.00279,0.00151,0.00221,0.00238,673.5036,0.00327,0.00379,0.00295,0.00216,0.00262,0.00241,0.00212,0.00315,0.00349,673.51453,0.00214,0.00199,0.00232,0.00155,0.00238,0.00161,0.0017,0.002,0.00229
313.01563,0.43037,0.31597,0.23369,0.17457,0.12871,0.09658,0.07085,0.05383,0.03214,672.99084,0.00341,0.00349,0.00354,0.00325,0.0038,0.00376,0.00263,0.00284,0.00344,672.99615,0.00128,0.00121,0.00115,0.00102,0.00102,9.41E-04,0.00106,9.22E-04,9.24E-04,673.00677,0.00859,0.00561,0.00964,0.00851,0.01021,0.00747,0.00887,0.00835,0.00857,313.01563,0.23168,0.17082,0.12541,0.09325,0.06892,0.0511,0.03836,0.02922,0.017,672.99084,0.0022,0.00225,0.00234,0.00216,0.00208,0.00202,0.0017,0.00167,0.0012,672.99615,0.00354,0.0031,0.00359,0.00351,0.00319,0.0023,0.00271,0.00236,0.00211,673.00677,0.00223,0.00165,0.00212,0.0023,0.00282,0.00208,0.00272,0.00237,0.00242
312.50729,0.43785,0.32284,0.23701,0.17623,0.13025,0.09658,0.0725,0.05522,0.03214,672.48322,0.00341,0.00349,0.00362,0.00325,0.0038,0.00312,0.00263,0.00284,0.00344,672.48865,0.00128,0.00121,0.00115,9.87E-04,0.00102,9.41E-04,0.00106,9.55E-04,8.83E-04,672.49902,0.00859,0.00707,0.00964,0.00828,0.01021,0.00749,0.00793,0.00856,0.01033,312.50729,0.23688,0.17261,0.1326,0.09464,0.07001,0.05278,0.03903,0.02952,0.01717,672.48322,0.00273,0.00256,0.00183,0.00216,0.00245,0.00243,0.00244,0.00199,0.00222,672.48865,0.00386,0.00356,0.00344,0.00333,0.00292,0.00291,0.003,0.00245,0.00323,672.49902,0.00205,0.00104,0.00293,0.00267,0.00245,0.00215,0.00213,0.00186,0.00184
311.99893,0.44767,0.32621,0.24558,0.17887,0.13231,0.09937,0.07376,0.05572,0.03246,672.01184,0.00423,0.00396,0.00362,0.00334,0.00333,0.00312,0.00358,0.00284,0.00344,672.01727,0.00128,0.00117,0.00103,0.00105,9.67E-04,8.98E-04,0.00106,9.22E-04,8.23E-04,671.99115,0.00859,0.00568,0.00888,0.00872,0.00756,0.00772,0.00793,0.00835,0.01033,311.99893,0.24194,0.17497,0.12994,0.09643,0.07079,0.05258,0.03951,0.02948,0.01721,672.01184,0.00299,0.00287,0.00258,0.0021,0.00259,0.00257,0.00276,0.00184,0.00292,672.01727,0.00329,0.0027,0.00298,0.00288,0.0022,0.00331,0.00304,0.0025,0.00237,671.99115,0.00185,0.00184,0.00207,0.00261,0.00219,0.00161,0.00197,0.00179,0.00222
311.49057,0.45724,0.33067,0.24809,0.18225,0.13378,0.09975,0.07468,0.05579,0.03252,671.50409,0.00433,0.00444,0.00352,0.00334,0.0038,0.00327,0.00378,0.00308,0.00379,671.50958,0.00128,0.00115,0.00103,0.00105,9.67E-04,0.00111,8.72E-04,9.55E-04,8.83E-04,671.48315,0.00718,0.00568,0.00584,0.00828,0.00756,0.00749,0.00793,0.00638,0.00981,311.49057,0.2434,0.17712,0.13127,0.09788,0.07271,0.05338,0.03961,0.03019,0.01872,671.50409,0.00279,0.0032,0.00256,0.00274,0.00289,0.00201,0.00231,0.00215,0.00245,671.50958,0.00342,0.00324,0.00263,0.00253,0.00289,0.00309,0.00328,0.00266,0.00226,671.48315,0.00125,0.00152,0.00191,0.00178,0.00163,0.00206,0.0017,0.00184,0.00229
310.98215,0.45999,0.33474,0.24809,0.18499,0.13697,0.10088,0.07486,0.05698,0.03342,670.99622,0.00433,0.00446,0.00379,0.00336,0.00369,0.00311,0.00358,0.00308,0.00391,671.00177,0.00128,0.00115,0.00103,0.00105,9.67E-04,0.00111,8.72E-04,9.75E-04,8.83E-04,671.01141,0.00718,0.00707,0.00584,0.00625,0.00756,0.00749,0.00752,0.00638,0.00981,310.98215,0.24385,0.17883,0.13345,0.0982,0.07247,0.05539,0.04044,0.03015,0.01816,670.99622,0.00334,0.00293,0.00327,0.00349,0.00215,0.00211,0.00259,0.00328,0.00272,671.00177,0.00253,0.00299,0.00205,0.00269,0.00248,0.00225,0.00224,0.00192,0.00191,671.01141,0.00204,0.00122,0.00112,0.00187,0.00104,0.00166,0.00162,0.00137,0.00241
310.51285,0.46085,0.33796,0.25221,0.18559,0.13741,0.10249,0.0763,0.05706,0.03394,670.48834,0.00433,0.00454,0.00379,0.00425,0.00369,0.00311,0.00358,0.00333,0.00379,670.4939,0.00133,0.00117,0.00103,0.00105,0.00103,0.00111,8.72E-04,0.00104,8.83E-04,670.5033,0.00718,0.00615,0.00522,0.00625,0.00574,0.00677,0.00526,0.00638,0.00701,310.51285,0.24562,0.18079,0.13391,0.09961,0.07336,0.05423,0.04087,0.03049,0.01768,670.48834,0.00355,0.00315,0.00227,0.003,0.00248,0.00297,0.00301,0.00222,0.00349,670.4939,0.00412,0.00294,0.00328,0.00274,0.004,0.00285,0.00214,0.00294,0.00292,670.5033,0.00154,0.00198,0.00126,0.00106,0.00172,0.00124,0.00196,0.00125,0.00211
310.00433,0.46419,0.34168,0.25308,0.1882,0.13864,0.10274,0.07642,0.05741,0.03394,670.01666,0.00455,0.00454,0.00379,0.00465,0.00369,0.00325,0.00396,0.00344,0.00391,669.98596,0.00126,0.00117,0.00105,0.00107,9.67E-04,9.88E-04,8.72E-04,0.00101,0.0011,669.99512,0.00718,0.00615,0.00486,0.00536,0.00574,0.00601,0.00505,0.00581,0.00675,310.00433,0.24859,0.18651,0.1368,0.09958,0.07342,0.05436,0.04037,0.03059,0.01796,670.01666,0.00262,0.00288,0.00245,0.00217,0.00238,0.00151,0.00209,0.00199,0.00253,669.98596,0.0035,0.00356,0.00321,0.00274,0.00263,0.00317,0.00263,0.00287,0.0037,669.99512,0.00173,0.0018,0.00136,0.00134,0.00163,0.00196,0.00113,0.00221,0.00145
309.49582,0.4698,0.34549,0.25854,0.18825,0.13876,0.10274,0.07723,0.05762,0.03394,669.50861,0.00455,0.00446,0.00379,0.00465,0.00384,0.00325,0.00396,0.00344,0.00391,669.51434,0.00126,0.00115,0.00111,0.00107,0.00103,0.00111,8.84E-04,0.00101,0.0011,669.48688,0.00568,0.00736,0.00486,0.00536,0.00574,0.00579,0.00505,0.00446,0.00675,309.49582,0.24904,0.18281,0.14116,0.1003,0.07364,0.05558,0.04107,0.03038,0.01912,669.50861,0.00294,0.00331,0.00295,0.0033,0.00252,0.0021,0.00256,0.0024,0.00225,669.51434,0.00404,0.00365,0.00343,0.00354,0.00302,0.00402,0.00353,0.00355,0.00344,669.48688,0.00165,0.00132,9.77E-04,0.00191,0.00123,0.00146,9.88E-04,0.00192,0.00151
308.9873,0.47065,0.34628,0.25854,0.18955,0.13917,0.10395,0.07762,0.05777,0.03446,669.00049,0.00455,0.00446,0.00457,0.0051,0.0039,0.00325,0.00396,0.00372,0.00391,669.00623,0.00116,0.00104,0.00111,0.00113,0.00103,0.00108,9.21E-04,0.00101,9.53E-04,669.01489,0.00512,0.00736,0.00455,0.00568,0.00574,0.00542,0.00505,0.00309,0.00675,308.9873,0.25045,0.18323,0.1389,0.10099,0.0759,0.055,0.04166,0.03057,0.01826,669.00049,0.00382,0.00373,0.00311,0.0033,0.00257,0.00381,0.00372,0.00317,0.00281,669.00623,0.00324,0.00321,0.00269,0.00289,0.00242,0.00253,0.00275,0.00259,0.00282,669.01489,0.0011,0.0021,0.00105,0.00115,0.00151,0.00129,0.00109,6.13E-04,0.00119
308.51782,0.47332,0.34628,0.25814,0.19054,0.14012,0.10395,0.07765,0.05777,0.03446,668.49231,0.00461,0.00434,0.00457,0.0051,0.00398,0.004,0.00396,0.00372,0.00426,668.49805,0.00116,0.00104,0.00111,0.00129,9.90E-04,9.88E-04,9.21E-04,7.84E-04,9.53E-04,668.50641,0.00417,0.00644,0.00455,0.00568,0.00574,0.00542,0.00505,0.00309,0.00551,308.51782,0.25167,0.18407,0.13849,0.10153,0.07573,0.05665,0.0416,0.03141,0.01823,668.49231,0.00387,0.0028,0.00357,0.00332,0.00359,0.00377,0.0039,0.00298,0.00304,668.49805,0.00298,0.00267,0.00285,0.00535,0.00291,0.00354,0.00227,0.00201,0.00244,668.50641,0.00122,0.00158,0.00157,0.00122,4.76E-04,0.00116,0.00172,9.59E-04,0.00167
308.00925,0.47544,0.34787,0.25814,0.19086,0.14108,0.10395,0.07765,0.05785,0.03446,667.98395,0.00461,0.00429,0.00446,0.00398,0.00398,0.004,0.0038,0.0031,0.00426,667.98981,0.00116,9.75E-04,0.00111,0.00115,9.68E-04,9.88E-04,9.21E-04,7.84E-04,9.53E-04,667.99799,0.00417,0.00644,0.00486,0.00568,0.00543,0.00542,0.00717,0.00309,0.00551,308.00925,0.25157,0.18591,0.13628,0.10082,0.07414,0.05504,0.04111,0.03259,0.0184,667.98395,0.00438,0.0039,0.00391,0.00356,0.00391,0.00268,0.00319,0.00394,0.00328,667.98981,0.00241,0.0025,0.00295,0.0033,0.00297,0.00277,0.00236,0.00296,0.00234,667.99799,7.66E-04,0.00172,9.79E-04,0.00183,0.00131,0.00116,0.00154,6.63E-04,0.00169
307.50058,0.47562,0.34975,0.25814,0.19116,0.14088,0.10403,0.07765,0.05798,0.03395,667.51184,0.00376,0.00418,0.00392,0.00398,0.00431,0.00273,0.00353,0.0031,0.00323,667.51776,0.00116,9.75E-04,0.00115,0.00119,9.90E-04,0.00108,9.21E-04,7.84E-04,9.53E-04,667.48938,0.00417,0.00644,0.00556,0.00568,0.00543,0.00542,0.00717,0.00446,0.00733,307.50058,0.25233,0.18578,0.13659,0.10121,0.07465,0.05492,0.04109,0.03068,0.01797,667.51184,0.00297,0.00277,0.00288,0.00257,0.00322,0.00258,0.00245,0.002,0.00275,667.51776,0.00343,0.00278,0.0046,0.00366,0.00254,0.00238,0.00283,0.00152,0.00256,667.48938,8.96E-04,0.00138,0.00167,0.00135,0.00202,0.00145,0.00216,0.00153,3.11E-04
306.99191,0.47688,0.34988,0.25814,0.19116,0.14088,0.10403,0.07765,0.05798,0.03395,667.00354,0.00376,0.00418,0.00392,0.00398,0.00397,0.00273,0.00327,0.0031,0.00323,667.00934,0.00116,9.75E-04,0.00126,0.00115,9.90E-04,9.32E-04,9.65E-04,8.05E-04,9.97E-04,667.01703,0.00417,0.00644,0.00556,0.00629,0.00609,0.00673,0.00649,0.0045,0.00632,306.99191,0.25402,0.18506,0.13722,0.10115,0.07558,0.05513,0.04066,0.03061,0.02162,667.00354,0.00243,0.00255,0.00253,0.00213,0.00178,0.00138,0.00228,0.00198,0.00131,667.00934,0.00297,0.0025,0.00329,0.00294,0.00248,0.00282,0.00247,0.00206,0.00281,667.01703,0.00157,4.88E-04,0.00128,0.002,0.00117,0.00211,0.0016,9.67E-04,0.00157
306.48322,0.47836,0.34988,0.25932,0.19127,0.14108,0.10414,0.07765,0.05785,0.03395,666.495,0.00376,0.00418,0.00392,0.00398,0.00397,0.00273,0.00327,0.0031,0.00323,666.50092,0.00117,9.75E-04,0.00126,0.00115,9.68E-04,9.32E-04,0.00106,8.05E-04,9.97E-04,666.5083,0.00721,0.00644,0.00593,0.00535,0.00684,0.00673,0.00649,0.00677,0.00397,306.48322,0.26202,0.18639,0.13736,0.10194,0.07455,0.05597,0.04126,0.03118,0.01796,666.495,0.00189,0.0027,0.00249,0.00274,0.00278,0.00176,0.00141,0.00265,0.00209,666.50092,0.00341,0.00346,0.00323,0.00305,0.00332,0.003,0.00289,0.00287,0.00303,666.5083,0.00155,0.0017,0.0012,7.37E-04,0.00206,0.0019,0.0014,0.00155,0.0016
306.01364,0.47908,0.34976,0.25959,0.19146,0.14088,0.10419,0.07695,0.05785,0.03438,665.98633,0.00376,0.00418,0.00392,0.00424,0.00397,0.00273,0.00327,0.00314,0.00323,665.99237,0.00117,9.75E-04,0.00126,0.00115,9.68E-04,0.00107,0.00102,8.79E-04,0.0011,665.99957,0.00721,0.0045,0.00556,0.0048,0.00545,0.00799,0.00502,0.00677,0.00632,306.01364,0.25351,0.18513,0.13736,0.10312,0.07507,0.05736,0.04531,0.03098,0.01819,665.98633,0.00259,0.00342,0.00282,0.00308,0.00256,0.00252,0.00211,0.00203,0.00304,665.99237,0.00301,0.00248,0.00359,0.00245,0.00324,0.00239,0.00345,0.00267,0.00366,665.99957,0.00159,0.0014,0.00226,0.00177,0.00156,0.00194,0.00108,0.00156,0.00136
305.50491,0.47908,0.34988,0.25959,0.19266,0.14088,0.10578,0.07749,0.05856,0.03438,665.51404,0.00401,0.00418,0.00389,0.00462,0.00431,0.00391,0.00327,0.0041,0.00376,665.4837,0.00126,0.00104,0.0012,9.55E-04,0.00112,0.001,0.00102,0.00101,8.00E-04,665.49066,3.99E-04,0.00654,0.00434,0.00449,0.00545,0.00622,0.00483,0.00677,0.00397,305.50491,0.25312,0.18886,0.13736,0.10337,0.07572,0.05511,0.04236,0.03037,0.01826,665.51404,0.00285,0.00368,0.00348,0.00298,0.0031,0.00296,0.00365,0.00345,0.00271,665.4837,0.00378,0.00267,0.00266,0.01326,0.00222,0.0032,0.00272,0.00225,0.00205,665.49066,0.00157,0.00145,0.00165,0.00115,0.00147,6.99E-04,0.00195,0.00146,8.52E-04
304.99612,0.47852,0.34987,0.25918,0.19398,0.14187,0.10462,0.07749,0.05808,0.03446,665.00525,0.00441,0.00415,0.00437,0.00476,0.00454,0.00425,0.00429,0.00425,0.00378,665.01141,0.00126,0.00104,0.0012,9.55E-04,9.99E-04,0.001,0.00102,0.00101,8.00E-04,665.01807,3.99E-04,0.00654,0.00434,0.0048,0.00401,0.00622,0.00483,0.00577,0.00397,304.99612,0.2535,0.18507,0.1379,0.10131,0.07442,0.05945,0.04072,0.03137,0.01873,665.00525,0.00353,0.00288,0.00332,0.00336,0.00293,0.0032,0.00298,0.00274,0.00243,665.01141,0.00337,0.00306,0.00342,0.00349,0.00287,0.00273,0.00261,0.00296,0.00339,665.01807,-1.39E-04,9.68E-04,6.40E-04,0.00103,0.00117,0.00172,7.51E-04,0.00156,0.00144
304.48727,0.47836,0.34987,0.25918,0.19398,0.14144,0.10414,0.07727,0.05761,0.03446,664.49646,0.00458,0.00415,0.00452,0.00479,0.00454,0.00436,0.00461,0.00425,0.00378,664.50262,0.00131,0.00115,0.0012,0.00129,9.99E-04,0.00107,0.00102,0.00101,8.00E-04,664.50903,3.99E-04,0.00608,0.00434,0.00449,0.00401,0.00496,0.00349,0.0053,0.00397,304.48727,0.25367,0.18515,0.13654,0.10264,0.0753,0.06051,0.041,0.0322,0.01824,664.49646,0.00295,0.00268,0.00251,0.0031,0.00309,0.0038,0.00319,0.00314,0.00281,664.50262,0.00322,0.00295,0.00308,0.00226,0.00296,0.00257,0.00247,0.0026,0.00156,664.50903,8.58E-05,0.00154,9.33E-04,9.66E-04,5.76E-04,0.00134,0.00104,0.00124,3.35E-04
304.01758,0.47801,0.34976,0.25918,0.19398,0.14065,0.1041,0.07727,0.05761,0.03297,663.98749,0.00458,0.00415,0.00452,0.00479,0.00416,0.00425,0.00429,0.00393,0.00376,663.99377,0.00126,0.00115,0.0012,8.82E-04,9.99E-04,0.001,9.63E-04,0.00101,8.72E-04,663.99994,3.99E-04,0.00608,0.00434,0.00449,0.00334,0.00496,0.00349,0.00512,0.0058,304.01758,0.2532,0.18513,0.13714,0.10289,0.07692,0.05536,0.04109,0.03073,0.01829,663.98749,0.00417,0.00235,0.00346,0.00325,0.00294,0.00274,0.00277,0.003,0.00244,663.99377,0.00351,0.00396,0.00332,0.00342,0.00256,0.00367,0.0031,0.00338,0.00306,663.99994,0.00167,0.00175,0.00169,0.0016,8.62E-04,0.00168,0.00127,0.00114,0.00145
303.5087,0.47801,0.34987,0.25804,0.19398,0.14033,0.10406,0.07727,0.05761,0.03297,663.51489,0.00395,0.00415,0.00406,0.00386,0.00368,0.00369,0.00429,0.00376,0.00307,663.4848,0.00115,0.00108,0.0012,8.82E-04,9.99E-04,0.001,8.60E-04,9.74E-04,8.72E-04,663.49072,0.00285,0.00608,0.00481,0.00449,0.00334,0.00496,0.00483,0.00457,0.0058,303.5087,0.25292,0.18598,0.13742,0.10362,0.07484,0.05508,0.04089,0.03048,0.01745,663.51489,0.00438,0.00338,0.00292,0.00332,0.00268,0.00282,0.00353,0.00243,0.00333,663.4848,0.00418,0.00354,0.00412,0.0033,0.00317,0.0039,0.00317,0.00375,0.00315,663.49072,6.33E-04,0.00131,0.0011,8.93E-05,0.00138,0.00107,7.09E-04,9.83E-04,0.00157
302.99979,0.478,0.34987,0.25734,0.19107,0.13975,0.10406,0.07727,0.05761,0.03297,663.00586,0.00353,0.00363,0.0044,0.00386,0.00368,0.00369,0.00327,0.0036,0.00307,663.01221,0.00106,0.00108,0.0012,0.00107,7.94E-04,9.07E-04,8.60E-04,9.02E-04,8.72E-04,663.01782,0.00294,0.00608,0.0051,0.00515,0.00401,0.00496,0.00524,0.00457,0.00608,302.99979,0.25293,0.18449,0.14046,0.1055,0.07425,0.05506,0.04097,0.02988,0.01742,663.00586,0.00255,0.00341,0.0031,0.00194,0.00232,0.00212,0.00211,0.00254,0.00185,663.01221,0.00271,0.00234,0.00263,0.00207,0.00204,0.00232,0.00211,0.00231,0.00223,663.01782,6.12E-04,0.00138,0.00118,0.00111,7.18E-04,7.59E-04,0.00113,0.0011,0.00125
302.49084,0.47588,0.34867,0.25716,0.18959,0.13936,0.10406,0.07647,0.05761,0.03297,662.4967,0.00353,0.00461,0.00406,0.00386,0.00361,0.00369,0.00327,0.0036,0.00307,662.50311,0.001,0.00108,0.00103,0.001,7.94E-04,9.07E-04,8.60E-04,8.90E-04,8.72E-04,662.50848,0.00294,0.00608,0.0051,0.00515,0.00644,0.00496,0.00524,0.00457,0.0058,302.49084,0.25374,0.18543,0.13616,0.1011,0.07394,0.05439,0.04026,0.0305,0.018,662.4967,0.00228,0.00298,0.00262,0.00249,0.00238,0.00238,0.00331,0.00225,0.00198,662.50311,0.00294,0.00276,0.00407,0.00273,0.00283,0.00308,0.00221,0.0025,0.00266,662.50848,7.85E-04,0.00126,0.00103,0.00119,0.00164,0.0011,0.00153,6.36E-04,0.00131
301.98187,0.47588,0.34796,0.25569,0.18843,0.13936,0.10406,0.07647,0.05764,0.03319,661.98749,0.00353,0.00461,0.00406,0.00386,0.00361,0.00369,0.00327,0.0036,0.00307,661.99396,0.001,9.45E-04,0.00103,9.47E-04,7.94E-04,8.79E-04,8.60E-04,8.90E-04,8.72E-04,661.99908,0.00365,0.00629,0.0055,0.00552,0.0068,0.00513,0.00677,0.00512,0.0058,301.98187,0.2518,0.186,0.13607,0.10032,0.07374,0.05607,0.04189,0.03057,0.01756,661.98749,0.00227,0.00224,0.00284,0.0031,0.00242,0.00299,0.00146,0.00232,0.00213,661.99396,0.00256,0.00285,0.00306,0.00309,0.00191,0.00224,0.00243,0.00171,0.00166,661.99908,0.00177,0.00162,0.00174,0.00146,0.00184,0.00176,0.00148,0.0017,0.00141
301.51205,0.47418,0.34628,0.25569,0.18811,0.13843,0.10291,0.07647,0.05778,0.03326,661.51453,0.00353,0.00461,0.00398,0.00389,0.00365,0.00369,0.00396,0.0036,0.00329,661.48468,0.001,0.00108,0.00109,0.001,9.37E-04,8.79E-04,9.48E-04,8.90E-04,8.76E-04,661.48956,0.00621,0.00629,0.00738,0.00681,0.00748,0.00635,0.00687,0.00522,0.00608,301.51205,0.2509,0.18412,0.13529,0.09971,0.07325,0.05519,0.04046,0.03165,0.0176,661.51453,0.00305,0.0031,0.00257,0.00251,0.00233,0.00275,0.00309,0.00304,0.00253,661.48468,0.00257,0.00294,0.00263,0.00257,0.00267,0.0029,0.00248,0.00228,0.00241,661.48956,0.00202,0.00135,0.00186,0.00147,0.00146,0.00136,0.00154,0.00112,0.00119
301.00302,0.47055,0.34486,0.25569,0.18711,0.13843,0.10291,0.07647,0.05778,0.03326,661.00513,0.00472,0.00455,0.00398,0.00389,0.00365,0.00399,0.00396,0.004,0.00349,661.01178,0.001,0.00103,0.00109,0.001,9.37E-04,8.79E-04,9.66E-04,8.90E-04,8.76E-04,661.01642,0.00822,0.00741,0.00808,0.00683,0.00748,0.00817,0.00687,0.00728,0.00654,301.00302,0.2525,0.18323,0.13456,0.09953,0.07585,0.05581,0.0426,0.03093,0.01767,661.00513,0.00379,0.00361,0.00317,0.00257,0.00312,0.00238,0.0028,0.00311,0.0034,661.01178,0.00261,0.00242,0.00281,0.00243,0.0024,0.00225,0.00259,0.00277,0.00224,661.01642,0.00133,0.00194,0.00159,0.00229,0.00161,0.00217,0.00146,0.00182,0.00212
300.49396,0.46797,0.34157,0.25531,0.18524,0.13764,0.10141,0.07569,0.05613,0.03326,660.49573,0.00472,0.00455,0.00398,0.00354,0.00365,0.00369,0.00396,0.004,0.00359,660.50232,0.00102,0.00103,0.00103,9.47E-04,9.38E-04,0.00102,9.66E-04,0.001,8.76E-04,660.50677,0.00837,0.00741,0.00866,0.00961,0.00748,0.00889,0.00718,0.00645,0.00856,300.49396,0.24898,0.18247,0.13713,0.099,0.07283,0.05445,0.04147,0.04449,0.01827,660.49573,0.00332,0.00374,0.00244,0.00316,0.00236,0.00257,0.00255,0.00259,0.00303,660.50232,0.00341,0.00324,0.0029,0.00317,0.0028,0.00301,0.0028,0.00316,0.00265,660.50677,0.0018,0.00159,0.00255,0.00207,0.00207,0.00237,0.00201,0.00156,0.0019
299.98486,0.46662,0.34065,0.25431,0.18524,0.13764,0.10086,0.0747,0.05613,0.03202,659.98621,0.00407,0.00369,0.00378,0.00352,0.00379,0.00364,0.00323,0.00369,0.00349,659.99286,0.00112,0.00103,9.38E-04,9.47E-04,9.38E-04,0.00102,9.78E-04,0.00101,8.76E-04,659.99707,0.00837,0.00799,0.00813,0.01019,0.00943,0.0101,0.0079,0.00728,0.00856,299.98486,0.24762,0.18025,0.13538,0.09801,0.074,0.05366,0.04005,0.02947,0.02108,659.98621,0.00308,0.00294,0.00319,0.00224,0.00317,0.00258,0.00266,0.00279,0.00226,659.99286,0.00346,0.00265,0.00308,0.00281,0.0024,0.00261,0.00251,0.00258,0.00248,659.99707,0.00229,0.00222,0.00239,0.00219,0.00239,0.00191,0.00182,0.00223,0.00239
299.51489,0.46363,0.33725,0.24947,0.18429,0.1358,0.10086,0.07432,0.05569,0.03195,659.513,0.00379,0.00369,0.00378,0.00352,0.00379,0.00364,0.00323,0.00348,0.00349,659.48328,0.00122,0.00103,8.68E-04,0.00103,9.38E-04,0.00102,8.72E-04,0.001,8.15E-04,659.48718,0.00837,0.00799,0.00897,0.00961,0.00943,0.00946,0.00848,0.00728,0.00842,299.51489,0.2469,0.18073,0.13509,0.09751,0.07185,0.05337,0.03952,0.0297,0.01694,659.513,0.00263,0.00224,0.0029,0.00229,0.0026,0.00235,0.00209,0.00238,0.00232,659.48328,0.00287,0.00294,0.00241,0.00197,0.0025,0.00278,0.00223,0.00257,0.00195,659.48718,0.00182,0.00187,0.00198,0.00232,0.00217,0.0025,0.00204,0.00139,0.00184
299.00577,0.45852,0.33628,0.24676,0.18223,0.13485,0.10086,0.07317,0.05543,0.03185,659.00336,0.00379,0.00369,0.00377,0.00352,0.00403,0.00364,0.00323,0.00332,0.00349,659.01013,0.00121,0.00103,8.68E-04,9.36E-04,9.38E-04,0.00102,8.72E-04,0.001,8.15E-04,659.01379,0.00847,0.00868,0.00813,0.01019,0.00943,0.00889,0.00848,0.00814,0.00825,299.00577,0.24532,0.17845,0.132,0.09841,0.07366,0.05312,0.03933,0.02984,0.01691,659.00336,0.00235,0.00238,0.00228,0.00227,0.00245,0.00195,0.00209,0.00224,0.00222,659.01013,0.00315,0.00312,0.00219,0.00265,0.00288,0.00289,0.00256,0.00299,0.00242,659.01379,0.0022,0.00172,0.00175,0.00264,0.00203,0.00231,0.0017,0.00191,0.00181
298.49658,0.45451,0.33163,0.24484,0.18145,0.13211,0.1004,0.07249,0.05437,0.03164,658.49359,0.00379,0.00369,0.00377,0.00354,0.00403,0.00353,0.00323,0.00332,0.00359,658.50037,0.00118,0.00115,8.68E-04,9.36E-04,9.01E-04,9.74E-04,8.72E-04,0.001,8.15E-04,658.50385,0.00847,0.00799,0.00813,0.00952,0.00911,0.00751,0.0079,0.00645,0.0077,298.49658,0.24262,0.17793,0.13057,0.09601,0.07135,0.05719,0.03872,0.02933,0.01643,658.49359,0.00245,0.00293,0.00247,0.00412,0.00293,0.0026,0.00264,0.0021,0.00246,658.50037,0.00313,0.00248,0.00223,0.00287,0.00227,0.00209,0.00149,0.00206,0.00209,658.50385,0.0016,0.00213,0.00193,0.00205,0.00196,0.00203,0.00245,0.00175,0.00165
297.98737,0.45105,0.32795,0.24484,0.17847,0.13193,0.09848,0.07249,0.05353,0.03164,657.98376,0.00379,0.00454,0.00377,0.00453,0.00406,0.00353,0.00323,0.00332,0.0038,657.9906,0.00118,0.00116,8.68E-04,9.36E-04,9.01E-04,9.74E-04,8.63E-04,0.00103,9.43E-04,657.99377,0.00742,0.00534,0.00739,0.00823,0.00709,0.00701,0.0068,0.00548,0.00501,297.98737,0.24049,0.17548,0.12955,0.09642,0.0699,0.054,0.03836,0.02877,0.01685,657.98376,0.00311,0.00353,0.00244,0.00298,0.00272,0.00272,0.00333,0.00214,0.00282,657.9906,0.0031,0.00297,0.00294,0.0024,0.00254,0.00295,0.00225,0.0029,0.00245,657.99377,0.00185,0.0021,0.00159,0.00224,0.00226,0.00151,0.00208,0.00217,0.00177
297.5173,0.44641,0.32529,0.24264,0.17769,0.13108,0.0963,0.07249,0.05353,0.03121,657.51025,0.00481,0.00494,0.00382,0.00461,0.00422,0.00383,0.0033,0.00332,0.00437,657.51721,0.00118,0.00116,9.48E-04,8.72E-04,9.01E-04,9.40E-04,8.31E-04,8.03E-04,8.15E-04,657.4837,0.00742,0.00391,0.00699,0.00381,0.00709,0.00701,0.00578,0.00548,0.00501,297.5173,0.23866,0.17353,0.12839,0.09444,0.06981,0.05095,0.03807,0.02818,0.01674,657.51025,0.00331,0.00341,0.00304,0.00292,0.00298,0.00228,0.00179,0.00274,0.00306,657.51721,0.00301,0.00331,0.00243,0.00327,0.00231,0.0025,0.0028,0.0032,0.00296,657.4837,0.00191,0.00115,0.00187,0.00177,0.00152,0.00161,0.00124,0.00118,0.00108
297.00806,0.44395,0.32146,0.23723,0.1753,0.12868,0.0954,0.07249,0.05326,0.03121,657.00037,0.00481,0.00513,0.00402,0.00453,0.00409,0.00353,0.0033,0.00332,0.00437,657.0072,0.00118,0.00122,0.00104,8.72E-04,9.27E-04,9.74E-04,8.63E-04,0.00103,9.55E-04,657.00989,0.00763,0.00391,0.00568,0.00381,0.00709,0.00701,0.00578,0.00548,0.00501,297.00806,0.23621,0.17212,0.12966,0.09402,0.06936,0.05211,0.03882,0.02832,0.01854,657.00037,0.00376,0.00319,0.00371,0.00303,0.00262,0.00247,0.00279,0.00423,0.00342,657.0072,0.00284,0.00312,0.00299,0.00223,0.003,0.00293,0.00221,0.00263,0.00282,657.00989,7.99E-04,7.05E-04,9.75E-04,8.18E-04,0.00139,8.82E-04,0.00146,7.16E-04,0.00101
296.49875,0.4365,0.31757,0.23714,0.17457,0.1269,0.09404,0.07195,0.05299,0.03061,656.4903,0.00493,0.00494,0.00402,0.00453,0.00406,0.00353,0.0033,0.00407,0.00342,656.49719,0.00111,0.00122,9.48E-04,8.72E-04,9.01E-04,9.40E-04,8.31E-04,8.28E-04,7.83E-04,656.49963,0.00763,0.00391,0.00568,0.00381,0.00709,0.00751,0.00578,0.00548,0.00501,296.49875,0.23491,0.1701,0.12553,0.09276,0.06809,0.05048,0.04253,0.02841,0.01651,656.4903,0.00331,0.00362,0.00324,0.00328,0.00276,0.00273,0.00213,0.00267,0.00347,656.49719,0.00483,0.00936,0.00295,0.00206,0.00278,0.00241,0.00213,0.00157,0.00191,656.49963,0.00164,8.41E-04,0.0015,7.07E-04,0.00162,0.00181,0.00123,0.00136,0.00151
295.98941,0.43075,0.31612,0.23142,0.17305,0.12498,0.09364,0.06824,0.05246,0.02946,656.01654,0.00493,0.00494,0.00402,0.00426,0.00406,0.00383,0.00373,0.00345,0.00342,655.98718,9.18E-04,9.84E-04,8.83E-04,8.13E-04,9.15E-04,8.00E-04,7.28E-04,8.28E-04,7.44E-04,655.98932,0.00763,0.00391,0.00568,0.00381,0.00753,0.00841,0.0068,0.00618,0.00703,295.98941,0.23097,0.16804,0.12548,0.09237,0.06715,0.04955,0.03853,0.02776,0.0162,656.01654,0.00293,0.00331,0.00259,0.00255,0.00264,0.00176,0.00241,0.00198,0.0022,655.98718,0.00341,0.00341,0.00268,0.00252,0.00238,0.00278,0.00302,0.00268,0.00249,655.98932,0.00184,0.00148,0.00122,0.00124,0.00195,0.00201,0.00159,0.00137,0.00154
295.51923,0.43075,0.30823,0.22705,0.17042,0.12498,0.09157,0.06808,0.05142,0.02946,655.50635,0.00493,0.00486,0.00402,0.00426,0.00409,0.00407,0.00373,0.00345,0.00342,655.51349,9.18E-04,9.84E-04,8.83E-04,8.04E-04,8.76E-04,8.00E-04,7.28E-04,8.28E-04,7.44E-04,655.51538,0.00855,0.00687,0.00699,0.00576,0.0089,0.00922,0.00739,0.00633,0.00715,295.51923,0.22792,0.16727,0.12245,0.09018,0.06613,0.04976,0.03611,0.02804,0.01559,655.50635,0.00318,0.00314,0.00253,0.00303,0.00228,0.00276,0.003,0.00263,0.00221,655.51349,0.00235,0.00252,0.00226,0.00244,0.00152,0.00191,0.00187,0.00212,0.00201,655.51538,0.00256,0.00221,0.00225,0.00151,0.00191,0.00198,0.0022,0.00133,0.00217
295.00983,0.42591,0.30796,0.22552,0.17042,0.124,0.09089,0.06781,0.05142,0.02946,654.99609,0.00454,0.00486,0.00402,0.00394,0.00409,0.00395,0.00457,0.00345,0.00342,655.00323,9.18E-04,9.84E-04,8.83E-04,8.13E-04,8.76E-04,8.00E-04,7.28E-04,9.34E-04,7.83E-04,655.00488,0.0118,0.01027,0.01047,0.00701,0.00906,0.00933,0.00964,0.00635,0.0101,295.00983,0.22536,0.16309,0.12014,0.09157,0.06561,0.04809,0.03588,0.02721,0.01537,654.99609,0.00446,0.00321,0.00326,0.00275,0.00335,0.00291,0.00317,0.00223,0.00284,655.00323,0.00235,0.00196,0.00153,0.00208,0.00235,0.00205,0.00157,0.0042,0.0016,655.00488,0.00257,0.00257,0.00243,0.00329,0.00259,0.00261,0.00207,0.00297,0.00253
294.50043,0.41418,0.30168,0.225,0.16645,0.12075,0.08917,0.06633,0.04992,0.02946,654.48566,0.00485,0.00486,0.00416,0.00379,0.00353,0.00407,0.00457,0.00377,0.00342,654.49292,9.18E-04,9.84E-04,8.83E-04,8.13E-04,8.76E-04,8.00E-04,7.28E-04,9.34E-04,7.83E-04,654.49438,0.0119,0.01036,0.01132,0.01079,0.011,0.01213,0.00964,0.00921,0.01051,294.50043,0.22877,0.16295,0.11906,0.08808,0.06631,0.04845,0.03602,0.02641,0.01587,654.48566,0.00327,0.00268,0.00269,0.00287,0.00291,0.00263,0.00295,0.00303,0.00338,654.49292,0.00327,0.00276,0.00346,0.00179,0.00224,0.00254,0.00315,0.00239,0.00303,654.49438,0.00268,0.00282,0.00311,0.00274,0.00276,0.00305,0.0027,0.00323,0.00226
293.99097,0.41087,0.29748,0.22019,0.16309,0.11965,0.08903,0.06534,0.04992,0.0296,654.01172,0.00448,0.00473,0.00416,0.00348,0.00352,0.00395,0.00349,0.00345,0.00329,653.98254,9.18E-04,8.94E-04,6.22E-04,8.13E-04,8.76E-04,8.00E-04,7.64E-04,9.34E-04,7.78E-04,653.9837,0.0118,0.0105,0.01132,0.01083,0.011,0.01213,0.00893,0.00921,0.01051,293.99097,0.21915,0.15963,0.11933,0.09284,0.06389,0.04718,0.0351,0.02737,0.01633,654.01172,0.00289,0.00359,0.00339,0.00245,0.00382,0.00255,0.00313,0.00243,0.00286,653.98254,0.00329,0.00353,0.00369,0.00347,0.00283,0.00547,0.0026,0.00299,0.00814,653.9837,0.00254,0.00226,0.00257,0.00288,0.00299,0.00278,0.00273,0.00221,0.0025
293.48151,0.40395,0.29748,0.21875,0.15948,0.11878,0.08701,0.06442,0.04919,0.02999,653.50122,0.00435,0.00455,0.00416,0.00348,0.00352,0.00395,0.00349,0.00377,0.0032,653.50848,7.99E-04,8.94E-04,7.48E-04,7.46E-04,8.40E-04,7.66E-04,7.64E-04,7.09E-04,8.15E-04,653.50946,0.01091,0.01036,0.00991,0.01083,0.01099,0.01215,0.00893,0.00921,0.01051,293.48151,0.2174,0.1574,0.11651,0.0863,0.06331,0.04711,0.03458,0.02603,0.01566,653.50122,0.00313,0.00318,0.00329,0.00211,0.00228,0.00268,0.00225,0.0026,0.00212,653.50848,0.0034,0.00314,0.00307,0.00267,0.00301,0.00248,0.0025,0.00247,0.00209,653.50946,0.00261,0.00223,0.0025,0.00232,0.00236,0.00263,0.00192,0.00198,0.00283
293.0112,0.39793,0.29546,0.21202,0.15686,0.11626,0.08549,0.06349,0.04804,0.0296,652.99066,0.00435,0.00473,0.0051,0.00348,0.00352,0.00395,0.00349,0.0035,0.0032,652.99792,7.99E-04,8.94E-04,7.48E-04,9.67E-04,8.40E-04,7.66E-04,7.64E-04,7.09E-04,8.15E-04,652.99866,0.01064,0.01036,0.00883,0.01079,0.01048,0.01192,0.00887,0.0092,0.01079,293.0112,0.21374,0.15634,0.11575,0.08439,0.06285,0.04604,0.03409,0.02883,0.01833,652.99066,0.00281,0.00305,0.00267,0.00225,0.00222,0.0023,0.00208,0.00218,0.00188,652.99792,0.00189,0.00229,0.00159,0.00248,0.00184,0.00164,0.00196,0.00182,0.00199,652.99866,0.00234,0.00286,0.00213,0.00233,0.00225,0.0019,0.00164,0.00183,0.00161
292.50168,0.394,0.28367,0.2098,0.15427,0.1149,0.08549,0.06349,0.048,0.02772,652.51642,0.00435,0.00455,0.00414,0.00348,0.00352,0.00398,0.00349,0.0035,0.0032,652.48743,7.99E-04,8.94E-04,7.48E-04,9.67E-04,8.40E-04,7.66E-04,7.64E-04,7.09E-04,8.15E-04,652.48779,0.01027,0.00982,0.00883,0.00812,0.00983,0.01192,0.00887,0.0092,0.0075,292.50168,0.21056,0.16107,0.11219,0.083,0.0608,0.04523,0.0336,0.0254,0.01597,652.51642,0.0026,0.00294,0.0034,0.00268,0.0029,0.00296,0.00256,0.00294,0.00207,652.48743,0.00205,0.00206,0.00192,0.00191,0.00215,0.00196,0.00154,0.00172,0.00219,652.48779,0.00229,0.00208,0.0019,0.0025,0.00236,0.00261,0.00269,0.00216,0.00259
291.99213,0.38588,0.27914,0.20763,0.15259,0.11275,0.08491,0.06349,0.04661,0.02729,652.00568,0.00435,0.00455,0.00414,0.00395,0.00447,0.00398,0.00363,0.0035,0.0032,652.01312,7.99E-04,8.94E-04,7.48E-04,9.67E-04,8.40E-04,7.66E-04,7.64E-04,7.09E-04,8.56E-04,652.01337,0.0089,0.00969,0.00883,0.00756,0.00935,0.00882,0.00763,0.0092,0.0075,291.99213,0.20848,0.1501,0.11101,0.08163,0.06152,0.04493,0.03321,0.02542,0.01467,652.00568,0.00287,0.00338,0.00344,0.00291,0.00299,0.00257,0.00234,0.00226,0.00263,652.01312,0.0031,0.00339,0.0025,0.00276,0.00283,0.00283,0.00215,0.00313,0.00285,652.01337,0.00221,0.00229,0.00173,0.00162,0.00211,0.00256,0.00191,0.00198,0.00232
291.48251,0.38072,0.27914,0.20449,0.15008,0.11102,0.08333,0.06276,0.04611,0.02729,651.49487,0.00441,0.00455,0.00445,0.00407,0.0045,0.00398,0.00382,0.00362,0.00352,651.50238,0.00121,9.27E-04,9.43E-04,0.00108,0.00103,0.001,8.38E-04,9.68E-04,0.00108,651.50238,0.00689,0.00882,0.00836,0.00756,0.00867,0.00903,0.00887,0.01006,0.00942,291.48251,0.20418,0.14724,0.10986,0.08074,0.05874,0.04552,0.0338,0.0244,0.01428,651.49487,0.00316,0.00253,0.00246,0.00263,0.00288,0.003,0.00294,0.00238,0.00327,651.50238,0.00353,0.00369,0.00299,0.00285,0.00263,0.00256,0.0032,0.00375,0.00285,651.50238,0.00191,0.00211,0.00191,0.00174,0.00201,0.00257,0.00201,0.00227,0.0014
291.01209,0.37701,0.27827,0.20422,0.14793,0.11097,0.08119,0.06082,0.04611,0.02729,650.98401,0.00445,0.00392,0.00445,0.00395,0.00447,0.0039,0.00363,0.00362,0.00393,650.99158,0.00125,0.00118,9.73E-04,0.00108,0.00103,0.001,0.00102,0.00104,0.00108,650.99127,0.00689,0.00882,0.00836,0.00756,0.00867,0.00903,0.00887,0.0092,0.00942,291.01209,0.20145,0.1477,0.10806,0.07941,0.05966,0.04409,0.03529,0.02466,0.01444,650.98401,0.00352,0.00336,0.00374,0.00255,0.0035,0.00265,0.0025,0.0026,0.00227,650.99158,0.00373,0.00302,0.00242,0.00289,0.0028,0.00269,0.00337,0.00248,0.00276,650.99127,0.0013,0.00171,0.00208,0.00154,0.00186,0.00171,0.00128,0.00219,0.00202
290.50241,0.36948,0.2681,0.19845,0.14554,0.10738,0.08004,0.06039,0.04565,0.02729,650.50952,0.00486,0.00392,0.00382,0.00387,0.00346,0.0037,0.00316,0.00367,0.00352,650.51709,0.00138,0.00118,0.00117,0.00111,0.00103,9.23E-04,0.00102,0.00104,0.00108,650.51654,0.00689,0.00882,0.0089,0.00764,0.00867,0.00903,0.00934,0.0102,0.00942,290.50241,0.19949,0.148,0.1082,0.07828,0.05872,0.04296,0.03218,0.02415,0.01452,650.50952,0.00285,0.00297,0.00287,0.00268,0.00345,0.00252,0.00247,0.00234,0.00286,650.51709,0.00401,0.00238,0.00313,0.00327,0.00312,0.00264,0.00262,0.00303,0.00301,650.51654,0.00148,0.0019,0.0018,0.00164,0.00182,0.00194,0.00234,0.00228,0.00211
289.99274,0.36525,0.26403,0.19527,0.1436,0.10738,0.07975,0.05882,0.04532,0.02729,649.99854,0.00441,0.00395,0.00409,0.00387,0.00346,0.00351,0.00316,0.00367,0.00306,650.00616,0.00125,0.00102,0.00118,0.00101,0.00109,8.01E-04,0.00102,9.68E-04,0.00108,650.00531,0.00689,0.00882,0.00969,0.00764,0.00867,0.00903,0.01071,0.0102,0.00982,289.99274,0.19551,0.14186,0.10501,0.07701,0.05682,0.04235,0.03196,0.02693,0.01656,649.99854,0.00322,0.00242,0.00295,0.00249,0.00193,0.00239,0.00204,0.0024,0.00254,650.00616,0.00319,0.00365,0.00303,0.00247,0.00233,0.00237,0.0028,0.00267,0.00276,650.00531,0.00182,0.00235,0.00236,0.00211,0.00251,0.00271,0.0023,0.00139,0.00277
289.48303,0.36099,0.26173,0.19208,0.1413,0.10738,0.07824,0.05882,0.04532,0.02678,649.48743,0.00441,0.00395,0.00409,0.00387,0.00346,0.00327,0.00316,0.00367,0.00306,649.49518,0.00125,0.00102,0.00118,0.00101,9.08E-04,8.01E-04,0.00101,0.00104,0.0011,649.49408,0.00847,0.00923,0.00975,0.00804,0.00924,0.00975,0.01088,0.01041,0.00982,289.48303,0.19326,0.13971,0.10332,0.07598,0.05627,0.0422,0.03112,0.02398,0.01459,649.48743,0.00314,0.00255,0.00196,0.0025,0.00223,0.00194,0.00202,0.00237,0.00183,649.49518,0.00374,0.00368,0.00318,0.0133,0.00308,0.00205,0.0022,0.00287,0.00301,649.49408,0.00231,0.00198,0.00278,0.00226,0.00199,0.00269,0.00247,0.00311,0.00247
289.01254,0.35402,0.25525,0.18855,0.14004,0.10635,0.07698,0.0583,0.04453,0.0266,649.0127,0.00486,0.00395,0.00409,0.00387,0.00346,0.00327,0.00316,0.00371,0.00306,648.98401,0.00105,0.00102,8.44E-04,9.62E-04,8.26E-04,8.01E-04,8.60E-04,8.95E-04,0.00108,648.98273,0.00901,0.01094,0.01087,0.00804,0.00924,0.00975,0.01109,0.01041,0.00969,289.01254,0.19101,0.13849,0.10164,0.07477,0.05848,0.0414,0.03085,0.02321,0.01417,649.0127,0.00271,0.00284,0.00264,0.00285,0.00238,0.00227,0.00262,0.00255,0.00198,648.98401,0.00244,0.00262,0.0035,0.00258,0.0029,0.00205,0.00275,0.00229,0.00281,648.98273,0.00202,0.00252,0.00234,0.00293,0.002,0.00234,0.00291,0.00224,0.00224
288.50278,0.34935,0.25145,0.18769,0.13922,0.10367,0.07691,0.05755,0.04386,0.0266,648.50146,0.00464,0.00424,0.00409,0.00415,0.00368,0.00327,0.00366,0.00367,0.00306,648.50922,0.00105,0.00102,8.44E-04,0.00101,8.26E-04,8.01E-04,8.60E-04,8.95E-04,0.00109,648.50769,0.00901,0.00923,0.00975,0.00784,0.00867,0.00975,0.01109,0.01041,0.00969,288.50278,0.18732,0.13506,0.09977,0.07366,0.05813,0.04073,0.03285,0.02451,0.01397,648.50146,0.00351,0.00351,0.00308,0.00289,0.00322,0.00211,0.00236,0.00256,0.00243,648.50922,0.00323,0.00296,0.00194,0.00304,0.00212,0.00263,0.00259,0.01568,0.00309,648.50769,0.0026,0.00254,0.0021,0.00173,0.00222,0.0021,0.00238,0.00267,0.00208
287.99298,0.34199,0.24724,0.18338,0.13752,0.10045,0.07691,0.05735,0.04386,0.0266,647.99011,0.00464,0.0044,0.00464,0.00442,0.00368,0.00351,0.00379,0.00395,0.00376,647.99799,0.00105,0.00102,8.44E-04,0.00101,8.26E-04,0.00102,0.00101,8.95E-04,9.39E-04,647.99615,0.00798,0.0092,0.00917,0.00784,0.00839,0.00875,0.00858,0.00881,0.00861,287.99298,0.18485,0.13305,0.09931,0.0741,0.05485,0.04069,0.03045,0.02356,0.01407,647.99011,0.00361,0.00368,0.00332,0.00268,0.00362,0.00257,0.0027,0.00317,0.00303,647.99799,0.0027,0.00248,0.00216,0.00228,0.00165,0.00265,0.00138,0.00174,0.00167,647.99615,0.00194,0.00259,0.00237,0.00168,0.00186,0.00187,0.00268,0.00261,0.00179
287.48315,0.3395,0.2437,0.18011,0.13626,0.09966,0.07552,0.05692,0.04346,0.0266,647.51526,0.00464,0.00424,0.00464,0.00415,0.00446,0.0034,0.00366,0.00396,0.00378,647.48663,0.00105,9.66E-04,8.32E-04,8.88E-04,7.85E-04,0.00102,0.00101,8.44E-04,9.39E-04,647.48456,0.00798,0.00856,0.0057,0.00746,0.00839,0.00875,0.00858,0.00881,0.00861,287.48315,0.18096,0.13082,0.09703,0.07277,0.05273,0.03996,0.03035,0.023,0.01418,647.51526,0.003,0.00274,0.00299,0.00299,0.00288,0.00301,0.00319,0.00224,0.00354,647.48663,0.0034,0.00264,0.00236,0.00283,0.00254,0.00326,0.00342,0.00236,0.0028,647.48456,0.00172,0.00184,0.00114,0.00159,0.0018,0.00225,0.00143,0.00189,0.00217
287.01251,0.3327,0.24085,0.17732,0.1326,0.09789,0.07304,0.05618,0.04346,0.0268,647.00378,0.00464,0.00394,0.00464,0.00415,0.00446,0.00369,0.00347,0.00421,0.00424,647.01172,0.00101,9.66E-04,8.44E-04,8.68E-04,7.85E-04,9.64E-04,0.00114,8.44E-04,9.39E-04,647.0094,0.00726,0.00845,0.0057,0.00746,0.00839,0.00875,0.00789,0.00881,0.00832,287.01251,0.17964,0.12895,0.0953,0.0721,0.05315,0.04073,0.02973,0.02469,0.01529,647.00378,0.00301,0.00365,0.00351,0.0029,0.00235,0.00238,0.00245,0.00272,0.00244,647.01172,0.00353,0.00422,0.0033,0.00286,0.00328,0.00353,0.00336,0.0032,0.00241,647.0094,7.85E-04,0.00198,0.00197,0.00189,0.00122,0.00188,0.00184,0.00189,0.00185
286.50262,0.32785,0.23698,0.17538,0.1326,0.09741,0.07304,0.0553,0.04346,0.02817,646.49219,0.00464,0.00394,0.00464,0.00416,0.00429,0.00369,0.00347,0.00421,0.00424,646.50024,0.00101,0.00103,9.20E-04,8.68E-04,9.91E-04,9.64E-04,0.00114,9.19E-04,9.39E-04,646.49762,0.00654,0.00757,0.0057,0.00742,0.00695,0.00875,0.00667,0.0088,0.00799,286.50262,0.17604,0.12744,0.09383,0.06962,0.0518,0.03861,0.03012,0.02267,0.01724,646.49219,0.00259,0.00254,0.00293,0.00253,0.00336,0.0022,0.00224,0.0029,0.00273,646.50024,0.0021,0.00213,0.00213,0.00175,0.00201,0.00151,0.01214,0.00216,0.00259,646.49762,0.00199,0.00163,0.00123,0.0016,0.00227,0.00264,0.00203,0.00219,0.0025
285.99271,0.32235,0.23221,0.17538,0.13157,0.09518,0.07297,0.055,0.04287,0.02817,646.01703,0.00467,0.00394,0.00523,0.00416,0.00429,0.00369,0.00347,0.00449,0.00424,645.98865,0.00101,0.00103,0.00119,8.68E-04,0.00102,9.64E-04,0.00114,9.85E-04,9.39E-04,645.98584,0.00365,0.00574,0.0057,0.00545,0.0057,0.00463,0.0037,0.00771,0.00773,285.99271,0.17347,0.1254,0.0928,0.07016,0.05154,0.03865,0.02926,0.02302,0.0149,646.01703,0.00314,0.00248,0.00338,0.00269,0.00295,0.00294,0.00196,0.00297,0.00295,645.98865,0.0026,0.00264,0.0032,0.00222,0.00261,0.00247,0.00292,0.00321,0.00282,645.98584,0.00156,0.00182,0.00231,0.00175,0.00185,0.00213,0.0017,0.00229,0.00166
285.48279,0.31604,0.22788,0.17349,0.12999,0.09431,0.07131,0.055,0.04285,0.02817,645.50537,0.00487,0.00394,0.00477,0.00416,0.00429,0.00433,0.00347,0.00449,0.00457,645.51349,0.00101,0.00103,0.00103,8.68E-04,0.00102,9.64E-04,0.00104,9.85E-04,8.33E-04,645.51044,0.00413,0.00558,0.0057,0.00545,0.00633,0.00463,0.0037,0.00324,0.00431,285.48279,0.17057,0.12287,0.0918,0.07334,0.05036,0.04089,0.0291,0.023,0.01567,645.50537,0.00378,0.00317,0.00393,0.0033,0.00277,0.0028,0.00298,0.00332,0.00302,645.51349,0.00276,0.00289,0.00305,0.00247,0.00301,0.00249,0.00267,0.00252,0.00192,645.51044,0.00141,0.00123,0.00179,0.00117,0.00149,9.96E-04,7.96E-04,0.00166,0.00172
285.01202,0.31469,0.22582,0.16883,0.12733,0.09353,0.07131,0.05452,0.04287,0.02719,644.99359,0.00523,0.00472,0.00501,0.00416,0.00429,0.00455,0.00417,0.00422,0.00457,645.00177,0.00102,0.0011,0.00119,8.75E-04,0.00102,9.73E-04,9.54E-04,9.85E-04,8.33E-04,644.99847,0.00413,0.00558,0.0071,0.00545,0.00633,0.00463,0.0037,0.00324,0.00431,285.01202,0.16651,0.12058,0.09442,0.06738,0.0499,0.03773,0.02885,0.02269,0.01436,644.99359,0.00375,0.004,0.0037,0.00343,0.00304,0.00299,0.00394,0.00361,0.00311,645.00177,0.00378,0.00378,0.00307,0.00276,0.00296,0.00289,0.00325,0.00332,0.00278,644.99847,2.32E-04,0.00104,3.06E-04,0.00111,5.72E-04,-3.61E-04,4.69E-04,6.96E-04,7.14E-04
284.50208,0.30503,0.22155,0.16797,0.12359,0.0924,0.07026,0.05334,0.04161,0.02714,644.48169,0.00523,0.00492,0.00477,0.00432,0.00429,0.00433,0.00432,0.00412,0.00453,644.48993,0.00103,0.0011,0.00103,9.11E-04,8.69E-04,9.73E-04,9.50E-04,9.08E-04,8.33E-04,644.48645,0.00413,0.00558,0.0071,0.00545,0.00633,0.00463,0.0037,0.00324,0.00431,284.50208,0.16722,0.11949,0.08933,0.06878,0.04889,0.03718,0.0294,0.02202,0.01573,644.48169,0.00425,0.00322,0.00308,0.00284,0.00256,0.00357,0.00279,0.00255,0.003,644.48993,0.00262,0.00301,0.00263,0.00224,0.00276,0.00273,0.00245,0.00277,0.00213,644.48645,8.87E-04,0.0012,0.00153,0.00155,0.00136,0.00155,0.0011,5.55E-04,9.26E-04
283.99203,0.29721,0.21776,0.16446,0.12359,0.08864,0.06772,0.05233,0.04161,0.02714,644.00635,0.00523,0.00479,0.00441,0.00432,0.00471,0.00449,0.00417,0.00412,0.00436,644.01465,0.00103,0.0011,0.00103,9.11E-04,8.69E-04,9.88E-04,9.50E-04,9.08E-04,9.86E-04,644.01086,0.00413,0.00558,0.0071,0.0072,0.00633,0.00719,0.00512,0.00324,0.00431,283.99203,0.1614,0.11723,0.08702,0.0654,0.04949,0.03809,0.02823,0.02506,0.01438,644.00635,0.00338,0.00305,0.00324,0.00227,0.00316,0.00327,0.00269,0.00272,0.00292,644.01465,0.00316,0.00282,0.00327,0.00263,0.002,0.00336,0.00244,0.00233,0.00279,644.01086,0.00199,0.00269,0.00165,0.00252,0.00186,0.00223,0.00166,0.00207,0.00243
283.48196,0.29293,0.21619,0.15962,0.11971,0.0886,0.06715,0.05159,0.04071,0.02678,643.49432,0.00514,0.00472,0.00393,0.00352,0.004,0.00412,0.00403,0.00412,0.00405,643.50269,0.00103,0.0011,9.66E-04,9.11E-04,8.43E-04,9.88E-04,9.50E-04,9.08E-04,8.33E-04,643.49866,0.00912,0.00748,0.00768,0.01067,0.00636,0.00842,0.00774,0.00963,0.00945,283.48196,0.15726,0.11439,0.08888,0.06334,0.0469,0.03584,0.02769,0.02154,0.01395,643.49432,0.00332,0.00421,0.00248,0.00279,0.00308,0.00266,0.00305,0.00266,0.00281,643.50269,0.00264,0.00277,0.00248,0.00233,0.00223,0.00248,0.00221,0.00231,0.00277,643.49866,0.00238,0.00161,0.0023,0.0024,0.00271,0.00272,0.00279,0.00217,0.00274
283.01111,0.28875,0.20988,0.15876,0.11607,0.08765,0.0668,0.05159,0.0403,0.02678,642.98224,0.00508,0.00398,0.00385,0.00352,0.004,0.00323,0.00375,0.00412,0.00393,642.99066,0.00104,0.00108,9.66E-04,9.35E-04,7.80E-04,9.88E-04,9.50E-04,9.02E-04,7.84E-04,642.98639,0.00912,0.00748,0.00768,0.01067,0.0073,0.00935,0.00973,0.00963,0.00945,283.01111,0.155,0.11522,0.084,0.06634,0.04688,0.03535,0.0273,0.02238,0.01444,642.98224,0.00417,0.00309,0.00285,0.00382,0.00347,0.0029,0.0026,0.00336,0.00254,642.99066,0.00288,0.00293,0.00309,0.00347,0.00289,0.00253,0.00283,0.00252,0.00253,642.98639,0.00305,0.00212,0.00257,0.00297,0.00226,0.00261,0.00243,0.00315,0.00277
282.50101,0.28827,0.20829,0.15255,0.1144,0.08528,0.06666,0.05151,0.0403,0.02678,642.50665,0.00452,0.00398,0.00381,0.00341,0.00367,0.00323,0.00366,0.00409,0.00297,642.51514,0.00104,0.00104,9.66E-04,9.35E-04,8.43E-04,9.66E-04,8.62E-04,7.16E-04,7.84E-04,642.51062,0.00912,0.00748,0.00983,0.01002,0.0073,0.00935,0.00995,0.00958,0.009,282.50101,0.15253,0.11021,0.08446,0.06142,0.04638,0.03553,0.02726,0.02097,0.01417,642.50665,0.00292,0.00252,0.00254,0.00192,0.00259,0.00208,0.00242,0.00279,0.00261,642.51514,0.00367,0.00371,0.00225,0.00257,0.00216,0.00301,0.00286,0.00281,0.00201,642.51062,0.00196,0.00185,0.00217,0.00229,0.00137,0.00181,0.00214,0.00223,0.00203
281.99088,0.27698,0.20088,0.15255,0.11214,0.08515,0.06514,0.05139,0.0403,0.02712,641.99445,0.00452,0.00398,0.00381,0.00341,0.00367,0.00274,0.00337,0.00409,0.00297,642.00293,0.00104,9.27E-04,0.00109,9.35E-04,8.43E-04,8.53E-04,7.82E-04,7.16E-04,7.84E-04,641.99811,0.00912,0.00777,0.00983,0.00969,0.0073,0.00935,0.00995,0.00958,0.009,281.99088,0.15279,0.11105,0.08072,0.06053,0.04512,0.03527,0.02933,0.02133,0.01435,641.99445,0.00328,0.00257,0.00246,0.00237,0.00217,0.00177,0.00217,0.00264,0.00192,642.00293,0.00267,0.00238,0.0046,0.0024,0.00142,0.00257,0.00258,0.0016,0.00151,641.99811,7.79E-04,8.34E-04,0.00142,0.00179,0.00157,0.00201,0.00209,0.00148,0.00177
281.48071,0.27282,0.19722,0.15138,0.11076,0.08515,0.06456,0.04985,0.0403,0.02678,641.48218,0.00452,0.00398,0.00332,0.00341,0.00367,0.00274,0.00337,0.00378,0.00297,641.49072,0.00104,9.27E-04,0.00104,9.35E-04,8.43E-04,8.53E-04,7.82E-04,7.16E-04,7.84E-04,641.4856,0.00574,0.00777,0.00983,0.00969,0.0073,0.00935,0.00995,0.00958,0.009,281.48071,0.14656,0.10629,0.0801,0.05934,0.04505,0.03416,0.02719,0.02214,0.01792,641.48218,0.00292,0.00358,0.00199,0.0022,0.00237,0.00222,0.00236,0.00244,0.00184,641.49072,0.00337,0.00267,0.00331,0.00299,0.00303,0.00219,0.00173,0.00183,0.00236,641.4856,0.00198,0.00167,0.00211,0.00215,0.00197,0.00302,0.00231,0.00206,0.00193
281.00977,0.2716,0.19418,0.14711,0.10811,0.08331,0.06388,0.04914,0.04047,0.02675,641.00635,0.00449,0.00431,0.00332,0.00367,0.00367,0.00274,0.00337,0.00372,0.00285,641.01495,0.00104,9.27E-04,0.00109,9.35E-04,9.55E-04,8.53E-04,7.82E-04,7.16E-04,9.19E-04,641.00964,0.00574,0.00702,0.007,0.00832,0.00918,0.01044,0.00973,0.0081,0.00825,281.00977,0.14436,0.10435,0.08155,0.05861,0.04408,0.03447,0.02638,0.02257,0.01479,641.00635,0.00315,0.00315,0.00272,0.00252,0.00314,0.00157,0.00206,0.00296,0.00269,641.01495,0.00253,0.00231,0.0028,0.00208,0.00245,0.00202,0.00201,0.00214,0.00258,641.00964,0.00255,0.0025,0.00276,0.00208,0.00304,0.00287,0.00281,0.00236,0.0026
280.49957,0.2621,0.19194,0.14242,0.10585,0.08131,0.06255,0.04914,0.04047,0.02675,640.4939,0.00449,0.00459,0.00332,0.00389,0.00441,0.00329,0.00361,0.00366,0.00285,640.50256,0.00109,9.00E-04,0.00109,9.80E-04,9.55E-04,7.89E-04,6.75E-04,8.34E-04,9.19E-04,640.49701,0.0076,0.00777,0.00762,0.00751,0.00962,0.01044,0.0083,0.00846,0.0081,280.49957,0.14371,0.10275,0.07784,0.0572,0.0458,0.0338,0.026,0.02163,0.01415,640.4939,0.00283,0.00278,0.00215,0.00285,0.00285,0.00277,0.00233,0.0024,0.00227,640.50256,0.0028,0.00304,0.00267,0.00251,0.00276,0.00261,0.00234,0.00236,0.00312,640.49701,0.00123,0.00237,0.00227,0.00215,0.0027,0.00307,0.00234,0.00212,0.00216
279.98929,0.25695,0.18706,0.14147,0.10572,0.081,0.06214,0.04909,0.04047,0.02675,640.01794,0.00449,0.00445,0.0038,0.0039,0.00441,0.00329,0.0032,0.00366,0.00351,639.99011,0.00109,9.00E-04,0.00109,9.80E-04,9.55E-04,7.89E-04,7.82E-04,9.19E-04,9.72E-04,639.98431,0.0076,0.00996,0.00762,0.00751,0.00962,0.01044,0.0083,0.00846,0.0081,279.98929,0.13868,0.10156,0.07536,0.05601,0.04272,0.0331,0.02598,0.02141,0.01409,640.01794,0.0029,0.00296,0.00245,0.00251,0.00333,0.00212,0.00258,0.00223,0.00133,639.99011,0.00358,0.00334,0.00871,0.00272,0.00294,0.00266,0.00324,0.0034,0.0026,639.98431,0.00163,0.00151,0.0015,0.00161,0.00212,0.00224,0.00156,0.00174,0.00168
279.51828,0.25496,0.18364,0.13831,0.10429,0.08074,0.0611,0.04864,0.03993,0.02675,639.50537,0.00439,0.00431,0.0038,0.00389,0.00374,0.0042,0.00361,0.00366,0.00351,639.5141,0.00118,0.00119,0.00104,0.00101,0.00108,7.97E-04,9.11E-04,9.55E-04,8.91E-04,639.50812,0.0076,0.00996,0.00762,0.00751,0.00819,0.01044,0.0083,0.00846,0.0081,279.51828,0.13596,0.09898,0.07486,0.05594,0.04302,0.03288,0.03138,0.02077,0.01448,639.50537,0.00296,0.00304,0.00266,0.00262,0.00294,0.00314,0.00289,0.00236,0.0027,639.5141,0.00326,0.00211,0.00331,0.00258,0.00211,0.00163,0.0016,0.00245,0.00164,639.50812,0.00211,0.00214,0.00164,0.00116,0.00207,0.00197,0.00178,0.00182,0.00174
279.00797,0.24693,0.17965,0.13579,0.10429,0.07947,0.06039,0.04845,0.03926,0.02736,638.99274,0.00449,0.00445,0.00387,0.00389,0.00368,0.0042,0.00377,0.00366,0.00353,639.00146,0.00118,8.24E-04,0.00104,0.00101,0.00105,6.57E-04,9.14E-04,9.55E-04,8.39E-04,638.99524,0.00912,0.00712,0.00762,0.00751,0.00819,0.00916,0.0083,0.00846,0.0081,279.00797,0.13491,0.09717,0.07319,0.05518,0.04286,0.03233,0.02574,0.02339,0.01458,638.99274,0.00339,0.00287,0.00291,0.00324,0.00238,0.00292,0.00195,0.0025,0.00395,639.00146,0.00356,0.00344,0.00397,0.00356,0.00319,0.00286,0.00306,0.00299,0.00249,638.99524,0.00202,0.00221,0.00193,0.00247,0.00176,0.00229,0.00207,0.00203,0.00221
278.49762,0.24364,0.17657,0.13355,0.10163,0.07772,0.06039,0.04845,0.03879,0.02736,638.5166,0.00459,0.00445,0.00411,0.00404,0.00368,0.0042,0.00377,0.00366,0.00417,638.48877,0.00103,8.24E-04,9.57E-04,9.62E-04,8.25E-04,6.34E-04,6.25E-04,8.59E-04,8.39E-04,638.4823,0.00912,0.00712,0.00813,0.00932,0.00819,0.00842,0.00864,0.00884,0.0081,278.49762,0.13066,0.09506,0.07185,0.05378,0.04062,0.03166,0.0255,0.02113,0.01664,638.5166,0.00269,0.00274,0.0028,0.00233,0.00241,0.00271,0.00311,0.00312,0.00331,638.48877,0.00302,0.00361,0.00245,0.00275,0.00277,0.00204,0.00234,0.00271,0.00228,638.4823,0.00196,0.00253,0.00234,0.00256,0.00176,0.00224,0.00208,0.00236,0.00215
277.98727,0.23832,0.17303,0.13218,0.09937,0.07677,0.06039,0.04845,0.03879,0.02736,638.00372,0.00509,0.00445,0.00397,0.00404,0.00368,0.0042,0.00377,0.00357,0.00357,638.0127,0.00103,8.46E-04,9.44E-04,9.62E-04,8.68E-04,6.57E-04,9.14E-04,7.83E-04,8.91E-04,638.00592,0.00723,0.00659,0.00813,0.00932,0.00818,0.00837,0.00864,0.00884,0.00851,277.98727,0.12892,0.09343,0.06994,0.05557,0.04205,0.03195,0.02564,0.02052,0.01448,638.00372,0.00329,0.00322,0.0025,0.00336,0.00195,0.00287,0.00243,0.00286,0.00228,638.0127,0.00263,0.00208,0.00268,0.00247,0.0027,0.00168,0.00244,0.0022,0.00215,638.00592,0.00224,0.00153,0.00232,0.002,0.00227,0.00181,0.00243,0.0019,0.00208
277.51617,0.23285,0.17179,0.12968,0.0975,0.07494,0.05984,0.04818,0.03832,0.02725,637.49084,0.00508,0.00432,0.00387,0.00393,0.00374,0.00417,0.00454,0.00351,0.00357,637.49988,0.00103,8.46E-04,9.44E-04,9.62E-04,8.68E-04,6.57E-04,9.14E-04,7.83E-04,8.39E-04,637.4928,0.00723,0.00659,0.0076,0.00932,0.00819,0.00732,0.00864,0.00651,0.00831,277.51617,0.1261,0.09156,0.07067,0.05258,0.04112,0.03306,0.02636,0.02028,0.01442,637.49084,0.00373,0.00302,0.00275,0.00261,0.00285,0.00269,0.00328,0.00231,0.00277,637.49988,0.00214,0.00217,0.00199,0.00213,0.00179,0.00143,0.00118,0.00174,0.00252,637.4928,0.00111,0.00142,0.00175,0.00242,0.00196,0.00157,0.00186,0.0024,0.00151
277.00574,0.23021,0.17179,0.12684,0.09644,0.07492,0.05815,0.04609,0.03832,0.02725,637.01453,0.00508,0.00461,0.00387,0.00404,0.0038,0.00394,0.00396,0.00351,0.00357,636.98688,0.00103,8.46E-04,9.44E-04,9.62E-04,8.58E-04,6.57E-04,9.34E-04,7.53E-04,8.39E-04,637.0163,0.00723,0.00659,0.0076,0.00917,0.00826,0.00732,0.00864,0.00651,0.0076,277.00574,0.12321,0.0909,0.06862,0.05159,0.03965,0.03196,0.02648,0.02091,0.01462,637.01453,0.00384,0.00351,0.00257,0.00282,0.00246,0.0031,0.003,0.00227,0.00231,636.98688,0.00423,0.00313,0.00242,0.00293,0.00222,0.00259,0.0024,0.00201,0.00275,637.0163,0.00155,0.00133,0.00163,0.00164,0.00148,0.0018,0.00142,0.0014,0.00183
276.4953,0.22661,0.17159,0.12579,0.09415,0.07413,0.05694,0.046,0.03806,0.02725,636.50146,0.00508,0.0045,0.00397,0.00404,0.00412,0.00384,0.00421,0.00351,0.00371,636.51056,0.00111,9.25E-04,9.44E-04,9.13E-04,8.58E-04,6.10E-04,6.61E-04,7.28E-04,7.96E-04,636.50305,0.00723,0.00659,0.0076,0.00917,0.00826,0.00732,0.00763,0.00651,0.0076,276.4953,0.12181,0.09079,0.06712,0.05103,0.03922,0.03077,0.02434,0.02028,0.01437,636.50146,0.00328,0.00279,0.0024,0.00254,0.00266,0.00199,0.00293,0.00222,0.00293,636.51056,0.00365,0.00288,0.00243,0.00313,0.003,0.00269,0.00297,0.00243,0.00204,636.50305,0.00207,0.00218,8.27E-04,0.00207,0.00178,0.00132,0.00264,0.00116,0.00179
275.9848,0.22011,0.16345,0.12215,0.09364,0.07259,0.05655,0.04539,0.03806,0.02764,635.9884,0.00508,0.0045,0.00397,0.00409,0.00412,0.00384,0.00399,0.00351,0.00371,635.9975,0.00127,0.00104,9.47E-04,0.00112,8.68E-04,8.85E-04,8.91E-04,7.53E-04,7.96E-04,635.98969,0.0086,0.00824,0.0076,0.00917,0.00826,0.00837,0.00763,0.00651,0.00831,275.9848,0.1199,0.09826,0.06656,0.04982,0.03964,0.03013,0.02439,0.02,0.0147,635.9884,0.00263,0.00298,0.00278,0.00264,0.00277,0.00254,0.00256,0.00281,0.0024,635.9975,0.00325,0.00266,0.00298,0.00286,0.0022,0.00269,0.00252,0.00193,0.00289,635.98969,0.00223,0.00247,0.00164,0.00197,0.00189,0.00203,0.00213,0.00217,0.00163
275.51361,0.21442,0.15836,0.11882,0.09364,0.07224,0.05655,0.04539,0.03779,0.02779,635.51184,0.00508,0.0045,0.00384,0.00393,0.00429,0.00384,0.00399,0.00369,0.00404,635.48431,0.00111,9.25E-04,9.53E-04,0.00112,9.24E-04,6.77E-04,6.61E-04,7.28E-04,6.24E-04,635.51306,0.00961,0.00836,0.00762,0.00917,0.00849,0.00947,0.00876,0.0084,0.00831,275.51361,0.11647,0.08649,0.06463,0.04955,0.03822,0.02986,0.02402,0.02014,0.01529,635.51184,0.00375,0.0029,0.0033,0.00325,0.00288,0.00248,0.00272,0.00269,0.00261,635.48431,0.00285,0.00237,0.0027,0.00234,0.00237,0.00156,0.00169,0.00187,0.0016,635.51306,0.00185,0.00177,0.00193,0.00218,0.00228,0.00263,0.00164,0.00208,0.00202
275.00305,0.21442,0.15498,0.11787,0.09049,0.07021,0.05655,0.04539,0.03779,0.02789,634.9986,0.00542,0.00453,0.00395,0.00409,0.00432,0.00384,0.00396,0.00377,0.00387,635.00787,0.00111,9.25E-04,0.00104,9.13E-04,9.24E-04,6.77E-04,6.61E-04,7.28E-04,6.24E-04,634.99957,0.00986,0.00836,0.00823,0.00917,0.00863,0.01014,0.00876,0.0084,0.00938,275.00305,0.11346,0.08379,0.06287,0.04788,0.03841,0.02992,0.0237,0.02172,0.01478,634.9986,0.00468,0.00368,0.00324,0.0038,0.00351,0.00318,0.00257,0.00298,0.00305,635.00787,0.00395,0.00321,0.00327,0.00414,0.00325,0.00227,0.00228,0.00331,0.00311,634.99957,0.00218,0.0018,0.00177,0.00233,0.00186,0.00242,0.00188,0.00222,0.00235
274.49249,0.21051,0.15169,0.11447,0.08773,0.07007,0.05643,0.04539,0.03775,0.02792,634.48523,0.00542,0.00453,0.00395,0.00438,0.00439,0.00384,0.00399,0.00369,0.00404,634.49457,0.00111,9.25E-04,0.00104,9.13E-04,9.62E-04,6.77E-04,6.61E-04,7.28E-04,6.24E-04,634.48602,0.00986,0.00836,0.00898,0.01016,0.00863,0.01124,0.00876,0.0084,0.00999,274.49249,0.11139,0.082,0.06237,0.05452,0.03715,0.03389,0.02659,0.01998,0.01475,634.48523,0.00401,0.00336,0.00248,0.00248,0.00279,0.00266,0.00323,0.00238,0.0029,634.49457,0.00244,0.00216,0.00244,0.01397,0.00265,0.00174,0.00164,0.00184,0.00141,634.48602,0.00212,0.00219,0.00267,0.00189,0.00182,0.00218,0.00266,0.00181,0.00217
273.98193,0.20303,0.1478,0.11361,0.08653,0.06891,0.05655,0.04478,0.03734,0.02792,634.00848,0.00542,0.00465,0.00395,0.00438,0.00432,0.00411,0.00399,0.00369,0.00416,634.01788,0.00116,9.46E-04,0.00104,8.94E-04,9.62E-04,8.79E-04,8.91E-04,8.56E-04,7.96E-04,634.00909,0.01015,0.00871,0.00924,0.01065,0.00863,0.01113,0.00922,0.0084,0.0101,273.98193,0.11563,0.08026,0.06057,0.04642,0.03708,0.03277,0.02424,0.01999,0.01517,634.00848,0.0035,0.00293,0.00255,0.00283,0.00362,0.0022,0.00228,0.00244,0.0025,634.01788,0.00649,0.00294,0.00266,0.00226,0.00247,0.0024,0.00243,0.00219,0.00204,634.00909,0.00238,0.00187,0.00266,0.00252,0.00188,0.00245,0.00232,0.00169,0.00215
273.51059,0.19829,0.14461,0.11059,0.08619,0.06838,0.05455,0.04457,0.03718,0.02789,633.49506,0.00448,0.00465,0.00395,0.00385,0.00432,0.00352,0.0044,0.00369,0.00399,633.50439,0.00116,9.46E-04,0.00104,8.94E-04,9.62E-04,8.79E-04,7.64E-04,8.56E-04,7.96E-04,633.49542,0.00986,0.00871,0.01019,0.01065,0.00874,0.01025,0.00922,0.0084,0.0101,273.51059,0.10743,0.0782,0.06012,0.04578,0.03646,0.02886,0.02476,0.01976,0.0148,633.49506,0.00289,0.00301,0.00262,0.0029,0.00284,0.00319,0.00289,0.00232,0.00306,633.50439,0.00302,0.00243,0.00291,0.0026,0.00256,0.00255,0.00248,0.00277,0.00283,633.49542,0.00278,0.00206,0.00219,0.00229,0.00222,0.00254,0.00277,0.00263,0.00225
273,0.18949,0.1401,0.10694,0.0843,0.06538,0.05243,0.04405,0.03612,0.02792,633.01819,0.00448,0.00465,0.00406,0.00438,0.00439,0.00352,0.0044,0.00377,0.00399,632.99091,0.00116,9.57E-04,0.00108,8.94E-04,9.62E-04,9.34E-04,7.73E-04,9.47E-04,8.60E-04,632.98163,0.00848,0.00849,0.00924,0.01065,0.00874,0.01025,0.00854,0.00787,0.00999,273,0.10492,0.07652,0.05852,0.04561,0.03618,0.03034,0.02358,0.01967,0.01477,633.01819,0.00389,0.00317,0.00275,0.00312,0.0027,0.00307,0.00284,0.00249,0.00269,632.99091,0.00298,0.0037,0.00277,0.00229,0.00218,0.00225,0.00252,0.00257,0.0022,632.98163,0.00253,0.00247,0.00199,0.00239,0.00238,0.00239,0.00198,0.00236,0.00278
272.48929,0.18949,0.13603,0.10439,0.08065,0.06367,0.0524,0.04292,0.03612,0.02792,632.50458,0.00448,0.00478,0.00426,0.00444,0.00439,0.00444,0.0044,0.00386,0.00416,632.51404,0.00116,9.46E-04,0.0011,9.53E-04,9.30E-04,9.11E-04,7.73E-04,0.001,9.82E-04,632.50452,0.00662,0.00849,0.00815,0.0085,0.00817,0.00755,0.00684,0.00851,0.00762,272.48929,0.10027,0.07413,0.05659,0.0446,0.03459,0.02758,0.02262,0.01911,0.01457,632.50458,0.00232,0.00345,0.00304,0.00186,0.00305,0.00227,0.00302,0.00291,0.00257,632.51404,0.00333,0.00273,0.00686,0.00272,0.00268,0.00243,0.00196,0.00243,0.0028,632.50452,0.00182,0.00183,0.00224,0.00248,0.00217,0.0022,0.00112,0.00239,0.00233
272.01788,0.18796,0.13563,0.10363,0.08014,0.06337,0.05212,0.04292,0.03612,0.02792,631.99084,0.00535,0.00479,0.00437,0.00444,0.00454,0.00444,0.0044,0.00393,0.00416,632.00043,0.00114,9.57E-04,0.00108,9.53E-04,9.30E-04,8.79E-04,7.73E-04,9.47E-04,8.60E-04,631.99066,0.00609,0.00752,0.00667,0.00696,0.00763,0.00755,0.00554,0.00821,0.00762,272.01788,0.09946,0.07198,0.05524,0.04268,0.03353,0.02774,0.02331,0.01894,0.01523,631.99084,0.00345,0.00309,0.00287,0.00287,0.00293,0.00287,0.00354,0.00297,0.00312,632.00043,0.00293,0.00245,0.00292,0.00244,0.00994,0.00279,0.00198,0.00265,0.00277,631.99066,0.00131,0.00126,0.00175,0.00183,0.00176,0.00162,0.00183,0.00159,0.00164
271.50714,0.17906,0.13438,0.10051,0.07906,0.06337,0.05138,0.04275,0.03612,0.02877,631.51373,0.00528,0.00479,0.00444,0.00444,0.00458,0.00417,0.00432,0.00424,0.00456,631.48669,9.49E-04,9.57E-04,0.00108,9.53E-04,9.42E-04,9.11E-04,7.73E-04,9.26E-04,9.56E-04,631.51331,0.00609,0.0071,0.00667,0.00696,0.00691,0.00755,0.00554,0.00821,0.00743,271.50714,0.10248,0.07111,0.05484,0.0424,0.03369,0.02773,0.02271,0.01976,0.01526,631.51373,0.00359,0.00346,0.00282,0.00296,0.00325,0.00288,0.00279,0.00254,0.00306,631.48669,0.00299,0.00229,0.00281,0.00247,0.00238,0.00234,0.00235,0.0032,0.00252,631.51331,0.00142,0.00197,0.00143,0.0015,0.00149,0.00154,0.00147,0.00183,0.00144
270.99643,0.17906,0.12913,0.10051,0.079,0.06331,0.05031,0.04175,0.0358,0.02884,630.99994,0.00528,0.00479,0.00444,0.00459,0.00458,0.00439,0.00432,0.00393,0.00456,631.00958,9.49E-04,9.57E-04,0.00104,8.68E-04,9.30E-04,9.11E-04,8.98E-04,8.28E-04,8.85E-04,630.99933,0.00609,0.0071,0.00666,0.00696,0.00691,0.00755,0.00684,0.00821,0.00743,270.99643,0.09475,0.07176,0.05318,0.0418,0.0335,0.02719,0.02277,0.01935,0.01551,630.99994,0.00377,0.00309,0.00338,0.00331,0.00416,0.00357,0.00331,0.00274,0.00348,631.00958,0.00232,0.0028,0.00266,0.00261,0.00242,0.00185,0.00257,0.00237,0.00203,630.99933,0.00119,0.00162,0.00143,0.00147,0.00164,0.00168,0.00119,0.00176,0.00179
270.48566,0.17585,0.12818,0.09847,0.079,0.06097,0.04946,0.04104,0.03657,0.02928,630.48602,0.00516,0.00479,0.00437,0.0051,0.00458,0.00439,0.00432,0.00393,0.00417,630.49573,9.49E-04,0.00101,0.00104,8.68E-04,9.30E-04,9.08E-04,8.98E-04,8.28E-04,8.85E-04,630.48523,0.00662,0.00752,0.00666,0.00696,0.00691,0.00779,0.00684,0.00851,0.00743,270.48566,0.09305,0.06833,0.0521,0.04183,0.036,0.02662,0.02209,0.02002,0.0155,630.48602,0.00341,0.00328,0.0031,0.00337,0.00296,0.00269,0.00257,0.00306,0.00294,630.49573,0.00243,0.00296,0.00278,0.00201,0.0029,0.00241,0.0023,0.00212,0.00245,630.48523,0.00188,0.00152,0.00167,0.00193,0.00141,0.00182,0.00192,0.002,0.0016
270.01416,0.1648,0.12182,0.09384,0.079,0.05965,0.04906,0.04076,0.03657,0.02928,630.00873,0.00499,0.00468,0.0048,0.0051,0.00458,0.00439,0.00459,0.00412,0.00417,629.98175,9.49E-04,0.00108,9.98E-04,8.68E-04,9.42E-04,9.08E-04,8.98E-04,8.28E-04,8.30E-04,630.00775,0.00877,0.00752,0.00666,0.009,0.00763,0.00842,0.00874,0.00914,0.00814,270.01416,0.09616,0.06782,0.05346,0.0396,0.03156,0.02596,0.02157,0.01852,0.01602,630.00873,0.00333,0.00327,0.00323,0.00329,0.00309,0.00283,0.00322,0.0023,0.00269,629.98175,0.00305,0.00259,0.00231,0.00223,0.00178,0.00247,0.00248,0.0014,0.00227,630.00775,0.00232,0.00163,0.00137,0.00232,0.00175,0.00181,0.00214,0.00206,0.00226
269.50333,0.16203,0.11845,0.09317,0.07485,0.05815,0.04855,0.04076,0.03501,0.02867,629.49469,0.00499,0.00448,0.00433,0.00475,0.00444,0.00417,0.00442,0.00356,0.00398,629.50446,9.73E-04,0.00101,9.98E-04,8.68E-04,9.57E-04,9.08E-04,8.82E-04,7.92E-04,8.46E-04,629.49347,0.00903,0.00759,0.00779,0.00918,0.00813,0.00846,0.00891,0.00931,0.00814,269.50333,0.0872,0.06446,0.04965,0.04255,0.03226,0.02617,0.02172,0.01992,0.01668,629.49469,0.00322,0.00289,0.0028,0.0035,0.00287,0.00285,0.00356,0.00317,0.00257,629.50446,0.00249,0.00281,0.00274,0.0025,0.00254,0.00233,0.00226,0.00261,0.00243,629.49347,0.00224,0.00231,0.00205,0.00229,0.00218,0.00212,0.00188,0.00197,0.00175
268.99249,0.15737,0.11604,0.09034,0.0706,0.05792,0.04779,0.03959,0.03416,0.02804,629.01721,0.00483,0.00427,0.0032,0.00461,0.00404,0.00369,0.00442,0.00325,0.00313,628.99042,0.0011,0.00101,9.98E-04,9.15E-04,9.57E-04,9.08E-04,8.82E-04,7.92E-04,8.46E-04,629.01587,0.00903,0.00985,0.00638,0.01046,0.00984,0.00845,0.00881,0.00957,0.00878,268.99249,0.08573,0.06267,0.0493,0.04635,0.03077,0.02529,0.02095,0.0202,0.01517,629.01721,0.00312,0.00302,0.00333,0.00306,0.00346,0.00307,0.00296,0.00266,0.00305,628.99042,0.00292,0.00276,0.00256,0.00259,0.00245,0.00255,0.00235,0.00219,0.00213,629.01587,0.00224,0.00224,0.00237,0.00297,0.00268,0.00237,0.00216,0.00231,0.00211
268.4816,0.15455,0.11261,0.08999,0.06983,0.05792,0.04649,0.03939,0.03332,0.02799,628.50305,0.00416,0.00397,0.00314,0.00365,0.00381,0.00332,0.00364,0.00325,0.00313,628.51294,0.0011,0.00108,0.00103,9.75E-04,9.92E-04,9.08E-04,8.82E-04,8.53E-04,8.46E-04,628.50146,0.00903,0.00985,0.00955,0.00918,0.00984,0.00863,0.00881,0.00914,0.00878,268.4816,0.08327,0.0614,0.0478,0.03736,0.03065,0.02569,0.02174,0.01807,0.01458,628.50305,0.00342,0.00276,0.00207,0.00298,0.00261,0.00238,0.00286,0.0021,0.00202,628.51294,0.00289,0.00259,0.00264,0.00234,0.00264,0.00232,0.00164,0.00203,0.00217,628.50146,0.00194,0.00218,0.00234,0.00197,0.00212,0.00186,0.00242,0.00232,0.00222
268.00998,0.14654,0.10882,0.08565,0.06826,0.05547,0.04649,0.03916,0.03332,0.02755,627.98883,0.00416,0.00397,0.00314,0.00365,0.00381,0.00332,0.00364,0.00325,0.00313,627.99866,0.0011,0.00104,9.98E-04,9.15E-04,9.57E-04,9.95E-04,8.87E-04,7.92E-04,8.30E-04,627.987,0.00798,0.00963,0.00817,0.00825,0.00896,0.00863,0.00881,0.00862,0.00878,268.00998,0.08178,0.05958,0.04762,0.03695,0.02935,0.0246,0.0204,0.01763,0.01484,627.98883,0.00247,0.00205,0.00191,0.00236,0.002,0.00136,0.00199,0.00175,0.00125,627.99866,0.00282,0.00308,0.00316,0.00326,0.00282,0.00301,0.00227,0.00273,0.00236,627.987,0.00171,0.00212,0.00135,0.00225,0.00226,0.00182,0.00189,0.00209,0.00189
267.49905,0.14422,0.10599,0.084,0.065,0.05344,0.04622,0.03855,0.03332,0.02755,627.51117,0.00416,0.00397,0.00314,0.00365,0.00381,0.00332,0.00364,0.00325,0.00313,627.48444,0.0011,0.00101,9.39E-04,8.66E-04,7.58E-04,9.05E-04,6.38E-04,7.46E-04,8.39E-04,627.50916,0.00798,0.00963,0.00817,0.00825,0.00896,0.00863,0.00881,0.00862,0.00878,267.49905,0.07754,0.05758,0.04445,0.03612,0.03539,0.02446,0.02084,0.01739,0.01481,627.51117,0.00268,0.00256,0.00203,0.0022,0.00246,0.00215,0.00235,0.00294,0.00203,627.48444,0.0038,0.00339,0.00283,0.00337,0.00291,0.00282,0.00292,0.00308,0.00218,627.50916,0.00227,0.00188,0.00213,0.00177,0.00193,0.0019,0.00205,0.00185,0.00193
266.9881,0.14267,0.10449,0.08218,0.06447,0.0523,0.04622,0.03787,0.03287,0.02799,626.99677,0.00416,0.00397,0.00314,0.00365,0.00381,0.00332,0.00364,0.00399,0.00314,627.00684,0.001,0.00102,9.02E-04,8.60E-04,7.42E-04,7.72E-04,6.06E-04,7.46E-04,7.94E-04,626.99457,0.00798,0.00963,0.00817,0.00825,0.00896,0.00873,0.00881,0.00862,0.00878,266.9881,0.07631,0.05608,0.04532,0.03439,0.02828,0.02634,0.02072,0.01775,0.01441,626.99677,0.00333,0.0031,0.00331,0.00335,0.00321,0.00258,0.00302,0.00258,0.00301,627.00684,0.00282,0.00266,0.00241,0.00221,0.00183,0.00282,0.00243,0.00191,0.00203,626.99457,0.0017,0.00207,0.00176,0.00162,0.00178,0.00208,0.00182,0.00183,0.00185
266.51642,0.13672,0.1007,0.07878,0.06447,0.0523,0.04343,0.03753,0.03287,0.02799,626.48224,0.00458,0.00452,0.00443,0.00432,0.0039,0.004,0.00398,0.00399,0.00321,626.49237,0.001,0.00102,9.02E-04,8.60E-04,7.42E-04,7.72E-04,6.06E-04,7.46E-04,7.94E-04,626.5166,0.01056,0.00963,0.00975,0.00825,0.00896,0.00883,0.00922,0.00862,0.00897,266.51642,0.07549,0.05529,0.04348,0.03411,0.02767,0.02298,0.01986,0.01783,0.01676,626.48224,0.00338,0.00341,0.00286,0.00279,0.00307,0.0026,0.0032,0.00305,0.0029,626.49237,0.00257,0.00199,0.00205,0.00222,0.00194,0.00159,0.00155,0.00143,0.00215,626.5166,0.00267,0.00227,0.00209,0.00263,0.00297,0.00188,0.00198,0.00228,0.00239
266.00543,0.13223,0.09738,0.07802,0.06376,0.05222,0.04343,0.03704,0.03355,0.02902,626.00439,0.0051,0.00481,0.00488,0.0048,0.0043,0.00402,0.0044,0.00399,0.00433,626.01459,0.001,9.28E-04,9.02E-04,8.60E-04,7.42E-04,7.72E-04,6.06E-04,7.46E-04,7.89E-04,626.00189,0.0109,0.01056,0.00975,0.01225,0.01199,0.00968,0.00922,0.01062,0.01038,266.00543,0.07234,0.05328,0.04168,0.03374,0.02763,0.02724,0.02004,0.01739,0.01536,626.00439,0.00296,0.00292,0.00315,0.00343,0.00252,0.00278,0.00257,0.00297,0.00283,626.01459,0.00246,0.00261,0.00231,0.00199,0.0019,0.00198,0.00142,0.002,0.0018,626.00189,0.00273,0.00265,0.00278,0.00265,0.00276,0.00287,0.00282,0.00282,0.00223
265.49438,0.12926,0.09528,0.075,0.06115,0.04884,0.04294,0.03688,0.03287,0.02902,625.48975,0.00494,0.00463,0.00443,0.00478,0.00424,0.00431,0.00424,0.0046,0.00433,625.5,0.001,9.02E-04,9.02E-04,8.66E-04,7.58E-04,7.72E-04,6.06E-04,7.81E-04,7.89E-04,625.487,0.01242,0.01138,0.01184,0.01231,0.01207,0.01065,0.01251,0.01261,0.01075,265.49438,0.06996,0.05153,0.04129,0.03465,0.02869,0.02272,0.0196,0.01852,0.01538,625.48975,0.00329,0.00315,0.00363,0.0031,0.00277,0.00308,0.00284,0.00256,0.00207,625.5,0.00469,0.00325,0.0031,0.00251,0.00249,0.00277,0.00273,0.00262,0.00225,625.487,0.00295,0.00254,0.00268,0.00297,0.00258,0.00262,0.00311,0.00305,0.00283
264.98331,0.12563,0.09345,0.07496,0.05966,0.04864,0.04088,0.03572,0.032,0.02784,625.0119,0.00494,0.00463,0.00464,0.0048,0.00424,0.00442,0.00419,0.00396,0.00412,624.98535,0.00111,9.28E-04,9.33E-04,9.12E-04,9.60E-04,9.47E-04,8.43E-04,9.83E-04,7.89E-04,625.00885,0.01142,0.01147,0.01247,0.01231,0.01207,0.01198,0.01251,0.01261,0.01075,264.98331,0.06839,0.05042,0.03968,0.03157,0.02584,0.02313,0.0189,0.01871,0.01701,625.0119,0.00331,0.00352,0.00344,0.00353,0.00283,0.00286,0.00304,0.00329,0.0028,624.98535,0.00312,0.00238,0.00239,0.00247,0.00261,0.00264,0.00249,0.00252,0.00202,625.00885,0.00234,0.00245,0.00254,0.00289,0.0027,0.00258,0.00291,0.00281,0.00231
264.51154,0.12259,0.09032,0.07496,0.0592,0.04765,0.04088,0.03572,0.032,0.02774,624.49707,0.00502,0.00463,0.00422,0.00478,0.00424,0.00448,0.00419,0.00396,0.00341,624.50739,0.00122,9.28E-04,9.33E-04,9.12E-04,9.60E-04,9.47E-04,8.43E-04,9.83E-04,7.89E-04,624.49396,0.01105,0.01147,0.01247,0.01285,0.01199,0.011,0.01251,0.01253,0.0128,264.51154,0.06647,0.04945,0.03966,0.03236,0.02574,0.02163,0.01951,0.01693,0.01473,624.49707,0.00319,0.00299,0.00272,0.00309,0.00274,0.00306,0.00274,0.00318,0.00307,624.50739,0.00286,0.00231,0.00287,0.00234,0.00246,0.00243,0.00216,0.00268,0.00205,624.49396,0.00285,0.00326,0.00276,0.00277,0.00259,0.00229,0.00269,0.00271,0.00279
264.0004,0.11773,0.08788,0.07211,0.0592,0.04716,0.04088,0.03563,0.032,0.0275,623.98224,0.00494,0.00429,0.00422,0.00477,0.00409,0.00442,0.00419,0.00398,0.00412,623.99261,0.00111,9.02E-04,9.33E-04,8.63E-04,8.57E-04,8.97E-04,8.43E-04,7.53E-04,7.88E-04,624.01569,0.01105,0.01147,0.01184,0.01175,0.01207,0.01079,0.01251,0.01228,0.01085,264.0004,0.06487,0.04779,0.03816,0.03133,0.02521,0.02131,0.01885,0.0165,0.01468,623.98224,0.00375,0.00302,0.003,0.00323,0.00313,0.00289,0.0027,0.00231,0.00266,623.99261,0.00379,0.00299,0.00255,0.0028,0.00294,0.00311,0.00344,0.00289,0.00305,624.01569,0.00245,0.00247,0.00298,0.00215,0.00288,0.00268,0.00264,0.00269,0.0028
263.48926,0.11627,0.08742,0.06863,0.05678,0.04689,0.04088,0.03552,0.03173,0.0275,623.50409,0.00494,0.00429,0.00422,0.00447,0.00409,0.00448,0.00419,0.00398,0.00412,623.51447,0.00111,9.02E-04,9.66E-04,8.41E-04,8.57E-04,8.16E-04,7.85E-04,7.53E-04,7.88E-04,623.50055,0.01105,0.01181,0.01194,0.01065,0.01173,0.01065,0.01228,0.0115,0.01085,263.48926,0.06229,0.0465,0.04182,0.03005,0.02481,0.02231,0.02008,0.01723,0.01452,623.50409,0.00324,0.00246,0.00271,0.00308,0.00258,0.00344,0.00265,0.00276,0.0022,623.51447,0.00495,0.00243,0.00217,0.002,0.00186,0.00209,0.00127,0.00175,0.00188,623.50055,0.00237,0.00254,0.00274,0.00276,0.00252,0.00236,0.00314,0.00264,0.00275
263.01743,0.11477,0.08337,0.06712,0.05441,0.04673,0.04028,0.0348,0.03135,0.0275,622.98907,0.00502,0.00429,0.00464,0.00447,0.00409,0.00448,0.00419,0.00398,0.00412,622.99957,0.00113,8.76E-04,8.98E-04,8.41E-04,8.57E-04,7.25E-04,6.96E-04,7.53E-04,7.88E-04,622.98535,0.0108,0.01147,0.01013,0.01047,0.00876,0.00969,0.01226,0.01008,0.01033,263.01743,0.06152,0.04626,0.03631,0.03141,0.02496,0.02169,0.0188,0.02143,0.01455,622.98907,0.00308,0.00277,0.003,0.00249,0.00264,0.00239,0.00294,0.00257,0.00279,622.99957,0.00204,0.00217,0.00248,0.00221,0.0022,0.0023,0.00222,0.00193,0.00202,622.98535,0.00245,0.00293,0.00218,0.00253,0.00296,0.00232,0.0027,0.00247,0.00233
262.50623,0.10805,0.08041,0.06529,0.05299,0.04673,0.04056,0.03437,0.03135,0.0275,622.5108,0.00502,0.00429,0.00464,0.00447,0.00409,0.00501,0.00455,0.00427,0.00414,622.48456,0.00113,8.76E-04,8.98E-04,8.41E-04,8.57E-04,7.25E-04,6.96E-04,7.53E-04,7.88E-04,622.50684,0.0108,0.01181,0.01013,0.01065,0.00876,0.00969,0.01112,0.01008,0.01033,262.50623,0.06073,0.04411,0.03552,0.02879,0.02444,0.02554,0.01841,0.01679,0.01655,622.5108,0.00428,0.00304,0.0032,0.00289,0.00314,0.00323,0.00342,0.00308,0.00267,622.48456,0.0029,0.0025,0.00271,0.00216,0.00254,0.00181,0.00201,0.00207,0.00225,622.50684,0.00232,0.00271,0.00257,0.00229,0.00183,0.00208,0.00264,0.00217,0.00222
261.99503,0.10437,0.07927,0.06335,0.05292,0.0462,0.03885,0.03402,0.03099,0.02784,621.99573,0.00485,0.0047,0.00496,0.00447,0.00487,0.00501,0.00479,0.00425,0.00432,622.00629,0.00113,8.45E-04,8.98E-04,8.41E-04,8.57E-04,7.05E-04,6.96E-04,7.53E-04,7.88E-04,621.99152,0.0108,0.01262,0.01013,0.01065,0.00876,0.00969,0.01112,0.01008,0.01033,261.99503,0.05717,0.04255,0.03455,0.02804,0.02473,0.02055,0.01819,0.01659,0.01548,621.99573,0.00387,0.00406,0.00369,0.00337,0.00367,0.0033,0.00351,0.00309,0.0028,622.00629,0.0031,0.00225,0.0023,0.00286,0.00299,0.00186,0.00178,0.00201,0.00264,621.99152,0.00228,0.00187,0.00161,0.00225,0.00188,0.002,0.00195,0.00183,0.00216
261.48376,0.10416,0.07789,0.06203,0.05268,0.04539,0.03781,0.03402,0.03099,0.0282,621.51721,0.00549,0.00489,0.00503,0.00483,0.00527,0.00506,0.0053,0.00477,0.00434,621.49115,0.00113,8.22E-04,8.98E-04,8.41E-04,8.20E-04,7.05E-04,6.96E-04,7.82E-04,7.49E-04,621.51294,0.0108,0.01262,0.01194,0.01065,0.00876,0.00969,0.01112,0.01008,0.01033,261.48376,0.05522,0.04194,0.03352,0.028,0.02501,0.02146,0.018,0.0164,0.01473,621.51721,0.00354,0.00343,0.00355,0.00325,0.0034,0.00345,0.00309,0.00401,0.00285,621.49115,0.00305,0.00336,0.00255,0.0031,0.00291,0.00247,0.00275,0.00236,0.00265,621.51294,0.00263,0.00318,0.00284,0.00295,0.00259,0.00258,0.00239,0.00248,0.00253
261.01181,0.10048,0.07658,0.06127,0.05148,0.04313,0.03781,0.03402,0.03099,0.0282,621.00195,0.00549,0.00496,0.00524,0.00502,0.00527,0.00511,0.00479,0.00464,0.00441,621.01263,0.00107,8.08E-04,8.98E-04,7.38E-04,8.20E-04,6.69E-04,6.96E-04,7.76E-04,7.49E-04,620.9975,0.01224,0.01412,0.01321,0.01371,0.01206,0.01201,0.01112,0.01153,0.01178,261.01181,0.05511,0.04121,0.03282,0.02787,0.02268,0.01992,0.01793,0.01615,0.01714,621.00195,0.00313,0.00316,0.00338,0.00324,0.0037,0.00347,0.00352,0.00274,0.0035,621.01263,0.00291,0.00211,0.0019,0.00189,0.00149,0.00157,0.00149,0.00115,0.00146,620.9975,0.00367,0.00352,0.0033,0.0035,0.00333,0.00336,0.0038,0.00318,0.00349
260.50052,0.09816,0.07386,0.06041,0.0513,0.04313,0.03781,0.03402,0.03099,0.0282,620.48663,0.00503,0.00489,0.0052,0.00502,0.00497,0.00506,0.00475,0.00425,0.00465,620.49731,0.00105,8.08E-04,9.00E-04,7.38E-04,8.20E-04,6.69E-04,7.39E-04,7.76E-04,7.49E-04,620.48187,0.01224,0.01412,0.01332,0.01465,0.01206,0.01404,0.01112,0.01409,0.01178,260.50052,0.05316,0.04052,0.03242,0.02724,0.02402,0.02001,0.02363,0.01653,0.01492,620.48663,0.00367,0.0032,0.00325,0.00312,0.00347,0.00327,0.00351,0.00365,0.003,620.49731,0.00245,0.00184,0.00252,0.00248,0.0021,0.00199,0.0022,0.00248,0.00192,620.48187,0.0032,0.00379,0.00348,0.00353,0.0033,0.00357,0.00287,0.00371,0.00328
259.98917,0.09568,0.07322,0.06041,0.05098,0.04286,0.03781,0.03537,0.03125,0.02909,620.008,0.00503,0.00459,0.00503,0.00483,0.00497,0.00434,0.00447,0.00387,0.00465,619.98199,0.00105,8.08E-04,9.00E-04,7.38E-04,8.20E-04,6.69E-04,7.39E-04,7.76E-04,7.49E-04,620.00305,0.01239,0.01206,0.01332,0.01465,0.0112,0.01404,0.01204,0.01409,0.01041,259.98917,0.05194,0.03908,0.03197,0.02714,0.02282,0.02192,0.01872,0.017,0.01554,620.008,0.00376,0.00353,0.00349,0.00351,0.00321,0.00346,0.00307,0.00299,0.0032,619.98199,0.00274,0.00207,0.00231,0.00128,0.00217,0.00171,0.00189,0.00199,0.00214,620.00305,0.00279,0.00303,0.00316,0.00344,0.00338,0.00302,0.00361,0.00303,0.00339
259.51718,0.09336,0.07125,0.05952,0.05008,0.04266,0.03861,0.0356,0.03213,0.02909,619.49255,0.00503,0.00445,0.0043,0.00379,0.00465,0.00419,0.00344,0.00381,0.00355,619.50336,0.00105,8.08E-04,9.71E-04,8.93E-04,8.46E-04,7.76E-04,8.18E-04,8.54E-04,8.33E-04,619.48737,0.01081,0.00935,0.00872,0.01179,0.0096,0.01189,0.01185,0.01182,0.01041,259.51718,0.05063,0.03874,0.03111,0.02698,0.02344,0.02049,0.01888,0.017,0.01539,619.49255,0.00325,0.00296,0.00336,0.0034,0.003,0.00271,0.00288,0.0025,0.003,619.50336,0.0027,0.00241,0.0029,0.00229,0.0027,0.0021,0.00215,0.0026,0.00244,619.48737,0.00232,0.00259,0.00286,0.00315,0.00241,0.00324,0.00221,0.00305,0.00219
259.0058,0.08922,0.06862,0.0588,0.04886,0.04246,0.03872,0.03537,0.03213,0.02936,619.01379,0.00437,0.00417,0.0043,0.00379,0.00464,0.00419,0.00344,0.00381,0.00355,618.98785,0.00105,8.08E-04,9.00E-04,8.93E-04,8.46E-04,8.21E-04,7.39E-04,7.76E-04,8.57E-04,619.00854,0.0103,0.00935,0.00872,0.01179,0.0096,0.01172,0.01154,0.00916,0.01041,259.0058,0.0494,0.0377,0.03451,0.0265,0.02237,0.02081,0.01907,0.01716,0.01853,619.01379,0.00326,0.00287,0.0027,0.00195,0.00361,0.0028,0.0021,0.00227,0.00215,618.98785,0.00306,0.00389,0.00337,0.00338,0.00256,0.00248,0.00311,0.00313,0.0026,619.00854,0.00266,0.00201,0.00187,0.00231,0.00206,0.00256,0.00259,0.00254,0.00224
258.49438,0.08804,0.0667,0.05675,0.04807,0.04227,0.03861,0.0356,0.03243,0.02942,618.49811,0.00437,0.00417,0.0043,0.00379,0.00425,0.00418,0.00344,0.00381,0.00349,618.50909,8.07E-04,8.15E-04,8.02E-04,8.93E-04,8.99E-04,8.21E-04,6.17E-04,6.75E-04,8.57E-04,618.49268,0.00907,0.00935,0.00872,0.01073,0.0096,0.00832,0.0103,0.00837,0.01041,258.49438,0.04721,0.03631,0.03149,0.02544,0.02257,0.02043,0.01883,0.01829,0.0158,618.49811,0.00282,0.00258,0.00278,0.00245,0.00275,0.00261,0.00222,0.00246,0.00229,618.50909,0.00268,0.00234,0.00249,0.00229,0.00299,0.00216,0.0021,0.00219,0.00254,618.49268,0.00221,0.00198,0.00183,0.00253,0.00203,0.00175,0.00255,0.00197,0.00253
257.98297,0.08787,0.06523,0.05478,0.04664,0.04227,0.03809,0.03418,0.03281,0.02976,617.98242,0.00428,0.00417,0.00429,0.00379,0.00425,0.00404,0.00344,0.00357,0.00343,617.99341,8.07E-04,8.15E-04,8.02E-04,8.93E-04,8.99E-04,8.44E-04,6.17E-04,6.75E-04,7.10E-04,618.01355,0.00907,0.00935,0.00872,0.01073,0.0096,0.00832,0.01154,0.00837,0.01041,257.98297,0.04658,0.03529,0.03003,0.02586,0.02246,0.02058,0.01808,0.01797,0.01557,617.98242,0.00272,0.0027,0.00348,0.00308,0.003,0.00285,0.00281,0.00304,0.00267,617.99341,0.00207,0.0019,0.00183,0.00233,0.00199,0.00232,0.00158,0.00109,0.0022,618.01355,0.00195,0.00243,0.00272,0.00284,0.00246,0.00252,0.00248,0.0018,0.00231
257.51083,0.08293,0.0652,0.05387,0.04664,0.04221,0.03726,0.03408,0.03288,0.02976,617.50354,0.00428,0.00417,0.00429,0.00477,0.00425,0.00404,0.00415,0.00375,0.00349,617.51453,8.07E-04,8.15E-04,8.02E-04,8.73E-04,8.61E-04,8.41E-04,6.17E-04,6.75E-04,7.10E-04,617.49762,0.00907,0.01006,0.01062,0.01179,0.01058,0.00832,0.01154,0.00837,0.01076,257.51083,0.0465,0.03451,0.02898,0.02468,0.02233,0.02016,0.01998,0.0174,0.01575,617.50354,0.00315,0.00277,0.00315,0.00346,0.00226,0.0027,0.00268,0.00276,0.00225,617.51453,0.00203,0.00209,0.00206,0.00224,0.0023,0.00199,0.00157,0.00173,0.00182,617.49762,0.00189,0.00216,0.00228,0.00209,0.00273,0.00179,0.00218,0.00175,0.00275
256.99936,0.08267,0.06229,0.0522,0.04655,0.04102,0.03726,0.03377,0.03284,0.02976,616.98767,0.00428,0.00429,0.00429,0.0048,0.00464,0.00418,0.00436,0.00375,0.00349,616.99878,7.92E-04,8.15E-04,8.02E-04,8.73E-04,8.61E-04,8.41E-04,6.17E-04,6.75E-04,7.10E-04,616.98157,0.00907,0.01109,0.01217,0.01225,0.01144,0.01043,0.01154,0.00837,0.01076,256.99936,0.04388,0.0345,0.02851,0.02463,0.02343,0.01972,0.01803,0.01736,0.01616,616.98767,0.00277,0.00301,0.00277,0.0031,0.00319,0.0026,0.00317,0.00231,0.00221,616.99878,0.00251,0.00236,0.00227,0.00405,0.00231,0.00235,0.00165,0.00181,0.00176,616.98157,0.00276,0.00238,0.0028,0.00276,0.00227,0.00224,0.00268,0.00219,0.00222
256.48785,0.08079,0.06196,0.05195,0.04609,0.04018,0.03666,0.03377,0.03281,0.03041,616.50854,0.00472,0.00447,0.00429,0.0048,0.00481,0.00418,0.00436,0.00357,0.00349,616.48291,7.92E-04,8.15E-04,8.02E-04,6.95E-04,8.61E-04,7.77E-04,6.31E-04,6.75E-04,7.10E-04,616.50232,0.0109,0.01109,0.01195,0.01225,0.01271,0.01043,0.01015,0.01019,0.01278,256.48785,0.04374,0.03296,0.02762,0.02574,0.02126,0.0194,0.01782,0.01999,0.01609,616.50854,0.00389,0.00329,0.00267,0.00354,0.00332,0.00306,0.00282,0.00242,0.00305,616.48291,0.00226,0.00233,0.00254,0.00178,0.00221,0.00216,0.00267,0.00222,0.00198,616.50232,0.0027,0.00245,0.00262,0.00263,0.00298,0.00274,0.00285,0.00269,0.00278
256.01566,0.08061,0.06068,0.05058,0.04609,0.03902,0.03579,0.03368,0.03271,0.03044,615.99255,0.00428,0.00447,0.00429,0.0043,0.00481,0.00406,0.00436,0.00354,0.00364,616.00378,8.18E-04,9.07E-04,8.87E-04,6.95E-04,8.61E-04,8.41E-04,6.42E-04,7.07E-04,7.56E-04,615.98608,0.0109,0.01109,0.01195,0.01225,0.01061,0.01116,0.00993,0.01043,0.01218,256.01566,0.04275,0.03278,0.02749,0.02439,0.02171,0.02113,0.01787,0.01738,0.01652,615.99255,0.00389,0.00388,0.00373,0.0033,0.0031,0.00348,0.00326,0.00261,0.00294,616.00378,0.00202,0.00282,0.00337,0.00246,0.00322,0.00248,0.00276,0.00257,0.00194,615.98608,0.00299,0.00252,0.00296,0.00295,0.00287,0.0024,0.00303,0.00283,0.00296
255.50414,0.07425,0.05927,0.05058,0.04301,0.03902,0.03558,0.03285,0.03202,0.03041,615.51343,0.00439,0.00433,0.00427,0.00419,0.0042,0.00406,0.00401,0.00354,0.00381,615.48779,8.18E-04,9.07E-04,7.23E-04,6.95E-04,8.61E-04,7.99E-04,7.52E-04,7.25E-04,7.56E-04,615.50671,0.01065,0.01142,0.01034,0.01147,0.01277,0.01157,0.00993,0.01127,0.01218,255.50414,0.04266,0.03211,0.02676,0.02276,0.02065,0.01894,0.01884,0.01694,0.01611,615.51343,0.00305,0.00288,0.00287,0.00278,0.00382,0.003,0.00298,0.00177,0.00235,615.48779,0.0021,0.00208,0.00185,0.00107,0.00176,0.00163,0.00162,0.00122,0.00221,615.50671,0.00234,0.00277,0.00257,0.00304,0.00275,0.00265,0.00201,0.00224,0.00314
254.99252,0.07333,0.05723,0.0488,0.04175,0.03902,0.03558,0.03285,0.03101,0.03044,614.99725,0.00439,0.00433,0.00444,0.00408,0.00412,0.00388,0.00401,0.00354,0.00381,615.00854,8.18E-04,9.54E-04,7.23E-04,8.94E-04,0.00103,7.63E-04,6.89E-04,7.13E-04,7.56E-04,614.99036,0.01065,0.01171,0.01034,0.01147,0.01277,0.01157,0.00993,0.01127,0.01218,254.99252,0.03929,0.03136,0.02582,0.02518,0.02015,0.01883,0.01727,0.01731,0.01816,614.99725,0.00222,0.00279,0.00303,0.00271,0.00266,0.00262,0.00231,0.00229,0.00265,615.00854,0.00245,0.00334,0.00252,0.00334,0.00383,0.00247,0.00233,0.00256,0.00269,614.99036,0.00201,0.00234,0.00222,0.00225,0.00228,0.00269,0.00213,0.00247,0.00262
254.48093,0.07295,0.05723,0.04857,0.04175,0.03902,0.03535,0.03274,0.03101,0.03041,614.51794,0.00439,0.00433,0.00427,0.00408,0.00412,0.00388,0.00401,0.00354,0.00381,614.49237,9.24E-04,9.54E-04,7.23E-04,8.94E-04,0.00103,7.63E-04,6.89E-04,7.13E-04,7.81E-04,614.51093,0.01046,0.01088,0.01034,0.01147,0.01061,0.01157,0.00993,0.01127,0.01101,254.48093,0.0388,0.03028,0.03006,0.02209,0.02362,0.01829,0.01738,0.01614,0.01592,614.51794,0.00284,0.00274,0.00276,0.00263,0.00271,0.00234,0.00259,0.00252,0.00246,614.49237,0.00237,0.00245,0.00183,0.0035,0.00264,0.00205,0.00193,0.00186,0.0015,614.51093,0.00229,0.00254,0.00197,0.00246,0.00279,0.00249,0.00241,0.00242,0.00237
254.00864,0.07261,0.05495,0.04818,0.04141,0.0394,0.03457,0.03263,0.03101,0.03009,614.00165,0.00439,0.00433,0.00393,0.00408,0.0041,0.00388,0.00358,0.00354,0.00381,614.01306,9.56E-04,9.54E-04,8.28E-04,0.00104,0.00103,7.63E-04,7.52E-04,7.25E-04,7.81E-04,613.99445,0.0095,0.01084,0.00972,0.01046,0.01033,0.0113,0.01063,0.01127,0.01042,254.00864,0.03842,0.02908,0.0257,0.02188,0.02178,0.01912,0.01782,0.01641,0.01752,614.00165,0.00366,0.00296,0.00336,0.00262,0.00265,0.0025,0.00293,0.00248,0.00271,614.01306,0.00312,0.00735,0.00212,0.00229,0.00275,0.00196,0.00177,0.00183,0.002,613.99445,0.00264,0.00261,0.00274,0.00288,0.00291,0.00287,0.00252,0.00282,0.0027
253.49698,0.06877,0.05343,0.04597,0.04139,0.04116,0.03457,0.03274,0.03101,0.03009,613.48529,0.00452,0.00459,0.00393,0.00408,0.0041,0.00388,0.00399,0.00385,0.00377,613.49677,0.00107,9.54E-04,8.28E-04,8.95E-04,8.35E-04,7.63E-04,7.52E-04,7.25E-04,7.81E-04,613.51477,0.01046,0.00995,0.00972,0.01061,0.00994,0.01088,0.01119,0.00933,0.01042,253.49698,0.0386,0.03325,0.02549,0.02329,0.0233,0.0187,0.01732,0.01697,0.01609,613.48529,0.00323,0.00344,0.00253,0.00272,0.00292,0.00301,0.00289,0.00256,0.00259,613.49677,0.0035,0.00283,0.00297,0.0029,0.00306,0.00298,0.00292,0.00307,0.00222,613.51477,0.00225,0.00233,0.00255,0.00265,0.00222,0.00243,0.00265,0.00256,0.00211
252.98529,0.06877,0.05263,0.04597,0.04134,0.0394,0.0346,0.03274,0.03133,0.03041,613.00586,0.00492,0.00459,0.00393,0.00415,0.0041,0.00418,0.00399,0.00385,0.00377,613.01733,0.00108,0.00104,8.36E-04,8.94E-04,7.26E-04,7.63E-04,7.28E-04,8.54E-04,8.04E-04,612.99817,0.0095,0.00995,0.01013,0.01005,0.00986,0.00991,0.01137,0.00933,0.00981,252.98529,0.03615,0.02827,0.02433,0.02191,0.02085,0.01812,0.01685,0.01658,0.01516,613.00586,0.00292,0.00297,0.00231,0.00268,0.00246,0.00309,0.00229,0.00192,0.00243,613.01733,0.00274,0.00219,0.00228,0.00267,0.00214,0.00151,0.00299,0.00219,0.00225,612.99817,0.00204,0.00214,0.00209,0.00216,0.00214,0.00234,0.00229,0.00201,0.00224
252.51294,0.06833,0.05263,0.04572,0.04074,0.03817,0.0346,0.03274,0.03186,0.03041,612.48932,0.0047,0.0046,0.00393,0.00421,0.00449,0.00452,0.00374,0.00397,0.00377,612.50085,0.00107,0.00104,8.65E-04,8.83E-04,6.96E-04,9.00E-04,7.97E-04,8.54E-04,8.66E-04,612.51837,0.0095,0.00897,0.01013,0.0094,0.00933,0.00857,0.01063,0.00933,0.00981,252.51294,0.03639,0.02785,0.02419,0.0219,0.02197,0.01831,0.01742,0.01686,0.01688,612.48932,0.00319,0.00314,0.0028,0.00296,0.00326,0.0027,0.00258,0.00277,0.00239,612.50085,0.00276,0.00267,0.00222,0.00229,0.00186,0.00231,0.00204,0.00266,0.00254,612.51837,0.00228,0.00172,0.00224,0.00228,0.00212,0.00213,0.00273,0.0017,0.0023
252.00124,0.06507,0.05204,0.04572,0.04074,0.03817,0.0346,0.03292,0.03186,0.03117,612.0097,0.00462,0.00446,0.00408,0.00415,0.00385,0.00418,0.00355,0.00404,0.00376,611.98431,0.00102,9.52E-04,8.65E-04,8.83E-04,6.68E-04,9.00E-04,7.97E-04,7.61E-04,8.04E-04,612.00165,0.0095,0.00897,0.01013,0.0094,0.00933,0.00857,0.01063,0.00933,0.00991,252.00124,0.03676,0.02753,0.02451,0.02156,0.01999,0.01912,0.01765,0.0171,0.01652,612.0097,0.00318,0.00288,0.00329,0.00306,0.00312,0.00292,0.00284,0.00277,0.00297,611.98431,0.00305,0.00271,0.00214,0.00226,0.00167,0.00243,0.00187,0.00219,0.00206,612.00165,0.00196,0.0025,0.00218,0.00202,0.00201,0.00169,0.00244,0.00205,0.00172
251.48946,0.0647,0.05056,0.04538,0.04074,0.03817,0.03571,0.03335,0.03231,0.03123,611.49304,0.0047,0.00446,0.00434,0.00447,0.00449,0.00418,0.00374,0.00407,0.00376,611.50476,0.00102,9.52E-04,8.45E-04,8.83E-04,6.68E-04,9.00E-04,7.97E-04,7.61E-04,8.04E-04,611.4848,0.00988,0.00897,0.01013,0.0094,0.00933,0.00857,0.01131,0.00904,0.00819,251.48946,0.03443,0.03029,0.02401,0.02145,0.0202,0.01897,0.01823,0.01731,0.01649,611.49304,0.00303,0.00304,0.00264,0.00322,0.0029,0.00315,0.00242,0.00294,0.0025,611.50476,0.00262,0.00307,0.00249,0.00218,0.00178,0.00358,0.00209,0.00181,0.0023,611.4848,0.00219,0.00193,0.00223,0.00197,0.0018,0.00184,0.0022,0.00215,0.00213
251.01703,0.06453,0.05056,0.04396,0.04074,0.03777,0.03586,0.03445,0.03272,0.03123,611.01324,0.0047,0.00446,0.00437,0.00447,0.00449,0.00452,0.00374,0.00407,0.00387,610.9881,0.00101,9.52E-04,8.45E-04,8.83E-04,6.68E-04,9.04E-04,8.16E-04,7.16E-04,8.04E-04,611.00482,0.00914,0.00897,0.01013,0.00917,0.00892,0.00857,0.01045,0.00955,0.00814,251.01703,0.03414,0.02675,0.02497,0.0217,0.02182,0.01889,0.01953,0.02008,0.01745,611.01324,0.00299,0.00286,0.00282,0.00268,0.00249,0.00223,0.00216,0.00261,0.00243,610.9881,0.00221,0.00244,0.00226,0.00246,0.00171,0.00232,0.00228,0.00195,0.00148,611.00482,0.00212,0.00225,0.00256,0.00222,0.00261,0.00223,0.00243,0.00206,0.00239
250.5052,0.06453,0.04956,0.04267,0.04053,0.03817,0.03586,0.03447,0.03376,0.03298,610.49652,0.0047,0.00471,0.00437,0.00447,0.00449,0.00468,0.00374,0.00407,0.00387,610.50824,0.00101,9.38E-04,8.45E-04,8.75E-04,6.96E-04,8.23E-04,8.16E-04,7.05E-04,8.11E-04,610.48785,0.00901,0.00897,0.01019,0.00917,0.00836,0.01012,0.01028,0.0096,0.00819,250.5052,0.03424,0.02622,0.02326,0.02335,0.02041,0.02073,0.01824,0.01786,0.01749,610.49652,0.00358,0.00313,0.0029,0.00289,0.00313,0.00302,0.00255,0.00263,0.00273,610.50824,0.00296,0.0024,0.00217,0.00242,0.00207,0.00202,0.00245,0.00258,0.00239,610.48785,0.0023,0.00242,0.00208,0.00234,0.00219,0.00263,0.00243,0.00194,0.00176
249.99338,0.06138,0.04861,0.04267,0.04102,0.03857,0.03643,0.03591,0.03478,0.03305,610.0166,0.00492,0.00485,0.00449,0.00415,0.00452,0.00468,0.00395,0.00407,0.00423,609.99146,9.18E-04,9.38E-04,8.45E-04,8.75E-04,6.68E-04,8.23E-04,7.91E-04,7.16E-04,6.12E-04,610.00775,0.00901,0.0104,0.00968,0.00956,0.0081,0.01027,0.01028,0.0096,0.00819,249.99338,0.03248,0.02743,0.02258,0.02241,0.01985,0.01972,0.01941,0.0184,0.01757,610.0166,0.00456,0.00364,0.00328,0.00289,0.0033,0.00337,0.00352,0.00312,0.00307,609.99146,0.00258,0.00253,0.0023,0.00279,0.00236,0.0027,0.00256,0.00183,0.00237,610.00775,0.00157,0.00183,0.00219,0.00191,0.00192,0.00221,0.00224,0.00225,0.00175
249.48152,0.05954,0.04702,0.04267,0.04172,0.03857,0.03726,0.03591,0.03478,0.0332,609.49969,0.0054,0.00494,0.0045,0.00447,0.00485,0.00471,0.004,0.00446,0.00463,609.5116,9.18E-04,9.28E-04,8.10E-04,8.61E-04,7.25E-04,7.89E-04,7.50E-04,7.16E-04,6.26E-04,609.49072,0.00786,0.00954,0.00904,0.00956,0.0081,0.01012,0.00987,0.00992,0.00819,249.48152,0.03592,0.02488,0.02251,0.02102,0.02072,0.01928,0.019,0.01883,0.02124,609.49969,0.0038,0.00337,0.00291,0.00319,0.00292,0.00304,0.00258,0.00288,0.00305,609.5116,0.00291,0.00238,0.00191,0.00224,0.00227,0.00211,0.00192,0.00173,0.00208,609.49072,0.00194,0.00224,0.00257,0.00227,0.00174,0.00218,0.00221,0.00213,0.00212
249.00903,0.05954,0.04659,0.04267,0.04068,0.03916,0.03726,0.03668,0.03558,0.03636,608.98273,0.0054,0.00521,0.00471,0.00447,0.00478,0.00477,0.00452,0.00461,0.00466,608.99463,9.18E-04,9.28E-04,8.10E-04,8.61E-04,7.25E-04,8.00E-04,7.50E-04,7.16E-04,6.26E-04,609.01044,0.00786,0.00866,0.00904,0.00892,0.0081,0.00805,0.00987,0.00992,0.0083,249.00903,0.0315,0.02572,0.02458,0.02207,0.02258,0.02049,0.02089,0.01909,0.01924,608.98273,0.00318,0.00319,0.00304,0.00265,0.00329,0.00395,0.00292,0.00298,0.00301,608.99463,0.00235,0.00265,0.00233,0.00205,0.00143,0.00215,0.00203,0.00186,0.00157,609.01044,0.00195,0.00256,0.00194,0.00205,0.00158,0.00237,0.00212,0.00245,0.00221
248.49713,0.0573,0.04629,0.04359,0.04068,0.03931,0.03871,0.03785,0.03607,0.03767,608.50262,0.0054,0.00521,0.0045,0.00464,0.00478,0.00477,0.00452,0.00446,0.00463,608.51459,9.11E-04,9.28E-04,8.10E-04,8.61E-04,7.25E-04,7.37E-04,5.19E-04,7.27E-04,6.26E-04,608.49323,0.00876,0.00866,0.00904,0.00892,0.0081,0.00805,0.00933,0.00951,0.0086,248.49713,0.03032,0.02439,0.02586,0.02223,0.0208,0.02123,0.02003,0.01977,0.01993,608.50262,0.00349,0.00341,0.00349,0.003,0.00327,0.00308,0.00362,0.00314,0.00299,608.51459,0.00224,0.00196,0.00208,0.00221,0.00186,0.00159,0.00133,0.00197,0.0016,608.49323,0.00169,0.00205,0.00189,0.00235,0.00204,0.00173,0.00154,0.00229,0.00208
247.9852,0.05571,0.04616,0.04376,0.04172,0.03962,0.04011,0.03937,0.03736,0.03767,607.98547,0.00531,0.00494,0.00471,0.00419,0.00478,0.00477,0.00452,0.00418,0.00432,607.9975,9.11E-04,9.37E-04,8.36E-04,8.61E-04,7.25E-04,7.37E-04,5.19E-04,7.67E-04,6.26E-04,608.01282,0.00876,0.00866,0.00904,0.00892,0.00735,0.00805,0.00794,0.00951,0.0086,247.9852,0.03187,0.02465,0.02316,0.02152,0.02096,0.02151,0.02083,0.02075,0.02011,607.98547,0.00393,0.00377,0.0036,0.00314,0.00308,0.00311,0.00313,0.0031,0.00303,607.9975,0.0028,0.00264,0.00316,0.00255,0.00217,0.00205,0.00227,0.0026,0.00204,608.01282,0.00224,0.00186,0.002,0.00192,0.00216,0.00157,0.00216,0.00198,0.00178
247.51259,0.05571,0.04616,0.04376,0.04189,0.03962,0.04065,0.03937,0.03921,0.03801,607.50531,0.0054,0.00521,0.00441,0.00422,0.0046,0.00473,0.00449,0.00394,0.00432,607.51733,9.11E-04,7.63E-04,8.36E-04,8.88E-04,7.25E-04,7.37E-04,5.19E-04,7.67E-04,6.63E-04,607.49542,0.00876,0.00866,0.00933,0.00892,0.00948,0.00731,0.00794,0.00934,0.0086,247.51259,0.02948,0.0245,0.02307,0.02217,0.02159,0.02167,0.02102,0.02124,0.02099,607.50531,0.0035,0.00337,0.00277,0.00321,0.00321,0.00318,0.003,0.0027,0.00279,607.51733,0.00233,0.0024,0.00214,0.00229,0.00201,0.00189,0.00133,0.00221,0.00224,607.49542,0.00188,0.00178,0.00255,0.00162,0.00233,0.00208,0.002,0.00204,0.00185
247.00061,0.05571,0.04629,0.04376,0.04189,0.04081,0.04094,0.03972,0.04015,0.03966,606.98804,0.00542,0.00499,0.0043,0.00422,0.0046,0.00473,0.00449,0.00394,0.00422,607.00018,9.40E-04,9.37E-04,8.47E-04,8.88E-04,7.37E-04,8.00E-04,7.45E-04,8.63E-04,7.95E-04,607.01495,0.00876,0.00866,0.00983,0.00892,0.00952,0.00731,0.00924,0.00934,0.0086,247.00061,0.02939,0.02442,0.02471,0.02256,0.02212,0.02328,0.02334,0.02609,0.02193,606.98804,0.00343,0.0029,0.00307,0.00271,0.00227,0.00305,0.00273,0.00251,0.00254,607.00018,0.0036,0.00365,0.00322,0.00322,0.00338,0.00339,0.00279,0.00257,0.00315,607.01495,0.002,0.00219,0.00211,0.00197,0.00125,0.00239,0.00171,0.00224,0.00212
246.48859,0.05571,0.04629,0.04525,0.04264,0.0418,0.04377,0.04338,0.04351,0.04145,606.50763,0.00531,0.00485,0.0043,0.00422,0.0046,0.00446,0.00423,0.0039,0.00422,606.48291,9.40E-04,9.37E-04,8.47E-04,8.88E-04,7.37E-04,8.55E-04,7.45E-04,8.56E-04,8.69E-04,606.4975,0.00876,0.00893,0.00983,0.00913,0.00934,0.00811,0.00924,0.00939,0.00929,246.48859,0.02996,0.02464,0.02395,0.02363,0.02312,0.02316,0.02295,0.02302,0.02321,606.50763,0.00354,0.00343,0.00285,0.00273,0.00297,0.00277,0.0029,0.00254,0.00296,606.48291,0.00262,0.0019,0.00217,0.00228,0.00181,0.01043,0.00213,0.00184,0.0017,606.4975,0.00225,0.00192,0.00214,0.00221,0.00208,0.00138,0.00198,0.00201,0.002
246.01598,0.05595,0.04657,0.04649,0.04467,0.04369,0.044,0.04411,0.04803,0.04386,605.9903,0.00469,0.00449,0.00418,0.00422,0.0037,0.00446,0.00423,0.0039,0.00393,606.00244,0.00102,8.87E-04,8.47E-04,8.83E-04,7.37E-04,0.00103,8.30E-04,8.10E-04,6.63E-04,606.01685,0.00834,0.0091,0.00928,0.00916,0.00731,0.00811,0.00794,0.00934,0.00939,246.01598,0.03099,0.02551,0.02464,0.02502,0.0243,0.02405,0.02679,0.02541,0.02435,605.9903,0.00371,0.00322,0.0027,0.0031,0.00338,0.00342,0.00298,0.00317,0.00273,606.00244,0.00241,0.0029,0.00241,0.00226,0.00189,0.00219,0.00191,0.00225,0.00223,606.01685,0.00179,0.00267,0.00232,0.00196,0.00205,0.00231,0.00225,0.00202,0.00242
245.50391,0.05595,0.04796,0.04649,0.04728,0.04592,0.04545,0.05063,0.04803,0.04601,605.50977,0.00469,0.00466,0.00418,0.00474,0.00424,0.00446,0.00415,0.00394,0.00422,605.48511,0.00102,8.87E-04,8.12E-04,8.83E-04,7.37E-04,8.55E-04,8.30E-04,8.10E-04,6.63E-04,605.49915,0.00834,0.00894,0.00831,0.00998,0.00917,0.00811,0.00924,0.00934,0.00929,245.50391,0.02961,0.02538,0.0246,0.02895,0.02479,0.02507,0.03376,0.02599,0.02674,605.50977,0.00303,0.00313,0.00286,0.0031,0.00353,0.00288,0.00268,0.00252,0.00275,605.48511,0.00291,0.00279,0.0026,0.0027,0.0033,0.00272,0.00229,0.00219,0.00239,605.49915,0.00219,0.00195,0.00199,0.00221,0.00201,0.00174,0.00225,0.0022,0.00202
244.99184,0.05595,0.0482,0.04656,0.05082,0.04684,0.04739,0.05309,0.04911,0.05054,604.99225,0.00469,0.00466,0.00418,0.0048,0.00424,0.00449,0.00415,0.00396,0.00422,605.00458,0.00106,9.24E-04,8.12E-04,8.83E-04,8.84E-04,8.55E-04,8.39E-04,8.23E-04,8.10E-04,605.01843,0.00834,0.0091,0.00831,0.00972,0.00917,0.00953,0.00946,0.0093,0.00939,244.99184,0.02961,0.02566,0.02551,0.03864,0.02684,0.02646,0.02809,0.02753,0.02882,604.99225,0.00289,0.00286,0.00269,0.00324,0.00239,0.0029,0.00284,0.00256,0.00235,605.00458,0.00271,0.00227,0.00208,0.00221,0.00227,0.00265,0.00215,0.00208,0.00169,605.01843,0.00179,0.00216,0.00168,0.00214,0.00157,0.00213,0.0017,0.002,0.00212
244.5191,0.05595,0.0482,0.04822,0.05472,0.05072,0.05001,0.05321,0.05203,0.05447,604.51166,0.00469,0.00466,0.00444,0.00481,0.00424,0.00449,0.00415,0.00396,0.00425,604.48706,0.00106,9.24E-04,7.81E-04,8.64E-04,8.84E-04,8.37E-04,8.39E-04,8.10E-04,7.18E-04,604.50067,0.00882,0.0091,0.00831,0.00998,0.00917,0.00953,0.00946,0.0093,0.00939,244.5191,0.02925,0.02551,0.02593,0.02689,0.02726,0.0277,0.02816,0.02874,0.02924,604.51166,0.00315,0.00301,0.00309,0.00306,0.00274,0.00301,0.00263,0.0028,0.00284,604.48706,0.00272,0.00254,0.002,0.00235,0.00252,0.00215,0.00234,0.00211,0.00208,604.50067,0.00206,0.00192,0.00179,0.00217,0.00197,0.00247,0.00203,0.00233,0.00174
244.00699,0.0559,0.0485,0.049,0.05652,0.05152,0.05235,0.05321,0.05432,0.05526,603.99396,0.00487,0.00466,0.00479,0.00495,0.00424,0.00466,0.00441,0.00433,0.00439,604.00641,0.00106,9.24E-04,7.81E-04,8.64E-04,8.84E-04,8.37E-04,8.39E-04,8.10E-04,7.18E-04,603.98279,0.00882,0.00981,0.00831,0.00998,0.00908,0.00989,0.00872,0.0093,0.00985,244.00699,0.03015,0.02626,0.02664,0.03083,0.03284,0.02936,0.0307,0.03089,0.03118,603.99396,0.00381,0.00386,0.00315,0.00356,0.00314,0.00318,0.00311,0.00362,0.00335,604.00641,0.0028,0.00237,0.00287,0.00243,0.00279,0.00224,0.00226,0.00247,0.00231,603.98279,0.0019,0.00219,0.00203,0.00209,0.00208,0.00205,0.00214,0.00174,0.00222
243.49484,0.0559,0.04963,0.05035,0.05652,0.05778,0.05549,0.05802,0.05839,0.05892,603.51324,0.00569,0.00482,0.00487,0.00495,0.00487,0.00493,0.00482,0.00457,0.00467,603.48871,9.66E-04,9.24E-04,7.81E-04,9.17E-04,8.73E-04,8.18E-04,7.86E-04,7.14E-04,7.18E-04,603.50183,0.00959,0.00981,0.00945,0.01008,0.00917,0.01028,0.00946,0.00935,0.01014,243.49484,0.03092,0.03091,0.03085,0.02991,0.03057,0.032,0.03615,0.03298,0.03363,603.51324,0.00392,0.00375,0.00371,0.0032,0.00345,0.00343,0.00349,0.00332,0.00301,603.48871,0.00224,0.00238,0.00148,0.00171,0.0022,0.0021,0.00179,0.00156,0.00184,603.50183,0.00233,0.00245,0.00248,0.00264,0.00242,0.00221,0.00207,0.00212,0.00218
242.98265,0.05698,0.05841,0.05803,0.05827,0.06071,0.06047,0.06425,0.06232,0.06356,602.99542,0.00591,0.00559,0.00492,0.00539,0.00535,0.00493,0.00482,0.00457,0.00467,603.00793,9.66E-04,9.24E-04,8.68E-04,9.44E-04,8.57E-04,8.18E-04,7.86E-04,7.14E-04,7.18E-04,602.98383,0.00907,0.0102,0.01075,0.01107,0.00969,0.01028,0.00965,0.00935,0.01031,242.98265,0.02958,0.03295,0.03171,0.03174,0.03212,0.03321,0.03399,0.03488,0.03613,602.99542,0.00367,0.00375,0.00355,0.00348,0.00346,0.00342,0.00342,0.00295,0.00321,603.00793,0.00289,0.00316,0.0026,0.00315,0.00247,0.00278,0.00252,0.00228,0.00223,602.98383,0.00221,0.00211,0.00253,0.00238,0.00195,0.00227,0.00187,0.00201,0.00242
242.50986,0.05843,0.05907,0.0583,0.05998,0.06071,0.06277,0.06833,0.06592,0.06828,602.51453,0.00597,0.0054,0.00533,0.00539,0.00536,0.0051,0.00484,0.00457,0.00467,602.49011,9.66E-04,9.27E-04,8.68E-04,8.45E-04,8.57E-04,7.90E-04,7.86E-04,7.14E-04,7.18E-04,602.50281,0.0099,0.01041,0.01075,0.01114,0.01055,0.01058,0.00875,0.00971,0.01027,242.50986,0.03249,0.03145,0.03071,0.03294,0.03487,0.0356,0.03631,0.03753,0.03894,602.51453,0.00422,0.00311,0.00344,0.00348,0.00353,0.00329,0.0032,0.00335,0.00342,602.49011,0.00248,0.00212,0.00265,0.00242,0.00224,0.00203,0.00201,0.00183,0.00178,602.50281,0.00213,0.00257,0.0025,0.0024,0.00227,0.00229,0.00255,0.00211,0.00237
241.99762,0.05874,0.05943,0.05992,0.06226,0.06589,0.06728,0.06861,0.07093,0.0736,601.99658,0.00597,0.0054,0.00533,0.00539,0.00546,0.0051,0.00484,0.00457,0.00497,602.00922,0.00103,0.00104,0.00101,9.44E-04,8.73E-04,7.90E-04,8.59E-04,7.84E-04,6.93E-04,601.98468,0.00907,0.01041,0.01065,0.01107,0.00908,0.01058,0.00875,0.00971,0.01027,241.99762,0.03108,0.03152,0.03231,0.03441,0.03632,0.03812,0.03918,0.04392,0.04206,601.99658,0.00386,0.00361,0.00318,0.0037,0.00414,0.00312,0.00297,0.00283,0.00275,602.00922,0.00319,0.00284,0.00222,0.00259,0.00193,0.0025,0.00287,0.00285,0.00202,601.98468,0.00195,0.00234,0.00231,0.00246,0.00264,0.00257,0.00264,0.00241,0.00224
241.48538,0.05999,0.05943,0.06106,0.06504,0.06864,0.07205,0.07405,0.08213,0.07949,601.51556,0.00597,0.00493,0.00529,0.00482,0.00546,0.00483,0.0046,0.00438,0.00461,601.49127,0.00103,8.25E-04,8.68E-04,9.44E-04,8.50E-04,7.64E-04,7.86E-04,7.84E-04,6.93E-04,601.50342,0.00907,0.01041,0.01065,0.01062,0.00902,0.01063,0.01104,0.00974,0.00928,241.48538,0.03323,0.03126,0.03431,0.03664,0.04115,0.04001,0.04149,0.04346,0.04521,601.51556,0.00396,0.00349,0.00364,0.00398,0.00391,0.00353,0.00312,0.00343,0.00329,601.49127,0.00265,0.00268,0.00378,0.00217,0.00234,0.00196,0.0022,0.00201,0.002,601.50342,0.00225,0.00224,0.00229,0.00239,0.00237,0.00288,0.00188,0.00209,0.00221
241.01248,0.05999,0.05956,0.06484,0.06924,0.07776,0.07561,0.07842,0.08301,0.08544,600.9975,0.0054,0.00493,0.00492,0.00467,0.00494,0.00483,0.00422,0.00424,0.00426,601.01025,0.00103,0.00104,8.61E-04,9.59E-04,7.51E-04,7.64E-04,8.59E-04,8.55E-04,7.81E-04,600.98517,0.00907,0.01041,0.01065,0.01062,0.00899,0.01013,0.01104,0.00974,0.00928,241.01248,0.03174,0.03219,0.03581,0.03932,0.04147,0.0442,0.04597,0.04732,0.04737,600.9975,0.00392,0.00407,0.00378,0.00311,0.00356,0.00381,0.00359,0.00319,0.00335,601.01025,0.0033,0.0027,0.00431,0.00246,0.00232,0.00222,0.00288,0.00231,0.00164,600.98517,0.00194,0.00234,0.00193,0.00202,0.00194,0.00168,0.00239,0.00223,0.002
240.50018,0.06118,0.06085,0.06767,0.07432,0.07837,0.08354,0.08687,0.08943,0.08953,600.51642,0.00489,0.00472,0.00461,0.00458,0.00476,0.00428,0.0039,0.00394,0.00375,600.49213,9.82E-04,0.00104,8.61E-04,9.44E-04,8.50E-04,7.64E-04,8.59E-04,8.55E-04,7.81E-04,600.50385,0.0101,0.01041,0.01065,0.0094,0.00899,0.01013,0.01104,0.00974,0.00928,240.50018,0.03237,0.03407,0.03939,0.04386,0.04342,0.04504,0.04718,0.05009,0.05054,600.51642,0.00349,0.00318,0.00342,0.00265,0.00319,0.00312,0.00272,0.00274,0.00298,600.49213,0.00269,0.00211,0.00221,0.00246,0.00218,0.00169,0.00194,0.00222,0.0022,600.50385,0.00236,0.00201,0.00234,0.00228,0.00168,0.00243,0.00237,0.00209,0.00196
239.98787,0.06118,0.06439,0.07443,0.0829,0.08206,0.08513,0.08917,0.09466,0.09552,599.99817,0.00429,0.00472,0.00451,0.00428,0.00421,0.00391,0.0039,0.00394,0.00375,600.01105,9.73E-04,8.24E-04,7.48E-04,9.44E-04,7.35E-04,6.60E-04,7.56E-04,8.55E-04,6.41E-04,599.98547,0.0101,0.01089,0.01091,0.0094,0.00899,0.01013,0.01113,0.01036,0.00928,239.98787,0.03385,0.03585,0.04114,0.044,0.04782,0.05047,0.05179,0.05333,0.05525,599.99817,0.00316,0.00267,0.00298,0.00301,0.002,0.00276,0.00252,0.00254,0.00236,600.01105,0.00249,0.00301,0.00192,0.00255,0.00188,0.00242,0.00226,0.00219,0.00201,599.98547,0.00217,0.00236,0.00289,0.00236,0.00193,0.00218,0.00253,0.00229,0.00228
239.51495,0.06398,0.06775,0.07775,0.08316,0.09038,0.09537,0.09788,0.10078,0.10441,599.51691,0.00429,0.00466,0.00409,0.00428,0.00375,0.00391,0.0039,0.00391,0.00375,599.4928,9.73E-04,8.24E-04,7.48E-04,8.72E-04,7.35E-04,6.60E-04,7.56E-04,7.22E-04,7.80E-04,599.50403,0.0101,0.00935,0.01091,0.01062,0.00899,0.01132,0.01104,0.01065,0.01061,239.51495,0.03491,0.0384,0.04192,0.04825,0.05021,0.05311,0.05487,0.05627,0.06075,599.51691,0.00277,0.00305,0.00248,0.00296,0.00307,0.00236,0.00242,0.00253,0.00242,599.4928,0.00252,0.00296,0.00227,0.00242,0.0025,0.00244,0.00264,0.00269,0.00219,599.50403,0.00219,0.00235,0.00275,0.002,0.00238,0.00269,0.00254,0.00233,0.00263
239.00259,0.06598,0.07258,0.07923,0.09118,0.09488,0.10038,0.1037,0.10634,0.11481,598.99854,0.00429,0.00418,0.00409,0.00428,0.00375,0.00391,0.0039,0.00391,0.00375,599.01147,9.73E-04,0.00102,7.48E-04,8.72E-04,7.35E-04,7.51E-04,8.78E-04,7.22E-04,7.80E-04,598.98541,0.0101,0.01092,0.01274,0.01067,0.00982,0.01078,0.01118,0.01073,0.01061,239.00259,0.03689,0.04262,0.04571,0.04903,0.05279,0.05578,0.05786,0.05902,0.06185,598.99854,0.00273,0.00315,0.00291,0.00276,0.00272,0.00253,0.00285,0.00279,0.00282,599.01147,0.0021,0.00203,0.00177,0.00224,0.00163,0.00151,0.00164,0.00159,0.00142,598.98541,0.00235,0.00242,0.0028,0.00229,0.00237,0.00258,0.0024,0.00231,0.00289
238.4902,0.06972,0.07914,0.08639,0.09267,0.09976,0.10541,0.10935,0.11154,0.11689,598.51715,0.00429,0.00436,0.00409,0.00419,0.00421,0.00371,0.00416,0.00363,0.00379,598.49316,9.82E-04,9.65E-04,8.10E-04,8.72E-04,8.24E-04,7.51E-04,8.78E-04,7.22E-04,7.80E-04,598.50385,0.01021,0.00978,0.0107,0.01067,0.01104,0.01078,0.01118,0.01073,0.01061,238.4902,0.03842,0.04188,0.04806,0.05404,0.05713,0.05961,0.06224,0.06406,0.06761,598.51715,0.00292,0.00301,0.00264,0.0028,0.00242,0.00274,0.00274,0.00227,0.00245,598.49316,0.00291,0.00278,0.00208,0.00222,0.00211,0.00192,0.00225,0.00185,0.002,598.50385,0.00215,0.00189,0.00229,0.00257,0.00263,0.00252,0.00227,0.00254,0.00228
238.01718,0.07261,0.08055,0.09082,0.10212,0.10797,0.11266,0.11762,0.12107,0.12778,597.99872,0.00452,0.00436,0.00425,0.00419,0.00421,0.00391,0.00425,0.00363,0.00401,598.01178,9.88E-04,9.65E-04,8.10E-04,8.72E-04,8.24E-04,7.51E-04,7.58E-04,7.22E-04,7.20E-04,597.98517,0.01032,0.00978,0.01069,0.01067,0.01104,0.01078,0.01118,0.01041,0.00992,238.01718,0.0398,0.04387,0.04959,0.05523,0.06099,0.06287,0.06525,0.0687,0.07213,597.99872,0.00353,0.0027,0.00275,0.00244,0.00285,0.00269,0.00268,0.00278,0.00268,598.01178,0.00253,0.00261,0.00228,0.00264,0.00215,0.00234,0.00238,0.00219,0.00218,597.98517,0.00222,0.00242,0.00274,0.00302,0.00211,0.00232,0.00268,0.00241,0.00213
237.50475,0.07522,0.08291,0.09372,0.10437,0.11526,0.11882,0.12332,0.12983,0.13632,597.51715,0.00515,0.00436,0.00425,0.00419,0.00436,0.00417,0.00425,0.00363,0.00401,597.49323,9.88E-04,0.00102,8.88E-04,8.67E-04,8.39E-04,7.74E-04,7.58E-04,7.58E-04,7.80E-04,597.50348,0.01032,0.00978,0.01067,0.00954,0.00982,0.01009,0.01054,0.01015,0.00992,237.50475,0.04217,0.04718,0.0535,0.06142,0.06386,0.06924,0.06936,0.07245,0.07531,597.51715,0.00332,0.00282,0.00312,0.0027,0.00304,0.00239,0.00287,0.00234,0.00259,597.49323,0.00261,0.00247,0.00251,0.00336,0.00222,0.00198,0.00247,0.0022,0.00206,597.50348,0.0023,0.0021,0.0023,0.00233,0.00257,0.00214,0.00278,0.00224,0.00279
236.99226,0.07971,0.08916,0.10111,0.11607,0.12068,0.13086,0.13109,0.13691,0.14233,596.99854,0.00527,0.00436,0.00449,0.00419,0.00441,0.00417,0.00444,0.00415,0.00415,597.01172,9.88E-04,0.00102,8.98E-04,9.48E-04,8.39E-04,7.75E-04,7.51E-04,7.58E-04,8.05E-04,596.98468,0.01032,0.01055,0.01053,0.00954,0.00941,0.00997,0.01007,0.00974,0.00976,236.99226,0.04649,0.05025,0.05752,0.06421,0.06805,0.07191,0.0775,0.07741,0.0807,596.99854,0.0034,0.00343,0.00297,0.00289,0.00281,0.00281,0.00295,0.00268,0.00296,597.01172,0.00276,0.00278,0.0025,0.00307,0.00221,0.00243,0.00194,0.00194,0.00185,596.98468,0.00232,0.00248,0.0023,0.00205,0.00242,0.00232,0.00241,0.00218,0.0021
236.51921,0.08786,0.09496,0.10871,0.12135,0.12861,0.1359,0.14646,0.1463,0.15251,596.51697,0.00527,0.00491,0.0046,0.00448,0.00471,0.00435,0.00456,0.00415,0.00458,596.4931,0.00101,9.99E-04,9.35E-04,9.48E-04,8.60E-04,7.75E-04,7.51E-04,7.58E-04,8.05E-04,596.50281,0.00972,0.00978,0.0096,0.00954,0.00941,0.00975,0.00965,0.00959,0.00967,236.51921,0.04799,0.05331,0.06445,0.0672,0.07195,0.07564,0.07924,0.08243,0.08454,596.51697,0.00365,0.00317,0.00342,0.00326,0.00306,0.00343,0.00317,0.00311,0.00325,596.4931,0.00251,0.00271,0.0023,0.00202,0.00223,0.0023,0.00193,0.00242,0.00221,596.50281,0.00241,0.00227,0.00226,0.00188,0.00193,0.00217,0.00216,0.00206,0.00215
236.0067,0.0907,0.10076,0.12181,0.127,0.13598,0.14296,0.14975,0.15579,0.15977,595.99817,0.00527,0.00517,0.00449,0.00468,0.00436,0.00461,0.00456,0.0043,0.00468,596.01147,9.79E-04,9.99E-04,9.35E-04,8.88E-04,8.60E-04,7.83E-04,7.51E-04,7.58E-04,8.49E-04,595.98383,0.00945,0.01055,0.0096,0.00954,0.00896,0.00946,0.00965,0.00959,0.00967,236.0067,0.05204,0.05804,0.06559,0.07217,0.08672,0.08035,0.08386,0.088,0.09061,595.99817,0.00385,0.00361,0.0029,0.00319,0.00352,0.0031,0.00297,0.00334,0.00326,596.01147,0.00259,0.00263,0.0024,0.00243,0.00184,0.00199,0.00188,0.0018,0.00218,595.98383,0.00178,0.00227,0.00206,0.00212,0.00202,0.00203,0.00207,0.00209,0.00205
235.49417,0.09834,0.1097,0.12396,0.13639,0.15282,0.15185,0.15848,0.16631,0.17124,595.51642,0.00552,0.00517,0.00449,0.00468,0.00474,0.00461,0.00457,0.00442,0.00468,595.49268,8.47E-04,9.19E-04,8.98E-04,7.90E-04,7.58E-04,7.75E-04,7.34E-04,7.02E-04,8.49E-04,595.50195,0.00945,0.00997,0.00938,0.00875,0.00896,0.00946,0.00965,0.00959,0.00967,235.49417,0.05524,0.06487,0.06879,0.0762,0.08086,0.08839,0.08812,0.09004,0.09696,595.51642,0.0037,0.00346,0.00372,0.00369,0.00343,0.00298,0.00298,0.00278,0.00302,595.49268,0.00278,0.00256,0.0031,0.00255,0.0027,0.00203,0.00239,0.00253,0.00218,595.50195,0.00209,0.00175,0.00201,0.00225,0.00204,0.0021,0.0019,0.00196,0.00208
234.98161,0.1044,0.1226,0.13,0.14401,0.16366,0.16705,0.16654,0.17017,0.18324,594.99756,0.00526,0.00517,0.00449,0.00468,0.00425,0.00461,0.00457,0.0043,0.00463,595.01086,8.47E-04,8.21E-04,8.97E-04,8.88E-04,7.18E-04,7.75E-04,6.93E-04,7.02E-04,7.01E-04,594.98279,0.00945,0.00939,0.00938,0.00988,0.00936,0.00946,0.00965,0.00974,0.00967,234.98161,0.05995,0.06789,0.07511,0.08144,0.0866,0.09086,0.09469,0.09723,0.10065,594.99756,0.0034,0.00334,0.00278,0.00302,0.00274,0.00317,0.00267,0.00285,0.0031,595.01086,0.00217,0.00236,0.00458,0.00228,0.00257,0.00201,0.00246,0.00195,0.0023,594.98279,0.00203,0.00237,0.00208,0.00238,0.00187,0.0016,0.00264,0.00246,0.00233
234.50845,0.11331,0.12831,0.14195,0.15392,0.16366,0.17172,0.17896,0.18376,0.19021,594.51569,0.00526,0.00517,0.0044,0.00468,0.00425,0.00416,0.00457,0.00413,0.00463,594.492,8.47E-04,7.76E-04,8.26E-04,7.82E-04,7.15E-04,6.62E-04,6.93E-04,6.99E-04,6.70E-04,594.50079,0.00945,0.00939,0.00938,0.00988,0.00936,0.00975,0.01003,0.00984,0.00967,234.50845,0.06654,0.07249,0.07974,0.08772,0.0925,0.09674,0.09981,0.10271,0.1068,594.51569,0.00357,0.00355,0.00305,0.00277,0.00329,0.00259,0.00295,0.00293,0.00299,594.492,0.00185,0.00199,0.00164,0.00201,0.00194,0.0017,0.00178,0.00175,0.00172,594.50079,0.0023,0.00214,0.00202,0.00188,0.00201,0.0023,0.00216,0.00218,0.00211
233.99585,0.12575,0.13699,0.15069,0.16578,0.17482,0.18283,0.18864,0.19412,0.20184,593.99658,0.00526,0.00517,0.0044,0.00468,0.00425,0.00416,0.00457,0.00413,0.00463,594.01007,7.99E-04,7.76E-04,8.26E-04,7.82E-04,7.15E-04,6.62E-04,6.93E-04,6.99E-04,6.70E-04,593.98151,0.00945,0.00997,0.0097,0.00988,0.00936,0.01068,0.01006,0.00994,0.00981,233.99585,0.07208,0.07827,0.08446,0.09098,0.09605,0.10089,0.10378,0.10686,0.116,593.99658,0.00331,0.00281,0.0033,0.00347,0.00266,0.00324,0.00308,0.00257,0.00281,594.01007,0.00256,0.0021,0.0023,0.00244,0.00183,0.00248,0.00174,0.00196,0.0018,593.98151,0.00227,0.00202,0.00271,0.00248,0.00228,0.00238,0.00244,0.00211,0.00226
233.48322,0.13623,0.14792,0.15961,0.17195,0.18153,0.19067,0.19613,0.20196,0.21923,593.51459,0.00512,0.00468,0.00472,0.00429,0.00445,0.00404,0.00457,0.00413,0.00435,593.49097,7.99E-04,7.76E-04,8.26E-04,7.82E-04,7.15E-04,6.62E-04,6.93E-04,6.99E-04,6.70E-04,593.49933,0.01054,0.00997,0.01024,0.00988,0.01061,0.01089,0.01006,0.00994,0.00981,233.48322,0.07985,0.0824,0.09187,0.09945,0.10276,0.10598,0.11006,0.11332,0.12105,593.51459,0.00365,0.00361,0.00284,0.00352,0.00307,0.00268,0.00309,0.00266,0.00371,593.49097,0.00249,0.00186,0.00212,0.00194,0.00156,0.00168,0.00196,0.00179,0.00155,593.49933,0.00199,0.00242,0.00234,0.00212,0.00247,0.00234,0.00216,0.00267,0.00207
233.00999,0.1509,0.15572,0.17362,0.18795,0.1942,0.20029,0.20801,0.21416,0.22878,592.99542,0.00473,0.00468,0.0044,0.00367,0.00413,0.00404,0.00394,0.00398,0.00371,593.00903,9.70E-04,8.21E-04,8.97E-04,9.43E-04,7.15E-04,8.08E-04,7.64E-04,7.66E-04,7.01E-04,593.01703,0.00924,0.01057,0.01024,0.00988,0.0109,0.01089,0.01055,0.00994,0.00964,233.00999,0.09009,0.09092,0.09932,0.10452,0.10885,0.11214,0.11543,0.12027,0.12429,592.99542,0.00361,0.00369,0.00312,0.00365,0.00287,0.00338,0.00325,0.00303,0.00301,593.00903,0.00205,0.00219,0.00258,0.00242,0.00193,0.00207,0.00199,0.00201,0.00233,593.01703,0.00251,0.00251,0.00228,0.00221,0.00235,0.00293,0.00227,0.00214,0.00213
232.49735,0.17026,0.17182,0.1877,0.19754,0.20571,0.21194,0.21816,0.2273,0.23489,592.51324,0.00473,0.00468,0.00394,0.00367,0.00402,0.00404,0.00394,0.00363,0.00371,592.48987,8.99E-04,8.55E-04,0.00101,8.20E-04,7.54E-04,8.08E-04,7.64E-04,7.84E-04,6.35E-04,592.49762,0.00924,0.01126,0.01024,0.00988,0.01095,0.01086,0.01055,0.01133,0.00964,232.49735,0.0965,0.10059,0.10442,0.11181,0.11606,0.12233,0.12053,0.12525,0.12942,592.51324,0.00305,0.00302,0.0032,0.00232,0.00289,0.00261,0.00254,0.00281,0.00239,592.48987,0.00287,0.00302,0.00288,0.00256,0.00274,0.00257,0.00231,0.00254,0.00282,592.49762,0.00242,0.00264,0.0022,0.00221,0.00246,0.00237,0.00259,0.00243,0.00212
231.98462,0.18237,0.19011,0.19735,0.21132,0.21933,0.2312,0.22779,0.23671,0.24459,591.99402,0.00473,0.00468,0.00394,0.00367,0.00402,0.00404,0.00394,0.00363,0.00371,592.00763,8.66E-04,0.00115,0.00101,9.21E-04,7.95E-04,8.08E-04,7.35E-04,9.88E-04,6.60E-04,592.01526,0.01107,0.01169,0.01024,0.01026,0.01095,0.01086,0.01166,0.01133,0.00987,231.98462,0.11012,0.12024,0.11665,0.11954,0.12524,0.12827,0.13054,0.13277,0.13692,591.99402,0.00294,0.00341,0.00237,0.00237,0.00247,0.0021,0.00238,0.00226,0.00214,592.00763,0.00326,0.00307,0.00323,0.00292,0.00284,0.00229,0.00252,0.00253,0.00913,592.01526,0.00191,0.00227,0.00197,0.00192,0.00234,0.00201,0.00251,0.00244,0.00188
231.51135,0.20812,0.22724,0.22046,0.22591,0.23669,0.24241,0.2467,0.25092,0.25876,591.51172,0.00473,0.00468,0.00394,0.00367,0.00402,0.00404,0.00394,0.00363,0.00371,591.48834,8.99E-04,0.00116,9.53E-04,9.21E-04,8.86E-04,7.65E-04,7.35E-04,9.90E-04,6.60E-04,591.49573,0.00997,0.01181,0.01024,0.01026,0.0109,0.01086,0.01176,0.01136,0.00987,231.51135,0.12315,0.12116,0.12205,0.12584,0.13104,0.13549,0.1351,0.13701,0.14189,591.51172,0.00333,0.00262,0.00254,0.00279,0.0026,0.00316,0.00293,0.00234,0.00279,591.48834,0.00231,0.00294,0.00289,0.0021,0.00227,0.0024,0.00172,0.00881,0.00163,591.49573,0.00238,0.00273,0.00247,0.0024,0.00262,0.00233,0.00253,0.00259,0.00265
230.99858,0.23273,0.22898,0.23065,0.23782,0.24766,0.25607,0.25532,0.25894,0.26815,590.99225,0.00516,0.00486,0.00394,0.00429,0.00402,0.0049,0.00446,0.00363,0.00431,591.0061,8.66E-04,0.00115,9.13E-04,8.20E-04,7.95E-04,7.27E-04,7.35E-04,9.88E-04,6.35E-04,591.01312,0.00997,0.01181,0.01004,0.01119,0.01034,0.01086,0.01176,0.01136,0.01193,230.99858,0.13387,0.13141,0.13207,0.13664,0.13938,0.13966,0.14192,0.14432,0.14891,590.99225,0.00336,0.00338,0.00351,0.00331,0.00306,0.00349,0.00296,0.00284,0.00278,591.0061,0.00222,0.00315,0.00234,0.00236,0.00204,0.00196,0.00188,0.00254,0.00169,591.01312,0.00271,0.00254,0.0025,0.0025,0.00274,0.00257,0.00269,0.00262,0.00267
230.48584,0.25301,0.24835,0.24959,0.25824,0.26341,0.26394,0.26821,0.27274,0.28142,590.50989,0.0052,0.00486,0.00495,0.00432,0.00445,0.0049,0.00446,0.004,0.00432,590.48663,8.66E-04,0.00101,9.13E-04,7.80E-04,7.59E-04,6.60E-04,7.35E-04,6.97E-04,6.35E-04,590.49347,0.01107,0.01181,0.01067,0.01119,0.00947,0.01086,0.01176,0.01112,0.01193,230.48584,0.15296,0.14175,0.14209,0.14537,0.14741,0.14763,0.14856,0.15109,0.15427,590.50989,0.00341,0.00314,0.0032,0.00277,0.00287,0.00328,0.00288,0.00258,0.0032,590.48663,0.0027,0.00296,0.00244,0.00257,0.0024,0.00186,0.00192,0.00269,0.00242,590.49347,0.00214,0.00287,0.00267,0.00326,0.00222,0.00281,0.00289,0.00256,0.00256
230.01248,0.28908,0.26789,0.26854,0.27474,0.27859,0.27901,0.28076,0.28555,0.29156,589.9903,0.00528,0.005,0.00508,0.00502,0.00455,0.00484,0.0044,0.0044,0.00437,590.00421,8.66E-04,9.43E-04,9.13E-04,7.80E-04,7.59E-04,6.60E-04,7.51E-04,6.97E-04,6.60E-04,590.0108,0.00997,0.01143,0.01004,0.00882,0.00868,0.01076,0.01048,0.01064,0.00855,230.01248,0.17118,0.16256,0.15777,0.15664,0.15711,0.15628,0.15724,0.15823,0.16263,589.9903,0.00378,0.0037,0.00334,0.00329,0.00345,0.00337,0.00307,0.00292,0.00295,590.00421,0.00197,0.00242,0.00206,0.002,0.00167,0.00136,0.0022,0.00148,0.00142,590.0108,0.00249,0.00273,0.00216,0.00245,0.00173,0.00265,0.00262,0.00229,0.00256
229.49968,0.32351,0.30723,0.29817,0.29603,0.29693,0.29536,0.29717,0.29904,0.30735,589.50781,0.0055,0.005,0.00498,0.00447,0.00445,0.00468,0.0044,0.00444,0.00437,589.48462,8.81E-04,9.43E-04,9.13E-04,7.80E-04,7.59E-04,6.60E-04,8.45E-04,6.97E-04,7.85E-04,589.49097,0.00953,0.00989,0.00858,0.00832,0.00817,0.00932,0.00929,0.0086,0.00855,229.49968,0.19,0.17866,0.17451,0.16903,0.16694,0.1645,0.16443,0.16547,0.16867,589.50781,0.00376,0.00323,0.00328,0.00324,0.00294,0.00313,0.00275,0.00343,0.00282,589.48462,0.00226,0.0026,0.00234,0.002,0.00194,0.00169,0.00238,0.00179,0.00201,589.49097,0.00256,0.00246,0.00229,0.0019,0.00204,0.00231,0.00225,0.00239,0.00184
228.98686,0.35909,0.33766,0.32981,0.31944,0.31551,0.31089,0.31076,0.31273,0.31876,588.98816,0.0055,0.00553,0.00508,0.00502,0.00455,0.00468,0.00426,0.00444,0.00419,589.00214,8.18E-04,9.43E-04,8.04E-04,7.80E-04,7.59E-04,6.60E-04,8.45E-04,6.97E-04,7.08E-04,589.00824,0.00914,0.00906,0.00858,0.00832,0.00817,0.00932,0.00929,0.0086,0.00855,228.98686,0.19865,0.18627,0.17915,0.175,0.17091,0.17468,0.17076,0.16978,0.18296,588.98816,0.00395,0.00361,0.00347,0.00339,0.00338,0.00302,0.00284,0.00287,0.00311,589.00214,0.00267,0.00218,0.00249,0.00211,0.00244,0.00197,0.00225,0.00217,0.00219,589.00824,0.0018,0.00177,0.00167,0.00179,0.00187,0.00171,0.002,0.00155,0.00173
228.51343,0.37543,0.35203,0.33857,0.33073,0.323,0.33013,0.32271,0.32087,0.33589,588.50543,0.0055,0.00553,0.00508,0.00502,0.00455,0.00468,0.00426,0.00444,0.00419,588.48242,8.81E-04,9.18E-04,7.90E-04,8.23E-04,7.59E-04,6.60E-04,7.04E-04,7.46E-04,7.29E-04,588.48828,0.00914,0.00906,0.00858,0.0082,0.00817,0.00932,0.00929,0.0086,0.00855,228.51343,0.21468,0.19553,0.19124,0.18255,0.18068,0.18375,0.17617,0.17539,0.17773,588.50543,0.00355,0.00365,0.00321,0.00289,0.00279,0.00302,0.00318,0.00293,0.00271,588.48242,0.00303,0.00244,0.00281,0.00292,0.00219,0.0029,0.00217,0.00262,0.00215,588.48828,0.00205,0.00213,0.00184,0.00176,0.00176,0.002,0.00194,0.00185,0.00192
228.00055,0.40572,0.36954,0.36142,0.34501,0.34147,0.34727,0.33294,0.33147,0.34577,587.98566,0.0055,0.00553,0.00524,0.00502,0.00469,0.00468,0.0044,0.00444,0.00419,587.99976,9.27E-04,9.18E-04,7.90E-04,9.24E-04,7.60E-04,6.91E-04,7.04E-04,8.24E-04,7.29E-04,588.00537,0.00914,0.00906,0.00858,0.0082,0.00817,0.00932,0.00929,0.0086,0.00858,228.00055,0.24005,0.21651,0.20264,0.19501,0.19112,0.18801,0.18664,0.18335,0.18488,587.98566,0.0034,0.00357,0.00338,0.00324,0.00303,0.0025,0.00269,0.00274,0.00249,587.99976,0.0021,0.00268,0.00181,0.00237,0.00203,0.00177,0.0018,0.00191,0.00182,588.00537,0.00197,0.00195,0.00199,0.00208,0.00187,0.00208,0.00237,0.00227,0.00184
227.48764,0.45367,0.40919,0.38298,0.36855,0.36119,0.35532,0.35273,0.34651,0.3494,587.50293,0.00527,0.00553,0.00498,0.00478,0.00469,0.00468,0.00492,0.00454,0.00419,587.51697,9.22E-04,9.52E-04,7.90E-04,9.24E-04,7.60E-04,6.91E-04,7.04E-04,7.97E-04,7.29E-04,587.48529,0.00914,0.00989,0.00864,0.0082,0.00817,0.0097,0.00949,0.01057,0.00873,227.48764,0.26762,0.23707,0.2202,0.20847,0.19921,0.19417,0.19527,0.19064,0.19068,587.50293,0.0037,0.00371,0.00367,0.00328,0.00313,0.00302,0.00331,0.00334,0.00334,587.51697,0.00238,0.00235,0.00203,0.00274,0.00181,0.00145,0.00174,0.00278,0.00187,587.48529,0.00241,0.00232,0.00221,0.00175,0.00174,0.00236,0.00249,0.00238,0.00221
227.01419,0.50577,0.44804,0.41615,0.39398,0.37648,0.36696,0.36905,0.36028,0.36037,586.98291,0.00527,0.00528,0.00479,0.00478,0.00469,0.00468,0.00454,0.00487,0.00386,586.99707,9.22E-04,9.18E-04,7.89E-04,8.54E-04,7.60E-04,6.91E-04,7.04E-04,7.67E-04,7.12E-04,587.00226,0.00901,0.01021,0.00926,0.00816,0.00811,0.0097,0.00949,0.01057,0.00858,227.01419,0.29392,0.25738,0.24059,0.22168,0.21401,0.20599,0.20492,0.19829,0.20061,586.98291,0.00437,0.00357,0.00338,0.00342,0.00357,0.00329,0.00342,0.00338,0.003,586.99707,0.00274,0.00267,0.00226,0.00278,0.00195,0.0029,0.00211,0.00211,0.00212,587.00226,0.00202,0.00225,0.00186,0.00229,0.00233,0.00213,0.00204,0.00245,0.00303
226.50124,0.55548,0.48643,0.45468,0.41895,0.40446,0.38931,0.38728,0.37474,0.37914,586.50006,0.00527,0.00528,0.00464,0.00478,0.00473,0.00468,0.00456,0.00487,0.00465,586.51428,9.27E-04,9.05E-04,7.90E-04,8.11E-04,7.20E-04,7.06E-04,7.95E-04,7.67E-04,7.12E-04,586.48206,0.00901,0.01021,0.00948,0.00816,0.00811,0.0099,0.00859,0.00934,0.00873,226.50124,0.3165,0.27719,0.25385,0.23493,0.22566,0.21522,0.21089,0.20343,0.20465,586.50006,0.0034,0.00341,0.00292,0.00309,0.00316,0.00335,0.00332,0.00314,0.00324,586.51428,0.00236,0.00311,0.0025,0.00203,0.00279,0.0023,0.00213,0.00204,0.0022,586.48206,0.00194,0.00219,0.00204,0.00222,0.0019,0.00227,0.00226,0.00241,0.00188
225.98827,0.59815,0.52387,0.47975,0.444,0.42647,0.40675,0.39857,0.38446,0.38677,586.01703,0.00527,0.00528,0.00464,0.00478,0.00473,0.0043,0.00456,0.00486,0.00465,585.9942,0.00107,8.85E-04,8.74E-04,8.11E-04,7.20E-04,8.97E-04,7.95E-04,7.67E-04,7.12E-04,585.9989,0.00901,0.01009,0.00948,0.00812,0.00884,0.0099,0.00859,0.00831,0.00873,225.98827,0.33808,0.29696,0.27124,0.24988,0.23412,0.22528,0.21981,0.21323,0.21351,586.01703,0.00291,0.00338,0.00309,0.00261,0.00281,0.00308,0.00293,0.00339,0.0024,585.9942,0.00273,0.00232,0.00202,0.00219,0.00276,0.0026,0.00255,0.00197,0.00183,585.9989,0.00189,0.0023,0.00212,0.00174,0.00165,0.00195,0.0018,0.00179,0.00181
225.51474,0.63894,0.56123,0.51261,0.47225,0.44246,0.42576,0.41541,0.40298,0.40351,585.49695,0.00527,0.00524,0.00464,0.00478,0.00457,0.0043,0.00454,0.00476,0.00417,585.51123,9.22E-04,8.85E-04,8.74E-04,8.11E-04,7.20E-04,7.78E-04,7.29E-04,7.67E-04,6.16E-04,585.51563,0.00878,0.00978,0.00948,0.00812,0.00884,0.00908,0.00859,0.00831,0.00844,225.51474,0.35888,0.31062,0.28224,0.2593,0.24362,0.23265,0.22618,0.22078,0.21823,585.49695,0.00383,0.00385,0.003,0.0032,0.00306,0.00247,0.00294,0.00314,0.00322,585.51123,0.00286,0.00227,0.00224,0.00208,0.00185,0.00181,0.00204,0.0018,0.00146,585.51563,0.00222,0.0021,0.00208,0.00207,0.00203,0.00229,0.00185,0.00201,0.00212
225.00169,0.67825,0.58703,0.5334,0.49005,0.46042,0.43968,0.42747,0.41724,0.41243,585.01379,0.00553,0.00524,0.00479,0.00483,0.00457,0.0043,0.00454,0.00463,0.00417,584.99103,8.77E-04,8.41E-04,7.89E-04,8.11E-04,6.87E-04,7.06E-04,7.29E-04,7.03E-04,6.16E-04,584.9953,0.00777,0.00849,0.00968,0.00812,0.00921,0.00898,0.00837,0.00772,0.00844,225.00169,0.38404,0.32982,0.29803,0.27305,0.25551,0.24309,0.23478,0.23081,0.2273,585.01379,0.00359,0.00365,0.00328,0.00331,0.00312,0.00278,0.00346,0.00284,0.00368,584.99103,0.00299,0.00216,0.00231,0.00247,0.00176,0.0024,0.00169,0.00206,0.00255,584.9953,0.0023,0.00217,0.00237,0.0017,0.0023,0.00245,0.00251,0.00166,0.00293
224.48865,0.7258,0.62333,0.56324,0.51603,0.48289,0.45941,0.4437,0.43621,0.42957,584.49353,0.00553,0.00551,0.00509,0.00483,0.00464,0.00383,0.00456,0.0044,0.00417,584.508,8.77E-04,8.41E-04,7.74E-04,7.79E-04,6.87E-04,6.86E-04,7.29E-04,7.03E-04,6.16E-04,584.51196,0.00712,0.00835,0.00963,0.00854,0.00921,0.00898,0.00859,0.00772,0.00902,224.48865,0.40375,0.35262,0.3152,0.28479,0.26529,0.25331,0.24286,0.23809,0.2334,584.49353,0.00357,0.00333,0.00338,0.00312,0.00295,0.00302,0.00272,0.00307,0.00269,584.508,0.00225,0.00238,0.00242,0.00211,0.00229,0.00199,0.00187,0.00225,0.00158,584.51196,0.00167,0.00182,0.00183,0.00184,0.00208,0.00193,0.00231,0.00256,0.00119
224.01508,0.76304,0.66641,0.5957,0.53822,0.50137,0.47872,0.45897,0.44996,0.44109,584.01031,0.00548,0.00516,0.00509,0.00471,0.00457,0.0043,0.00479,0.0044,0.00417,583.98767,8.77E-04,7.59E-04,7.74E-04,7.79E-04,6.87E-04,6.86E-04,7.29E-04,7.14E-04,6.66E-04,583.99133,0.00712,0.00835,0.00963,0.00854,0.00921,0.00898,0.01075,0.00772,0.00902,224.01508,0.41757,0.36461,0.32105,0.29513,0.27153,0.25695,0.24824,0.24527,0.23735,584.01031,0.00395,0.00361,0.00337,0.00359,0.003,0.00359,0.00335,0.00299,0.00296,583.98767,0.00121,0.00185,0.00175,0.00186,0.00131,0.00166,0.00315,0.00153,0.00175,583.99133,0.00146,0.00172,0.00239,0.00219,0.00198,0.0018,0.00169,0.00135,0.00194
223.50201,0.78916,0.68907,0.60675,0.55776,0.51317,0.4856,0.46914,0.46354,0.44857,583.48987,0.00548,0.00516,0.00522,0.00471,0.00457,0.00446,0.00479,0.00463,0.00417,583.50446,8.77E-04,7.59E-04,7.74E-04,7.79E-04,8.10E-04,6.86E-04,8.25E-04,7.14E-04,6.66E-04,583.50793,0.00712,0.00835,0.00963,0.00975,0.00921,0.00898,0.01075,0.0102,0.00902,223.50201,0.43868,0.37885,0.33466,0.30496,0.28077,0.26622,0.25511,0.24834,0.24561,583.48987,0.00354,0.00356,0.00361,0.00298,0.003,0.00242,0.00316,0.00267,0.00227,583.50446,0.00415,0.0025,0.00198,0.002,0.00208,0.00176,0.00245,0.00183,0.00171,583.50793,0.00153,0.00179,0.00207,0.0021,0.00162,0.00211,0.00232,0.00221,0.00217
222.98888,0.82906,0.71598,0.63247,0.57634,0.53063,0.50313,0.48213,0.46934,0.46417,583.00659,0.00548,0.00551,0.0048,0.00471,0.00464,0.00446,0.00489,0.00463,0.00436,582.98401,8.97E-04,7.59E-04,7.74E-04,7.51E-04,6.20E-04,6.86E-04,8.25E-04,5.97E-04,6.82E-04,582.98724,0.00712,0.00835,0.01036,0.0102,0.00921,0.00982,0.01008,0.0098,0.00992,222.98888,0.45721,0.39152,0.34663,0.31295,0.28785,0.2772,0.26292,0.25453,0.24875,583.00659,0.00346,0.00308,0.00292,0.00304,0.00287,0.00304,0.00309,0.00326,0.0029,582.98401,0.00261,0.00194,0.00283,0.00242,0.00235,0.00196,0.00239,0.00224,0.0018,582.98724,0.00173,0.00219,0.00232,0.00245,0.00241,0.00225,0.00249,0.00254,0.00252
222.51523,0.86407,0.73994,0.65509,0.59144,0.54401,0.52388,0.4969,0.48104,0.47011,582.48602,0.00548,0.00551,0.0048,0.00471,0.00464,0.00446,0.00489,0.00494,0.00436,582.50067,9.08E-04,7.97E-04,8.26E-04,7.60E-04,8.10E-04,7.64E-04,7.02E-04,7.14E-04,6.90E-04,582.50372,0.00803,0.00939,0.01036,0.01029,0.00945,0.00982,0.01008,0.0102,0.01009,222.51523,0.46798,0.40125,0.35228,0.31931,0.2956,0.27741,0.26662,0.25921,0.25466,582.48602,0.00382,0.00369,0.00361,0.00317,0.00301,0.00288,0.00316,0.00324,0.00282,582.50067,0.0023,0.00204,0.00237,0.00211,0.00238,0.00211,0.00211,0.00237,0.00232,582.50372,0.00224,0.00204,0.00264,0.00234,0.00233,0.00231,0.00271,0.00219,0.00213
222.00209,0.88443,0.75833,0.66577,0.60346,0.55865,0.52427,0.50389,0.48988,0.48128,582.00256,0.00556,0.00523,0.00452,0.00483,0.00445,0.00446,0.0049,0.00494,0.0045,582.01733,9.08E-04,7.91E-04,8.26E-04,7.60E-04,7.55E-04,7.87E-04,4.92E-04,5.13E-04,7.04E-04,581.98285,0.00936,0.00951,0.01036,0.0106,0.01084,0.01046,0.01008,0.0102,0.0102,222.00209,0.48001,0.41855,0.36392,0.32753,0.3041,0.28585,0.27622,0.26697,0.26139,582.00256,0.00359,0.00373,0.0031,0.00312,0.00311,0.0033,0.00332,0.00338,0.00302,582.01733,0.00233,0.00205,0.00216,0.00193,0.00159,0.00225,0.00106,9.96E-04,0.00202,581.98285,0.00201,0.00215,0.00223,0.00221,0.00203,0.0026,0.00217,0.00211,0.00231
221.48892,0.90717,0.79102,0.68778,0.619,0.57471,0.54024,0.52203,0.50455,0.494,581.48181,0.00556,0.00523,0.0048,0.00483,0.004,0.00413,0.0049,0.0047,0.00436,581.49664,9.08E-04,7.97E-04,8.26E-04,7.60E-04,7.55E-04,8.21E-04,4.92E-04,5.13E-04,7.77E-04,581.49915,0.01039,0.00951,0.01036,0.0106,0.01084,0.01075,0.01008,0.01016,0.0102,221.48892,0.49017,0.42079,0.37026,0.33132,0.30881,0.29031,0.2783,0.27062,0.26516,581.48181,0.00388,0.00397,0.00343,0.00368,0.0032,0.00319,0.00327,0.00319,0.00293,581.49664,0.00261,0.00215,0.00212,0.00195,0.00215,0.00202,0.0018,0.00186,0.00177,581.49915,0.00255,0.00202,0.00235,0.00228,0.00265,0.00203,0.00204,0.00222,0.00219
221.01518,0.92636,0.79525,0.69976,0.62615,0.58362,0.54865,0.52595,0.51144,0.50112,580.99835,0.00553,0.00453,0.00436,0.00468,0.00389,0.00413,0.00448,0.00407,0.00432,581.01318,9.08E-04,7.98E-04,8.26E-04,7.60E-04,7.55E-04,8.47E-04,4.92E-04,5.13E-04,7.77E-04,581.01538,0.01039,0.01001,0.01036,0.0106,0.01093,0.01185,0.01008,0.01016,0.01077,221.01518,0.50096,0.42772,0.37886,0.33989,0.31397,0.29487,0.28264,0.27659,0.2714,580.99835,0.0038,0.00338,0.00282,0.00352,0.00259,0.00266,0.00353,0.00304,0.00294,581.01318,0.00253,0.00203,0.00183,0.00196,0.00193,0.00217,0.00126,0.00132,0.00199,581.01538,0.00231,0.00215,0.00189,0.00272,0.00235,0.00272,0.00245,0.00268,0.00254
220.50197,0.94676,0.80834,0.716,0.64236,0.59337,0.55728,0.53415,0.52273,0.51292,580.51465,0.00516,0.00444,0.00427,0.00426,0.00372,0.00413,0.00416,0.00407,0.00393,580.49237,9.32E-04,8.41E-04,8.26E-04,7.64E-04,8.38E-04,7.87E-04,7.02E-04,6.40E-04,6.90E-04,580.49438,0.01063,0.01001,0.01095,0.01097,0.01119,0.01081,0.01066,0.01032,0.01112,220.50197,0.50777,0.43474,0.38143,0.34647,0.31797,0.29995,0.28778,0.28091,0.27519,580.51465,0.00357,0.00293,0.00329,0.00302,0.00239,0.00255,0.00289,0.00263,0.00279,580.49237,0.00239,0.00219,0.00253,0.00233,0.00257,0.00252,0.00277,0.00305,0.00218,580.49438,0.00223,0.00274,0.00241,0.0026,0.0024,0.00255,0.00229,0.00218,0.00239
219.98874,0.95963,0.82161,0.72086,0.65479,0.60093,0.56688,0.54388,0.5309,0.52008,579.99384,0.00516,0.00444,0.00427,0.00426,0.00372,0.00413,0.00416,0.00407,0.00393,580.00873,9.32E-04,8.18E-04,9.74E-04,8.62E-04,7.66E-04,7.62E-04,7.75E-04,5.13E-04,7.77E-04,580.0105,0.01063,0.01088,0.01043,0.01097,0.01093,0.01185,0.01122,0.01051,0.01181,219.98874,0.51523,0.44107,0.38755,0.35121,0.32551,0.30469,0.29516,0.28457,0.28028,579.99384,0.003,0.00255,0.00272,0.00212,0.00251,0.00281,0.00268,0.00217,0.0017,580.00873,0.00229,0.00269,0.00334,0.00221,0.00227,0.00271,0.00199,0.00222,0.00221,580.0105,0.00239,0.00266,0.00252,0.00257,0.00264,0.00286,0.00249,0.00238,0.00272
219.51497,0.97373,0.83358,0.73242,0.66375,0.61518,0.57584,0.55782,0.53781,0.5297,579.51001,0.00516,0.00444,0.00427,0.00426,0.00372,0.00436,0.00416,0.00407,0.00393,579.48779,8.95E-04,8.18E-04,9.74E-04,8.62E-04,7.66E-04,7.17E-04,8.25E-04,6.40E-04,6.90E-04,579.48932,0.01039,0.01105,0.01097,0.01097,0.00942,0.01081,0.01122,0.01051,0.01112,219.51497,0.52326,0.44621,0.39322,0.35431,0.32819,0.3108,0.29838,0.2965,0.28556,579.51001,0.00333,0.00287,0.00276,0.00275,0.0024,0.00283,0.00233,0.00269,0.00254,579.48779,0.00259,0.00243,0.0025,0.00244,0.00222,0.00184,0.004,0.00164,0.00176,579.48932,0.00228,0.0028,0.00258,0.00236,0.00277,0.00232,0.00241,0.00226,0.00278
219.00168,0.98891,0.84329,0.74315,0.66961,0.62024,0.58737,0.5639,0.55361,0.53968,578.98901,0.00496,0.00444,0.00427,0.00426,0.00389,0.00439,0.00416,0.00393,0.00393,579.00403,8.89E-04,8.05E-04,8.28E-04,7.74E-04,6.35E-04,7.17E-04,7.75E-04,4.79E-04,6.90E-04,579.00531,0.01063,0.01088,0.01043,0.01097,0.00916,0.01081,0.01122,0.01051,0.01108,219.00168,0.52579,0.45398,0.39843,0.3577,0.33448,0.31228,0.30108,0.29293,0.2921,578.98901,0.00346,0.0036,0.00366,0.00321,0.00311,0.00351,0.00374,0.00407,0.00292,579.00403,0.00254,0.0021,0.00253,0.00224,0.00196,0.00195,0.00317,0.00113,0.00235,579.00531,0.00234,0.00234,0.00224,0.00226,0.00187,0.0027,0.00249,0.00253,0.00257
218.48837,0.99369,0.85602,0.75298,0.67601,0.63186,0.59017,0.56901,0.56035,0.55204,578.50519,0.00516,0.00477,0.00463,0.0046,0.00434,0.00467,0.00424,0.00417,0.00404,578.48297,8.33E-04,8.05E-04,8.28E-04,6.57E-04,6.34E-04,6.05E-04,6.94E-04,4.79E-04,6.85E-04,578.48407,0.00992,0.00991,0.01043,0.01097,0.00916,0.01081,0.00959,0.01051,0.01052,218.48837,0.52913,0.45295,0.40397,0.36036,0.33434,0.31884,0.3037,0.2971,0.29806,578.50519,0.00468,0.00308,0.00299,0.00304,0.00305,0.00344,0.00309,0.00419,0.00274,578.48297,0.00196,0.00206,0.00212,0.00198,0.00141,0.00155,0.00211,0.00186,0.00177,578.48407,0.00202,0.00237,0.00236,0.0024,0.00203,0.00225,0.00259,0.00229,0.00226
218.01456,1,0.85798,0.75996,0.68104,0.63213,0.60258,0.57397,0.56149,0.56102,577.98395,0.0053,0.00489,0.00505,0.0047,0.00473,0.00499,0.00424,0.00456,0.00407,577.99915,8.33E-04,8.05E-04,8.07E-04,6.57E-04,6.34E-04,6.05E-04,6.65E-04,4.79E-04,6.90E-04,577.99994,0.00992,0.00991,0.00977,0.0105,0.00916,0.01053,0.00959,0.01067,0.01052,218.01456,0.5319,0.45985,0.40212,0.36451,0.33787,0.32039,0.30882,0.30126,0.29685,577.98395,0.0032,0.0033,0.00329,0.00297,0.0028,0.00328,0.00274,0.00254,0.00261,577.99915,0.00228,0.00174,0.00207,0.00152,0.00163,0.00188,0.00171,0.00123,0.00194,577.99994,0.00266,0.00212,0.0021,0.00249,0.00197,0.00285,0.00206,0.00225,0.00238
217.50117,1,0.86283,0.76346,0.68888,0.63854,0.60551,0.58365,0.56936,0.5633,577.5,0.0053,0.00489,0.00505,0.0047,0.00473,0.00467,0.00397,0.00438,0.00407,577.51514,8.33E-04,8.05E-04,8.07E-04,6.57E-04,6.34E-04,6.05E-04,6.65E-04,7.25E-04,6.90E-04,577.51575,0.00941,0.00991,0.00977,0.01029,0.00934,0.01049,0.00959,0.01067,0.01007,217.50117,0.53214,0.45691,0.40487,0.36787,0.3434,0.32209,0.31365,0.30373,0.29956,577.5,0.00342,0.00316,0.00326,0.00335,0.00328,0.00301,0.00297,0.00316,0.00266,577.51514,0.00214,0.00312,0.00221,0.00168,0.00162,0.00144,0.00178,0.00278,0.00146,577.51575,0.00213,0.00213,0.00229,0.00249,0.00201,0.00243,0.0018,0.00258,0.00216
216.98782,0.9992,0.86283,0.76516,0.69524,0.64899,0.60872,0.59276,0.57403,0.56613,577.01593,0.00496,0.00489,0.00505,0.00482,0.00454,0.0044,0.00397,0.00438,0.00407,576.9939,8.89E-04,9.74E-04,8.07E-04,6.57E-04,6.35E-04,7.35E-04,6.65E-04,7.85E-04,7.58E-04,576.99426,0.0094,0.00984,0.00931,0.01027,0.00916,0.00935,0.00878,0.01048,0.01007,216.98782,0.53244,0.4571,0.40644,0.36882,0.35176,0.32566,0.31447,0.3101,0.30542,577.01593,0.00346,0.0036,0.00338,0.00327,0.00325,0.00322,0.00256,0.00294,0.00263,576.9939,0.00265,0.0025,0.00181,0.00192,0.00233,0.00195,0.0017,0.00209,0.0021,576.99426,0.00217,0.00235,0.002,0.00221,0.00215,0.00226,0.00227,0.00271,0.00242
216.51393,0.99218,0.85763,0.76516,0.69702,0.65091,0.61547,0.59432,0.58606,0.57722,576.49457,0.00527,0.00481,0.00505,0.00482,0.00454,0.0044,0.00397,0.00456,0.00412,576.50989,8.33E-04,9.74E-04,8.29E-04,7.13E-04,6.34E-04,6.56E-04,6.77E-04,7.85E-04,7.90E-04,576.50995,0.0094,0.00923,0.00886,0.00974,0.00934,0.00933,0.00878,0.00976,0.00861,216.51393,0.52871,0.45655,0.40652,0.36913,0.34442,0.32677,0.31624,0.3104,0.31018,576.49457,0.00386,0.00323,0.0034,0.00333,0.00313,0.00276,0.00253,0.00283,0.00275,576.50989,0.0024,0.00264,0.0024,0.00211,0.00192,0.00209,0.00259,0.00213,0.00233,576.50995,0.00199,0.00238,0.00223,0.00209,0.00212,0.00201,0.00232,0.00252,0.00185
216.00052,0.98223,0.85583,0.76711,0.69761,0.6532,0.61756,0.59766,0.58663,0.58621,576.01044,0.00527,0.00481,0.00523,0.00482,0.00454,0.00428,0.00397,0.00456,0.00426,575.98853,9.38E-04,8.71E-04,7.24E-04,7.47E-04,7.26E-04,7.34E-04,6.77E-04,6.57E-04,7.90E-04,575.98834,0.00927,0.00923,0.00863,0.0088,0.00883,0.00814,0.00886,0.00919,0.00861,216.00052,0.52499,0.4538,0.4059,0.36957,0.34563,0.33015,0.32001,0.31549,0.31524,576.01044,0.00313,0.00296,0.00301,0.00311,0.00293,0.00284,0.00289,0.00313,0.00275,575.98853,0.00278,0.00257,0.00212,0.00238,0.00222,0.00199,0.00235,0.00201,0.00227,575.98834,0.00202,0.00173,0.0019,0.00221,0.0019,0.00201,0.00189,0.00176,0.00229
215.48708,0.9718,0.84688,0.76401,0.69761,0.6532,0.62394,0.60478,0.59624,0.5957,575.48895,0.00488,0.00481,0.00521,0.00482,0.00454,0.00428,0.00443,0.00438,0.00426,575.50433,8.05E-04,7.94E-04,8.10E-04,8.04E-04,6.86E-04,6.56E-04,7.22E-04,5.89E-04,6.51E-04,575.50391,0.00901,0.00923,0.00849,0.0088,0.00878,0.00793,0.00886,0.00919,0.00791,215.48708,0.51973,0.45284,0.40426,0.36958,0.34671,0.33063,0.32241,0.31645,0.3152,575.48895,0.0034,0.0031,0.00359,0.00286,0.00293,0.00371,0.00296,0.00311,0.0037,575.50433,0.00202,0.00203,0.00224,0.00183,0.0016,0.00168,0.00174,0.00169,0.00203,575.50391,0.00209,0.00198,0.00185,0.00189,0.00202,0.00175,0.00219,0.0021,0.00155
215.01314,0.96864,0.83783,0.75521,0.69696,0.65525,0.62486,0.60932,0.59806,0.59576,575.0047,0.00488,0.00481,0.00467,0.0048,0.00454,0.0044,0.00443,0.00455,0.00426,574.98285,7.89E-04,7.05E-04,7.24E-04,7.21E-04,6.23E-04,6.56E-04,6.77E-04,4.83E-04,6.47E-04,574.98218,0.00856,0.00923,0.00845,0.0088,0.00878,0.00793,0.00886,0.00919,0.00791,215.01314,0.51421,0.44811,0.4104,0.36921,0.35166,0.33206,0.32302,0.31896,0.31793,575.0047,0.00373,0.00378,0.00349,0.00341,0.00427,0.00276,0.00311,0.00319,0.00355,574.98285,0.0025,0.00223,0.00186,0.00206,0.00186,0.00188,0.0021,0.00151,0.00167,574.98218,0.00194,0.00199,0.00154,0.00189,0.00169,0.0017,0.0019,0.00197,0.00191
214.49965,0.95745,0.83324,0.75283,0.6961,0.65825,0.62756,0.61047,0.60279,0.60086,574.48303,0.00527,0.00504,0.00479,0.0048,0.00464,0.00452,0.00443,0.00442,0.00428,574.49847,7.89E-04,7.05E-04,7.24E-04,7.13E-04,6.23E-04,6.56E-04,6.77E-04,4.83E-04,6.47E-04,574.49768,0.00856,0.00928,0.00845,0.0088,0.00878,0.00793,0.00925,0.00949,0.00791,214.49965,0.50661,0.44332,0.3996,0.36878,0.34878,0.33395,0.32532,0.32343,0.3214,574.48303,0.00315,0.00344,0.00337,0.00362,0.00337,0.00292,0.00286,0.00253,0.00267,574.49847,0.00206,0.00181,0.00208,0.00212,0.00176,0.00162,0.00185,0.00124,0.00166,574.49768,0.00184,0.00223,0.00183,0.00198,0.00189,0.00152,0.00199,0.00204,0.0017
213.98618,0.94123,0.82598,0.7524,0.69596,0.65825,0.63114,0.61483,0.60914,0.60742,573.9986,0.00508,0.00533,0.00479,0.0048,0.00467,0.00449,0.00425,0.00399,0.00428,574.01416,8.05E-04,7.05E-04,7.24E-04,7.21E-04,6.86E-04,6.88E-04,7.02E-04,4.83E-04,6.47E-04,574.013,0.00856,0.00941,0.00845,0.00921,0.00878,0.00793,0.00925,0.00949,0.00887,213.98618,0.51254,0.44089,0.39812,0.36826,0.3483,0.33455,0.32616,0.32232,0.32324,573.9986,0.00365,0.00326,0.00295,0.0031,0.00302,0.00325,0.00264,0.00294,0.00304,574.01416,0.00188,0.00178,0.00142,0.00185,0.00157,0.00192,0.00134,0.00118,0.00144,574.013,0.00149,0.00202,0.00182,0.00208,0.00235,0.00229,0.00246,0.00216,0.00217
213.51215,0.92709,0.81876,0.74787,0.69316,0.65825,0.63226,0.6164,0.61125,0.61089,573.5141,0.00508,0.00533,0.00478,0.0048,0.00467,0.00452,0.00425,0.00399,0.00428,573.49249,8.05E-04,7.05E-04,7.24E-04,7.21E-04,6.24E-04,6.41E-04,6.56E-04,4.83E-04,5.62E-04,573.49109,0.00856,0.01018,0.00849,0.00968,0.01095,0.00957,0.00996,0.01006,0.01011,213.51215,0.49803,0.43705,0.39834,0.36833,0.3484,0.33563,0.32977,0.3255,0.32636,573.5141,0.00353,0.00347,0.00309,0.00321,0.003,0.00296,0.0029,0.00286,0.00277,573.49249,0.00246,0.00181,0.00192,0.00177,0.00189,0.00176,0.0018,0.00175,0.00991,573.49109,0.00204,0.00219,0.00243,0.0025,0.00255,0.00206,0.00214,0.00239,0.00236
212.9986,0.91504,0.81053,0.73975,0.69178,0.65825,0.6343,0.62323,0.61517,0.61679,572.99231,0.00546,0.00537,0.00478,0.0048,0.00467,0.00459,0.00425,0.00442,0.0043,573.00793,8.54E-04,7.06E-04,7.24E-04,7.09E-04,6.24E-04,6.88E-04,5.66E-04,6.33E-04,5.62E-04,573.00641,0.00931,0.01016,0.01065,0.00968,0.01095,0.00986,0.01011,0.01006,0.01076,212.9986,0.49055,0.43323,0.39572,0.36677,0.34823,0.33645,0.33048,0.32774,0.32944,572.99231,0.00328,0.0035,0.00336,0.00295,0.00352,0.0029,0.00275,0.00258,0.00277,573.00793,0.00219,0.00205,0.00186,0.00223,0.00448,0.0018,0.00191,0.00196,0.00415,573.00641,0.0027,0.00256,0.00229,0.00253,0.00248,0.00246,0.00258,0.00244,0.00267
212.48505,0.90321,0.80311,0.73561,0.69116,0.65844,0.63586,0.62458,0.61939,0.62261,572.50769,0.00546,0.00537,0.00479,0.00492,0.005,0.00459,0.00438,0.00442,0.0043,572.48614,8.54E-04,8.01E-04,7.24E-04,7.09E-04,6.69E-04,6.41E-04,5.98E-04,6.46E-04,5.22E-04,572.48431,0.00948,0.01018,0.01065,0.011,0.01102,0.00986,0.01011,0.01073,0.01076,212.48505,0.48417,0.42888,0.39142,0.36571,0.3487,0.33732,0.33128,0.32879,0.33163,572.50769,0.00368,0.00355,0.00309,0.00328,0.00335,0.00329,0.00283,0.00329,0.00312,572.48614,0.00383,0.00216,0.00186,0.00215,0.0016,0.00164,0.00168,0.00166,0.00134,572.48431,0.00207,0.00225,0.00229,0.00244,0.00259,0.00229,0.0026,0.00231,0.00237
212.01099,0.89717,0.79706,0.73561,0.68872,0.65899,0.63751,0.62609,0.62137,0.62674,571.98578,0.00545,0.00542,0.0052,0.00492,0.005,0.00505,0.00425,0.00474,0.00474,572.00153,8.54E-04,8.34E-04,7.24E-04,7.32E-04,6.69E-04,6.41E-04,5.98E-04,6.46E-04,5.22E-04,571.99951,0.00961,0.01034,0.01065,0.00959,0.01102,0.00986,0.01075,0.01062,0.01076,212.01099,0.47792,0.42495,0.38923,0.36604,0.34869,0.33883,0.33281,0.33145,0.33472,571.98578,0.0039,0.00406,0.00381,0.00371,0.00323,0.0033,0.00353,0.00313,0.00344,572.00153,0.00234,0.00219,0.00186,0.00182,0.00172,0.00211,0.00145,0.00162,0.00202,571.99951,0.002,0.00218,0.00238,0.00206,0.00207,0.00212,0.00217,0.00203,0.00231
211.49736,0.88374,0.79034,0.7334,0.68802,0.65901,0.64035,0.62897,0.62641,0.63258,571.50104,0.00545,0.00546,0.00517,0.00492,0.005,0.00505,0.00433,0.00474,0.00474,571.51685,9.13E-04,8.42E-04,7.27E-04,7.32E-04,6.69E-04,6.41E-04,5.98E-04,6.46E-04,5.22E-04,571.51459,0.00931,0.01016,0.01006,0.00959,0.00964,0.00905,0.01011,0.00943,0.01076,211.49736,0.47472,0.42175,0.38807,0.36405,0.34938,0.34024,0.3346,0.33327,0.33765,571.50104,0.00363,0.00332,0.00346,0.00318,0.00327,0.00358,0.00322,0.00328,0.00314,571.51685,0.00184,0.00214,0.00188,0.00188,0.00181,0.00138,0.00153,0.00191,0.00121,571.51459,0.00232,0.00229,0.00209,0.00236,0.00237,0.00238,0.00233,0.00243,0.00226
210.98375,0.87722,0.78499,0.72608,0.68688,0.66004,0.64301,0.63237,0.62984,0.63813,571.01636,0.00545,0.00546,0.00517,0.00486,0.005,0.005,0.00425,0.00474,0.00458,570.99487,9.13E-04,8.53E-04,7.34E-04,7.15E-04,7.07E-04,7.02E-04,5.98E-04,6.78E-04,5.94E-04,570.99225,0.00861,0.00972,0.00972,0.00959,0.00825,0.00843,0.0091,0.00897,0.01054,210.98375,0.46762,0.41819,0.39396,0.36442,0.34925,0.3404,0.33997,0.3351,0.34003,571.01636,0.00352,0.00382,0.00339,0.00334,0.00315,0.00326,0.00274,0.00306,0.00306,570.99487,0.00235,0.00219,0.00237,0.00216,0.0023,0.00193,0.00169,0.00174,0.00176,570.99225,0.00228,0.00222,0.00243,0.00198,0.00241,0.00194,0.00231,0.00228,0.00245
210.50963,0.86327,0.77896,0.72457,0.68688,0.66029,0.64331,0.64122,0.6333,0.64262,570.4942,0.00545,0.00546,0.00517,0.00486,0.00488,0.005,0.00425,0.00474,0.00458,570.51013,7.16E-04,8.34E-04,7.34E-04,7.15E-04,7.07E-04,5.40E-04,5.98E-04,6.78E-04,4.70E-04,570.50726,0.00861,0.00972,0.00972,0.00961,0.00825,0.00843,0.0091,0.00897,0.00858,210.50963,0.46417,0.41536,0.38419,0.36345,0.35068,0.34244,0.33929,0.3381,0.3412,570.4942,0.00315,0.00353,0.00334,0.00297,0.00328,0.00323,0.0028,0.00259,0.00288,570.51013,0.00268,0.0024,0.00234,0.00222,0.00248,0.0018,0.00154,0.00195,0.00173,570.50726,0.00185,0.00209,0.00216,0.00242,0.00177,0.00181,0.00196,0.00193,0.00242
209.99596,0.85747,0.77502,0.72457,0.68688,0.66249,0.64718,0.64251,0.63896,0.64482,570.00922,0.00545,0.00546,0.00517,0.00486,0.00488,0.00489,0.00425,0.00474,0.00458,569.98798,6.94E-04,7.75E-04,7.21E-04,7.11E-04,5.72E-04,5.61E-04,5.98E-04,4.78E-04,5.94E-04,569.98492,0.00861,0.00972,0.00979,0.00961,0.00825,0.00843,0.0091,0.00897,0.00858,209.99596,0.45678,0.41217,0.38227,0.36291,0.35054,0.34268,0.34702,0.33868,0.34326,570.00922,0.00376,0.00352,0.00318,0.00314,0.00355,0.0028,0.00254,0.00312,0.00296,569.98798,0.00244,0.00235,0.0021,0.00183,0.00202,0.00244,0.00165,0.00174,0.00152,569.98492,0.00185,0.00191,0.00195,0.00207,0.00143,0.0016,0.00167,0.00186,0.00182
209.48227,0.85495,0.77502,0.72395,0.68688,0.66275,0.64763,0.64957,0.64006,0.64873,569.487,0.00545,0.00523,0.00517,0.00486,0.00504,0.00489,0.00433,0.00483,0.00458,569.50299,6.94E-04,6.68E-04,7.21E-04,7.11E-04,5.72E-04,5.61E-04,5.98E-04,4.78E-04,5.94E-04,569.49969,0.00861,0.00972,0.00979,0.01048,0.00825,0.00843,0.0091,0.00897,0.00858,209.48227,0.45371,0.41009,0.38339,0.36434,0.3525,0.34899,0.34371,0.34627,0.34711,569.487,0.00352,0.00382,0.00347,0.00325,0.00286,0.00331,0.00362,0.00321,0.00309,569.50299,0.00178,0.00199,0.00112,0.00164,0.00101,9.82E-04,0.00153,0.00122,9.38E-04,569.49969,0.00193,0.00227,0.0021,0.00252,0.00185,0.00223,0.00237,0.00202,0.00184
209.00809,0.85475,0.77502,0.72395,0.68856,0.66619,0.6568,0.65147,0.65249,0.656,569.00201,0.00582,0.00523,0.00532,0.00504,0.00504,0.00489,0.00476,0.00498,0.00478,569.01807,6.94E-04,6.68E-04,7.21E-04,7.11E-04,5.72E-04,5.61E-04,5.98E-04,4.78E-04,5.94E-04,569.01453,0.00898,0.00994,0.00979,0.01048,0.00863,0.00939,0.00944,0.00938,0.00858,209.00809,0.45227,0.4095,0.38409,0.36474,0.3546,0.34753,0.34471,0.34525,0.3507,569.00201,0.00376,0.00338,0.00344,0.00331,0.00325,0.00315,0.00307,0.00339,0.0031,569.01807,0.00178,0.00158,0.00185,0.00182,0.00147,0.00144,0.00138,0.00122,0.00156,569.01453,0.00238,0.00261,0.00256,0.00264,0.00221,0.00251,0.00262,0.00242,0.00246
208.49434,0.85475,0.77502,0.72457,0.68931,0.67015,0.65956,0.65147,0.65442,0.66278,568.51697,0.00582,0.00523,0.00538,0.00513,0.00504,0.00512,0.00504,0.00501,0.00478,568.49573,6.94E-04,6.68E-04,7.21E-04,7.11E-04,5.72E-04,5.61E-04,5.98E-04,4.78E-04,5.42E-04,568.49194,0.00898,0.00994,0.00979,0.01074,0.00907,0.01039,0.00944,0.01045,0.01007,208.49434,0.45238,0.41219,0.38306,0.36565,0.35592,0.34936,0.34568,0.34636,0.35423,568.51697,0.00376,0.00328,0.00355,0.00356,0.00346,0.00362,0.00326,0.00325,0.00339,568.49573,0.0023,0.00171,0.00199,0.0019,0.00154,0.00153,0.00172,0.00148,0.00157,568.49194,0.00216,0.00237,0.00213,0.00225,0.00242,0.00231,0.00203,0.00228,0.00252
207.98061,0.85475,0.77899,0.72589,0.69105,0.67266,0.66024,0.6533,0.65458,0.66947,567.99451,0.00583,0.00523,0.00551,0.00535,0.00517,0.00508,0.00477,0.00503,0.00481,568.01068,6.94E-04,6.68E-04,7.21E-04,7.33E-04,6.03E-04,5.98E-04,5.49E-04,5.76E-04,5.42E-04,568.00665,0.00894,0.00993,0.00882,0.01048,0.00907,0.00939,0.00926,0.01045,0.01007,207.98061,0.45143,0.41386,0.38855,0.36934,0.35967,0.35469,0.3517,0.35242,0.3595,567.99451,0.00391,0.0042,0.00382,0.00359,0.00366,0.00337,0.00401,0.00348,0.00338,568.01068,0.00212,0.00186,0.002,0.0019,0.00231,0.00181,0.00163,0.00214,0.00168,568.00665,0.00255,0.00214,0.00226,0.00249,0.00195,0.00202,0.00261,0.00225,0.00225
207.50635,0.85495,0.7817,0.73431,0.69802,0.67973,0.67033,0.66467,0.66604,0.67941,567.50922,0.00594,0.00508,0.00581,0.00551,0.00517,0.00508,0.00504,0.00501,0.00466,567.48822,7.40E-04,6.84E-04,7.57E-04,7.33E-04,6.07E-04,6.33E-04,6.19E-04,5.96E-04,5.25E-04,567.48395,0.00872,0.00993,0.00805,0.00984,0.00907,0.00939,0.00926,0.01003,0.01007,207.50635,0.45293,0.41362,0.38872,0.37281,0.36156,0.35691,0.35958,0.35647,0.362,567.50922,0.00425,0.00387,0.00377,0.00346,0.00334,0.00339,0.00339,0.00324,0.00301,567.48822,0.00207,0.00175,0.00194,0.00188,0.00156,0.00162,0.00159,0.00153,0.00139,567.48395,0.00192,0.00213,0.0019,0.00231,0.00211,0.00227,0.00199,0.00231,0.00216
206.99255,0.85599,0.78216,0.73464,0.70457,0.6833,0.67452,0.67957,0.67369,0.68415,566.98663,0.00594,0.00504,0.00581,0.00544,0.00517,0.00508,0.00477,0.0046,0.0046,567.00293,7.40E-04,6.95E-04,7.57E-04,7.08E-04,6.07E-04,6.33E-04,6.19E-04,5.96E-04,5.25E-04,566.99841,0.00872,0.00993,0.00805,0.00984,0.00907,0.00939,0.00926,0.00973,0.01007,206.99255,0.45841,0.4238,0.39661,0.37905,0.36928,0.36313,0.36492,0.36177,0.37285,566.98663,0.00392,0.00392,0.00378,0.00362,0.00349,0.00328,0.00308,0.00357,0.00318,567.00293,0.00159,0.00207,0.00177,0.0019,0.00167,0.0017,0.00141,0.00154,0.00134,566.99841,0.00177,0.0019,0.00163,0.00212,0.00142,0.00174,0.00184,0.00209,0.00131
206.51828,0.86634,0.80095,0.74955,0.71637,0.69791,0.68627,0.68965,0.68371,0.70465,566.5014,0.0057,0.00462,0.00529,0.00535,0.00517,0.00485,0.00477,0.00455,0.0046,566.5177,6.83E-04,6.95E-04,7.57E-04,6.87E-04,6.07E-04,6.19E-04,6.19E-04,5.38E-04,4.24E-04,566.513,0.00847,0.00967,0.00805,0.00984,0.00918,0.00835,0.00926,0.00971,0.00933,206.51828,0.46632,0.42891,0.40163,0.39004,0.37475,0.36865,0.36883,0.36626,0.37931,566.5014,0.00384,0.00325,0.00375,0.00391,0.00322,0.00303,0.00327,0.00297,0.00297,566.5177,0.0019,0.00178,0.00608,0.00176,0.00176,0.00175,0.00188,0.00154,0.00109,566.513,0.00187,0.00229,0.00173,0.00199,0.00197,0.00225,0.00212,0.00216,0.00219
206.00446,0.88129,0.81059,0.75903,0.73714,0.70823,0.69672,0.69705,0.69219,0.7152,566.01593,0.0057,0.00462,0.00519,0.00503,0.00517,0.00485,0.00477,0.00455,0.0046,565.99506,6.83E-04,6.97E-04,7.82E-04,6.87E-04,6.23E-04,6.19E-04,7.05E-04,5.38E-04,4.24E-04,565.99005,0.00847,0.0094,0.00805,0.00984,0.00918,0.00835,0.00986,0.0091,0.00874,206.00446,0.47716,0.43778,0.41407,0.39348,0.38082,0.37503,0.37502,0.37447,0.37843,566.01593,0.00314,0.00281,0.00312,0.00351,0.00334,0.0033,0.00291,0.00278,0.00253,565.99506,0.00195,0.00179,0.00306,0.00182,0.00121,0.00159,0.00215,0.00128,0.00157,565.99005,0.00196,0.00239,0.00239,0.00234,0.00209,0.00213,0.00226,0.00186,0.00232
205.4906,0.90179,0.82736,0.78256,0.74364,0.7197,0.70876,0.70876,0.70771,0.71686,565.49323,0.0057,0.00462,0.00515,0.00503,0.00499,0.0047,0.00483,0.00455,0.0046,565.50964,7.40E-04,6.97E-04,7.82E-04,6.43E-04,6.23E-04,6.19E-04,7.05E-04,5.38E-04,4.24E-04,565.50446,0.00872,0.0094,0.00805,0.00924,0.00918,0.00896,0.00986,0.0091,0.00933,205.4906,0.49649,0.45351,0.42479,0.40578,0.3934,0.38575,0.38033,0.38384,0.38616,565.49323,0.00368,0.00298,0.00342,0.00323,0.00343,0.00313,0.00314,0.00294,0.00329,565.50964,0.00175,0.00185,0.002,0.00141,0.0016,0.00149,0.00181,0.00138,0.00101,565.50446,0.00182,0.00208,0.0019,0.0023,0.00217,0.00179,0.00224,0.00209,0.00201
205.01627,0.93831,0.85709,0.8028,0.76688,0.74349,0.72903,0.71878,0.72542,0.7298,565.00775,0.0057,0.00462,0.00515,0.00503,0.00517,0.00485,0.00483,0.00454,0.00476,564.98694,7.63E-04,7.21E-04,7.41E-04,6.43E-04,6.23E-04,6.19E-04,7.05E-04,5.38E-04,4.62E-04,564.98138,0.00847,0.00931,0.0079,0.00916,0.00842,0.00835,0.00949,0.00867,0.00925,205.01627,0.51315,0.46524,0.43691,0.41641,0.39851,0.40024,0.39082,0.3889,0.39409,565.00775,0.00371,0.00346,0.00335,0.00325,0.00344,0.00328,0.00312,0.00325,0.00327,564.98694,0.00233,0.00195,0.0025,0.00221,0.00223,0.00251,0.00211,0.00242,0.0025,564.98138,0.00212,0.00202,0.00198,0.00228,0.0022,0.00196,0.00266,0.00196,0.00188
204.50238,0.96981,0.87925,0.82571,0.78698,0.75314,0.75642,0.73861,0.73498,0.74479,564.4848,0.00575,0.00535,0.00519,0.005,0.00525,0.00448,0.00483,0.00455,0.00476,564.50134,7.12E-04,7.54E-04,7.41E-04,6.43E-04,6.50E-04,6.31E-04,6.97E-04,5.67E-04,4.62E-04,564.49567,0.00823,0.00898,0.00722,0.0078,0.00603,0.00745,0.00924,0.00824,0.00874,204.50238,0.55056,0.49665,0.45943,0.43809,0.42845,0.4118,0.40238,0.40189,0.40408,564.4848,0.00414,0.00402,0.00333,0.00345,0.00298,0.00289,0.00319,0.00312,0.00307,564.50134,0.00221,0.00255,0.00179,0.00165,0.00167,0.00162,0.00173,0.00145,0.00171,564.49567,0.00212,0.00193,0.0017,0.00197,0.00181,0.00193,0.00199,0.00197,0.00226
203.98845,1.0405,0.93861,0.86827,0.82794,0.80972,0.77827,0.76045,0.75954,0.76366,563.99921,0.00575,0.00535,0.00519,0.00503,0.00521,0.00448,0.00483,0.00479,0.00476,564.01581,8.61E-04,7.60E-04,7.41E-04,6.69E-04,7.57E-04,7.73E-04,6.97E-04,7.23E-04,4.80E-04,564.00989,0.00684,0.00731,0.00496,0.00627,0.00471,0.00567,0.00463,0.00519,0.00646,203.98845,0.58469,0.52312,0.48048,0.4609,0.43286,0.42096,0.41322,0.40933,0.41088,563.99921,0.00438,0.00379,0.00376,0.00377,0.00364,0.00353,0.00343,0.00293,0.0034,564.01581,0.00222,0.00195,0.0019,0.0018,0.00194,0.00206,0.00187,0.00185,0.00119,564.00989,0.00177,0.002,0.00155,0.00168,0.0013,0.0016,0.00204,0.00177,0.00199
203.51405,1.105,0.98864,0.90805,0.87105,0.81806,0.79558,0.78094,0.77359,0.77651,563.51349,0.00537,0.00533,0.00519,0.00468,0.00505,0.00448,0.00495,0.00479,0.00476,563.49286,7.12E-04,7.60E-04,7.41E-04,6.69E-04,7.57E-04,6.31E-04,6.93E-04,7.23E-04,4.62E-04,563.48663,0.00606,0.00552,0.00409,0.00565,0.00372,0.00464,0.00463,0.00519,0.00488,203.51405,0.61524,0.55397,0.50226,0.47767,0.44773,0.43426,0.42504,0.41997,0.41791,563.51349,0.00448,0.00348,0.00337,0.00302,0.00339,0.00261,0.00289,0.00334,0.00286,563.49286,0.00182,0.00193,0.00204,0.00172,0.00218,0.00198,0.00179,0.00199,0.00123,563.48663,0.00147,0.00157,0.00107,0.00135,0.00101,0.00122,9.95E-04,0.00111,0.00139
203.00011,1.16275,1.04695,0.94921,0.90274,0.84616,0.82071,0.80327,0.79371,0.7898,562.99048,0.00537,0.00529,0.00522,0.00468,0.00505,0.00472,0.0053,0.00479,0.00519,563.00714,6.39E-04,7.60E-04,7.70E-04,6.69E-04,7.57E-04,5.81E-04,6.93E-04,7.23E-04,4.62E-04,563.00073,0.00606,0.00552,0.00409,0.00565,0.00372,0.00464,0.00463,0.00519,0.00488,203.00011,0.67761,0.59905,0.54016,0.50627,0.47485,0.45617,0.44367,0.43714,0.43256,562.99048,0.00343,0.00344,0.00335,0.00337,0.00337,0.00305,0.00342,0.0031,0.00358,563.00714,0.00315,0.003,0.00286,0.00293,0.00291,0.00243,0.00306,0.0027,0.00264,563.00073,7.13E-04,7.99E-04,8.79E-04,8.90E-04,6.97E-04,5.89E-04,7.43E-04,7.97E-04,0.00105
202.48614,1.28061,1.13214,1.02085,0.95679,0.89741,0.86212,0.83849,0.82614,0.81749,562.5047,0.00537,0.00529,0.00522,0.00468,0.00505,0.0047,0.0053,0.00479,0.00504,562.48407,6.39E-04,7.63E-04,7.96E-04,6.69E-04,7.26E-04,5.48E-04,5.59E-04,7.00E-04,4.80E-04,562.51477,0.00606,0.00552,0.00409,0.00565,0.00372,0.00464,0.00463,0.00519,0.00488,202.48614,0.71975,0.62917,0.56537,0.52893,0.48949,0.47064,0.45499,0.44613,0.44037,562.5047,0.00347,0.00342,0.00356,0.00289,0.00326,0.00324,0.00389,0.00341,0.00341,562.48407,0.00164,0.00223,0.00212,0.00204,0.00204,0.00149,0.00178,0.00406,0.00116,562.51477,0.0013,0.00119,8.11E-04,0.00122,8.00E-04,9.97E-04,9.97E-04,0.00129,6.77E-04
202.01169,1.36025,1.18907,1.06849,0.99961,0.92509,0.88945,0.85989,0.84315,0.83226,561.98145,0.00537,0.00529,0.00552,0.00522,0.00505,0.00472,0.00547,0.00467,0.00519,561.99823,6.39E-04,7.63E-04,7.70E-04,7.49E-04,6.89E-04,5.48E-04,4.72E-04,6.74E-04,5.41E-04,561.99133,0.00606,0.00552,0.00409,0.00565,0.00372,0.00464,0.00464,0.00602,0.00488,202.01169,0.76676,0.67017,0.59879,0.54351,0.51485,0.48945,0.47208,0.4621,0.45212,561.98145,0.00411,0.00341,0.00365,0.00357,0.00312,0.00354,0.00353,0.0034,0.00335,561.99823,0.0016,0.00196,0.00197,0.00102,0.00177,0.0014,0.00121,0.00106,0.00181,561.99133,0.00141,0.00157,0.00168,0.002,0.00114,0.00148,0.0016,0.00173,0.00212
201.49768,1.4491,1.26655,1.13165,1.02717,0.97302,0.92501,0.89219,0.87332,0.85445,561.49554,0.00591,0.00529,0.00561,0.00496,0.00505,0.00502,0.00547,0.00467,0.00504,561.51239,6.39E-04,7.63E-04,7.70E-04,7.40E-04,6.89E-04,5.48E-04,4.72E-04,6.08E-04,5.41E-04,561.50525,0.00654,0.00729,0.00784,0.00762,0.00533,0.00688,0.0065,0.00778,0.00783,201.49768,0.80913,0.70894,0.62621,0.56636,0.53095,0.50816,0.48737,0.47263,0.4656,561.49554,0.00381,0.00389,0.00362,0.00353,0.00369,0.00304,0.00359,0.00302,0.00325,561.51239,0.00209,0.00218,0.00212,0.002,0.00186,0.00134,0.00143,0.00179,0.00181,561.50525,0.00167,0.00177,0.00181,0.00164,0.00158,0.00171,0.0014,0.00212,0.00168
200.98364,1.52917,1.33983,1.18348,1.07036,1.00343,0.96037,0.92108,0.89322,0.87993,561.00958,0.00591,0.00527,0.00561,0.00546,0.00498,0.00493,0.00513,0.00446,0.00483,560.98907,7.41E-04,7.46E-04,7.33E-04,5.77E-04,6.16E-04,5.48E-04,4.72E-04,6.03E-04,5.81E-04,560.98169,0.00778,0.00821,0.00842,0.0093,0.00734,0.00794,0.00743,0.00805,0.00815,200.98364,0.84012,0.72855,0.6512,0.57977,0.54881,0.52138,0.50016,0.48797,0.47253,561.00958,0.00406,0.00413,0.0039,0.00403,0.0034,0.00345,0.00376,0.00288,0.00348,560.98907,0.0022,0.00191,0.00178,0.00192,0.00158,0.00218,0.00116,0.00173,0.00139,560.98169,0.00176,0.0022,0.00188,0.00219,0.00177,0.00188,0.00177,0.00192,0.00175
200.50914,1.65358,1.43764,1.26978,1.14005,1.06112,1.02192,0.96024,0.94435,0.92235,560.48614,0.00591,0.00522,0.0051,0.00496,0.00498,0.0047,0.00495,0.0043,0.00435,560.50311,8.14E-04,7.23E-04,7.33E-04,7.40E-04,6.16E-04,5.75E-04,5.59E-04,6.08E-04,5.81E-04,560.49554,0.00778,0.00874,0.00874,0.00968,0.00824,0.00873,0.00823,0.00893,0.00815,200.50914,0.87496,0.7607,0.67188,0.60323,0.56147,0.54073,0.50809,0.49968,0.48804,560.48614,0.00385,0.00358,0.00382,0.0032,0.00331,0.0034,0.00331,0.00346,0.00312,560.50311,0.0019,0.00263,0.00239,0.0019,0.00188,0.00217,0.00213,0.00156,0.00149,560.49554,0.0022,0.00195,0.00216,0.00215,0.00248,0.00208,0.00215,0.00167,0.00193
199.99506,1.69744,1.4649,1.30109,1.1707,1.09042,1.03914,0.98869,0.96376,0.93809,560.00006,0.00527,0.0051,0.00493,0.00496,0.00474,0.00462,0.00463,0.00424,0.00433,560.01709,8.37E-04,7.23E-04,7.33E-04,7.40E-04,6.16E-04,7.56E-04,7.07E-04,6.08E-04,5.81E-04,560.00922,0.00719,0.00874,0.00874,0.00968,0.00855,0.00873,0.00823,0.00778,0.00815,199.99506,0.89817,0.77512,0.68845,0.61945,0.57698,0.54984,0.52314,0.50996,0.49637,560.00006,0.00341,0.00329,0.00318,0.00362,0.00322,0.00319,0.00285,0.00278,0.00281,560.01709,0.00215,0.00185,0.00188,0.00148,0.00155,0.00147,0.00181,0.00155,0.00183,560.00922,0.00217,0.00188,0.00229,0.00264,0.00215,0.00192,0.00254,0.00203,0.00251
,,,,,,,,,,559.51392,0.00527,0.0051,0.00493,0.00496,0.00474,0.00462,0.00449,0.00422,0.00421,559.49359,8.20E-04,6.96E-04,7.33E-04,6.50E-04,7.30E-04,5.75E-04,7.07E-04,6.08E-04,5.81E-04,559.48547,0.00719,0.00874,0.0071,0.00968,0.00877,0.00852,0.00702,0.00778,0.0089,,,,,,,,,,,559.51392,0.00425,0.00337,0.00329,0.00291,0.00306,0.00298,0.0032,0.00258,0.00279,559.49359,0.00227,0.00171,0.00226,0.00287,0.00197,0.00194,0.00188,0.00195,0.00173,559.48547,0.00149,0.00194,0.00216,0.00208,0.00196,0.00213,0.00233,0.00205,0.00216
,,,,,,,,,,558.9903,0.00527,0.0051,0.00493,0.00501,0.00466,0.00441,0.00449,0.00422,0.00421,559.00745,8.37E-04,6.96E-04,7.33E-04,6.25E-04,7.30E-04,5.75E-04,6.49E-04,6.03E-04,6.73E-04,558.99908,0.00719,0.00787,0.0071,0.00968,0.00877,0.00852,0.00702,0.00919,0.00867,,,,,,,,,,,558.9903,0.00316,0.00268,0.00283,0.00355,0.00265,0.00259,0.00299,0.00274,0.00272,559.00745,0.00275,0.00198,0.00393,0.00229,0.00207,0.00213,0.00182,0.00238,0.0021,558.99908,0.00155,0.00165,0.00145,0.00188,0.00184,0.00173,0.00149,0.00147,0.0016
,,,,,,,,,,558.50409,0.00557,0.00492,0.00465,0.0045,0.00443,0.00439,0.00449,0.00422,0.00413,558.48383,8.84E-04,6.96E-04,6.68E-04,6.50E-04,7.57E-04,7.56E-04,6.49E-04,6.33E-04,6.73E-04,558.5127,0.00719,0.00787,0.0071,0.00968,0.00877,0.00852,0.00702,0.00919,0.00817,,,,,,,,,,,558.50409,0.0036,0.00366,0.00327,0.00323,0.00352,0.00323,0.0029,0.00272,0.00267,558.48383,0.0021,0.00178,0.00171,0.00167,0.00187,0.00141,0.0014,0.00162,0.00131,558.5127,0.0018,0.00203,0.00153,0.00214,0.00188,0.00183,0.00151,0.00198,0.00191
,,,,,,,,,,558.01776,0.00489,0.00479,0.00452,0.00486,0.00442,0.00418,0.00431,0.00422,0.00395,557.99756,8.20E-04,7.54E-04,6.68E-04,6.50E-04,7.57E-04,6.74E-04,6.49E-04,6.33E-04,6.97E-04,557.98871,0.00719,0.00787,0.0071,0.00877,0.00855,0.00852,0.00702,0.00919,0.00817,,,,,,,,,,,558.01776,0.00378,0.00352,0.00339,0.0034,0.00301,0.00285,0.00329,0.00313,0.00338,557.99756,0.00368,0.00225,0.0022,0.0016,0.00214,0.00216,0.00166,0.00131,0.00179,557.98871,0.00169,0.00169,0.0022,0.00248,0.0022,0.00201,0.00241,0.00225,0.00186
,,,,,,,,,,557.49396,0.00488,0.00492,0.00465,0.0043,0.00443,0.00439,0.00431,0.00422,0.00384,557.51129,8.20E-04,7.54E-04,6.68E-04,6.50E-04,7.30E-04,5.51E-04,5.48E-04,5.82E-04,6.97E-04,557.50214,0.00784,0.00803,0.00772,0.008,0.00877,0.00852,0.00713,0.00919,0.00817,,,,,,,,,,,557.49396,0.00371,0.00318,0.003,0.0026,0.00286,0.00284,0.00278,0.00309,0.00255,557.51129,0.00248,0.00226,0.00166,0.00186,0.00194,0.00212,0.00175,0.00175,0.0021,557.50214,0.00176,0.00189,0.00203,0.00211,0.002,0.00193,0.00203,0.0021,0.00176
,,,,,,,,,,557.00757,0.00488,0.00492,0.00465,0.0043,0.00443,0.00439,0.00431,0.0042,0.00384,556.98749,9.69E-04,7.99E-04,7.96E-04,6.99E-04,7.57E-04,6.63E-04,6.49E-04,5.82E-04,7.59E-04,557.0155,0.00693,0.00803,0.00772,0.00744,0.00807,0.00773,0.00716,0.0084,0.00716,,,,,,,,,,,557.00757,0.00315,0.00309,0.00292,0.00314,0.00286,0.0027,0.00248,0.00263,0.00247,556.98749,0.00206,0.00193,0.00264,0.00228,0.00199,0.00173,0.00207,0.00221,0.00204,557.0155,0.00124,0.00189,0.00188,0.00172,0.00174,0.00193,0.00178,0.00211,0.00182
,,,,,,,,,,556.48364,0.00488,0.00492,0.00465,0.0043,0.00443,0.00439,0.00431,0.0042,0.00384,556.50098,8.05E-04,7.54E-04,6.47E-04,6.99E-04,5.85E-04,5.20E-04,4.99E-04,5.82E-04,7.59E-04,556.49152,0.00693,0.00844,0.00772,0.00744,0.00807,0.00773,0.00716,0.0084,0.00716,,,,,,,,,,,556.48364,0.00308,0.00336,0.00316,0.00277,0.00337,0.00302,0.00283,0.00275,0.00248,556.50098,0.00435,0.00205,0.00217,0.00179,0.0015,0.00133,0.00113,0.00149,0.00195,556.49152,0.00193,0.00173,0.00166,0.00148,0.00195,0.00166,0.00153,0.00181,0.00154
,,,,,,,,,,555.99707,0.00488,0.00503,0.0049,0.0048,0.00461,0.00467,0.00438,0.0042,0.00384,556.01453,8.05E-04,6.95E-04,7.96E-04,6.99E-04,5.85E-04,5.20E-04,4.99E-04,5.82E-04,6.01E-04,556.0047,0.00693,0.00844,0.00772,0.00744,0.00807,0.00773,0.00716,0.0084,0.00716,,,,,,,,,,,555.99707,0.00372,0.00325,0.00319,0.0031,0.00299,0.00301,0.00293,0.00271,0.00289,556.01453,0.00315,0.00274,0.00204,0.00219,0.00266,0.0017,0.00194,0.00243,0.0023,556.0047,0.00149,0.00181,0.00161,0.0016,0.00142,0.0014,0.00154,0.00128,0.00138
,,,,,,,,,,555.51044,0.00516,0.00511,0.00493,0.00478,0.00461,0.00468,0.00454,0.00425,0.00448,555.49054,6.81E-04,6.95E-04,7.15E-04,6.71E-04,5.85E-04,5.20E-04,4.99E-04,5.82E-04,5.99E-04,555.51788,0.00744,0.00844,0.00772,0.00744,0.00839,0.00773,0.00716,0.0084,0.00716,,,,,,,,,,,555.51044,0.00362,0.00372,0.00336,0.00353,0.00298,0.00348,0.00336,0.00302,0.00295,555.49054,0.00174,0.00173,0.00147,0.00144,0.00126,0.00126,0.00128,0.00143,0.0011,555.51788,0.0016,0.00213,0.00184,0.00197,0.0018,0.00171,0.002,0.00185,0.00193
,,,,,,,,,,554.98639,0.00516,0.00511,0.00515,0.0048,0.00461,0.00514,0.00464,0.00426,0.00448,555.00391,6.81E-04,6.95E-04,7.15E-04,6.71E-04,6.39E-04,6.24E-04,6.92E-04,6.09E-04,5.99E-04,554.99359,0.00744,0.00878,0.00857,0.00744,0.00662,0.00773,0.00732,0.00862,0.00846,,,,,,,,,,,554.98639,0.00378,0.0033,0.0034,0.00341,0.00329,0.00332,0.003,0.00316,0.00317,555.00391,0.00207,0.00178,0.00721,0.00202,0.00164,0.00189,0.00178,0.00179,0.00154,554.99359,0.00218,0.00223,0.00216,0.00221,0.00199,0.00239,0.00214,0.0022,0.00229
,,,,,,,,,,554.49963,0.00516,0.00511,0.00521,0.00498,0.00461,0.00514,0.00467,0.00454,0.00447,554.51721,6.81E-04,6.95E-04,7.15E-04,6.71E-04,6.39E-04,6.24E-04,6.92E-04,6.09E-04,5.99E-04,554.50671,0.0081,0.00878,0.00863,0.00751,0.00823,0.00796,0.00762,0.00862,0.00846,,,,,,,,,,,554.49963,0.00333,0.00354,0.00347,0.00309,0.00287,0.00366,0.00318,0.00293,0.00309,554.51721,0.00155,0.00188,0.00183,0.00172,0.00164,0.0016,0.00177,0.00156,0.00154,554.50671,0.00184,0.00189,0.00211,0.00161,0.00219,0.00166,0.00231,0.00187,0.00182
,,,,,,,,,,554.01282,0.00516,0.00511,0.00526,0.00498,0.00447,0.00499,0.00467,0.00454,0.00438,553.99304,7.66E-04,7.34E-04,7.34E-04,7.89E-04,6.39E-04,6.24E-04,6.94E-04,6.83E-04,6.01E-04,553.9823,0.00834,0.00837,0.00863,0.00729,0.00736,0.0084,0.00733,0.00837,0.00806,,,,,,,,,,,554.01282,0.0033,0.00357,0.00332,0.00353,0.00313,0.00335,0.00302,0.00275,0.00269,553.99304,0.00221,0.00255,0.00228,0.00228,0.00219,0.00227,0.00223,0.00227,0.00218,553.9823,0.00174,0.00199,0.00186,0.00153,0.00142,0.00181,0.00157,0.00185,0.00185
,,,,,,,,,,553.48853,0.00516,0.00511,0.00538,0.00498,0.00447,0.00493,0.00472,0.00434,0.00438,553.50629,7.66E-04,7.93E-04,7.34E-04,6.71E-04,6.73E-04,6.24E-04,6.92E-04,6.09E-04,5.99E-04,553.49524,0.00834,0.00777,0.00788,0.00713,0.00736,0.00773,0.00732,0.00837,0.00699,,,,,,,,,,,553.48853,0.00369,0.0033,0.00354,0.00322,0.00311,0.00322,0.00305,0.00294,0.00288,553.50629,0.00243,0.00213,0.00238,0.00219,0.00199,0.00197,0.00186,0.00195,0.00188,553.49524,0.00198,0.0018,0.00192,0.00184,0.00177,0.0019,0.00164,0.0018,0.0015
,,,,,,,,,,553.00171,0.00517,0.00511,0.00515,0.00507,0.00481,0.00493,0.00472,0.00434,0.00438,552.98199,8.60E-04,7.93E-04,7.43E-04,8.05E-04,6.77E-04,6.67E-04,6.58E-04,6.38E-04,7.32E-04,553.00824,0.0081,0.00663,0.00659,0.00713,0.00736,0.00836,0.00732,0.00803,0.00692,,,,,,,,,,,553.00171,0.00334,0.00328,0.0035,0.0037,0.00289,0.00318,0.00331,0.00307,0.00283,552.98199,0.00196,0.00203,0.00188,0.00206,0.00172,0.00149,0.00183,0.00175,0.0019,553.00824,0.00179,0.00167,0.00169,0.00157,0.00158,0.00196,0.00158,0.00173,0.00173
,,,,,,,,,,552.51471,0.00572,0.00511,0.00542,0.00507,0.00481,0.00487,0.00485,0.00449,0.00447,552.49512,7.66E-04,7.35E-04,7.43E-04,7.35E-04,6.73E-04,6.47E-04,6.30E-04,6.38E-04,6.78E-04,552.48358,0.00694,0.00645,0.00622,0.006,0.00736,0.00703,0.00723,0.00715,0.00593,,,,,,,,,,,552.51471,0.00376,0.00356,0.00359,0.00327,0.00333,0.003,0.00336,0.0028,0.00307,552.49512,0.00221,0.00215,0.00191,0.00164,0.00174,0.00171,0.00161,0.00123,0.00122,552.48358,0.00188,0.00142,0.00142,0.00129,0.00161,0.00151,0.00157,0.00203,0.00128
,,,,,,,,,,551.99023,0.00553,0.00551,0.00542,0.00519,0.00516,0.00487,0.00485,0.00449,0.00471,552.00812,7.58E-04,7.14E-04,7.43E-04,6.79E-04,5.81E-04,6.10E-04,6.12E-04,6.38E-04,6.78E-04,551.99634,-0.00126,9.26E-05,6.20E-04,8.99E-04,3.61E-05,0.00214,0.00146,0.00121,-1.68E-04,,,,,,,,,,,551.99023,0.00391,0.00379,0.00321,0.00348,0.00334,0.00354,0.00365,0.00331,0.00304,552.00812,0.00394,0.00188,0.00233,0.00222,0.00187,0.00217,0.00169,0.00164,0.00206,551.99634,0.00149,0.00139,0.00134,0.00162,0.00181,0.0018,0.00155,0.00154,0.00149
,,,,,,,,,,551.50317,0.00553,0.00551,0.0052,0.00519,0.00517,0.00487,0.00485,0.00449,0.00471,551.48358,7.58E-04,6.84E-04,7.43E-04,6.79E-04,5.81E-04,6.47E-04,5.14E-04,6.38E-04,6.78E-04,551.50909,-0.00126,9.26E-05,6.20E-04,8.99E-04,3.61E-05,0.00132,0.00146,0.00121,-1.68E-04,,,,,,,,,,,551.50317,0.00394,0.00393,0.0038,0.00338,0.00345,0.00314,0.00313,0.0029,0.00332,551.48358,0.00172,0.00175,0.00198,0.00188,0.0013,0.00166,0.00126,0.00185,0.00174,551.50909,-2.72E-04,1.99E-05,1.33E-04,1.93E-04,7.75E-06,4.60E-04,3.13E-04,2.60E-04,-3.61E-05
,,,,,,,,,,551.01605,0.00553,0.00574,0.00519,0.00519,0.00525,0.00487,0.00485,0.00491,0.00466,550.99652,7.58E-04,6.84E-04,7.66E-04,6.79E-04,5.81E-04,6.47E-04,5.14E-04,6.42E-04,6.78E-04,550.98425,-0.00126,9.26E-05,6.20E-04,8.99E-04,3.61E-05,0.00132,0.00146,0.00121,-1.68E-04,,,,,,,,,,,551.01605,0.00357,0.00389,0.00387,0.00335,0.00356,0.00332,0.00311,0.00373,0.00306,550.99652,0.00194,0.00183,0.002,0.00174,0.00149,0.00156,0.00157,0.00196,0.00176,550.98425,-0.0015,-0.00131,-8.96E-04,-0.00142,-0.00125,-0.00124,-9.14E-04,-0.00137,-9.63E-04
,,,,,,,,,,550.49139,0.00553,0.00541,0.00519,0.00516,0.00534,0.00473,0.00485,0.00491,0.00466,550.5094,7.58E-04,6.84E-04,7.41E-04,6.79E-04,5.81E-04,6.10E-04,5.14E-04,6.42E-04,5.40E-04,550.49695,-0.00126,9.26E-05,6.20E-04,8.99E-04,3.61E-05,0.00132,0.00146,0.00121,-1.68E-04,,,,,,,,,,,550.49139,0.00351,0.00349,0.00336,0.00348,0.00419,0.00336,0.00342,0.00327,0.00301,550.5094,0.00204,0.00166,0.00187,0.00219,0.00165,0.00185,0.00132,0.00164,0.00211,550.49695,-4.67E-05,1.22E-04,3.34E-04,3.44E-04,2.55E-04,2.83E-04,5.89E-04,2.75E-04,4.47E-04
,,,,,,,,,,550.00415,0.00553,0.00541,0.00519,0.00499,0.00535,0.00473,0.00481,0.00491,0.00427,549.98474,7.94E-04,7.14E-04,7.41E-04,6.79E-04,5.84E-04,6.10E-04,5.51E-04,6.35E-04,5.40E-04,550.00952,-2.17E-04,5.67E-04,0.00155,0.0016,0.00119,0.00132,0.00274,0.00128,0.00208,,,,,,,,,,,550.00415,0.00376,0.00371,0.00335,0.00333,0.00339,0.00305,0.00364,0.00317,0.00268,549.98474,0.00234,0.00189,0.00196,0.00165,0.002,0.0021,0.00175,0.00217,0.00138,550.00952,0.00158,0.00168,0.00216,0.0016,0.00175,0.0014,0.00177,0.00148,0.00168
,,,,,,,,,,549.51691,0.00559,0.00539,0.00519,0.00495,0.00525,0.00472,0.00452,0.0049,0.00427,549.4975,7.94E-04,6.73E-04,7.29E-04,6.42E-04,6.44E-04,6.70E-04,5.51E-04,6.35E-04,4.46E-04,549.4845,0.00735,0.0077,0.00689,0.00745,0.00816,0.00649,0.00799,0.00688,0.0078,,,,,,,,,,,549.51691,0.00401,0.00325,0.00335,0.00322,0.00345,0.00306,0.00346,0.00331,0.00307,549.4975,0.00213,0.00503,0.0019,0.00185,0.0019,0.00135,0.00141,0.00152,9.04E-04,549.4845,0.00186,0.00166,0.00148,0.002,0.00193,0.00213,0.00176,0.00169,0.00187
,,,,,,,,,,548.992,0.00559,0.00503,0.00519,0.00458,0.00471,0.00472,0.00441,0.00463,0.00427,549.01007,8.00E-04,7.15E-04,7.41E-04,6.31E-04,6.09E-04,6.32E-04,5.51E-04,6.11E-04,4.40E-04,548.99701,0.00744,0.0077,0.00773,0.00852,0.00816,0.00775,0.00799,0.00786,0.00818,,,,,,,,,,,548.992,0.00361,0.00359,0.00335,0.0032,0.00356,0.00348,0.00285,0.00317,0.00276,549.01007,0.00226,0.00208,0.00193,0.00182,0.0015,0.00191,0.0016,0.00163,0.00158,548.99701,0.0016,0.00198,0.00168,0.00186,0.00191,0.00198,0.00172,0.00178,0.0021
,,,,,,,,,,548.50452,0.00559,0.00503,0.00519,0.00458,0.00471,0.00473,0.00441,0.00463,0.0044,548.48535,8.00E-04,7.15E-04,7.41E-04,6.31E-04,6.09E-04,6.32E-04,5.51E-04,6.11E-04,4.40E-04,548.5094,0.00744,0.0077,0.00773,0.00855,0.00751,0.00775,0.00782,0.008,0.00818,,,,,,,,,,,548.50452,0.00365,0.00348,0.0036,0.00293,0.00304,0.00297,0.00292,0.00299,0.00313,548.48535,0.00188,0.00173,0.00186,0.0014,0.00193,0.00172,0.00154,0.00173,0.00114,548.5094,0.00162,0.00176,0.00183,0.00224,0.00193,0.00171,0.00172,0.00184,0.00191
,,,,,,,,,,548.01709,0.00559,0.00539,0.00519,0.00458,0.00471,0.00499,0.00441,0.00463,0.0044,547.99786,8.00E-04,7.15E-04,7.36E-04,6.31E-04,6.09E-04,6.70E-04,6.03E-04,6.35E-04,4.46E-04,547.98419,0.0072,0.00774,0.00773,0.00852,0.00751,0.00775,0.00782,0.008,0.00818,,,,,,,,,,,548.01709,0.00341,0.00321,0.00286,0.00296,0.00295,0.00328,0.0028,0.00265,0.00284,547.99786,0.00205,0.00183,0.00192,0.00162,0.00156,0.00162,0.00134,0.00157,0.00113,547.98419,0.0017,0.00153,0.00166,0.00183,0.00161,0.00167,0.00168,0.00172,0.00176
,,,,,,,,,,547.49213,0.00565,0.00539,0.0054,0.00458,0.00471,0.00499,0.00452,0.00463,0.00451,547.51038,7.34E-04,6.73E-04,7.27E-04,6.31E-04,6.09E-04,6.32E-04,5.24E-04,6.11E-04,4.40E-04,547.49652,0.0072,0.00749,0.00773,0.00852,0.00751,0.00759,0.00782,0.008,0.00818,,,,,,,,,,,547.49213,0.00378,0.00375,0.00348,0.00331,0.00332,0.00322,0.00343,0.00306,0.00377,547.51038,0.00241,0.002,0.00213,0.00237,0.00188,0.00196,0.00201,0.00196,0.00175,547.49652,0.00142,0.00166,0.00177,0.00184,0.00146,0.00153,0.00137,0.00173,0.00163
,,,,,,,,,,547.00452,0.00586,0.00564,0.00522,0.00513,0.00482,0.00507,0.00495,0.00471,0.00449,546.98535,8.00E-04,6.58E-04,6.69E-04,6.31E-04,5.88E-04,6.32E-04,5.24E-04,5.20E-04,4.12E-04,547.00873,0.00663,0.00749,0.00768,0.00852,0.00751,0.00759,0.00674,0.008,0.00774,,,,,,,,,,,547.00452,0.00383,0.00364,0.0037,0.00355,0.00312,0.00329,0.00345,0.00304,0.00291,546.98535,0.003,0.00199,0.00189,0.00194,0.00189,0.00211,0.00174,0.00206,0.00178,547.00873,0.00155,0.00174,0.00165,0.00175,0.00172,0.00167,0.00179,0.00163,0.0018
,,,,,,,,,,546.51678,0.00586,0.00564,0.00522,0.00534,0.00482,0.00499,0.00495,0.00471,0.00451,546.49774,6.87E-04,6.58E-04,6.69E-04,6.83E-04,5.88E-04,6.32E-04,5.33E-04,5.20E-04,4.12E-04,546.4834,0.00663,0.00774,0.00768,0.00855,0.00799,0.00759,0.00674,0.00757,0.00774,,,,,,,,,,,546.51678,0.00388,0.00386,0.00361,0.00345,0.00357,0.00387,0.0032,0.00342,0.00307,546.49774,0.00166,0.00169,0.00172,0.00175,0.00151,0.00137,0.00131,9.64E-04,0.00103,546.4834,0.00173,0.00161,0.00166,0.00184,0.00178,0.00163,0.00172,0.00192,0.00184
,,,,,,,,,,545.99158,0.00551,0.00531,0.00522,0.00534,0.00482,0.00489,0.00469,0.00471,0.00451,546.01013,6.87E-04,6.58E-04,6.69E-04,6.68E-04,5.88E-04,6.26E-04,5.33E-04,5.20E-04,4.12E-04,545.99548,0.0072,0.00786,0.00768,0.00835,0.00812,0.00775,0.00708,0.00757,0.00837,,,,,,,,,,,545.99158,0.00402,0.00388,0.00337,0.00373,0.00311,0.00387,0.00327,0.00317,0.0029,546.01013,0.0022,0.00144,0.00139,0.00116,0.00126,0.00162,0.00137,0.00133,0.00106,545.99548,0.00133,0.00169,0.00156,0.00196,0.00189,0.00214,0.00145,0.00178,0.00166
,,,,,,,,,,545.50391,0.00551,0.00526,0.00521,0.005,0.00485,0.00486,0.00465,0.00457,0.00449,545.48486,6.87E-04,6.58E-04,6.69E-04,6.68E-04,5.88E-04,6.26E-04,5.33E-04,5.20E-04,4.12E-04,545.50757,0.00805,0.00786,0.00774,0.00858,0.0083,0.00769,0.00708,0.00827,0.00845,,,,,,,,,,,545.50391,0.00356,0.00343,0.00332,0.00355,0.00334,0.00316,0.00303,0.00295,0.00311,545.48486,0.00176,0.00204,0.00195,0.00184,0.0019,0.00175,0.00174,0.00181,0.0016,545.50757,0.00175,0.00173,0.0018,0.00204,0.00175,0.00179,0.00152,0.00161,0.00182
,,,,,,,,,,545.01599,0.00551,0.00526,0.00521,0.005,0.00482,0.00486,0.00461,0.00457,0.00449,544.99713,7.83E-04,7.03E-04,6.46E-04,6.41E-04,5.37E-04,6.26E-04,5.33E-04,6.33E-04,5.83E-04,544.98199,0.00704,0.00799,0.00724,0.00835,0.00831,0.00769,0.00708,0.00817,0.00831,,,,,,,,,,,545.01599,0.00347,0.0033,0.00337,0.00323,0.00315,0.00294,0.0029,0.00306,0.00293,544.99713,0.00201,0.00199,0.00196,0.00171,0.00189,0.0016,0.00144,0.00169,0.00149,544.98199,0.00207,0.00207,0.00187,0.0018,0.00195,0.00176,0.00197,0.00181,0.00189
,,,,,,,,,,544.4906,0.00537,0.00526,0.00521,0.00497,0.00485,0.00479,0.00461,0.00454,0.00439,544.50928,7.45E-04,7.73E-04,7.12E-04,6.41E-04,7.07E-04,6.15E-04,5.62E-04,6.33E-04,6.07E-04,544.49396,0.00737,0.00806,0.0081,0.00818,0.00812,0.00769,0.00708,0.00817,0.00841,,,,,,,,,,,544.4906,0.00356,0.00339,0.00336,0.00309,0.00313,0.00314,0.003,0.00293,0.00278,544.50928,0.00209,0.00207,0.00183,0.00196,0.00181,0.002,0.00181,0.00168,0.00156,544.49396,0.00177,0.00174,0.00175,0.00198,0.00182,0.00165,0.00183,0.00192,0.00196
,,,,,,,,,,544.00275,0.00537,0.00514,0.00521,0.00483,0.00479,0.00479,0.00457,0.00454,0.00434,543.98383,7.45E-04,7.03E-04,7.12E-04,6.41E-04,6.50E-04,6.15E-04,5.62E-04,5.67E-04,6.07E-04,544.0058,0.00737,0.00809,0.0081,0.00818,0.00798,0.00769,0.00792,0.00842,0.00831,,,,,,,,,,,544.00275,0.00357,0.00349,0.00339,0.00335,0.00309,0.00326,0.00298,0.00302,0.00368,543.98383,0.00203,0.0018,0.00166,0.00164,0.00138,0.00142,0.00135,0.00162,0.00163,544.0058,0.00151,0.00172,0.00155,0.00176,0.00179,0.00151,0.00176,0.00176,0.00179
,,,,,,,,,,543.51471,0.00542,0.00526,0.00521,0.00483,0.00479,0.00479,0.00457,0.00454,0.00432,543.49597,7.45E-04,7.03E-04,7.07E-04,6.41E-04,6.50E-04,6.15E-04,5.99E-04,5.67E-04,6.07E-04,543.5177,0.00737,0.00809,0.0081,0.00818,0.00798,0.00769,0.00792,0.00853,0.00831,,,,,,,,,,,543.51471,0.00335,0.00352,0.00348,0.00321,0.0035,0.0031,0.00311,0.00293,0.00284,543.49597,0.00191,0.00198,0.00182,0.00163,0.00313,0.00158,0.00154,0.00128,0.0016,543.5177,0.00158,0.00201,0.00174,0.00162,0.00171,0.00192,0.0015,0.00183,0.00181
,,,,,,,,,,542.98914,0.00518,0.00521,0.0052,0.00483,0.00475,0.00479,0.00425,0.00454,0.00432,543.00793,7.22E-04,7.03E-04,6.46E-04,6.35E-04,6.17E-04,5.63E-04,5.60E-04,5.53E-04,6.03E-04,542.99188,0.00704,0.00848,0.0072,0.00783,0.00798,0.0074,0.00775,0.00817,0.008,,,,,,,,,,,542.98914,0.0035,0.00332,0.00336,0.00312,0.00305,0.00314,0.00295,0.00327,0.0028,543.00793,0.00184,0.00167,0.00187,0.00186,0.00167,0.00177,0.00391,0.00145,0.00163,542.99188,0.00164,0.00182,0.00195,0.00181,0.00172,0.00199,0.0017,0.00199,0.00172
,,,,,,,,,,542.50104,0.00518,0.00521,0.0052,0.00483,0.00475,0.00471,0.00425,0.00454,0.00432,542.48236,7.19E-04,6.50E-04,5.94E-04,6.10E-04,6.17E-04,5.63E-04,5.60E-04,4.98E-04,5.33E-04,542.5036,0.00663,0.00848,0.00787,0.00768,0.00797,0.0074,0.00775,0.00769,0.00717,,,,,,,,,,,542.50104,0.00353,0.00347,0.00343,0.00319,0.00321,0.00309,0.00275,0.00303,0.00279,542.48236,0.00231,0.00198,0.00181,0.00173,0.00192,0.002,0.00163,0.00165,0.00155,542.5036,0.00175,0.00187,0.00194,0.00182,0.00178,0.00196,0.00192,0.00187,0.00186
,,,,,,,,,,542.01294,0.00542,0.00521,0.0052,0.00483,0.00475,0.00471,0.00425,0.00464,0.00432,541.9942,7.19E-04,6.04E-04,5.56E-04,5.16E-04,5.70E-04,5.63E-04,4.43E-04,4.40E-04,3.78E-04,542.01532,0.00663,0.00791,0.00787,0.00768,0.00721,0.0074,0.00775,0.00724,0.00717,,,,,,,,,,,542.01294,0.00328,0.00336,0.0031,0.00298,0.00307,0.00288,0.00271,0.00283,0.00279,541.9942,0.00185,0.00182,0.00152,0.00156,0.00158,0.00144,0.00144,0.00142,0.00137,542.01532,0.00142,0.00191,0.00155,0.00168,0.00172,0.00159,0.00166,0.00155,0.00154
,,,,,,,,,,541.48712,0.00545,0.00537,0.00523,0.00494,0.00489,0.00471,0.00425,0.00464,0.00432,541.50604,7.22E-04,6.04E-04,5.56E-04,5.16E-04,5.06E-04,4.86E-04,4.43E-04,4.40E-04,3.78E-04,541.48932,0.00638,0.00724,0.00778,0.00739,0.00649,0.0074,0.0066,0.00724,0.00667,,,,,,,,,,,541.48712,0.00352,0.0035,0.00337,0.00322,0.00316,0.00304,0.0028,0.003,0.00285,541.50604,0.00172,0.00134,0.00127,0.00108,0.0013,0.00125,0.00114,0.00112,9.43E-04,541.48932,0.0011,0.0017,0.00169,0.00165,0.0014,0.00156,0.00168,0.00165,0.00143
,,,,,,,,,,540.99884,0.00545,0.00528,0.00523,0.00499,0.00489,0.00471,0.00434,0.00464,0.00441,541.01788,6.84E-04,5.29E-04,5.56E-04,5.16E-04,5.04E-04,4.86E-04,4.43E-04,4.40E-04,3.78E-04,541.00079,0.00638,0.00704,0.00719,0.00717,0.00649,0.0074,0.0066,0.00723,0.00621,,,,,,,,,,,540.99884,0.00387,0.0039,0.00371,0.00351,0.00426,0.00333,0.00328,0.0032,0.00309,541.01788,0.00199,0.00155,0.00142,0.00132,0.00146,0.00154,0.00114,0.00113,9.68E-04,541.00079,0.00144,0.0015,0.00172,0.00159,0.00155,0.00164,0.00131,0.00156,0.00166
,,,,,,,,,,540.5105,0.0055,0.00543,0.00552,0.00503,0.00506,0.00471,0.00478,0.00466,0.00463,540.492,6.72E-04,5.29E-04,5.56E-04,5.16E-04,5.04E-04,4.86E-04,4.43E-04,4.40E-04,3.78E-04,540.51233,0.00638,0.00704,0.00778,0.00717,0.00649,0.00762,0.0066,0.00724,0.00621,,,,,,,,,,,540.5105,0.00369,0.00356,0.00356,0.00359,0.00413,0.00312,0.00327,0.00334,0.00299,540.492,0.00545,0.00155,0.00151,0.0027,0.00124,0.00119,0.00117,0.00125,0.00124,540.51233,0.00137,0.00156,0.00167,0.00154,0.00138,0.00165,0.00142,0.0016,0.00129
,,,,,,,,,,539.98462,0.00571,0.00538,0.00562,0.00505,0.00506,0.00471,0.00483,0.00483,0.0047,540.00372,6.72E-04,5.92E-04,5.89E-04,5.16E-04,4.83E-04,4.63E-04,4.55E-04,4.53E-04,4.85E-04,539.98614,0.00643,0.00704,0.00778,0.00717,0.00687,0.00769,0.0066,0.00724,0.00621,,,,,,,,,,,539.98462,0.00379,0.00341,0.00376,0.00325,0.00345,0.00347,0.00342,0.00301,0.00313,540.00372,0.00175,0.00136,0.00165,0.00146,0.00129,0.00129,0.00156,0.00121,0.00131,539.98614,0.00138,0.00151,0.00153,0.0014,0.00148,0.00167,0.00182,0.00151,0.00134
,,,,,,,,,,539.49615,0.00552,0.00528,0.00552,0.00505,0.00505,0.00471,0.00478,0.00466,0.0047,539.51532,6.72E-04,5.87E-04,5.89E-04,5.69E-04,4.60E-04,4.63E-04,4.95E-04,4.70E-04,5.10E-04,539.49756,0.00638,0.00724,0.00713,0.00717,0.00687,0.00779,0.00848,0.00744,0.00621,,,,,,,,,,,539.49615,0.00355,0.00355,0.00363,0.00328,0.00326,0.0029,0.00309,0.00316,0.00303,539.51532,0.00172,0.00177,0.00188,0.00166,0.00174,0.00185,0.0015,0.00161,0.00162,539.49756,0.00159,0.0018,0.00199,0.0017,0.00188,0.0018,0.00191,0.00177,0.00164
,,,,,,,,,,539.00763,0.0055,0.00521,0.00532,0.00503,0.00467,0.0045,0.00438,0.00452,0.0047,538.98932,6.72E-04,5.87E-04,6.25E-04,5.69E-04,4.60E-04,5.05E-04,5.15E-04,4.70E-04,5.33E-04,539.00885,0.00643,0.00781,0.00713,0.00708,0.00775,0.00792,0.00848,0.00703,0.00764,,,,,,,,,,,539.00763,0.00393,0.00348,0.00367,0.00326,0.00326,0.00304,0.00312,0.00312,0.00344,538.98932,0.00157,0.00152,0.00166,0.0011,0.00102,0.00112,0.00132,0.00116,0.00137,539.00885,0.002,0.00208,0.00221,0.00204,0.00216,0.00213,0.00203,0.00199,0.00213
,,,,,,,,,,538.48151,0.00525,0.00521,0.00532,0.00479,0.00467,0.0045,0.00421,0.00452,0.00433,538.50073,6.59E-04,5.92E-04,6.02E-04,6.10E-04,4.60E-04,4.90E-04,5.15E-04,4.53E-04,5.33E-04,538.48254,0.00609,0.00839,0.00728,0.00708,0.0083,0.00792,0.00849,0.00688,0.00764,,,,,,,,,,,538.48151,0.00356,0.00323,0.00341,0.00326,0.00301,0.00343,0.00283,0.00259,0.00314,538.50073,0.00173,0.0015,0.00139,0.00157,0.00118,0.00135,0.00127,0.00126,0.00167,538.48254,0.00129,0.00212,0.00143,0.00187,0.00184,0.00198,0.0021,0.00166,0.00191
,,,,,,,,,,537.99292,0.00525,0.00521,0.00528,0.00479,0.00467,0.00456,0.00421,0.00452,0.00433,538.01215,6.59E-04,5.92E-04,5.95E-04,5.29E-04,4.60E-04,4.90E-04,5.15E-04,4.53E-04,5.33E-04,537.99384,0.00605,0.00808,0.00663,0.00708,0.008,0.00747,0.008,0.00688,0.00656,,,,,,,,,,,537.99292,0.0033,0.00337,0.00344,0.00281,0.00282,0.00275,0.00243,0.00292,0.00273,538.01215,0.00216,0.00178,0.0016,0.0017,0.00161,0.0018,0.00193,0.00163,0.00147,537.99384,0.00152,0.00168,0.00161,0.00152,0.00166,0.0017,0.00172,0.00147,0.00174
,,,,,,,,,,537.50421,0.00525,0.00521,0.00528,0.00479,0.00467,0.00456,0.00421,0.00452,0.00433,537.48608,6.59E-04,6.25E-04,5.95E-04,5.76E-04,5.67E-04,5.04E-04,4.95E-04,4.90E-04,4.41E-04,537.50488,0.00605,0.00781,0.00663,0.00708,0.00775,0.00747,0.008,0.00688,0.00656,,,,,,,,,,,537.50421,0.00339,0.00349,0.0036,0.00309,0.00308,0.00297,0.00272,0.00306,0.00279,537.48608,0.00169,0.00165,0.00154,0.00156,0.00156,0.00126,0.00149,0.00104,9.51E-04,537.50488,0.00131,0.00191,0.00156,0.00142,0.00178,0.00161,0.00183,0.00148,0.00141
,,,,,,,,,,537.0155,0.00525,0.00541,0.00532,0.00479,0.00478,0.00456,0.00421,0.00475,0.00433,536.99738,6.53E-04,6.44E-04,6.02E-04,5.29E-04,5.67E-04,5.02E-04,4.48E-04,4.48E-04,3.96E-04,537.01599,0.00609,0.00781,0.00728,0.00708,0.00775,0.00747,0.008,0.00688,0.00656,,,,,,,,,,,537.0155,0.0038,0.00349,0.00336,0.00325,0.00316,0.00295,0.00299,0.00325,0.00289,536.99738,0.00359,0.00174,0.00153,0.00136,0.00153,0.00151,0.00416,0.00146,0.00161,537.01599,0.0013,0.00174,0.00124,0.00171,0.00172,0.00158,0.0016,0.00157,0.00132
,,,,,,,,,,536.48914,0.00588,0.00541,0.00537,0.00503,0.0049,0.0046,0.00464,0.00475,0.00447,536.50867,6.53E-04,6.44E-04,6.02E-04,5.29E-04,5.21E-04,5.02E-04,4.48E-04,4.48E-04,3.96E-04,536.48944,0.00609,0.00767,0.00728,0.00779,0.008,0.00747,0.00831,0.00729,0.00656,,,,,,,,,,,536.48914,0.0038,0.00371,0.00347,0.00353,0.00356,0.00341,0.00308,0.00318,0.00305,536.50867,0.00167,0.0016,0.00421,0.00148,0.00145,0.00129,0.00115,0.00138,0.00113,536.48944,0.00155,0.00165,0.00167,0.00167,0.0016,0.00161,0.00205,0.00188,0.00157
,,,,,,,,,,536.00037,0.00588,0.00541,0.00521,0.00503,0.0049,0.00456,0.00464,0.00471,0.0045,535.98224,6.09E-04,6.44E-04,6.05E-04,5.29E-04,5.21E-04,5.04E-04,4.48E-04,4.53E-04,4.34E-04,536.00043,0.00719,0.00767,0.00656,0.00779,0.00747,0.00751,0.00746,0.00729,0.0073,,,,,,,,,,,536.00037,0.00383,0.00483,0.00362,0.00365,0.00368,0.00369,0.00352,0.00364,0.00376,535.98224,0.00154,0.00165,0.00155,0.0013,0.00134,0.00129,0.00111,0.00115,0.00102,536.00043,0.00189,0.00193,0.00162,0.00196,0.00175,0.00192,0.0019,0.00197,0.00184
,,,,,,,,,,535.51147,0.00537,0.00529,0.00532,0.00519,0.00503,0.00478,0.00477,0.00469,0.00463,535.49341,6.09E-04,6.31E-04,6.12E-04,5.75E-04,5.21E-04,5.04E-04,4.48E-04,4.53E-04,4.34E-04,535.51135,0.00721,0.0076,0.00752,0.0074,0.00713,0.00751,0.0076,0.00721,0.0073,,,,,,,,,,,535.51147,0.00389,0.00389,0.0036,0.00335,0.00325,0.00316,0.00309,0.00304,0.00306,535.49341,0.00185,0.00169,0.00163,0.00147,0.00124,0.00136,0.00123,0.00116,0.00111,535.51135,0.00164,0.00163,0.00163,0.00171,0.0018,0.0019,0.00179,0.00192,0.0016
,,,,,,,,,,534.98486,0.00537,0.00529,0.00504,0.00501,0.00489,0.00478,0.00457,0.00469,0.00455,535.00452,6.09E-04,6.31E-04,6.05E-04,5.75E-04,4.86E-04,5.02E-04,4.80E-04,4.53E-04,4.12E-04,534.98462,0.00719,0.0069,0.00656,0.00733,0.00713,0.00757,0.0076,0.00708,0.00694,,,,,,,,,,,534.98486,0.00318,0.00329,0.00315,0.00324,0.00301,0.00293,0.00281,0.00303,0.0029,535.00452,0.00156,0.00169,0.00157,0.00154,0.00151,0.00141,0.00157,0.0013,0.00144,534.98462,0.00154,0.00169,0.00141,0.00159,0.00153,0.00163,0.0016,0.00155,0.00168
,,,,,,,,,,534.49591,0.00537,0.00529,0.00504,0.00495,0.00489,0.00478,0.00457,0.00457,0.0045,534.5155,6.09E-04,5.89E-04,5.28E-04,5.75E-04,4.56E-04,4.63E-04,4.80E-04,4.53E-04,4.12E-04,534.49548,0.00637,0.0069,0.00656,0.0073,0.00702,0.00708,0.00745,0.00678,0.00694,,,,,,,,,,,534.49591,0.00347,0.00341,0.00344,0.00337,0.00331,0.00308,0.0031,0.0029,0.00299,534.5155,0.00185,0.00162,0.00179,0.00418,0.00174,0.00134,0.00135,0.00132,0.00147,534.49548,0.00163,0.00148,0.00171,0.00158,0.00139,0.00152,0.00163,0.00146,0.00149
,,,,,,,,,,534.00684,0.00537,0.00529,0.00504,0.00495,0.00489,0.00478,0.00457,0.00457,0.0045,533.98895,5.95E-04,5.29E-04,4.75E-04,4.72E-04,4.15E-04,4.45E-04,4.49E-04,4.97E-04,3.78E-04,534.00616,0.00637,0.0069,0.00656,0.0073,0.00647,0.00708,0.00684,0.00678,0.00686,,,,,,,,,,,534.00684,0.00362,0.00356,0.00325,0.00295,0.00316,0.00315,0.00295,0.00315,0.00294,533.98895,0.00163,0.00151,0.00135,0.0018,0.00117,0.00119,0.00125,0.00134,0.00106,534.00616,0.00134,0.00143,0.00136,0.00157,0.00156,0.00174,0.00164,0.00152,0.0014
,,,,,,,,,,533.5177,0.00553,0.00535,0.00527,0.00495,0.00511,0.00487,0.0046,0.00457,0.00455,533.49988,5.95E-04,5.29E-04,4.75E-04,4.43E-04,4.15E-04,4.45E-04,4.49E-04,4.97E-04,3.78E-04,533.51691,0.00637,0.0069,0.0068,0.00722,0.00647,0.00708,0.00684,0.00678,0.00686,,,,,,,,,,,533.5177,0.00357,0.00345,0.00354,0.0032,0.0033,0.00331,0.00297,0.00295,0.00279,533.49988,0.0014,0.001,0.00113,0.00104,9.94E-04,8.71E-04,6.92E-04,9.57E-04,6.91E-04,533.51691,0.00137,0.00164,0.00146,0.00155,0.00151,0.00146,0.00134,0.00143,0.00157
,,,,,,,,,,532.99091,0.00561,0.00552,0.00527,0.00495,0.00509,0.0051,0.0046,0.00487,0.00455,533.0108,5.95E-04,5.29E-04,4.75E-04,4.43E-04,4.15E-04,4.45E-04,4.49E-04,4.67E-04,3.78E-04,532.98993,0.00637,0.00762,0.0068,0.00722,0.00702,0.00737,0.00684,0.00697,0.00686,,,,,,,,,,,532.99091,0.00389,0.00394,0.00374,0.00372,0.00367,0.00348,0.00354,0.00339,0.00329,533.0108,0.00152,0.00135,0.00122,0.00121,0.00106,0.00114,0.00115,0.00128,9.69E-04,532.98993,0.0016,0.00171,0.00154,0.00169,0.00137,0.00158,0.00147,0.0015,0.00148
,,,,,,,,,,532.50171,0.00576,0.00553,0.00534,0.00537,0.00511,0.0051,0.0046,0.00472,0.0045,532.48395,5.82E-04,5.29E-04,4.75E-04,4.43E-04,4.15E-04,4.45E-04,4.49E-04,4.66E-04,3.78E-04,532.50055,0.00675,0.00765,0.00717,0.00722,0.00702,0.00737,0.00684,0.00697,0.00701,,,,,,,,,,,532.50171,0.0038,0.00402,0.0034,0.00347,0.00346,0.00352,0.00329,0.00329,0.00318,532.48395,0.00173,0.00139,0.00154,0.00114,0.00134,0.00136,0.00131,0.00128,0.00138,532.50055,0.00164,0.00164,0.00161,0.00151,0.00191,0.00184,0.00179,0.00172,0.00164
,,,,,,,,,,532.01239,0.00576,0.00553,0.00527,0.00537,0.00509,0.0051,0.00433,0.00472,0.0045,531.99475,5.95E-04,5.43E-04,4.95E-04,4.72E-04,5.22E-04,4.49E-04,4.89E-04,4.67E-04,4.63E-04,532.01105,0.00675,0.00765,0.0072,0.0072,0.0069,0.00737,0.00684,0.00729,0.00686,,,,,,,,,,,532.01239,0.00384,0.00363,0.00345,0.00372,0.00328,0.00329,0.003,0.0033,0.00325,531.99475,0.0018,0.0014,0.00133,0.00137,0.0037,0.00134,0.00129,0.0012,0.0012,532.01105,0.00145,0.00165,0.00162,0.0016,0.00167,0.00164,0.00158,0.00163,0.00181
,,,,,,,,,,531.48547,0.00548,0.0055,0.00493,0.00488,0.00479,0.00494,0.00421,0.00428,0.00442,531.50549,6.09E-04,5.46E-04,5.20E-04,5.36E-04,5.46E-04,4.56E-04,5.02E-04,4.67E-04,4.67E-04,531.48389,0.00675,0.00765,0.0072,0.0072,0.00722,0.00719,0.00678,0.00754,0.00701,,,,,,,,,,,531.48547,0.00372,0.00357,0.00356,0.00353,0.00332,0.00319,0.00272,0.00305,0.00291,531.50549,0.00149,0.00159,0.00127,0.00137,0.0014,0.00117,0.00125,0.0012,0.00119,531.48389,0.00146,0.0019,0.00155,0.00161,0.0018,0.00165,0.00161,0.00164,0.00151
,,,,,,,,,,530.99609,0.00542,0.00475,0.00473,0.00431,0.00451,0.00472,0.00402,0.00415,0.00408,531.01611,6.09E-04,5.95E-04,5.20E-04,5.36E-04,5.91E-04,4.56E-04,5.02E-04,4.67E-04,4.67E-04,530.99432,0.00643,0.00766,0.0072,0.00722,0.00722,0.00719,0.00678,0.00729,0.00701,,,,,,,,,,,530.99609,0.00354,0.00355,0.00306,0.00315,0.00309,0.0034,0.00279,0.00268,0.00264,531.01611,0.00156,0.00153,0.00143,0.00141,0.00155,0.00115,0.00137,0.00136,0.0013,530.99432,0.00131,0.00163,0.00167,0.00155,0.00148,0.00155,0.00146,0.00157,0.00125
,,,,,,,,,,530.50665,0.00538,0.00475,0.00473,0.00431,0.00451,0.00451,0.00402,0.00415,0.00408,530.48907,6.09E-04,6.04E-04,5.41E-04,5.52E-04,5.46E-04,4.56E-04,5.01E-04,5.19E-04,4.80E-04,530.5047,0.00643,0.00766,0.0072,0.0072,0.00722,0.00719,0.00678,0.00729,0.00701,,,,,,,,,,,530.50665,0.00305,0.00307,0.00319,0.00279,0.00285,0.00305,0.00248,0.00276,0.00285,530.48907,0.0017,0.00158,0.00147,0.00145,0.00152,0.00138,0.00152,0.00158,0.00125,530.5047,0.00147,0.00173,0.00133,0.00155,0.00155,0.00145,0.00143,0.00162,0.00159
,,,,,,,,,,530.01715,0.00538,0.00475,0.00473,0.00431,0.00451,0.00451,0.00402,0.00415,0.00408,529.99969,6.09E-04,5.95E-04,5.41E-04,5.52E-04,5.10E-04,5.13E-04,5.01E-04,5.19E-04,4.80E-04,530.01501,0.00641,0.00756,0.00718,0.0072,0.00712,0.00673,0.00678,0.00729,0.00656,,,,,,,,,,,530.01715,0.0035,0.00305,0.003,0.00275,0.00291,0.00275,0.0026,0.00268,0.00256,529.99969,0.0018,0.00159,0.00167,0.00166,0.00174,0.00154,0.00172,0.00146,0.00146,530.01501,0.00138,0.00165,0.00155,0.00171,0.00164,0.00173,0.00155,0.00155,0.00153
,,,,,,,,,,529.48993,0.00538,0.00475,0.00493,0.00431,0.00451,0.00451,0.00402,0.00428,0.0044,529.51019,5.37E-04,5.15E-04,5.10E-04,4.81E-04,4.26E-04,5.13E-04,4.39E-04,4.13E-04,4.38E-04,529.48761,0.00641,0.00657,0.00617,0.00689,0.00712,0.00673,0.00667,0.00726,0.00656,,,,,,,,,,,529.48993,0.00347,0.00343,0.0034,0.00306,0.00318,0.00291,0.00303,0.00298,0.00302,529.51019,0.0016,0.00155,0.00139,0.00151,0.00131,0.00153,0.00128,0.00133,0.00123,529.48761,0.00146,0.00168,0.0017,0.00148,0.00159,0.00176,0.00162,0.00159,0.00172
,,,,,,,,,,529.00031,0.00542,0.00531,0.00526,0.00474,0.00492,0.00451,0.00469,0.00462,0.0044,528.98297,5.33E-04,5.02E-04,5.05E-04,4.63E-04,4.15E-04,4.35E-04,4.38E-04,4.13E-04,3.76E-04,528.99786,0.00639,0.00631,0.00718,0.00689,0.00708,0.00684,0.00642,0.00726,0.00622,,,,,,,,,,,529.00031,0.00353,0.00362,0.00344,0.00338,0.00357,0.00318,0.00304,0.00302,0.00284,528.98297,0.00117,0.00132,0.00122,0.00123,0.00109,0.00131,0.00112,7.34E-04,9.63E-04,528.99786,0.00138,0.00141,0.00154,0.00169,0.00153,0.00143,0.00157,0.00168,0.00141
,,,,,,,,,,528.51068,0.00547,0.0055,0.00526,0.00498,0.0051,0.00476,0.00471,0.00467,0.00451,528.49329,5.33E-04,5.02E-04,5.05E-04,4.53E-04,4.15E-04,4.35E-04,4.38E-04,4.13E-04,3.35E-04,528.508,0.0063,0.00631,0.0067,0.00675,0.00708,0.00684,0.00634,0.00726,0.00604,,,,,,,,,,,528.51068,0.00377,0.00361,0.00342,0.00321,0.00337,0.00307,0.00311,0.00304,0.00296,528.49329,0.00138,0.00122,0.00131,0.00119,0.00106,0.00111,0.00113,0.00106,0.00112,528.508,0.00137,0.00129,0.00125,0.00145,0.00152,0.00147,0.00136,0.00156,0.0013
,,,,,,,,,,527.98322,0.00571,0.0055,0.00501,0.00498,0.00522,0.00476,0.00482,0.00467,0.0044,528.00366,5.33E-04,5.02E-04,5.05E-04,4.53E-04,4.15E-04,4.35E-04,4.38E-04,4.13E-04,3.35E-04,528.01807,0.00621,0.00631,0.00606,0.00675,0.00708,0.00665,0.00608,0.00726,0.00591,,,,,,,,,,,527.98322,0.0039,0.0039,0.0039,0.00375,0.00329,0.00339,0.00342,0.00335,0.00329,528.00366,0.00137,0.00129,0.0013,0.00114,9.53E-04,0.00101,9.62E-04,0.0011,8.20E-04,528.01807,0.00135,0.00136,0.00154,0.00166,0.00152,0.00165,0.00138,0.00159,0.00134
,,,,,,,,,,527.49353,0.00571,0.00531,0.00501,0.0049,0.00512,0.00452,0.00489,0.00459,0.00444,527.51392,5.37E-04,5.02E-04,5.10E-04,4.53E-04,4.15E-04,4.35E-04,4.39E-04,4.17E-04,3.35E-04,527.49036,0.00578,0.00631,0.00606,0.00675,0.00708,0.00684,0.00608,0.00706,0.00591,,,,,,,,,,,527.49353,0.00379,0.00355,0.00311,0.00334,0.00386,0.00313,0.00316,0.00312,0.00291,527.51392,0.00158,0.0014,0.00134,0.00116,0.00121,0.00121,0.00127,0.00163,8.58E-04,527.49036,0.00133,0.00157,0.00144,0.00133,0.00154,0.00153,0.00123,0.00128,0.00118
,,,,,,,,,,527.00372,0.0053,0.00518,0.00501,0.0049,0.0051,0.00452,0.0049,0.00435,0.00437,526.98645,5.33E-04,5.45E-04,5.05E-04,4.53E-04,3.86E-04,4.32E-04,3.75E-04,4.17E-04,3.20E-04,527.00043,0.00578,0.00646,0.0067,0.00698,0.00705,0.00711,0.00608,0.00706,0.00591,,,,,,,,,,,527.00372,0.00369,0.00334,0.00323,0.00316,0.00344,0.00271,0.00325,0.00297,0.00282,526.98645,0.00171,0.0016,0.00142,0.00138,0.00135,0.00144,0.00132,0.00132,0.0011,527.00043,0.00108,0.00139,0.0013,0.00152,0.00162,0.00121,0.00131,0.00163,0.00127
,,,,,,,,,,526.51379,0.0053,0.00518,0.00501,0.0049,0.00497,0.00452,0.00489,0.00435,0.00437,526.49664,5.05E-04,5.70E-04,3.64E-04,4.53E-04,3.86E-04,4.32E-04,3.71E-04,3.30E-04,2.96E-04,526.51031,0.00578,0.00674,0.00637,0.00621,0.00716,0.00711,0.00608,0.00706,0.00591,,,,,,,,,,,526.51379,0.0033,0.00343,0.00344,0.00316,0.00331,0.00292,0.00317,0.00281,0.00287,526.49664,0.00159,0.00171,0.00163,0.00154,0.0013,0.00127,0.00148,0.00107,0.00121,526.51031,0.00124,0.00169,0.00156,0.0015,0.00158,0.00154,0.00142,0.00152,0.00154
,,,,,,,,,,525.98614,0.0053,0.00518,0.00532,0.0049,0.00497,0.00452,0.00473,0.00435,0.00421,526.00671,4.57E-04,5.70E-04,3.64E-04,4.56E-04,3.64E-04,3.83E-04,3.71E-04,3.30E-04,2.96E-04,525.98254,0.00578,0.00674,0.00637,0.00698,0.00682,0.00716,0.00661,0.00706,0.00644,,,,,,,,,,,525.98614,0.00342,0.00329,0.00489,0.003,0.00319,0.00309,0.00321,0.00275,0.00271,526.00671,0.0013,0.00146,9.33E-04,0.0014,9.90E-04,0.00111,9.51E-04,8.46E-04,7.59E-04,525.98254,0.00132,0.00145,0.00145,0.0015,0.00147,0.00165,0.00169,0.00164,0.00159
,,,,,,,,,,525.49615,0.0053,0.00531,0.00545,0.0049,0.00497,0.00478,0.00473,0.00435,0.00421,525.51685,4.57E-04,5.46E-04,3.64E-04,4.56E-04,3.64E-04,3.83E-04,3.71E-04,3.30E-04,2.96E-04,525.49237,0.00578,0.00674,0.00637,0.00621,0.00682,0.00716,0.00661,0.00706,0.00644,,,,,,,,,,,525.49615,0.00385,0.00349,0.00454,0.00338,0.00321,0.00317,0.00302,0.00299,0.00314,525.51685,0.00108,0.00481,8.76E-04,9.74E-04,9.33E-04,8.15E-04,8.11E-04,6.34E-04,5.29E-04,525.49237,0.00153,0.0015,0.00137,0.00133,0.00165,0.00164,0.0015,0.00157,0.0015
,,,,,,,,,,525.00616,0.0056,0.0054,0.00545,0.0051,0.00497,0.00486,0.00473,0.00464,0.00419,524.98914,4.57E-04,5.46E-04,3.64E-04,3.80E-04,3.37E-04,3.83E-04,3.71E-04,3.30E-04,2.96E-04,525.00214,0.00561,0.00665,0.00534,0.00586,0.0064,0.00621,0.0063,0.00659,0.00642,,,,,,,,,,,525.00616,0.00395,0.00403,0.00352,0.00329,0.0037,0.00326,0.00306,0.00316,0.00272,524.98914,0.00117,0.0014,0.001,0.00117,7.26E-04,9.81E-04,0.00113,9.43E-04,8.08E-04,525.00214,0.00158,0.00164,0.00154,0.00155,0.00138,0.00168,0.00177,0.00142,0.00138
,,,,,,,,,,524.51599,0.00582,0.00549,0.00517,0.00523,0.00522,0.0049,0.00473,0.00467,0.00415,524.49915,4.57E-04,5.46E-04,3.91E-04,3.80E-04,3.37E-04,3.83E-04,4.42E-04,3.68E-04,3.15E-04,524.51184,0.00561,0.00523,0.00534,0.00574,0.0064,0.00595,0.0063,0.00533,0.00606,,,,,,,,,,,524.51599,0.00387,0.00354,0.00355,0.00345,0.00358,0.00314,0.00331,0.00301,0.00312,524.49915,0.00145,0.00119,0.00135,0.00124,0.00128,0.00121,0.00132,0.00115,0.00111,524.51184,0.00121,0.00143,0.00114,0.00123,0.00166,0.00134,0.00134,0.0017,0.00138
,,,,,,,,,,523.98822,0.0056,0.00557,0.00517,0.00527,0.00539,0.00486,0.00476,0.00481,0.00415,524.00897,5.64E-04,5.46E-04,4.82E-04,4.56E-04,3.37E-04,4.11E-04,4.66E-04,4.18E-04,3.31E-04,523.98376,0.00561,0.00523,0.00534,0.00574,0.0064,0.00595,0.0063,0.00533,0.00606,,,,,,,,,,,523.98822,0.00361,0.0037,0.00319,0.0034,0.00348,0.0032,0.00307,0.00311,0.00268,524.00897,0.00169,0.00159,0.00124,8.67E-04,8.63E-04,0.00129,0.0012,0.00119,8.48E-04,523.98376,0.00101,0.00104,0.00115,0.00126,0.00126,0.00128,0.00135,0.00115,0.00123
,,,,,,,,,,523.49799,0.0056,0.00549,0.00517,0.00534,0.00539,0.00486,0.00491,0.00481,0.00415,523.48108,6.28E-04,5.48E-04,4.82E-04,4.83E-04,3.54E-04,4.74E-04,5.10E-04,4.50E-04,3.71E-04,523.49341,0.00561,0.00523,0.00534,0.00574,0.00671,0.00595,0.0063,0.00533,0.00606,,,,,,,,,,,523.49799,0.00376,0.0036,0.00334,0.00347,0.00337,0.0033,0.00317,0.00312,0.00259,523.48108,0.00219,0.00141,0.00126,0.00157,9.06E-04,0.0013,0.00131,0.00107,0.00118,523.49341,0.00133,0.00112,0.00146,0.0012,0.00146,0.00127,0.00159,0.00112,0.0013
,,,,,,,,,,523.00763,0.0056,0.00557,0.00517,0.00538,0.00539,0.00495,0.00485,0.00483,0.00415,522.99091,6.28E-04,5.71E-04,4.82E-04,4.03E-04,3.54E-04,4.54E-04,5.02E-04,4.65E-04,3.71E-04,523.00293,0.00592,0.00523,0.00615,0.00586,0.00671,0.00595,0.00661,0.00533,0.00606,,,,,,,,,,,523.00763,0.00361,0.00395,0.00349,0.00381,0.00445,0.00304,0.00334,0.00314,0.00321,522.99091,0.00189,0.00146,0.00139,0.00129,0.00103,0.00105,0.00135,0.00142,9.52E-04,523.00293,0.00132,0.00153,0.00154,0.00196,0.00144,0.00174,0.00176,0.00166,0.0016
,,,,,,,,,,522.51739,0.00559,0.00552,0.0054,0.00548,0.00523,0.00493,0.00485,0.00483,0.00449,522.50061,5.83E-04,5.48E-04,4.78E-04,4.03E-04,3.54E-04,4.22E-04,5.02E-04,4.18E-04,3.71E-04,522.51245,0.00612,0.00712,0.00681,0.00643,0.00679,0.00714,0.00703,0.00679,0.00745,,,,,,,,,,,522.51739,0.00416,0.00353,0.00362,0.00376,0.00399,0.00343,0.00322,0.00331,0.0032,522.50061,0.00161,0.0022,0.00123,0.0016,0.0015,0.00161,0.00166,0.00164,0.00154,522.51245,0.00157,0.00179,0.00132,0.00138,0.00149,0.00186,0.00142,0.0017,0.00166
,,,,,,,,,,521.98932,0.00558,0.00552,0.0054,0.00548,0.00523,0.00493,0.00454,0.00472,0.00495,522.01031,5.83E-04,5.71E-04,4.78E-04,4.03E-04,4.00E-04,4.22E-04,5.02E-04,5.11E-04,3.71E-04,521.98419,0.00612,0.00729,0.00716,0.00644,0.00671,0.00714,0.00703,0.00679,0.00772,,,,,,,,,,,521.98932,0.0038,0.00381,0.00365,0.00356,0.00376,0.00351,0.00313,0.00338,0.00336,522.01031,0.0015,0.00157,0.00138,0.00103,0.00131,0.00116,0.00129,0.00131,0.00105,521.98419,0.00127,0.00187,0.00158,0.00205,0.00194,0.00198,0.00151,0.00206,0.00168
,,,,,,,,,,521.4989,0.00558,0.00552,0.00501,0.0053,0.00511,0.00493,0.00449,0.00469,0.00488,521.48218,5.83E-04,6.08E-04,4.78E-04,4.03E-04,5.11E-04,4.54E-04,5.02E-04,4.42E-04,4.10E-04,521.49359,0.00694,0.00807,0.00684,0.00644,0.00683,0.00714,0.00695,0.00677,0.00772,,,,,,,,,,,521.4989,0.00333,0.00356,0.0036,0.00354,0.00338,0.00318,0.00293,0.00303,0.0029,521.48218,0.00138,8.80E-04,0.00116,9.41E-04,8.46E-04,0.00108,0.00112,6.57E-04,8.62E-04,521.49359,0.00172,0.00157,0.00157,0.00156,0.00153,0.00153,0.00152,0.00146,0.00172
,,,,,,,,,,521.00836,0.00558,0.00576,0.00501,0.0053,0.00511,0.00488,0.00449,0.00469,0.00488,520.99176,5.72E-04,6.08E-04,5.37E-04,4.03E-04,3.95E-04,4.50E-04,4.37E-04,4.42E-04,4.10E-04,521.00287,0.00651,0.00729,0.00729,0.00665,0.00683,0.0069,0.00703,0.00677,0.00781,,,,,,,,,,,521.00836,0.0036,0.0038,0.00324,0.00342,0.00305,0.00319,0.00284,0.00304,0.0041,520.99176,0.0021,0.00156,0.00179,0.00172,0.0017,0.00133,0.00129,0.00133,0.00151,521.00287,0.00173,0.00201,0.0017,0.00139,0.00123,0.00144,0.00188,0.00145,0.00179
,,,,,,,,,,520.51788,0.00515,0.00552,0.00501,0.0051,0.00481,0.00472,0.00449,0.00469,0.00449,520.50128,5.72E-04,6.08E-04,5.59E-04,4.13E-04,3.95E-04,4.50E-04,4.37E-04,4.42E-04,5.45E-04,520.51221,0.00651,0.00692,0.00729,0.00665,0.00683,0.0069,0.00695,0.00677,0.00764,,,,,,,,,,,520.51788,0.00361,0.00383,0.00306,0.00329,0.0033,0.00315,0.0029,0.003,0.00315,520.50128,0.00184,0.00157,0.00174,0.0017,0.00149,0.00159,0.00156,0.00113,0.0014,520.51221,0.00149,0.00173,0.00147,0.00143,0.00147,0.00172,0.00149,0.00144,0.00152
,,,,,,,,,,519.98956,0.0051,0.00567,0.00501,0.00505,0.00478,0.00472,0.0044,0.00464,0.00471,520.0108,6.94E-04,6.08E-04,5.59E-04,4.54E-04,4.06E-04,4.50E-04,4.26E-04,4.42E-04,5.70E-04,519.98364,0.00566,0.00685,0.00684,0.00644,0.00683,0.00669,0.00695,0.00671,0.00707,,,,,,,,,,,519.98956,0.00388,0.00372,0.00331,0.00354,0.00333,0.00305,0.00305,0.00314,0.00369,520.0108,0.00147,0.00156,0.00143,0.00106,0.00101,0.00115,0.00109,0.00121,0.00146,519.98364,0.0014,0.00139,0.00187,0.00171,0.00152,0.00148,0.00164,0.0017,0.00183
,,,,,,,,,,519.49884,0.0051,0.00565,0.00508,0.00474,0.00481,0.00472,0.00449,0.00464,0.00463,519.48248,5.72E-04,4.38E-04,4.43E-04,4.30E-04,3.95E-04,4.50E-04,4.23E-04,3.68E-04,5.45E-04,519.49286,0.00501,0.00654,0.00607,0.00665,0.00707,0.0069,0.00695,0.00671,0.00704,,,,,,,,,,,519.49884,0.00325,0.00356,0.00333,0.00326,0.00311,0.00294,0.003,0.0032,0.00279,519.48248,0.00178,0.0016,0.00164,0.00167,0.00162,0.00149,0.00151,0.00163,0.00244,519.49286,0.00122,0.00149,0.00168,0.00155,0.00173,0.00158,0.00149,0.00158,0.00164
,,,,,,,,,,519.00824,0.0051,0.00565,0.00512,0.00474,0.00481,0.00472,0.0046,0.00479,0.00435,518.99176,5.72E-04,4.38E-04,4.43E-04,4.30E-04,3.95E-04,4.50E-04,4.23E-04,3.68E-04,4.46E-04,519.00195,0.00501,0.00646,0.00607,0.00677,0.00751,0.00665,0.00693,0.00642,0.00649,,,,,,,,,,,519.00824,0.00329,0.00366,0.00332,0.00283,0.00308,0.00308,0.00267,0.00288,0.00304,518.99176,0.00235,9.47E-04,0.00113,0.00116,0.00104,0.00106,0.00109,9.43E-04,0.00615,519.00195,0.00108,0.00147,0.00129,0.00138,0.00162,0.00143,0.00152,0.00138,0.00151
,,,,,,,,,,518.51739,0.0051,0.00565,0.00515,0.00474,0.00481,0.00477,0.0046,0.00479,0.00435,518.5011,4.99E-04,4.38E-04,4.43E-04,4.54E-04,4.06E-04,4.62E-04,4.26E-04,3.68E-04,4.28E-04,518.51099,0.00501,0.00606,0.00607,0.00677,0.00751,0.00621,0.00682,0.00642,0.00649,,,,,,,,,,,518.51739,0.0038,0.00365,0.00328,0.00306,0.00316,0.0034,0.00297,0.00309,0.00299,518.5011,0.00109,0.00112,0.00101,0.0011,9.99E-04,0.00118,8.55E-04,9.38E-04,3.84E-04,518.51099,0.00101,0.00141,0.0013,0.00147,0.00162,0.00153,0.00159,0.00147,0.00123
,,,,,,,,,,517.98889,0.00588,0.00567,0.00515,0.00474,0.00489,0.00513,0.0046,0.00479,0.00463,518.01031,4.99E-04,4.20E-04,3.95E-04,4.52E-04,3.90E-04,4.12E-04,3.34E-04,3.66E-04,3.64E-04,517.9823,0.00501,0.00606,0.006,0.00677,0.00751,0.00589,0.00682,0.00642,0.0057,,,,,,,,,,,517.98889,0.00389,0.0039,0.00373,0.00338,0.00354,0.00338,0.00313,0.00327,0.00281,518.01031,0.00156,0.00227,0.00118,0.00154,0.00133,0.00146,0.00121,0.00113,0.00114,517.9823,0.0011,0.0013,0.00153,0.00145,0.00179,0.00127,0.00147,0.00129,0.00139
,,,,,,,,,,517.49799,0.00588,0.00565,0.00545,0.00509,0.00489,0.00513,0.0046,0.00501,0.00463,517.48181,4.99E-04,4.38E-04,3.95E-04,4.52E-04,3.90E-04,3.47E-04,3.34E-04,3.66E-04,3.53E-04,517.49121,0.00471,0.00532,0.00538,0.00677,0.00723,0.00536,0.00582,0.00599,0.00495,,,,,,,,,,,517.49799,0.00532,0.00393,0.00374,0.00359,0.00335,0.00331,0.00357,0.00333,0.00325,517.48181,0.00128,0.00149,0.00118,0.00148,0.00127,0.00138,0.00117,0.00141,0.0011,517.49121,0.00137,0.00109,0.00156,0.00155,0.00155,0.00133,0.00125,0.00174,0.00145
,,,,,,,,,,517.00714,0.00569,0.00557,0.00545,0.00509,0.00457,0.00476,0.00484,0.00501,0.00452,516.99091,5.11E-04,5.23E-04,4.60E-04,5.39E-04,4.04E-04,3.47E-04,2.84E-04,3.97E-04,3.64E-04,517.00018,0.00499,0.00508,0.00501,0.00677,0.0062,0.00536,0.00459,0.00523,0.0043,,,,,,,,,,,517.00714,0.00387,0.00374,0.00362,0.00353,0.00332,0.00352,0.00373,0.00338,0.00333,516.99091,0.00147,0.00108,9.95E-04,0.00116,7.58E-04,7.41E-04,7.05E-04,7.15E-04,9.33E-04,517.00018,0.00118,0.0014,9.99E-04,0.00171,0.00183,0.00115,0.00151,0.00143,0.00106
,,,,,,,,,,516.51617,0.00544,0.00551,0.00545,0.0048,0.00448,0.00476,0.00476,0.00478,0.00477,516.5,5.11E-04,4.20E-04,4.60E-04,5.00E-04,4.04E-04,3.47E-04,2.84E-04,3.97E-04,3.53E-04,516.50897,0.00432,0.005,0.00501,0.00537,0.00573,0.00536,0.00459,0.00523,0.00336,,,,,,,,,,,516.51617,0.00351,0.00359,0.00352,0.00329,0.00289,0.00307,0.00294,0.00323,0.00313,516.5,0.00131,0.00145,0.00156,0.00138,0.00122,8.88E-04,0.00125,0.00102,9.05E-04,516.50897,9.29E-04,0.00114,0.00116,9.76E-04,0.00133,0.00106,9.54E-04,0.00112,9.25E-04
,,,,,,,,,,515.98737,0.00544,0.00531,0.00545,0.00466,0.00448,0.00468,0.00455,0.00478,0.00461,516.00903,5.11E-04,4.20E-04,5.10E-04,4.52E-04,4.04E-04,3.47E-04,2.75E-04,3.97E-04,3.53E-04,516.0177,0.00432,0.0046,0.00501,0.00537,0.00573,0.00493,0.00459,0.0047,0.00336,,,,,,,,,,,515.98737,0.00367,0.00343,0.00317,0.00287,0.00295,0.00288,0.00314,0.00302,0.00292,516.00903,0.00138,0.00134,0.00135,0.00139,0.00104,0.00122,7.27E-04,0.00106,0.00116,516.0177,0.00107,7.85E-04,0.00108,0.00158,0.00109,0.00128,9.87E-04,9.27E-04,7.22E-04
,,,,,,,,,,515.49634,0.00544,0.00531,0.00496,0.00456,0.00448,0.00468,0.00437,0.00478,0.00452,515.51801,4.99E-04,3.76E-04,5.10E-04,4.61E-04,4.04E-04,3.47E-04,2.47E-04,3.97E-04,3.53E-04,515.48877,0.00432,0.00411,0.00516,0.00537,0.00573,0.00493,0.00459,0.0047,0.00336,,,,,,,,,,,515.49634,0.00322,0.00356,0.00407,0.0031,0.00262,0.00314,0.00307,0.00309,0.00308,515.51801,0.00131,9.65E-04,0.00131,0.00128,0.00137,0.00223,0.00108,0.00111,8.89E-04,515.48877,7.04E-04,0.00108,0.00129,0.00115,0.00123,0.0014,0.00113,0.00119,6.76E-04
,,,,,,,,,,515.00519,0.00546,0.00531,0.00496,0.00456,0.00457,0.00446,0.00437,0.00478,0.00452,514.98914,4.99E-04,3.76E-04,4.36E-04,3.87E-04,4.04E-04,2.92E-04,2.47E-04,3.34E-04,3.47E-04,514.99744,0.00499,0.00411,0.00516,0.00622,0.00573,0.00595,0.00525,0.0047,0.00336,,,,,,,,,,,515.00519,0.00353,0.00333,0.00357,0.00301,0.00341,0.00302,0.00282,0.00314,0.00298,514.98914,0.00128,0.00139,0.00145,8.77E-04,0.00141,0.0017,6.34E-04,0.00104,0.01361,514.99744,0.00109,9.89E-04,0.00119,0.00134,0.00131,0.00102,0.00129,0.00101,0.00126
,,,,,,,,,,514.51398,0.00531,0.00516,0.00515,0.00466,0.00442,0.00443,0.00436,0.00478,0.00433,514.49799,4.99E-04,3.76E-04,4.36E-04,3.87E-04,5.19E-04,2.92E-04,2.47E-04,3.34E-04,3.47E-04,514.50604,0.00506,0.0046,0.00552,0.00622,0.00609,0.00558,0.00554,0.00552,0.00588,,,,,,,,,,,514.51398,0.00355,0.00378,0.0032,0.00294,0.00316,0.00328,0.00282,0.00312,0.00257,514.49799,0.00123,8.16E-04,0.00105,0.00118,8.32E-04,7.50E-04,4.92E-04,8.51E-04,0.00213,514.50604,0.00115,8.83E-04,0.00111,0.00146,0.00159,0.00147,0.00119,0.00144,0.00131
,,,,,,,,,,513.98492,0.00531,0.00516,0.00501,0.00466,0.00482,0.0043,0.00424,0.00457,0.00397,514.00684,4.99E-04,3.98E-04,4.19E-04,3.87E-04,3.98E-04,2.92E-04,2.47E-04,3.34E-04,3.20E-04,514.01471,0.00534,0.0046,0.00523,0.00675,0.00609,0.00558,0.00554,0.00552,0.00609,,,,,,,,,,,513.98492,0.00362,0.0039,0.00334,0.00368,0.00353,0.00286,0.00292,0.00334,0.00311,514.00684,0.00148,0.00106,0.00112,9.92E-04,0.00133,7.27E-04,9.60E-04,8.55E-04,8.21E-04,514.01471,0.00154,0.00135,0.00126,0.00145,0.00172,0.00162,0.00135,0.00119,0.00145
,,,,,,,,,,513.49377,0.00531,0.00522,0.00501,0.0048,0.00482,0.0043,0.0042,0.00457,0.00397,513.51556,5.16E-04,3.98E-04,4.19E-04,4.61E-04,3.98E-04,2.92E-04,3.74E-04,3.34E-04,3.20E-04,513.48541,0.0054,0.00604,0.00523,0.00677,0.00594,0.00585,0.00554,0.00671,0.00666,,,,,,,,,,,513.49377,0.00343,0.0032,0.00332,0.0032,0.00285,0.00264,0.00274,0.00295,0.00279,513.51556,0.00157,0.00162,0.00148,0.00141,0.00159,0.00102,0.00159,0.00156,0.00106,513.48541,0.00121,0.00159,0.0012,0.00155,0.00146,0.0012,0.00131,0.00155,0.00149
,,,,,,,,,,513.00238,0.00531,0.00522,0.00515,0.00496,0.00482,0.0043,0.0042,0.00457,0.00421,512.98657,5.16E-04,3.98E-04,4.19E-04,3.87E-04,3.98E-04,2.89E-04,3.74E-04,3.34E-04,3.20E-04,512.9939,0.0054,0.00627,0.0056,0.00693,0.00594,0.00585,0.00608,0.00681,0.00673,,,,,,,,,,,513.00238,0.00283,0.00337,0.00324,0.0031,0.00311,0.00278,0.00269,0.00231,0.00233,512.98657,0.00132,0.00102,0.00107,0.00124,0.00102,9.36E-04,0.00118,8.77E-04,7.59E-04,512.9939,0.00116,0.0013,0.00112,0.00149,0.00128,0.00126,0.00118,0.00146,0.00143
,,,,,,,,,,512.51099,0.00531,0.00522,0.00515,0.00496,0.00442,0.0043,0.0042,0.00457,0.00386,512.49518,4.79E-04,3.98E-04,4.19E-04,4.64E-04,3.98E-04,3.65E-04,3.46E-04,3.42E-04,3.41E-04,512.50226,0.0053,0.00692,0.0056,0.00693,0.00594,0.00585,0.00608,0.00681,0.00666,,,,,,,,,,,512.51099,0.00362,0.0036,0.00366,0.00362,0.00352,0.00314,0.00271,0.00308,0.00272,512.49518,0.00157,0.00185,0.0014,0.00151,0.00166,0.00121,0.00122,0.0013,8.83E-04,512.50226,0.0016,0.00149,0.00139,0.00168,0.00113,0.00147,0.00139,0.00151,0.00154
,,,,,,,,,,511.98181,0.00503,0.00522,0.00501,0.0048,0.00419,0.00437,0.0042,0.00378,0.00386,512.00378,4.79E-04,3.98E-04,4.14E-04,3.68E-04,3.98E-04,2.89E-04,3.46E-04,3.42E-04,3.41E-04,512.01068,0.00513,0.00604,0.00628,0.00668,0.00594,0.00585,0.00639,0.00628,0.00588,,,,,,,,,,,511.98181,0.00381,0.00412,0.00365,0.00391,0.00371,0.00314,0.00357,0.00356,0.00284,512.00378,0.00119,9.46E-04,7.98E-04,7.02E-04,7.03E-04,7.41E-04,6.65E-04,4.61E-04,8.75E-04,512.01068,0.00114,0.00157,0.00153,0.00171,0.0017,0.00176,0.00187,0.0016,0.00168
,,,,,,,,,,511.49023,0.0056,0.00495,0.00507,0.00473,0.00419,0.00443,0.0042,0.00475,0.00398,511.51239,4.79E-04,4.36E-04,3.87E-04,3.68E-04,4.56E-04,2.89E-04,3.40E-04,4.29E-04,3.41E-04,511.4812,0.00513,0.00584,0.00628,0.00668,0.00573,0.00517,0.00646,0.0061,0.00575,,,,,,,,,,,511.49023,0.00365,0.00356,0.00347,0.00325,0.0027,0.00282,0.00303,0.00318,0.00249,511.51239,0.00123,0.00112,0.00138,0.00119,0.0013,0.00104,8.88E-04,0.00123,0.0012,511.4812,0.00105,0.00158,0.00142,0.00144,0.00163,0.00165,0.0016,0.00135,0.00126
,,,,,,,,,,510.99869,0.00565,0.00495,0.00494,0.00449,0.00419,0.00443,0.0047,0.00418,0.00398,510.98303,4.79E-04,4.36E-04,3.87E-04,3.26E-04,4.56E-04,2.89E-04,3.40E-04,4.29E-04,3.41E-04,510.98944,0.00513,0.00534,0.00512,0.00661,0.00573,0.00513,0.00646,0.00517,0.00566,,,,,,,,,,,510.99869,0.00325,0.00317,0.00319,0.00305,0.00263,0.00333,0.00305,0.00244,0.00257,510.98303,0.00351,0.00139,0.00106,9.43E-04,0.00117,7.15E-04,0.00144,0.0011,0.00124,510.98944,0.0011,0.00125,0.00135,0.00102,0.00181,0.00111,0.00137,0.00111,0.00101
,,,,,,,,,,510.50711,0.00552,0.00495,0.00494,0.00449,0.00419,0.00443,0.0047,0.00418,0.00398,510.49149,4.99E-04,4.43E-04,4.14E-04,3.68E-04,4.81E-04,4.07E-04,3.46E-04,4.29E-04,3.94E-04,510.49768,0.00513,0.00534,0.00512,0.00661,0.00573,0.00513,0.00639,0.00517,0.0054,,,,,,,,,,,510.50711,0.00371,0.0032,0.00327,0.0029,0.0032,0.00286,0.00264,0.00307,0.00292,510.49149,0.00143,0.00132,9.92E-04,0.0012,0.00123,0.00138,8.73E-04,0.0011,5.82E-04,510.49768,0.00134,0.00112,0.00102,0.00149,0.00123,9.94E-04,0.00139,0.00131,0.00124
,,,,,,,,,,510.01541,0.00552,0.00495,0.00494,0.00449,0.00458,0.00477,0.00447,0.00418,0.00438,509.99985,4.99E-04,4.58E-04,4.01E-04,3.68E-04,4.65E-04,4.39E-04,3.96E-04,4.29E-04,3.94E-04,510.00583,0.00513,0.00534,0.00512,0.00661,0.00573,0.00513,0.00639,0.00517,0.0054,,,,,,,,,,,510.01541,0.0037,0.00337,0.00314,0.0029,0.00296,0.0031,0.00304,0.0027,0.00283,509.99985,0.00139,0.00114,0.0013,8.35E-04,0.00161,0.00112,0.00102,0.00111,0.00101,510.00583,0.00139,0.00115,0.0011,0.00142,8.07E-04,0.0011,0.0014,0.00105,0.00122
,,,,,,,,,,509.4859,0.00561,0.00523,0.00507,0.00449,0.00496,0.00477,0.00447,0.00435,0.00438,509.50824,4.99E-04,4.43E-04,3.87E-04,3.37E-04,4.81E-04,4.39E-04,3.96E-04,4.02E-04,2.79E-04,509.51392,0.0049,0.00534,0.00512,0.00661,0.00573,0.00513,0.00564,0.00563,0.00545,,,,,,,,,,,509.4859,0.00357,0.00348,0.00351,0.00313,0.00336,0.00308,0.00315,0.00281,0.00317,509.50824,0.00128,0.00117,0.00111,9.55E-04,0.00154,0.00128,0.00107,0.00103,0.00121,509.51392,0.00121,0.00134,0.00126,0.00159,0.00137,0.00131,7.43E-04,0.00158,0.00116
,,,,,,,,,,508.99408,0.00552,0.00538,0.00524,0.00485,0.00496,0.0048,0.00447,0.00435,0.00438,509.01651,4.99E-04,4.43E-04,4.01E-04,3.37E-04,5.53E-04,4.39E-04,4.18E-04,4.02E-04,3.94E-04,508.98407,0.0049,0.00534,0.00588,0.00661,0.00585,0.00558,0.00562,0.0056,0.0054,,,,,,,,,,,508.99408,0.00362,0.00367,0.00338,0.00331,0.00354,0.00323,0.00289,0.0035,0.00322,509.01651,0.00101,0.00124,0.00103,0.00126,0.00119,0.00137,0.00125,0.00119,0.00122,508.98407,0.00105,0.00161,0.00142,0.00152,0.00149,0.0012,0.00144,0.00145,0.00117
,,,,,,,,,,508.50235,0.00552,0.00549,0.0054,0.00512,0.00514,0.005,0.00447,0.00452,0.00458,508.48691,4.99E-04,4.58E-04,4.01E-04,3.73E-04,5.10E-04,4.42E-04,4.19E-04,4.02E-04,3.18E-04,508.49213,0.0049,0.00626,0.0065,0.00708,0.00629,0.00568,0.00409,0.00563,0.0054,,,,,,,,,,,508.50235,0.00365,0.00355,0.00374,0.00335,0.00332,0.00357,0.00306,0.00332,0.00276,508.48691,0.00147,7.58E-04,7.80E-04,8.65E-04,0.00606,0.00106,0.00107,6.89E-04,7.16E-04,508.49213,0.001,0.00135,0.0014,0.00132,0.00135,0.0013,0.00121,0.00121,0.0014
,,,,,,,,,,508.01041,0.00561,0.00568,0.0054,0.00519,0.00514,0.00517,0.00447,0.00452,0.00458,507.99512,5.52E-04,3.93E-04,4.01E-04,4.80E-04,5.10E-04,4.42E-04,4.86E-04,4.63E-04,3.18E-04,508.00009,0.0049,0.00595,0.00662,0.00708,0.00629,0.00568,0.00562,0.00563,0.00545,,,,,,,,,,,508.01041,0.00329,0.00371,0.00356,0.00346,0.00321,0.00334,0.00257,0.00305,0.00329,507.99512,0.00147,0.00131,0.0012,0.00123,0.00142,0.0013,0.00179,0.00124,0.00122,508.00009,0.00106,9.33E-04,0.0016,0.00167,0.00126,0.00122,0.00121,0.0012,0.00109
,,,,,,,,,,507.51852,0.00566,0.00575,0.00551,0.00536,0.00514,0.00527,0.00474,0.00445,0.00458,507.5032,5.52E-04,3.93E-04,3.04E-04,3.37E-04,5.10E-04,4.12E-04,4.18E-04,3.02E-04,2.79E-04,507.508,0.00492,0.00557,0.0065,0.0075,0.00629,0.00605,0.00549,0.00563,0.00653,,,,,,,,,,,507.51852,0.00366,0.00413,0.00349,0.00366,0.00344,0.0034,0.0033,0.00292,0.00295,507.5032,0.00142,0.00185,0.00118,0.00143,0.00131,0.00113,0.0013,0.00121,8.16E-04,507.508,0.00139,0.00165,0.00155,0.002,0.00143,0.00174,8.78E-04,0.00171,0.0014
,,,,,,,,,,506.98874,0.00567,0.00575,0.00549,0.00536,0.00496,0.00517,0.0049,0.00445,0.0047,507.01129,5.24E-04,5.10E-04,3.80E-04,3.34E-04,3.22E-04,4.06E-04,3.86E-04,3.02E-04,3.18E-04,507.01584,0.00492,0.00508,0.00599,0.0075,0.00585,0.00568,0.00458,0.0056,0.00525,,,,,,,,,,,506.98874,0.00412,0.00375,0.00404,0.00356,0.00368,0.00345,0.00316,0.00282,0.00338,507.01129,0.00158,0.00101,0.00117,0.00145,0.00143,0.00123,0.00148,0.00126,0.00142,507.01584,0.00119,0.00128,0.00153,0.00163,0.00157,0.00151,0.00182,0.00147,0.00149
,,,,,,,,,,506.4967,0.00567,0.00558,0.00549,0.0052,0.00475,0.00527,0.0049,0.00445,0.00458,506.48145,5.24E-04,5.16E-04,3.80E-04,3.34E-04,3.22E-04,3.75E-04,3.86E-04,3.02E-04,3.18E-04,506.48581,0.00435,0.00557,0.00511,0.00645,0.00657,0.00622,0.00458,0.00616,0.00546,,,,,,,,,,,506.4967,0.00404,0.00395,0.00386,0.00362,0.00344,0.00342,0.00331,0.00287,0.00303,506.48145,5.33E-04,0.00342,6.73E-04,7.08E-04,7.92E-04,5.38E-04,5.66E-04,7.75E-04,6.96E-04,506.48581,0.00114,0.0012,0.00129,0.00161,0.00149,0.00134,0.00118,0.00132,0.00141
,,,,,,,,,,506.00458,0.00554,0.00558,0.00549,0.0052,0.00475,0.00472,0.00448,0.00436,0.00461,505.98947,3.61E-04,3.93E-04,3.80E-04,3.34E-04,3.22E-04,3.41E-04,3.86E-04,3.02E-04,2.72E-04,505.99347,0.004,0.00557,0.00499,0.00625,0.00591,0.00522,0.00549,0.00514,0.00546,,,,,,,,,,,506.00458,0.00373,0.0036,0.00354,0.00333,0.00307,0.00305,0.00347,0.00316,0.00311,505.98947,0.00134,0.00146,9.73E-04,8.57E-04,8.25E-04,0.00104,9.89E-04,6.51E-04,0.00123,505.99347,8.41E-04,0.00109,0.00107,0.00139,7.58E-04,0.00112,9.84E-04,0.00102,0.00113
,,,,,,,,,,505.51251,0.00554,0.00558,0.00549,0.00515,0.00475,0.00472,0.00448,0.00445,0.0044,505.49738,3.61E-04,4.65E-04,3.36E-04,3.34E-04,3.09E-04,3.41E-04,3.86E-04,3.02E-04,2.72E-04,505.50122,0.004,0.00557,0.00499,0.00613,0.00574,0.00522,0.00507,0.00514,0.00525,,,,,,,,,,,505.51251,0.00358,0.00357,0.00377,0.00335,0.00306,0.00343,0.00288,0.00338,0.00281,505.49738,0.00139,0.00132,0.00122,0.00106,0.00119,9.62E-04,0.00133,8.30E-04,0.00116,505.50122,9.35E-04,0.00139,0.0011,0.00123,0.00141,0.00166,0.00119,0.00141,0.00117
,,,,,,,,,,504.98248,0.0054,0.00558,0.00549,0.00515,0.00475,0.00472,0.00448,0.00489,0.0044,505.00525,4.07E-04,4.03E-04,3.39E-04,3.34E-04,3.20E-04,3.41E-04,4.09E-04,3.24E-04,2.72E-04,505.00885,0.004,0.00571,0.00499,0.00613,0.00574,0.00522,0.00507,0.00514,0.00525,,,,,,,,,,,504.98248,0.00336,0.00364,0.00311,0.00343,0.00312,0.00301,0.00289,0.00281,0.00297,505.00525,9.27E-04,5.71E-04,0.00107,0.00128,9.38E-04,8.74E-04,0.0011,0.00106,6.38E-04,505.00885,8.59E-04,0.00132,0.00106,0.00134,0.00127,9.47E-04,0.00134,0.0011,0.00135
,,,,,,,,,,504.4902,0.0054,0.00563,0.00583,0.00511,0.00474,0.00494,0.00448,0.00489,0.00435,504.51309,3.61E-04,2.86E-04,3.36E-04,2.08E-04,3.20E-04,3.41E-04,4.09E-04,3.24E-04,2.72E-04,504.51636,0.00435,0.00614,0.00511,0.00573,0.00591,0.00599,0.00556,0.00591,0.00546,,,,,,,,,,,504.4902,0.00366,0.0039,0.00378,0.0033,0.00314,0.00319,0.00314,0.0032,0.00284,504.51309,0.00104,0.00119,8.62E-04,9.18E-04,6.72E-04,9.58E-04,0.00112,0.00114,8.73E-04,504.51636,0.00114,0.00167,0.00134,0.00132,0.00123,0.00129,0.00109,0.00127,0.00102
,,,,,,,,,,503.99792,0.0054,0.00563,0.00486,0.00493,0.00484,0.00467,0.00448,0.00449,0.0044,503.98297,3.59E-04,2.86E-04,3.36E-04,2.08E-04,3.20E-04,2.39E-04,2.90E-04,3.53E-04,2.49E-04,503.98605,0.00479,0.00614,0.00569,0.00613,0.00574,0.00599,0.00584,0.00591,0.006,,,,,,,,,,,503.99792,0.00348,0.00406,0.00379,0.00388,0.0036,0.00363,0.00343,0.00324,0.00303,503.98297,0.00112,0.00103,8.69E-04,5.33E-04,8.20E-04,6.12E-04,0.00105,9.12E-04,6.98E-04,503.98605,0.00133,0.00123,0.00128,0.00141,0.00142,0.00139,0.00129,0.00152,0.00136
,,,,,,,,,,503.50558,0.0054,0.00563,0.0057,0.00493,0.00482,0.00494,0.00462,0.00475,0.0044,503.49066,3.29E-04,3.47E-04,3.36E-04,2.08E-04,2.62E-04,2.05E-04,2.90E-04,2.03E-04,2.72E-04,503.49356,0.00529,0.00598,0.0059,0.00613,0.00574,0.00645,0.00584,0.00662,0.0048,,,,,,,,,,,503.50558,0.00355,0.00364,0.00423,0.00318,0.00271,0.00355,0.00298,0.00316,0.0028,503.49066,9.21E-04,7.32E-04,6.77E-04,5.12E-04,9.97E-04,9.02E-04,3.68E-04,3.61E-04,8.94E-04,503.49356,0.00124,0.0014,0.00122,0.0012,0.00163,0.00139,0.00126,0.00151,0.00129
,,,,,,,,,,503.01321,0.0054,0.00563,0.0057,0.00493,0.00482,0.00495,0.00462,0.00475,0.00441,502.99835,3.29E-04,3.47E-04,3.34E-04,2.08E-04,3.20E-04,2.05E-04,2.90E-04,2.03E-04,2.63E-04,503.00098,0.00541,0.00598,0.0059,0.00557,0.00662,0.00645,0.00584,0.00662,0.00597,,,,,,,,,,,503.01321,0.00351,0.00329,0.00314,0.00305,0.00321,0.00298,0.00284,0.0029,0.00285,502.99835,6.03E-04,0.00106,0.00117,7.58E-04,0.00107,5.27E-04,7.44E-04,9.05E-04,5.92E-04,503.00098,0.00103,0.00176,0.00147,0.00161,0.00119,0.00163,0.00139,0.00153,0.0014
,,,,,,,,,,502.48288,0.00544,0.00563,0.00555,0.00493,0.00482,0.00495,0.00462,0.00475,0.00441,502.50595,3.07E-04,2.91E-04,3.34E-04,2.96E-04,2.70E-04,2.00E-04,2.90E-04,2.03E-04,2.31E-04,502.5083,0.00541,0.00629,0.0059,0.00549,0.00674,0.00571,0.00584,0.0058,0.00552,,,,,,,,,,,502.48288,0.00337,0.00376,0.00368,0.00362,0.00311,0.00319,0.00318,0.00306,0.00313,502.50595,8.43E-04,8.90E-04,0.00137,7.78E-04,6.08E-04,2.82E-04,9.17E-04,5.21E-04,8.53E-04,502.5083,0.00119,0.00129,0.00127,0.0014,0.00145,0.00156,0.00129,0.00142,0.00103
,,,,,,,,,,501.99042,0.00522,0.00583,0.00543,0.00559,0.00497,0.00495,0.00451,0.00453,0.00457,502.01349,3.07E-04,3.47E-04,3.34E-04,3.04E-04,2.43E-04,1.10E-04,3.58E-04,2.16E-04,1.78E-04,502.01569,0.00541,0.00629,0.00612,0.00549,0.00674,0.00571,0.00598,0.0058,0.00552,,,,,,,,,,,501.99042,0.00417,0.00409,0.00374,0.00374,0.00415,0.00366,0.0037,0.0032,0.00368,502.01349,0.00141,9.00E-04,8.57E-04,9.90E-04,0.00122,5.75E-04,0.00128,8.24E-04,6.74E-04,502.01569,0.00116,0.00135,0.00131,0.00115,0.00146,9.18E-04,0.00119,0.00124,0.00128
,,,,,,,,,,501.49786,0.00522,0.006,0.00543,0.00559,0.00511,0.00498,0.00451,0.00475,0.00457,501.48306,3.29E-04,2.91E-04,3.34E-04,3.04E-04,2.43E-04,1.10E-04,3.81E-04,2.16E-04,1.78E-04,501.48505,0.00548,0.00629,0.00612,0.00549,0.00681,0.00571,0.00598,0.0058,0.0053,,,,,,,,,,,501.49786,0.00359,0.00406,0.00359,0.00361,0.00364,0.00405,0.00326,0.00339,0.00307,501.48306,7.88E-04,7.46E-04,9.53E-04,8.46E-04,6.93E-04,5.13E-04,0.00135,6.79E-04,4.24E-04,501.48505,0.00118,0.00152,0.00152,0.00118,0.00147,0.00123,0.00129,0.00125,0.00119
,,,,,,,,,,501.00519,0.00519,0.006,0.00543,0.00534,0.00511,0.00498,0.00451,0.00465,0.00436,500.99057,3.42E-04,2.91E-04,3.34E-04,2.85E-04,2.70E-04,2.00E-04,3.81E-04,2.54E-04,1.78E-04,500.99225,0.00548,0.00699,0.00708,0.00549,0.00684,0.00571,0.00598,0.00578,0.00552,,,,,,,,,,,501.00519,0.00325,0.00387,0.0035,0.00375,0.0033,0.00321,0.00291,0.00293,0.00295,500.99057,8.76E-04,9.67E-04,6.55E-04,8.09E-04,6.22E-04,2.00E-04,0.00102,5.53E-04,4.56E-04,500.99225,0.00163,0.00153,0.00164,0.00141,0.0015,0.00153,0.00167,0.00154,0.00154
,,,,,,,,,,500.5126,0.00519,0.00579,0.00543,0.00534,0.00503,0.00485,0.00451,0.00465,0.00436,500.49792,3.07E-04,2.57E-04,3.07E-04,2.85E-04,2.43E-04,2.00E-04,2.67E-04,2.16E-04,1.78E-04,500.49945,0.00548,0.00699,0.00708,0.00549,0.00684,0.00571,0.00641,0.00572,0.00552,,,,,,,,,,,500.5126,0.00375,0.00389,0.00335,0.00345,0.00332,0.00334,0.0029,0.00308,0.0027,500.49792,9.34E-04,6.60E-04,8.92E-04,7.30E-04,7.07E-04,9.06E-04,9.77E-04,9.46E-04,7.03E-04,500.49945,0.00142,0.00165,0.00161,0.00141,0.00165,0.0016,0.00156,0.00146,0.00114
,,,,,,,,,,499.98196,0.00519,0.00549,0.00543,0.00525,0.00493,0.00456,0.00451,0.00465,0.00436,500.00531,3.42E-04,2.57E-04,3.07E-04,2.85E-04,2.43E-04,2.99E-04,2.67E-04,2.16E-04,2.50E-04,500.00656,0.00438,0.00617,0.00533,0.00573,0.00652,0.00584,0.00641,0.00528,0.0053,,,,,,,,,,,499.98196,0.00335,0.00347,0.00397,0.00339,0.00318,0.00313,0.00329,0.003,0.00282,500.00531,0.00143,0.00439,9.72E-04,6.84E-04,8.59E-04,8.51E-04,6.84E-04,6.52E-04,8.14E-04,500.00656,0.00137,0.0015,0.00156,0.00162,0.00155,0.00154,0.00144,0.00113,0.00129
,,,,,,,,,,499.48926,0.00556,0.00549,0.00519,0.00519,0.00493,0.00456,0.00456,0.00474,0.00436,499.51257,3.01E-04,2.57E-04,3.07E-04,2.67E-04,2.20E-04,3.32E-04,2.67E-04,2.54E-04,2.50E-04,499.51358,0.00438,0.00617,0.00533,0.00573,0.00539,0.00584,0.0061,0.00528,0.00499,,,,,,,,,,,499.48926,0.00359,0.00374,0.00367,0.00452,0.00325,0.00295,0.00321,0.00307,0.00282,499.51257,7.71E-04,5.77E-04,7.88E-04,0.00103,4.55E-04,7.68E-04,5.00E-04,5.21E-04,6.40E-04,499.51358,9.41E-04,0.00133,0.00115,0.00105,0.0014,0.00117,0.00138,0.00123,0.00129
,,,,,,,,,,498.99646,0.00544,0.00537,0.00517,0.00479,0.00476,0.00456,0.00463,0.00465,0.00436,498.98196,3.01E-04,4.25E-04,2.54E-04,2.67E-04,2.20E-04,3.32E-04,2.67E-04,2.54E-04,2.50E-04,498.98267,0.00438,0.00517,0.00533,0.00573,0.00539,0.00578,0.0058,0.00527,0.00499,,,,,,,,,,,498.99646,0.00401,0.00355,0.00367,0.00305,0.00303,0.00291,0.00335,0.00316,0.00312,498.98196,0.00143,0.00114,8.95E-04,9.00E-04,0.00104,0.00116,0.00141,0.00118,0.00118,498.98267,8.76E-04,0.00107,0.00108,0.00123,0.00109,0.00126,0.00131,0.00113,0.00105
,,,,,,,,,,498.50357,0.00554,0.00549,0.00517,0.00479,0.00476,0.00456,0.00463,0.00474,0.00437,498.48914,3.01E-04,2.43E-04,2.54E-04,3.35E-04,2.20E-04,2.99E-04,2.91E-04,2.03E-04,2.36E-04,498.48972,0.00438,0.00517,0.00533,0.00573,0.00539,0.00578,0.0058,0.00527,0.00499,,,,,,,,,,,498.50357,0.0036,0.00373,0.00325,0.00335,0.00365,0.00325,0.00294,0.00306,0.00295,498.48914,6.50E-04,0.00109,5.94E-04,6.80E-04,5.64E-04,0.00102,7.72E-04,7.60E-04,5.56E-04,498.48972,9.57E-04,0.00156,0.00126,0.00144,0.00116,0.00133,0.00114,0.00125,0.00107
,,,,,,,,,,498.01062,0.00554,0.00549,0.00517,0.00479,0.00476,0.00488,0.00463,0.00474,0.00458,497.99634,4.34E-04,2.57E-04,2.54E-04,2.65E-04,2.53E-04,3.13E-04,2.91E-04,2.27E-04,2.36E-04,497.99655,0.00445,0.00517,0.00567,0.00607,0.00539,0.00584,0.00529,0.00527,0.00499,,,,,,,,,,,498.01062,0.00351,0.00344,0.00334,0.00309,0.00308,0.00315,0.00299,0.00289,0.00246,497.99634,0.00111,0.00114,6.50E-04,8.97E-04,9.53E-04,9.88E-04,0.00115,9.09E-04,0.00128,497.99655,0.00111,0.00111,0.0013,0.00131,0.00132,0.00124,0.00125,0.00104,0.00125
,,,,,,,,,,497.51773,0.00554,0.0057,0.00517,0.00519,0.00516,0.00502,0.00463,0.00474,0.00458,497.50339,4.34E-04,2.57E-04,2.54E-04,2.04E-04,2.53E-04,2.95E-04,2.91E-04,2.27E-04,2.36E-04,497.50345,0.00516,0.00517,0.00586,0.00607,0.00539,0.00578,0.00529,0.00486,0.00504,,,,,,,,,,,497.51773,0.00358,0.00368,0.00375,0.00348,0.00333,0.00324,0.00303,0.00362,0.00309,497.50339,0.00113,6.24E-04,0.00101,8.60E-04,7.56E-04,7.55E-04,7.45E-04,3.93E-04,6.05E-04,497.50345,0.00115,0.00148,0.00122,0.0013,0.00134,0.0013,0.00128,0.00163,0.00121
,,,,,,,,,,496.98682,0.00554,0.0057,0.00581,0.0054,0.00516,0.00502,0.00469,0.00524,0.00474,497.01041,4.34E-04,2.57E-04,3.83E-04,2.03E-04,2.95E-04,2.49E-04,2.91E-04,2.27E-04,2.36E-04,497.01022,0.00516,0.00503,0.00567,0.00607,0.00499,0.00578,0.00478,0.00486,0.00504,,,,,,,,,,,496.98682,0.00373,0.00401,0.00379,0.00384,0.00337,0.00346,0.00368,0.00338,0.00315,497.01041,0.00121,6.58E-04,0.00111,5.22E-04,6.48E-04,8.03E-04,6.07E-04,5.82E-04,8.28E-04,497.01022,0.00111,0.00135,0.00126,0.00139,0.00136,0.00133,0.00103,0.00138,0.00129
,,,,,,,,,,496.49368,0.00569,0.00575,0.00585,0.0054,0.00516,0.00535,0.00542,0.00538,0.00474,496.51743,4.00E-04,2.43E-04,3.94E-04,2.03E-04,2.74E-04,2.49E-04,2.46E-04,2.27E-04,2.02E-04,496.51703,0.00422,0.00503,0.00466,0.00508,0.00449,0.00551,0.00461,0.00506,0.00445,,,,,,,,,,,496.49368,0.00368,0.00406,0.00386,0.00349,0.00359,0.0035,0.0035,0.00382,0.00307,496.51743,0.00238,0.00131,0.00115,5.24E-04,0.0011,6.37E-04,8.26E-04,8.89E-04,7.32E-04,496.51703,0.00119,0.00108,0.00144,0.00133,0.00107,0.00105,0.00117,0.00104,0.00108
,,,,,,,,,,496.00058,0.00574,0.00575,0.00585,0.0054,0.00513,0.00542,0.00542,0.00536,0.00474,495.98642,4.00E-04,2.57E-04,4.32E-04,2.03E-04,2.74E-04,2.49E-04,2.46E-04,2.83E-04,2.02E-04,495.98578,0.0041,0.00503,0.00466,0.00508,0.00449,0.00487,0.00461,0.00506,0.00434,,,,,,,,,,,496.00058,0.00431,0.004,0.00392,0.00358,0.00363,0.00361,0.00375,0.00348,0.00306,495.98642,0.00102,8.93E-04,9.83E-04,5.00E-04,0.00103,3.86E-04,8.93E-04,9.49E-04,5.17E-04,495.98578,9.07E-04,9.76E-04,8.76E-04,0.00109,9.66E-04,0.00128,9.90E-04,0.00109,9.33E-04
,,,,,,,,,,495.50745,0.00569,0.00575,0.00571,0.0054,0.00513,0.00542,0.00509,0.00536,0.00474,495.49329,4.00E-04,3.15E-04,3.83E-04,2.04E-04,3.07E-04,2.49E-04,3.22E-04,2.83E-04,2.02E-04,495.49243,0.00359,0.00503,0.00466,0.00508,0.00449,0.0042,0.00461,0.00506,0.00434,,,,,,,,,,,495.50745,0.0038,0.00371,0.00378,0.00332,0.00331,0.00358,0.00364,0.00348,0.00301,495.49329,6.04E-04,4.32E-04,0.00145,5.66E-04,7.02E-04,6.82E-04,6.31E-04,7.26E-04,4.02E-04,495.49243,6.53E-04,0.00124,0.001,8.62E-04,7.44E-04,0.00118,8.95E-04,0.00114,9.57E-04
,,,,,,,,,,495.01422,0.00561,0.00527,0.00559,0.00533,0.00513,0.0051,0.00509,0.00458,0.00467,495.00015,4.00E-04,3.15E-04,3.83E-04,2.21E-04,3.07E-04,2.66E-04,3.24E-04,2.83E-04,2.02E-04,494.99902,0.00359,0.00505,0.00466,0.00508,0.00449,0.0042,0.00461,0.00532,0.00434,,,,,,,,,,,495.01422,0.00371,0.00334,0.00369,0.00386,0.00331,0.00352,0.00317,0.00346,0.00328,495.00015,0.00125,0.00115,0.00151,9.21E-04,0.00132,0.00118,9.06E-04,9.44E-04,9.67E-04,494.99902,8.81E-04,0.00109,0.00135,0.0012,0.00103,9.03E-04,0.00111,0.0012,7.09E-04
,,,,,,,,,,494.483,0.00546,0.00517,0.00539,0.00514,0.00479,0.00477,0.00492,0.00456,0.00467,494.50693,3.71E-04,3.03E-04,3.65E-04,3.36E-04,3.07E-04,3.45E-04,2.97E-04,2.83E-04,2.42E-04,494.50552,0.00359,0.00545,0.00539,0.00558,0.00479,0.0042,0.00484,0.00532,0.00434,,,,,,,,,,,494.483,0.00353,0.00438,0.00361,0.0036,0.00344,0.00329,0.00328,0.00296,0.00309,494.50693,0.00109,8.06E-04,8.97E-04,9.44E-04,7.87E-04,8.84E-04,8.31E-04,6.76E-04,9.68E-04,494.50552,7.72E-04,0.00122,0.00139,0.00121,0.00127,7.96E-04,0.00104,0.00119,0.00106
,,,,,,,,,,493.98972,0.00522,0.00517,0.00517,0.00509,0.00461,0.00475,0.00462,0.00428,0.00448,494.01361,4.24E-04,3.15E-04,3.65E-04,3.36E-04,3.07E-04,3.95E-04,3.24E-04,3.43E-04,3.65E-04,494.01209,0.0041,0.00545,0.00589,0.00563,0.00563,0.0042,0.00515,0.00554,0.00434,,,,,,,,,,,493.98972,0.00362,0.0034,0.00348,0.00344,0.00309,0.00308,0.00384,0.00276,0.00289,494.01361,0.00109,0.00115,0.00113,0.00101,0.0011,0.00102,0.00119,0.00131,0.00144,494.01209,0.00112,0.00162,0.0015,0.00123,0.00147,0.00119,0.00131,0.00129,9.32E-04
,,,,,,,,,,493.49634,0.00522,0.00527,0.00517,0.00509,0.00461,0.00475,0.00462,0.00428,0.00448,493.48242,3.71E-04,3.03E-04,3.50E-04,3.23E-04,3.07E-04,3.45E-04,3.24E-04,3.20E-04,3.33E-04,493.51852,0.00435,0.00545,0.00539,0.00574,0.00575,0.00474,0.00501,0.00554,0.00464,,,,,,,,,,,493.49634,0.00337,0.00311,0.00334,0.0031,0.00298,0.00299,0.00298,0.00295,0.00312,493.48242,9.52E-04,7.76E-04,9.34E-04,8.60E-04,7.87E-04,0.00101,7.61E-04,8.80E-04,6.20E-04,493.51852,9.34E-04,0.00117,0.00116,0.00145,0.00121,0.00126,0.00136,0.0011,0.00114
,,,,,,,,,,493.00293,0.00522,0.00527,0.00517,0.00509,0.00461,0.00475,0.00462,0.00428,0.00448,492.98904,3.71E-04,3.03E-04,3.09E-04,3.06E-04,3.07E-04,2.23E-04,2.97E-04,3.20E-04,2.42E-04,492.98694,0.00435,0.0053,0.00539,0.00574,0.00575,0.00517,0.00539,0.00514,0.00464,,,,,,,,,,,493.00293,0.00322,0.00347,0.00322,0.00328,0.00272,0.00307,0.00272,0.00267,0.00267,492.98904,0.00325,0.00106,0.00102,8.29E-04,0.00122,0.00128,0.00117,0.00122,9.37E-04,492.98694,0.00103,0.00129,0.00127,0.00128,0.00125,0.00102,0.00121,0.00122,9.98E-04
,,,,,,,,,,492.50946,0.00522,0.00537,0.00517,0.00509,0.00461,0.00475,0.00462,0.00456,0.00469,492.49564,3.54E-04,2.71E-04,3.09E-04,3.06E-04,2.42E-04,2.19E-04,1.66E-04,2.01E-04,2.42E-04,492.49329,0.00378,0.00515,0.00517,0.00562,0.00563,0.00517,0.00501,0.00513,0.00464,,,,,,,,,,,492.50946,0.00354,0.00373,0.00346,0.00347,0.00344,0.00336,0.00312,0.00305,0.00303,492.49564,9.08E-04,6.95E-04,7.81E-04,5.72E-04,8.73E-04,5.71E-04,8.39E-04,8.20E-04,8.54E-04,492.49329,0.001,0.00114,0.00111,0.00141,0.00124,0.00126,0.00108,0.00131,0.00107
,,,,,,,,,,492.01593,0.00548,0.00577,0.00536,0.00537,0.00532,0.0052,0.00483,0.00473,0.00469,492.00211,2.42E-04,2.32E-04,3.05E-04,2.23E-04,2.00E-04,2.19E-04,1.66E-04,2.01E-04,1.92E-04,491.9996,0.00378,0.00515,0.00516,0.00516,0.00552,0.00517,0.00501,0.00509,0.00464,,,,,,,,,,,492.01593,0.00381,0.00408,0.00382,0.00382,0.00356,0.00342,0.00328,0.0033,0.00353,492.00211,0.00182,9.20E-04,7.93E-04,7.85E-04,5.11E-04,4.81E-04,4.26E-04,4.82E-04,4.91E-04,491.9996,7.46E-04,0.00111,0.00126,0.00121,0.00124,0.00111,0.00116,0.00109,0.00102
,,,,,,,,,,491.48438,0.0059,0.00596,0.00585,0.00565,0.00551,0.00522,0.00508,0.00508,0.00486,491.50864,2.42E-04,2.32E-04,2.69E-04,2.23E-04,2.00E-04,2.19E-04,1.66E-04,2.01E-04,1.92E-04,491.50583,0.00378,0.00495,0.00516,0.00516,0.00551,0.00521,0.00501,0.00509,0.00474,,,,,,,,,,,491.48438,0.00385,0.00385,0.00378,0.00379,0.00362,0.00337,0.00343,0.00328,0.00323,491.50864,6.22E-04,5.94E-04,8.56E-04,0.00267,6.20E-04,5.60E-04,4.02E-04,5.14E-04,6.42E-04,491.50583,8.12E-04,0.00105,0.00101,0.00111,0.001,0.00112,9.77E-04,0.0011,9.36E-04
,,,,,,,,,,490.99072,0.0059,0.00614,0.00585,0.00587,0.00551,0.00522,0.00508,0.00508,0.00486,491.01505,2.42E-04,2.32E-04,2.69E-04,2.49E-04,2.00E-04,2.19E-04,1.66E-04,2.01E-04,1.92E-04,491.01209,0.00365,0.00495,0.00472,0.00516,0.00551,0.00517,0.00523,0.00509,0.00436,,,,,,,,,,,490.99072,0.00391,0.00412,0.00403,0.00387,0.00385,0.0037,0.00334,0.00333,0.00331,491.01505,5.76E-04,4.29E-04,4.55E-04,3.42E-04,5.01E-04,5.61E-04,5.22E-04,6.56E-04,4.34E-04,491.01209,9.29E-04,0.00134,0.00111,0.0011,0.00119,0.00117,0.00122,0.00106,0.00114
,,,,,,,,,,490.4971,0.0058,0.00614,0.00585,0.00587,0.00561,0.00522,0.00513,0.00508,0.00482,490.4834,2.42E-04,2.32E-04,2.29E-04,2.49E-04,2.17E-04,2.19E-04,2.04E-04,2.56E-04,1.71E-04,490.51819,0.00378,0.00495,0.00472,0.00516,0.00551,0.00521,0.00523,0.00495,0.00436,,,,,,,,,,,490.4971,0.00386,0.00399,0.00381,0.00365,0.00367,0.00395,0.00335,0.00338,0.00314,490.4834,9.26E-04,0.00113,6.89E-04,6.60E-04,6.04E-04,8.40E-04,6.49E-04,9.29E-04,6.58E-04,490.51819,8.48E-04,0.00106,0.00123,0.00128,0.00118,0.00119,0.00112,0.00112,0.00102
,,,,,,,,,,490.00336,0.0058,0.00617,0.0059,0.00595,0.00568,0.00544,0.00513,0.00512,0.00482,489.98978,2.66E-04,2.84E-04,2.29E-04,2.49E-04,2.17E-04,2.39E-04,2.53E-04,2.59E-04,1.71E-04,489.98627,0.00394,0.00526,0.00516,0.00547,0.00551,0.00542,0.00523,0.00495,0.00477,,,,,,,,,,,490.00336,0.00339,0.00397,0.00375,0.00391,0.00343,0.00333,0.00325,0.00312,0.00301,489.98978,8.26E-04,0.00253,8.43E-04,6.37E-04,0.00112,6.49E-04,8.37E-04,8.00E-04,7.04E-04,489.98627,7.83E-04,0.00113,9.46E-04,0.00128,0.00126,0.0011,0.00118,0.00112,8.45E-04
,,,,,,,,,,489.50961,0.0058,0.00617,0.0059,0.00595,0.00568,0.00544,0.00513,0.00512,0.00482,489.49603,3.22E-04,2.84E-04,2.29E-04,2.57E-04,2.17E-04,2.39E-04,2.53E-04,2.59E-04,2.40E-04,489.49234,0.00394,0.00526,0.00503,0.00559,0.00551,0.00554,0.00523,0.0052,0.00477,,,,,,,,,,,489.50961,0.00374,0.004,0.00389,0.00426,0.00391,0.00351,0.00331,0.00357,0.00311,489.49603,6.82E-04,8.33E-04,5.88E-04,6.89E-04,5.56E-04,6.13E-04,6.87E-04,6.64E-04,4.37E-04,489.49234,9.46E-04,0.00129,0.00117,0.00118,0.00125,0.00127,0.00121,0.00105,0.00112
,,,,,,,,,,489.01575,0.0058,0.0062,0.00603,0.00595,0.00578,0.00544,0.00513,0.00512,0.00482,489.00226,2.66E-04,2.21E-04,2.06E-04,2.49E-04,1.80E-04,2.35E-04,2.11E-04,2.45E-04,1.71E-04,488.99829,0.00393,0.00533,0.00494,0.0055,0.00539,0.00538,0.00535,0.00522,0.00393,,,,,,,,,,,489.01575,0.004,0.00417,0.004,0.00384,0.00376,0.00377,0.00347,0.0033,0.00311,489.00226,9.48E-04,7.29E-04,7.53E-04,0.00294,6.34E-04,7.37E-04,8.28E-04,9.26E-04,6.76E-04,488.99829,9.94E-04,0.00138,0.00133,0.00135,0.00116,0.00122,0.00102,0.00136,0.00108
,,,,,,,,,,488.48395,0.0062,0.00638,0.00619,0.00595,0.00582,0.00574,0.00538,0.00538,0.00482,488.50845,2.43E-04,2.01E-04,1.77E-04,2.06E-04,1.80E-04,1.85E-04,2.11E-04,1.93E-04,1.56E-04,488.50427,0.00393,0.00539,0.00503,0.0055,0.00509,0.00554,0.00535,0.00518,0.00501,,,,,,,,,,,488.48395,0.00412,0.00412,0.00403,0.0039,0.00382,0.00372,0.00366,0.00347,0.0033,488.50845,0.00104,5.66E-04,5.28E-04,0.00607,4.60E-04,6.02E-04,5.42E-04,6.27E-04,6.15E-04,488.50427,9.38E-04,0.00114,0.00108,0.0012,0.00124,0.00119,0.00115,0.00122,0.00109
,,,,,,,,,,487.98993,0.00629,0.00639,0.0062,0.00595,0.00582,0.00577,0.00567,0.00538,0.00512,488.01462,2.26E-04,1.83E-04,1.28E-04,1.30E-04,1.10E-04,1.84E-04,1.30E-04,1.69E-04,9.89E-05,488.01013,0.00393,0.00539,0.00503,0.00559,0.00509,0.00546,0.00534,0.00556,0.00495,,,,,,,,,,,487.98993,0.00441,0.00413,0.004,0.00383,0.00373,0.00371,0.00367,0.00354,0.00364,488.01462,5.78E-04,5.16E-04,3.07E-04,3.34E-04,2.82E-04,4.73E-04,3.34E-04,4.95E-04,2.53E-04,488.01013,8.44E-04,0.00123,0.00106,0.00118,0.00101,0.00116,0.00125,0.0012,7.75E-04
,,,,,,,,,,487.49603,0.00629,0.00639,0.00624,0.00604,0.00584,0.00574,0.00567,0.00548,0.00512,487.48264,2.22E-04,1.83E-04,1.28E-04,1.30E-04,1.10E-04,1.84E-04,1.30E-04,1.69E-04,9.89E-05,487.51602,0.00393,0.00539,0.00503,0.00557,0.00509,0.00546,0.00535,0.00556,0.00495,,,,,,,,,,,487.49603,0.00407,0.00451,0.0043,0.00409,0.00396,0.00384,0.00367,0.00362,0.00353,487.48264,6.22E-04,4.68E-04,4.55E-04,5.29E-04,5.17E-04,4.73E-04,0.00384,4.33E-04,4.01E-04,487.51602,8.12E-04,0.00116,0.00109,0.00127,0.0011,0.00119,0.00118,0.00111,0.00108
,,,,,,,,,,487.00198,0.00611,0.00639,0.00619,0.00609,0.00584,0.00574,0.00558,0.00548,0.00513,486.98865,2.22E-04,1.83E-04,1.28E-04,1.30E-04,1.10E-04,1.84E-04,1.30E-04,1.69E-04,9.89E-05,486.9838,0.00393,0.00574,0.00505,0.00557,0.00509,0.00546,0.00549,0.00556,0.00495,,,,,,,,,,,487.00198,0.00406,0.00481,0.00414,0.00472,0.00394,0.00378,0.00381,0.00374,0.00344,486.98865,3.64E-04,4.29E-04,3.27E-04,1.40E-04,2.36E-04,1.98E-04,2.37E-04,2.94E-04,1.68E-04,486.9838,9.47E-04,0.00141,0.00144,0.00132,0.00146,0.00117,0.00115,0.0013,0.00106
,,,,,,,,,,486.50787,0.00591,0.00657,0.00628,0.00609,0.00595,0.00575,0.00558,0.00534,0.00513,486.49463,2.22E-04,1.83E-04,1.77E-04,2.06E-04,2.02E-04,1.84E-04,2.38E-04,1.69E-04,1.56E-04,486.48947,0.00441,0.0062,0.00577,0.00592,0.00561,0.00555,0.00549,0.00574,0.00501,,,,,,,,,,,486.50787,0.00394,0.00449,0.00406,0.00398,0.00377,0.00358,0.00361,0.00365,0.00327,486.49463,5.70E-04,5.20E-04,7.83E-04,7.23E-04,6.78E-04,5.41E-04,6.91E-04,6.01E-04,7.90E-04,486.48947,0.00115,0.0014,0.00127,0.0012,0.00121,0.00131,0.00123,0.00123,0.00126
,,,,,,,,,,486.01376,0.0059,0.00651,0.00628,0.00595,0.00584,0.00567,0.00551,0.00534,0.00506,486.00055,2.22E-04,2.03E-04,2.61E-04,2.80E-04,2.53E-04,2.11E-04,2.23E-04,2.34E-04,2.26E-04,485.99527,0.00441,0.0062,0.00577,0.00557,0.00561,0.00546,0.00534,0.00574,0.00495,,,,,,,,,,,486.01376,0.00382,0.00406,0.00388,0.00393,0.00384,0.00373,0.00346,0.00341,0.00331,486.00055,8.99E-04,9.22E-04,8.34E-04,9.58E-04,7.51E-04,0.0011,9.08E-04,7.79E-04,9.05E-04,485.99527,9.52E-04,0.00133,0.00124,0.00132,0.00144,0.00134,0.00142,0.00127,0.00127
,,,,,,,,,,485.4816,0.0059,0.00651,0.00628,0.00595,0.00584,0.00567,0.00551,0.00534,0.00506,485.5065,2.22E-04,2.03E-04,2.61E-04,2.80E-04,2.53E-04,2.11E-04,2.23E-04,2.34E-04,2.26E-04,485.50082,0.0038,0.00548,0.00557,0.00552,0.00515,0.00562,0.00491,0.00503,0.0042,,,,,,,,,,,485.4816,0.00381,0.00425,0.00412,0.00384,0.00384,0.00371,0.00369,0.00345,0.00331,485.5065,7.63E-04,7.80E-04,7.70E-04,7.64E-04,8.89E-04,5.79E-04,6.10E-04,6.34E-04,8.32E-04,485.50082,0.00112,0.00135,0.00146,0.00133,0.00147,0.00132,0.00127,0.00129,0.00112
,,,,,,,,,,484.9874,0.0059,0.00651,0.00638,0.00595,0.00595,0.00575,0.00551,0.00534,0.00513,485.01224,9.49E-05,1.36E-04,1.31E-04,7.52E-05,9.44E-05,9.58E-05,8.08E-05,1.21E-04,9.32E-05,485.00641,0.0038,0.00472,0.00538,0.00552,0.00515,0.00562,0.00491,0.00503,0.00408,,,,,,,,,,,484.9874,0.00368,0.00421,0.00423,0.00377,0.00367,0.00366,0.00356,0.00345,0.00322,485.01224,7.76E-04,7.20E-04,6.69E-04,7.18E-04,6.48E-04,8.19E-04,5.72E-04,7.17E-04,5.81E-04,485.00641,8.17E-04,9.96E-04,0.0012,0.00119,0.00107,0.00113,9.53E-04,9.95E-04,9.03E-04
,,,,,,,,,,484.4931,0.0059,0.00657,0.00655,0.00595,0.00595,0.00575,0.00564,0.00534,0.00513,484.51807,8.08E-05,8.81E-05,7.64E-05,3.32E-05,9.02E-05,3.97E-05,6.75E-05,1.01E-05,8.98E-05,484.51199,0.0038,0.00472,0.00536,0.00552,0.00515,0.00562,0.00491,0.00503,0.00408,,,,,,,,,,,484.4931,0.00398,0.00448,0.00425,0.00404,0.00396,0.00382,0.00364,0.00378,0.00335,484.51807,2.07E-04,3.48E-04,3.35E-04,1.93E-04,2.42E-04,2.46E-04,2.07E-04,3.11E-04,2.30E-04,484.51199,7.31E-04,0.00118,8.99E-04,0.00114,0.00111,0.00121,0.00106,0.00108,8.77E-04
,,,,,,,,,,483.99878,0.00617,0.00694,0.00658,0.00626,0.00613,0.00592,0.00564,0.00583,0.00519,483.98575,8.08E-05,8.81E-05,7.64E-05,3.32E-05,9.02E-05,3.55E-05,7.50E-06,1.01E-05,8.98E-05,484.01749,0.0038,0.00472,0.00536,0.00552,0.00515,0.00562,0.00491,0.00503,0.00408,,,,,,,,,,,483.99878,0.00449,0.00474,0.00457,0.00454,0.00429,0.00416,0.00405,0.00407,0.00369,483.98575,2.43E-04,2.26E-04,1.96E-04,8.51E-05,2.31E-04,1.02E-04,1.73E-04,2.60E-05,2.39E-04,484.01749,9.44E-04,0.00102,0.00116,0.00127,0.00134,0.00126,0.00122,0.00118,8.75E-04
,,,,,,,,,,483.50436,0.00656,0.00704,0.00684,0.00626,0.0064,0.00613,0.00564,0.00585,0.00552,483.49146,8.08E-05,8.81E-05,7.64E-05,3.32E-05,9.02E-05,3.55E-05,7.50E-06,1.01E-05,8.98E-05,483.48489,0.00395,0.00535,0.00536,0.00552,0.00556,0.00562,0.00544,0.00539,0.00408,,,,,,,,,,,483.50436,0.00428,0.00458,0.00458,0.00445,0.00413,0.0043,0.00387,0.00406,0.00362,483.49146,1.59E-04,3.49E-05,3.69E-05,-1.41E-04,6.21E-05,-3.68E-05,1.92E-05,-6.40E-05,3.35E-06,483.48489,8.49E-04,0.00122,0.00115,0.00122,0.00123,0.00124,0.00117,0.00116,9.30E-04
,,,,,,,,,,483.01001,0.00663,0.00704,0.00691,0.00676,0.0064,0.00613,0.00591,0.00598,0.00556,482.99704,9.49E-05,8.81E-05,7.64E-05,3.32E-05,6.63E-05,3.55E-05,7.50E-06,1.01E-05,9.32E-05,482.99033,0.00395,0.00535,0.00538,0.00552,0.00562,0.0057,0.00565,0.00539,0.00433,,,,,,,,,,,483.01001,0.00435,0.00454,0.00446,0.00436,0.00419,0.00396,0.00381,0.00376,0.00362,482.99704,3.15E-04,3.30E-04,2.62E-04,3.39E-04,2.57E-04,9.09E-05,1.11E-05,2.51E-04,2.77E-04,482.99033,9.87E-04,0.00123,0.00136,0.00119,0.00138,0.00146,0.00125,0.00128,0.00116
,,,,,,,,,,482.51547,0.00663,0.00687,0.00691,0.00676,0.00633,0.00613,0.00591,0.00598,0.00552,482.50262,1.23E-04,1.29E-04,8.20E-05,1.09E-04,6.63E-05,3.55E-05,7.50E-06,9.79E-05,1.08E-04,482.49561,0.00395,0.00535,0.00536,0.00552,0.00556,0.0057,0.00544,0.00539,0.00433,,,,,,,,,,,482.51547,0.00424,0.00468,0.00442,0.00403,0.00431,0.00413,0.00362,0.00386,0.00357,482.50262,0.0013,5.56E-04,2.10E-04,3.58E-04,5.93E-04,6.21E-04,1.62E-04,3.07E-04,4.42E-04,482.49561,9.61E-04,0.00115,0.00139,0.00129,0.00119,0.00119,0.00123,0.00133,0.00114
,,,,,,,,,,481.98291,0.00656,0.00687,0.00684,0.00676,0.00633,0.00613,0.00591,0.00598,0.00552,482.00815,1.56E-04,1.70E-04,8.20E-05,1.28E-04,6.83E-05,1.23E-04,3.62E-05,1.03E-04,1.08E-04,482.00092,0.00361,0.0052,0.00498,0.00485,0.00454,0.00555,0.00522,0.00435,0.0038,,,,,,,,,,,481.98291,0.00433,0.00443,0.00451,0.00444,0.00408,0.00395,0.00396,0.00392,0.00359,482.00815,4.00E-04,8.88E-04,2.52E-04,2.78E-04,1.70E-04,3.83E-04,9.27E-05,4.99E-04,3.02E-04,482.00092,7.02E-04,0.00125,0.00118,0.00104,0.00121,0.00122,0.00123,9.36E-04,0.00118
,,,,,,,,,,481.48831,0.00653,0.00687,0.00683,0.00662,0.00618,0.00611,0.00601,0.00604,0.00552,481.51361,1.63E-04,1.93E-04,8.20E-05,1.28E-04,6.83E-05,1.35E-04,6.31E-05,1.05E-04,1.18E-04,481.5062,0.00361,0.0052,0.00498,0.00485,0.00454,0.00502,0.00515,0.00435,0.0038,,,,,,,,,,,481.48831,0.00454,0.00438,0.00474,0.00492,0.00391,0.004,0.00411,0.0039,0.00343,481.51361,4.17E-04,4.95E-04,3.76E-04,0.00213,1.75E-04,3.16E-04,5.05E-04,2.63E-04,3.08E-04,481.5062,9.19E-04,0.00101,0.00107,0.00127,9.52E-04,0.00132,0.00112,0.00123,7.21E-04
,,,,,,,,,,480.99371,0.00653,0.00687,0.00683,0.00662,0.00617,0.00611,0.00613,0.00604,0.00556,480.98102,1.56E-04,1.70E-04,9.83E-05,1.09E-04,6.83E-05,1.23E-04,6.19E-05,1.05E-04,1.18E-04,481.01138,0.00361,0.0052,0.00498,0.00485,0.00454,0.00502,0.00515,0.00435,0.0038,,,,,,,,,,,480.99371,0.00409,0.00465,0.00441,0.00439,0.00429,0.0042,0.00401,0.0039,0.00371,480.98102,8.35E-04,4.36E-04,1.56E-04,3.29E-04,5.18E-04,4.26E-04,4.80E-04,2.70E-04,1.49E-04,481.01138,7.76E-04,0.00112,0.00102,9.17E-04,9.76E-04,0.00106,8.24E-04,9.23E-04,8.17E-04
,,,,,,,,,,480.49905,0.00644,0.0072,0.00683,0.00662,0.00617,0.0062,0.00612,0.00604,0.0056,480.48639,1.08E-04,1.63E-04,1.47E-04,1.28E-04,9.75E-05,1.23E-04,1.33E-04,1.05E-04,1.20E-04,480.51648,0.00361,0.0052,0.00498,0.0059,0.00454,0.00502,0.00515,0.00491,0.0038,,,,,,,,,,,480.49905,0.00421,0.00484,0.00441,0.00428,0.00399,0.00391,0.00388,0.00402,0.0037,480.48639,4.43E-04,5.46E-04,4.53E-04,5.23E-04,2.50E-04,3.46E-04,4.71E-04,5.13E-04,5.60E-04,480.51648,8.36E-04,0.00113,0.00109,0.00138,0.00118,0.00108,0.00111,0.00106,0.00112
,,,,,,,,,,480.0043,0.00644,0.0072,0.00683,0.0066,0.00618,0.00636,0.00604,0.00604,0.00563,479.99173,1.08E-04,1.63E-04,1.65E-04,1.28E-04,1.51E-04,1.35E-04,1.33E-04,1.78E-04,8.38E-05,479.98349,0.00361,0.0052,0.00503,0.00555,0.00549,0.00502,0.00515,0.00491,0.00421,,,,,,,,,,,480.0043,0.00469,0.00468,0.0043,0.00426,0.00398,0.00471,0.00417,0.0039,0.00364,479.99173,1.32E-04,2.08E-04,4.22E-04,-1.86E-05,9.15E-04,8.92E-05,1.59E-04,4.55E-04,4.99E-04,479.98349,0.00104,0.00122,0.00148,0.00139,0.00132,0.00136,0.00148,0.00134,0.00106
,,,,,,,,,,479.50958,0.00653,0.00725,0.00683,0.0066,0.00618,0.00636,0.00604,0.00619,0.00563,479.49695,1.08E-04,1.63E-04,1.77E-04,1.43E-04,9.75E-05,1.35E-04,1.33E-04,2.00E-04,1.51E-04,479.48859,0.00389,0.00528,0.00507,0.00605,0.00586,0.00502,0.0054,0.00558,0.00446,,,,,,,,,,,479.50958,0.00416,0.00472,0.00448,0.00453,0.00444,0.0041,0.00395,0.00412,0.00361,479.49695,2.76E-04,4.18E-04,4.67E-04,7.15E-04,7.19E-04,6.04E-04,3.41E-04,5.52E-04,3.87E-04,479.48859,7.44E-04,0.00142,0.00108,0.0015,0.0014,0.00121,0.00118,0.00134,9.05E-04
,,,,,,,,,,479.01471,0.00668,0.00725,0.00693,0.0066,0.00653,0.00637,0.00612,0.00619,0.00563,479.00226,1.08E-04,8.10E-05,1.80E-04,1.43E-04,1.37E-04,2.09E-04,1.33E-04,2.04E-04,1.51E-04,478.99356,0.00442,0.00535,0.0052,0.00605,0.00613,0.00549,0.00548,0.00623,0.00446,,,,,,,,,,,479.01471,0.00434,0.00462,0.0045,0.00416,0.00467,0.00418,0.0039,0.00413,0.00384,479.00226,5.88E-04,8.04E-04,5.25E-04,7.27E-04,3.86E-04,5.35E-04,3.85E-04,6.62E-04,2.15E-04,478.99356,9.51E-04,8.14E-04,0.00112,0.00119,0.00126,0.00118,0.00116,0.0012,0.00101
,,,,,,,,,,478.48178,0.00668,0.00725,0.00697,0.00679,0.00687,0.00637,0.00612,0.00635,0.00595,478.50739,1.53E-04,7.37E-05,1.80E-04,1.43E-04,1.37E-04,2.09E-04,1.33E-04,2.05E-04,1.51E-04,478.4985,0.00386,0.00535,0.0052,0.00586,0.00635,0.00549,0.00548,0.00623,0.00446,,,,,,,,,,,478.48178,0.00431,0.00479,0.00467,0.00438,0.00422,0.00411,0.00408,0.00399,0.00395,478.50739,7.74E-04,5.74E-04,4.61E-04,3.67E-04,1.70E-04,5.35E-04,3.48E-04,5.24E-04,4.34E-04,478.4985,0.00121,0.00115,0.00124,0.0013,0.00144,0.00108,0.00139,0.00137,9.59E-04
,,,,,,,,,,477.98688,0.00671,0.00725,0.00716,0.00679,0.00708,0.00648,0.00631,0.00635,0.00611,478.01251,1.53E-04,2.75E-05,1.78E-04,1.30E-04,6.65E-05,1.57E-04,8.03E-05,2.04E-04,8.38E-05,478.00342,0.00386,0.00457,0.00565,0.00586,0.00635,0.00549,0.0054,0.00558,0.00472,,,,,,,,,,,477.98688,0.00452,0.00468,0.00464,0.00486,0.00457,0.00439,0.0043,0.0041,0.00463,478.01251,3.93E-04,7.05E-05,7.06E-04,3.83E-04,3.52E-04,6.38E-04,7.12E-04,5.85E-04,4.21E-04,478.00342,9.62E-04,0.00127,0.00124,0.00132,0.00158,0.00158,0.00133,0.00148,0.00145
,,,,,,,,,,477.49194,0.007,0.00735,0.00718,0.00737,0.00691,0.0066,0.00666,0.00619,0.00611,477.51761,1.53E-04,2.75E-05,1.78E-04,1.29E-04,6.65E-05,1.57E-04,8.03E-05,2.04E-04,1.64E-04,477.50827,0.00386,0.00535,0.00575,0.00605,0.00635,0.00562,0.0053,0.00638,0.00474,,,,,,,,,,,477.49194,0.00477,0.00476,0.00462,0.00495,0.0046,0.00426,0.00438,0.00449,0.00417,477.51761,5.69E-04,1.89E-04,4.55E-04,3.33E-04,4.32E-04,4.03E-04,2.06E-04,5.25E-04,0.00589,477.50827,8.30E-04,0.00119,0.00125,0.00126,0.00137,0.00121,0.00119,0.0014,0.00117
,,,,,,,,,,476.99686,0.00702,0.00725,0.00716,0.00738,0.00694,0.00678,0.00666,0.00635,0.00612,476.98462,4.53E-05,2.75E-05,5.85E-05,1.29E-04,1.37E-04,1.57E-04,7.75E-05,1.39E-04,9.52E-05,477.01306,0.00386,0.00553,0.00575,0.00615,0.00635,0.00573,0.0053,0.00642,0.00545,,,,,,,,,,,476.99686,0.0048,0.00525,0.00496,0.00476,0.00477,0.00479,0.00453,0.00431,0.00408,476.98462,1.16E-04,-3.94E-05,-1.23E-04,1.25E-04,-1.53E-04,-3.95E-06,-1.26E-04,3.56E-04,1.55E-04,477.01306,7.57E-04,9.82E-04,0.00121,0.00139,0.00136,0.00123,0.00114,0.00103,0.00102
,,,,,,,,,,476.50183,0.00702,0.0073,0.00688,0.00737,0.00694,0.00672,0.00657,0.00626,0.00612,476.48956,4.53E-05,7.37E-05,5.85E-05,6.62E-05,1.47E-04,1.29E-04,7.75E-05,1.39E-04,6.16E-05,476.51782,0.00386,0.00553,0.00583,0.00647,0.00635,0.00573,0.0053,0.00604,0.00545,,,,,,,,,,,476.50183,0.00457,0.00474,0.00471,0.00484,0.00446,0.00479,0.00436,0.00384,0.0039,476.48956,6.39E-04,8.53E-04,5.71E-04,3.30E-04,6.16E-04,7.50E-04,4.77E-04,7.96E-04,7.06E-04,476.51782,0.0011,0.00153,0.00142,0.00151,0.00147,0.00158,0.00114,0.00138,0.00151
,,,,,,,,,,476.00668,0.00691,0.0073,0.00688,0.00703,0.00694,0.00672,0.00657,0.00626,0.00603,475.99454,4.53E-05,9.08E-05,5.85E-05,6.62E-05,1.47E-04,1.29E-04,7.75E-05,1.39E-04,6.16E-05,475.98441,0.00432,0.00656,0.00589,0.00647,0.00669,0.00718,0.0053,0.00479,0.00526,,,,,,,,,,,476.00668,0.00453,0.00462,0.00431,0.00477,0.00448,0.00438,0.00399,0.00418,0.00395,475.99454,7.25E-05,2.79E-04,1.50E-04,3.39E-04,3.77E-04,4.63E-04,1.99E-04,8.24E-05,2.44E-04,475.98441,0.00144,0.00157,0.00174,0.00185,0.00167,0.00184,0.0015,0.00171,0.00146
,,,,,,,,,,475.51157,0.00691,0.0073,0.00688,0.00703,0.00694,0.00672,0.00657,0.00626,0.00592,475.49939,7.66E-05,1.01E-04,7.37E-05,6.62E-05,1.74E-04,1.51E-04,1.02E-04,8.44E-05,9.52E-05,475.48901,0.00451,0.00656,0.0066,0.00669,0.00669,0.00725,0.00573,0.00604,0.00526,,,,,,,,,,,475.51157,0.00444,0.00472,0.00444,0.00454,0.0045,0.00434,0.00424,0.00404,0.00427,475.49939,3.64E-04,2.33E-04,2.95E-04,1.70E-04,5.92E-04,3.31E-04,2.60E-04,4.40E-04,1.58E-04,475.48901,0.00126,0.00178,0.0015,0.00144,0.00156,0.00173,0.00142,0.0013,0.00117
,,,,,,,,,,475.01633,0.00691,0.0073,0.00688,0.00703,0.00696,0.00672,0.00652,0.00648,0.00592,475.00421,7.66E-05,1.01E-04,7.37E-05,4.35E-05,1.74E-04,1.51E-04,1.02E-04,8.44E-05,9.52E-05,474.99368,0.00451,0.00655,0.00589,0.00656,0.00619,0.00718,0.00607,0.00604,0.00477,,,,,,,,,,,475.01633,0.00446,0.00481,0.00446,0.00418,0.00459,0.00434,0.00441,0.00421,0.00376,475.00421,1.96E-04,3.48E-04,4.66E-04,0.00196,4.46E-04,3.86E-04,6.53E-04,8.00E-04,4.36E-04,474.99368,9.29E-04,0.00141,0.00127,0.00138,0.00144,0.00154,0.0013,9.60E-04,0.00113
,,,,,,,,,,474.48294,0.00691,0.00731,0.00691,0.00703,0.00705,0.00672,0.00657,0.00653,0.00592,474.509,1.01E-04,1.01E-04,7.37E-05,1.54E-05,1.74E-04,1.51E-04,1.56E-04,1.05E-04,6.16E-05,474.4982,0.00451,0.00608,0.00578,0.00641,0.00553,0.00581,0.00573,0.00489,0.00477,,,,,,,,,,,474.48294,0.00453,0.00487,0.00471,0.00511,0.00455,0.00467,0.00439,0.0043,0.00382,474.509,5.65E-04,2.58E-04,1.89E-04,3.96E-05,5.35E-04,5.11E-04,6.21E-04,2.16E-04,6.86E-04,474.4982,9.69E-04,0.00131,0.00153,0.00154,0.00133,0.00156,0.00123,0.00137,0.00102
,,,,,,,,,,473.98764,0.00701,0.00744,0.00726,0.00729,0.00711,0.00678,0.00679,0.00665,0.00592,474.01376,1.01E-04,1.21E-04,7.37E-05,1.54E-05,1.74E-04,1.90E-04,1.72E-04,1.05E-04,1.16E-04,474.00272,0.00432,0.00541,0.00575,0.00558,0.00504,0.00525,0.00542,0.00489,0.00476,,,,,,,,,,,473.98764,0.00464,0.00472,0.00473,0.00494,0.00464,0.00438,0.00421,0.00433,0.00396,474.01376,5.55E-04,3.22E-04,4.65E-04,1.12E-04,5.12E-04,4.88E-04,4.41E-04,2.70E-04,2.98E-04,474.00272,9.94E-04,0.00141,0.00124,0.00141,0.00119,0.00125,0.00134,0.00132,0.00103
,,,,,,,,,,473.49228,0.00701,0.00755,0.00729,0.00729,0.00714,0.00701,0.00679,0.00668,0.00613,473.5184,2.16E-04,1.21E-04,7.37E-05,1.54E-05,2.00E-04,1.90E-04,1.56E-04,1.05E-04,1.16E-04,473.50723,0.00451,0.00523,0.00575,0.00558,0.00504,0.00525,0.00542,0.00499,0.00476,,,,,,,,,,,473.49228,0.00497,0.00506,0.00469,0.00471,0.00476,0.00452,0.00467,0.00439,0.00398,473.5184,2.60E-04,3.11E-04,-4.66E-06,3.52E-05,1.75E-04,5.19E-04,4.00E-04,7.78E-04,1.16E-04,473.50723,9.72E-04,0.00112,0.00123,0.00114,0.00108,0.00113,0.00116,0.00105,0.00104
,,,,,,,,,,472.99692,0.00718,0.00753,0.00732,0.00729,0.00715,0.00701,0.00698,0.00668,0.00617,472.98492,1.46E-04,1.26E-04,1.34E-04,4.35E-05,2.00E-04,1.90E-04,1.56E-04,2.67E-04,1.16E-04,473.0116,0.00452,0.00523,0.00575,0.00558,0.00504,0.00525,0.00542,0.00499,0.00477,,,,,,,,,,,472.99692,0.00478,0.0051,0.00477,0.00472,0.00462,0.00453,0.0048,0.00431,0.00428,472.98492,0.00217,5.46E-04,4.36E-04,3.52E-04,7.91E-04,8.14E-04,8.51E-04,8.19E-04,5.49E-04,473.0116,7.36E-04,0.00116,0.00109,0.0012,8.74E-04,9.75E-04,0.00115,0.00107,9.92E-04
,,,,,,,,,,472.5014,0.00728,0.00763,0.00738,0.00725,0.00714,0.00701,0.00711,0.00668,0.00627,472.48956,1.46E-04,2.13E-04,1.34E-04,1.37E-04,2.19E-04,2.03E-04,1.56E-04,2.67E-04,2.14E-04,472.51602,0.00452,0.00523,0.00575,0.00558,0.00504,0.00525,0.00542,0.00499,0.00486,,,,,,,,,,,472.5014,0.0044,0.00493,0.00489,0.00466,0.00461,0.00488,0.0047,0.0044,0.00446,472.48956,6.82E-04,5.96E-04,3.44E-04,3.86E-04,5.61E-04,2.43E-04,3.49E-04,7.46E-04,6.93E-04,472.51602,0.00121,0.0011,0.00152,0.00122,0.00129,0.0016,0.00117,0.00107,0.00129
,,,,,,,,,,472.00595,0.00728,0.00763,0.00757,0.00725,0.00714,0.00709,0.00698,0.00668,0.00662,471.99408,1.46E-04,2.13E-04,1.34E-04,1.51E-04,2.19E-04,1.13E-04,1.80E-04,2.19E-04,2.14E-04,471.98218,0.00538,0.00541,0.00677,0.00569,0.00601,0.00556,0.00546,0.00499,0.00535,,,,,,,,,,,472.00595,0.0047,0.00486,0.00509,0.00473,0.00476,0.00458,0.00451,0.00427,0.00405,471.99408,3.75E-04,8.13E-04,5.87E-04,6.42E-04,7.49E-04,6.75E-04,7.54E-04,6.86E-04,6.36E-04,471.98218,0.00116,0.0014,0.00153,0.00122,0.00156,0.00136,0.00133,0.0012,0.00132
,,,,,,,,,,471.51035,0.00728,0.00763,0.00779,0.00725,0.00708,0.00709,0.00698,0.00682,0.00662,471.49863,1.46E-04,2.09E-04,1.34E-04,1.80E-04,1.44E-04,1.13E-04,1.80E-04,1.30E-04,1.44E-04,471.48639,0.00538,0.00593,0.0068,0.00569,0.00623,0.0057,0.00551,0.00559,0.00599,,,,,,,,,,,471.51035,0.00501,0.00505,0.00519,0.00468,0.00457,0.005,0.00459,0.00452,0.00427,471.49863,5.79E-04,6.47E-04,5.75E-04,6.28E-04,5.68E-04,6.32E-04,7.38E-04,5.61E-04,7.32E-04,471.48639,0.00127,0.00138,0.00146,0.00137,0.00134,0.0012,0.00154,0.00146,0.00115
,,,,,,,,,,471.01474,0.0073,0.00781,0.00788,0.00733,0.00708,0.00709,0.00698,0.00674,0.00662,471.00302,1.46E-04,2.09E-04,2.11E-04,2.32E-04,1.44E-04,2.35E-04,2.30E-04,1.30E-04,1.44E-04,470.99063,0.00473,0.00595,0.00677,0.00573,0.00672,0.00567,0.00551,0.00591,0.00572,,,,,,,,,,,471.01474,0.00476,0.00523,0.00503,0.00508,0.0048,0.00466,0.00451,0.00494,0.00434,471.00302,1.96E-04,5.06E-04,1.44E-04,0.01226,1.56E-04,2.90E-04,4.60E-04,2.30E-04,3.70E-04,470.99063,0.00121,0.00156,0.00158,0.00141,0.00161,0.00165,0.00166,0.00167,0.00148
,,,,,,,,,,470.48102,0.00737,0.00788,0.00779,0.00768,0.00708,0.00719,0.00698,0.007,0.00665,470.50742,1.65E-04,2.09E-04,2.11E-04,2.32E-04,1.44E-04,2.06E-04,2.30E-04,1.30E-04,1.44E-04,470.49481,0.00473,0.00595,0.00592,0.00613,0.00623,0.00567,0.00528,0.00591,0.00535,,,,,,,,,,,470.48102,0.00482,0.00521,0.00511,0.0051,0.00454,0.00453,0.00435,0.00463,0.00429,470.50742,5.74E-04,5.35E-04,6.98E-04,4.60E-04,3.68E-04,6.01E-04,8.10E-04,3.33E-04,3.34E-04,470.49481,0.00102,0.00127,0.00146,0.00135,0.00166,0.00123,0.00118,0.00133,0.00149
,,,,,,,,,,469.98532,0.00737,0.00802,0.00779,0.00787,0.00743,0.00719,0.00698,0.00713,0.00672,470.01178,1.65E-04,2.09E-04,2.11E-04,2.32E-04,1.44E-04,1.99E-04,2.30E-04,1.30E-04,1.44E-04,469.99893,0.00473,0.00595,0.00592,0.00613,0.00653,0.0057,0.00528,0.00591,0.00572,,,,,,,,,,,469.98532,0.00471,0.00509,0.00515,0.00496,0.00492,0.00464,0.00472,0.00435,0.00442,470.01178,4.23E-04,6.53E-04,5.42E-04,5.95E-04,4.84E-04,7.70E-04,5.88E-04,6.01E-04,7.42E-04,469.99893,8.91E-04,0.00128,0.00113,0.00123,0.00144,0.00122,0.00109,0.00127,0.00123
,,,,,,,,,,469.4895,0.00747,0.00802,0.00792,0.00791,0.00761,0.00719,0.00726,0.00713,0.00672,469.51608,2.23E-04,2.27E-04,2.11E-04,2.32E-04,1.81E-04,2.06E-04,2.36E-04,2.11E-04,2.00E-04,469.50296,0.00473,0.00595,0.00592,0.00613,0.00653,0.0057,0.00528,0.00591,0.00572,,,,,,,,,,,469.4895,0.005,0.00518,0.00499,0.00521,0.00512,0.00472,0.00469,0.0046,0.00434,469.51608,5.71E-04,5.93E-04,9.18E-04,6.43E-04,8.72E-04,5.29E-04,6.79E-04,8.76E-04,5.14E-04,469.50296,0.00116,0.00158,0.00127,0.00132,0.00129,0.00132,0.00113,0.00121,0.0011
,,,,,,,,,,468.99377,0.00758,0.00802,0.00798,0.00806,0.00792,0.00731,0.00732,0.00713,0.00685,468.98224,2.23E-04,2.31E-04,2.11E-04,2.32E-04,1.89E-04,2.06E-04,2.30E-04,2.35E-04,2.00E-04,469.00705,0.0051,0.00595,0.00592,0.00613,0.00653,0.00613,0.00528,0.00591,0.00572,,,,,,,,,,,468.99377,0.0049,0.00541,0.00565,0.00539,0.00515,0.00494,0.00494,0.00472,0.00518,468.98224,8.33E-04,5.82E-04,6.03E-04,6.66E-04,4.65E-04,5.10E-04,6.06E-04,5.40E-04,6.93E-04,469.00705,0.00124,0.00148,0.0014,0.0015,0.0014,0.00148,0.00135,0.0014,0.00136
,,,,,,,,,,468.49786,0.00772,0.00838,0.00809,0.00806,0.00793,0.00766,0.00753,0.00731,0.00713,468.48639,2.23E-04,2.27E-04,2.24E-04,1.98E-04,1.94E-04,2.06E-04,2.36E-04,2.67E-04,2.00E-04,468.51099,0.00542,0.0065,0.00613,0.00663,0.00653,0.00641,0.0062,0.00614,0.00595,,,,,,,,,,,468.49786,0.0055,0.00548,0.00522,0.00537,0.00511,0.00507,0.00486,0.00472,0.00461,468.48639,7.15E-04,7.46E-04,5.24E-04,6.94E-04,4.98E-04,8.28E-04,8.16E-04,6.85E-04,6.92E-04,468.51099,0.0011,0.0014,0.00147,0.00151,0.00174,0.00145,0.00183,0.00132,0.00128
,,,,,,,,,,468.00198,0.00772,0.00838,0.0081,0.00817,0.00792,0.00766,0.00753,0.00732,0.00714,467.9906,1.38E-04,2.13E-04,2.04E-04,1.95E-04,1.94E-04,2.06E-04,2.36E-04,2.67E-04,1.97E-04,468.01498,0.00564,0.0065,0.00642,0.00672,0.00655,0.00674,0.00629,0.00652,0.00634,,,,,,,,,,,468.00198,0.00536,0.00557,0.00542,0.00567,0.0052,0.00499,0.00499,0.00493,0.00481,467.9906,0.00102,7.12E-04,7.05E-04,5.07E-04,5.52E-04,5.27E-04,5.86E-04,7.89E-04,4.93E-04,468.01498,0.00121,0.00121,0.00132,0.00143,0.00141,0.00138,0.00133,0.00152,0.00139
,,,,,,,,,,467.50607,0.00776,0.00838,0.0081,0.00801,0.0077,0.00766,0.00748,0.00744,0.00713,467.49466,1.38E-04,2.04E-04,2.04E-04,1.95E-04,2.15E-04,2.51E-04,2.49E-04,2.67E-04,1.97E-04,467.5188,0.00564,0.0065,0.00642,0.00672,0.0075,0.00674,0.0063,0.00707,0.00635,,,,,,,,,,,467.50607,0.00499,0.00541,0.00523,0.00517,0.00534,0.00509,0.00498,0.0048,0.00473,467.49466,3.53E-04,3.96E-04,5.75E-04,5.00E-04,5.82E-04,0.00102,6.39E-04,9.36E-04,8.41E-04,467.5188,0.00143,0.00154,0.00148,0.00144,0.00161,0.00158,0.00163,0.00155,0.00152
,,,,,,,,,,467.01004,0.00772,0.00829,0.0084,0.00801,0.00758,0.00766,0.00748,0.00756,0.00714,466.99878,1.38E-04,2.04E-04,2.24E-04,1.95E-04,2.20E-04,2.51E-04,2.49E-04,3.06E-04,1.97E-04,466.98444,0.00569,0.00716,0.00642,0.00672,0.0075,0.00737,0.0063,0.00721,0.00643,,,,,,,,,,,467.01004,0.00504,0.00535,0.00556,0.00528,0.00483,0.00494,0.00483,0.00502,0.00461,466.99878,3.53E-04,5.47E-04,4.00E-04,2.86E-04,5.64E-04,7.32E-04,8.18E-04,7.83E-04,5.06E-04,466.98444,0.00122,0.0018,0.00138,0.00161,0.00171,0.00164,0.00135,0.00157,0.00137
,,,,,,,,,,466.51401,0.00772,0.00829,0.0083,0.00801,0.00758,0.00766,0.00748,0.00756,0.00714,466.50275,1.38E-04,1.90E-04,2.24E-04,1.95E-04,2.27E-04,2.51E-04,2.49E-04,2.73E-04,2.80E-04,466.48822,0.00589,0.00716,0.00688,0.0072,0.0075,0.00737,0.00756,0.00721,0.00636,,,,,,,,,,,466.51401,0.00501,0.00551,0.00551,0.00515,0.00497,0.00486,0.00481,0.00489,0.00438,466.50275,4.83E-04,5.22E-04,6.09E-04,6.51E-04,7.57E-04,6.43E-04,7.69E-04,6.72E-04,9.02E-04,466.48822,0.00155,0.00163,0.00169,0.00174,0.00181,0.0018,0.00176,0.00164,0.00138
,,,,,,,,,,466.01797,0.00776,0.00829,0.00853,0.00817,0.00758,0.00766,0.00748,0.00758,0.00714,466.00671,1.55E-04,1.90E-04,2.01E-04,2.22E-04,2.68E-04,2.51E-04,2.92E-04,2.62E-04,1.97E-04,465.99194,0.00569,0.00685,0.00746,0.00749,0.00772,0.00751,0.00712,0.00667,0.00636,,,,,,,,,,,466.01797,0.00486,0.00534,0.00551,0.0053,0.0049,0.0051,0.00506,0.00488,0.00484,466.00671,6.08E-04,9.68E-04,6.59E-04,9.14E-04,0.00101,0.00104,7.49E-04,0.00202,8.78E-04,465.99194,0.00151,0.00178,0.00169,0.00161,0.00182,0.0018,0.00164,0.00168,0.00161
,,,,,,,,,,465.48367,0.00776,0.00852,0.00853,0.00802,0.0077,0.00776,0.00784,0.00758,0.0075,465.51065,1.56E-04,1.90E-04,2.01E-04,2.22E-04,2.68E-04,2.16E-04,2.36E-04,2.51E-04,2.74E-04,465.49564,0.00572,0.00669,0.0076,0.0072,0.00767,0.00751,0.00712,0.00667,0.00643,,,,,,,,,,,465.48367,0.00532,0.00573,0.00536,0.00565,0.00523,0.00545,0.00533,0.00522,0.005,465.51065,5.50E-04,4.86E-04,0.00234,5.70E-04,7.40E-04,4.35E-04,6.05E-04,7.00E-04,7.17E-04,465.49564,0.00127,0.00147,0.00164,0.00155,0.00156,0.00147,0.00166,0.00143,0.00137
,,,,,,,,,,464.98749,0.0078,0.00852,0.0083,0.00814,0.00799,0.00776,0.00784,0.00756,0.0075,465.01453,1.56E-04,1.90E-04,1.87E-04,1.75E-04,2.50E-04,2.16E-04,2.36E-04,1.95E-04,1.76E-04,464.99924,0.00572,0.00669,0.0076,0.00697,0.00727,0.00751,0.00712,0.00667,0.00696,,,,,,,,,,,464.98749,0.00528,0.00552,0.00575,0.00567,0.00558,0.00569,0.00534,0.00515,0.00504,465.01453,3.98E-04,4.78E-04,5.16E-04,7.02E-04,6.88E-04,6.47E-04,0.00117,6.43E-04,4.50E-04,464.99924,0.0012,0.00144,0.0016,0.00163,0.00166,0.00161,0.00153,0.00134,0.0015
,,,,,,,,,,464.4913,0.00818,0.00855,0.0083,0.00814,0.0081,0.00776,0.00792,0.00785,0.00753,464.51828,1.56E-04,1.86E-04,1.41E-04,1.75E-04,2.42E-04,2.16E-04,2.14E-04,1.95E-04,1.76E-04,464.5029,0.00559,0.00657,0.00746,0.00697,0.00727,0.00741,0.00712,0.00667,0.00696,,,,,,,,,,,464.4913,0.00534,0.0055,0.00556,0.00518,0.00551,0.00501,0.00511,0.00507,0.00486,464.51828,3.99E-04,7.23E-04,3.19E-04,4.30E-04,5.18E-04,5.52E-04,5.28E-04,4.26E-04,7.03E-04,464.5029,0.00123,0.00135,0.00163,0.0015,0.00165,0.00163,0.00134,0.00149,0.00158
,,,,,,,,,,463.99496,0.00814,0.00855,0.00835,0.00814,0.00831,0.00776,0.00777,0.0077,0.00746,463.98395,1.56E-04,1.86E-04,1.41E-04,1.68E-04,2.02E-04,2.16E-04,2.06E-04,1.89E-04,1.76E-04,464.00641,0.00559,0.00657,0.00708,0.00697,0.00754,0.00741,0.00681,0.00694,0.00715,,,,,,,,,,,463.99496,0.00503,0.00571,0.00532,0.00526,0.00516,0.00496,0.00471,0.00486,0.00482,463.98395,5.01E-04,5.86E-04,4.79E-04,4.48E-04,6.40E-04,6.60E-04,6.54E-04,4.99E-04,4.46E-04,464.00641,0.0014,0.00161,0.00166,0.00149,0.00144,0.00179,0.00153,0.00161,0.00171
,,,,,,,,,,463.49863,0.0081,0.00852,0.00835,0.00814,0.00821,0.00776,0.00777,0.0077,0.0074,463.48767,1.56E-04,2.28E-04,1.41E-04,1.68E-04,2.02E-04,2.16E-04,1.68E-04,1.66E-04,2.66E-04,463.50989,0.00559,0.00657,0.00708,0.00697,0.00754,0.00672,0.00681,0.00694,0.00733,,,,,,,,,,,463.49863,0.00573,0.00573,0.00555,0.00527,0.0056,0.00536,0.00513,0.00509,0.0054,463.48767,8.57E-04,4.63E-04,3.62E-04,4.72E-04,6.20E-04,6.14E-04,5.49E-04,6.79E-04,8.07E-04,463.50989,0.0012,0.00141,0.00152,0.00165,0.00181,0.00159,0.00172,0.0017,0.00159
,,,,,,,,,,463.00229,0.00795,0.00884,0.00835,0.00816,0.00817,0.00828,0.00777,0.0077,0.00739,462.99136,1.54E-04,2.09E-04,1.87E-04,1.75E-04,2.42E-04,2.39E-04,1.68E-04,1.89E-04,2.66E-04,463.01334,0.00559,0.00674,0.00708,0.00739,0.00754,0.00672,0.00682,0.00701,0.00739,,,,,,,,,,,463.00229,0.00525,0.00573,0.00539,0.00535,0.00536,0.00535,0.00502,0.00497,0.00477,462.99136,5.02E-04,6.21E-04,5.26E-04,2.99E-04,3.25E-04,4.83E-04,4.05E-04,4.86E-04,6.81E-04,463.01334,0.00103,0.00145,0.00152,0.00159,0.00162,0.00129,0.00146,0.00151,0.00154
,,,,,,,,,,462.50589,0.0081,0.00884,0.00837,0.00828,0.00821,0.00829,0.00795,0.00779,0.00739,462.49493,1.54E-04,2.00E-04,1.88E-04,1.84E-04,2.42E-04,1.95E-04,1.68E-04,1.89E-04,2.92E-04,462.51675,0.00559,0.00674,0.00708,0.00739,0.00754,0.00672,0.00682,0.0068,0.00715,,,,,,,,,,,462.50589,0.00523,0.00539,0.0054,0.00543,0.0053,0.00538,0.00517,0.00503,0.00477,462.49493,3.77E-04,0.00811,4.82E-04,6.90E-04,6.75E-04,0.00284,4.31E-04,3.69E-04,7.49E-04,462.51675,0.00128,0.00161,0.00159,0.00164,0.00164,0.00144,0.00171,0.00145,0.00173
,,,,,,,,,,462.00934,0.0081,0.00884,0.00837,0.00841,0.00821,0.00833,0.00798,0.00779,0.00739,461.99863,1.54E-04,2.00E-04,1.88E-04,2.16E-04,2.08E-04,1.95E-04,1.58E-04,1.89E-04,2.92E-04,461.98193,0.00596,0.00674,0.00708,0.00739,0.00754,0.00672,0.00682,0.0068,0.00715,,,,,,,,,,,462.00934,0.00513,0.00571,0.00565,0.0058,0.00528,0.00538,0.00515,0.0054,0.00475,461.99863,3.95E-04,5.36E-04,6.56E-04,6.11E-04,7.67E-04,0.00144,8.21E-04,8.46E-04,9.66E-04,461.98193,0.00152,0.00173,0.00183,0.00163,0.00182,0.00149,0.00147,0.00171,0.00161
,,,,,,,,,,461.51294,0.0081,0.00884,0.00875,0.00892,0.00821,0.00833,0.008,0.00819,0.00739,461.50211,1.47E-04,1.48E-04,1.75E-04,2.38E-04,2.08E-04,1.95E-04,1.68E-04,2.13E-04,2.92E-04,461.48529,0.00597,0.00738,0.00741,0.00754,0.00759,0.00693,0.00727,0.0068,0.00721,,,,,,,,,,,461.51294,0.00533,0.00572,0.00578,0.00576,0.00546,0.00548,0.00528,0.00529,0.00514,461.50211,4.32E-04,5.13E-04,6.44E-04,7.08E-04,9.68E-04,5.00E-04,6.50E-04,9.52E-04,7.73E-04,461.48529,0.00128,0.00159,0.00165,0.00158,0.0016,0.00153,0.00159,0.00146,0.00146
,,,,,,,,,,461.0163,0.00826,0.00886,0.00895,0.00899,0.00846,0.00847,0.00818,0.00836,0.00797,461.00562,1.54E-04,1.48E-04,1.75E-04,2.38E-04,1.79E-04,1.91E-04,2.27E-04,2.13E-04,2.23E-04,460.98849,0.00634,0.00738,0.00755,0.00754,0.00759,0.00714,0.00727,0.00701,0.00721,,,,,,,,,,,461.0163,0.00549,0.00583,0.00584,0.00686,0.00589,0.00547,0.00551,0.00541,0.00541,461.00562,4.07E-04,3.81E-04,4.48E-04,5.55E-04,5.34E-04,7.46E-04,3.58E-04,8.86E-04,8.38E-04,460.98849,0.00136,0.00135,0.00134,0.00169,0.00163,0.00165,0.00156,0.00151,0.00155
,,,,,,,,,,460.48151,0.0085,0.00903,0.00905,0.00916,0.009,0.00849,0.00852,0.00838,0.00808,460.50903,1.59E-04,1.05E-04,1.56E-04,2.16E-04,1.79E-04,1.88E-04,1.89E-04,2.13E-04,2.23E-04,460.49167,0.00634,0.00738,0.0073,0.00754,0.00759,0.00768,0.0074,0.00701,0.00721,,,,,,,,,,,460.48151,0.00553,0.00592,0.00585,0.00592,0.00581,0.00568,0.00565,0.00545,0.00522,460.50903,2.55E-04,2.70E-04,3.74E-04,0.00103,4.59E-04,4.90E-04,6.50E-04,5.45E-04,5.18E-04,460.49167,0.00142,0.00171,0.00162,0.00162,0.00181,0.00165,0.00167,0.00197,0.00155
,,,,,,,,,,459.98489,0.00856,0.00916,0.00906,0.00939,0.00912,0.00879,0.00853,0.00844,0.00819,460.01245,1.59E-04,8.15E-05,1.56E-04,2.15E-04,1.79E-04,1.78E-04,1.89E-04,2.13E-04,2.23E-04,459.99487,0.0065,0.00765,0.0073,0.00787,0.00812,0.00768,0.00735,0.00817,0.00722,,,,,,,,,,,459.98489,0.00578,0.00598,0.00601,0.00606,0.00609,0.00589,0.0055,0.00551,0.00529,460.01245,4.28E-04,4.96E-04,5.40E-04,6.83E-04,2.92E-04,4.83E-04,5.82E-04,4.60E-04,5.72E-04,459.99487,0.0014,0.00164,0.0017,0.00176,0.0019,0.00184,0.00194,0.00176,0.00176
,,,,,,,,,,459.48813,0.00879,0.00916,0.0093,0.00939,0.00931,0.00912,0.00875,0.00853,0.00819,459.51581,1.59E-04,8.15E-05,1.56E-04,2.15E-04,1.42E-04,1.78E-04,2.27E-04,2.13E-04,2.23E-04,459.49799,0.0065,0.00797,0.00755,0.0082,0.00841,0.00838,0.00777,0.00817,0.0082,,,,,,,,,,,459.48813,0.00568,0.00591,0.0063,0.00616,0.00656,0.00598,0.00574,0.00551,0.00545,459.51581,4.08E-04,1.75E-04,4.01E-04,5.51E-04,6.27E-04,4.55E-04,4.84E-04,6.86E-04,6.59E-04,459.49799,0.00151,0.00186,0.00157,0.00177,0.00181,0.0018,0.00179,0.00183,0.00192
,,,,,,,,,,458.99142,0.00879,0.00927,0.00959,0.00953,0.00931,0.00912,0.00889,0.00853,0.00839,459.01907,1.67E-04,8.15E-05,1.56E-04,2.15E-04,1.42E-04,1.78E-04,2.27E-04,2.68E-04,2.57E-04,459.00104,0.00648,0.00765,0.00767,0.00823,0.00812,0.00838,0.0078,0.008,0.0082,,,,,,,,,,,458.99142,0.00582,0.00612,0.00642,0.00658,0.00619,0.00616,0.006,0.00604,0.00582,459.01907,5.46E-04,2.09E-04,5.45E-04,3.00E-04,4.97E-04,4.47E-04,6.88E-04,7.86E-04,7.16E-04,459.00104,0.00164,0.00197,0.00185,0.00184,0.00174,0.00182,0.00158,0.00197,0.00191
,,,,,,,,,,458.4946,0.00879,0.00924,0.00972,0.00953,0.00931,0.00889,0.00889,0.00878,0.00845,458.48413,1.90E-04,8.15E-05,1.56E-04,2.15E-04,1.94E-04,1.78E-04,2.69E-04,3.07E-04,2.58E-04,458.50412,0.00623,0.00758,0.00767,0.00853,0.00812,0.00813,0.0078,0.008,0.00771,,,,,,,,,,,458.4946,0.00581,0.00624,0.00619,0.00646,0.00601,0.00633,0.00574,0.00591,0.00567,458.48413,5.74E-04,5.22E-04,8.62E-04,7.74E-04,3.63E-04,8.40E-04,7.54E-04,0.00132,8.25E-04,458.50412,0.00139,0.00175,0.00173,0.00195,0.00181,0.00195,0.00188,0.00172,0.00178
,,,,,,,,,,457.99777,0.00895,0.00943,0.00959,0.00947,0.00927,0.00886,0.00889,0.00884,0.00839,457.9873,2.10E-04,1.27E-04,1.93E-04,2.03E-04,1.42E-04,1.74E-04,2.69E-04,3.07E-04,2.79E-04,458.00702,0.00623,0.00749,0.00803,0.00853,0.00805,0.00813,0.00735,0.00797,0.00771,,,,,,,,,,,457.99777,0.00556,0.00641,0.00636,0.00615,0.00599,0.00574,0.00596,0.00604,0.00542,457.9873,6.78E-04,5.43E-04,2.82E-04,5.92E-04,6.87E-04,7.25E-04,7.95E-04,0.01323,6.62E-04,458.00702,0.00134,0.00143,0.00165,0.00183,0.00165,0.00175,0.00168,0.00162,0.00166
,,,,,,,,,,457.50082,0.00889,0.00924,0.00959,0.00947,0.00927,0.00886,0.00888,0.00884,0.00839,457.49051,2.10E-04,2.04E-04,1.93E-04,2.31E-04,1.42E-04,2.33E-04,2.94E-04,3.94E-04,2.90E-04,457.51004,0.00623,0.00749,0.00767,0.00802,0.00795,0.00813,0.00761,0.00797,0.00771,,,,,,,,,,,457.50082,0.00584,0.00596,0.00627,0.00612,0.00608,0.00572,0.00573,0.00567,0.00553,457.49051,4.88E-04,5.99E-04,6.84E-04,7.23E-04,6.68E-04,8.81E-04,0.00103,0.00104,0.00113,457.51004,0.0011,0.00163,0.00181,0.00184,0.00197,0.00173,0.00177,0.00184,0.00164
,,,,,,,,,,457.00397,0.00889,0.00924,0.00972,0.00947,0.00927,0.00886,0.00888,0.00884,0.00839,456.99359,2.10E-04,2.12E-04,1.93E-04,2.03E-04,1.96E-04,2.33E-04,2.63E-04,3.94E-04,2.90E-04,457.01288,0.00547,0.00734,0.0076,0.00755,0.00767,0.00805,0.00761,0.00797,0.00771,,,,,,,,,,,457.00397,0.00578,0.00609,0.00594,0.00611,0.0058,0.00556,0.00578,0.00571,0.00516,456.99359,5.39E-04,3.25E-04,4.94E-04,5.20E-04,2.52E-04,4.12E-04,6.24E-04,6.56E-04,7.42E-04,457.01288,0.00134,0.00161,0.0019,0.00172,0.00173,0.00196,0.00145,0.00171,0.00178
,,,,,,,,,,456.50696,0.00889,0.00924,0.00972,0.00947,0.00939,0.00886,0.00888,0.00884,0.00852,456.4967,1.90E-04,2.33E-04,2.06E-04,2.03E-04,1.96E-04,2.33E-04,2.59E-04,3.94E-04,2.90E-04,456.51566,0.00547,0.00749,0.0076,0.00755,0.00795,0.00805,0.00761,0.00821,0.00829,,,,,,,,,,,456.50696,0.00574,0.00582,0.00671,0.0061,0.00615,0.00575,0.00569,0.00651,0.00556,456.4967,6.08E-04,7.09E-04,7.68E-04,9.99E-04,7.86E-04,5.98E-04,9.11E-04,0.00101,7.55E-04,456.51566,0.00148,0.00166,0.00163,0.00159,0.00171,0.00188,0.00164,0.00194,0.00181
,,,,,,,,,,456.00992,0.00889,0.00926,0.00971,0.00947,0.00939,0.00891,0.00896,0.00901,0.00852,455.99969,1.76E-04,2.33E-04,2.06E-04,2.03E-04,1.96E-04,2.33E-04,2.59E-04,3.94E-04,2.90E-04,456.01852,0.00623,0.00749,0.0076,0.00755,0.00795,0.00874,0.00761,0.00821,0.00835,,,,,,,,,,,456.00992,0.00588,0.00614,0.00631,0.00631,0.00612,0.0059,0.00596,0.00596,0.00563,455.99969,5.58E-04,5.96E-04,6.30E-04,3.33E-04,5.02E-04,6.91E-04,6.74E-04,0.00104,7.43E-04,456.01852,0.00118,0.00158,0.00155,0.00162,0.00161,0.00156,0.00191,0.00176,0.0018
,,,,,,,,,,455.51285,0.00889,0.00926,0.00977,0.00956,0.00948,0.00914,0.00923,0.00911,0.00861,455.50266,1.76E-04,2.77E-04,2.06E-04,2.19E-04,2.66E-04,2.70E-04,2.63E-04,3.94E-04,2.95E-04,455.48297,0.00691,0.00737,0.0076,0.00755,0.00795,0.00874,0.00859,0.00904,0.00841,,,,,,,,,,,455.51285,0.00565,0.00598,0.00644,0.00617,0.00606,0.00592,0.00601,0.00582,0.0055,455.50266,4.50E-04,7.89E-04,5.28E-04,5.61E-04,7.24E-04,9.47E-04,6.63E-04,0.0013,0.00112,455.48297,0.00163,0.00185,0.00176,0.00194,0.00188,0.00188,0.00194,0.00202,0.00202
,,,,,,,,,,455.01575,0.0091,0.00951,0.00971,0.00962,0.00948,0.00917,0.0093,0.00911,0.00867,455.00562,1.75E-04,3.08E-04,2.06E-04,2.19E-04,1.96E-04,2.79E-04,2.63E-04,3.65E-04,3.49E-04,454.98569,0.00581,0.00737,0.00721,0.00755,0.00874,0.00775,0.00859,0.00901,0.00839,,,,,,,,,,,455.01575,0.00622,0.00619,0.00627,0.00621,0.00614,0.00627,0.00606,0.00589,0.0056,455.00562,4.49E-04,0.00112,7.07E-04,8.80E-04,0.00184,9.98E-04,9.87E-04,0.00116,0.00118,454.98569,0.00162,0.00222,0.00207,0.00195,0.00211,0.00234,0.0022,0.00217,0.00194
,,,,,,,,,,454.51859,0.0094,0.00958,0.00971,0.00962,0.00951,0.00933,0.00931,0.00911,0.00867,454.50851,1.73E-04,3.58E-04,2.04E-04,2.42E-04,2.18E-04,2.79E-04,2.68E-04,3.49E-04,3.49E-04,454.48828,0.00593,0.00766,0.00797,0.00746,0.00874,0.00829,0.00859,0.00901,0.00839,,,,,,,,,,,454.51859,0.00614,0.00623,0.00636,0.00636,0.00651,0.00602,0.00618,0.00604,0.0058,454.50851,7.85E-04,0.00181,5.23E-04,7.31E-04,6.81E-04,7.15E-04,9.60E-04,8.94E-04,0.001,454.48828,0.00167,0.00158,0.00191,0.0019,0.00202,0.00215,0.00185,0.00201,0.00189
,,,,,,,,,,453.98312,0.00946,0.00965,0.00971,0.0097,0.00975,0.00968,0.00938,0.00936,0.00898,454.01126,1.61E-04,3.58E-04,1.49E-04,2.42E-04,1.97E-04,2.79E-04,3.59E-04,3.49E-04,3.49E-04,453.99097,0.00593,0.00766,0.00775,0.00746,0.0085,0.00829,0.00859,0.00827,0.00839,,,,,,,,,,,453.98312,0.00656,0.00625,0.0062,0.00652,0.00668,0.00625,0.00601,0.00622,0.00591,454.01126,4.44E-04,9.17E-04,6.03E-04,7.04E-04,4.72E-04,7.42E-04,6.86E-04,9.36E-04,8.94E-04,453.99097,0.00125,0.00176,0.00146,0.00154,0.00192,0.00167,0.00178,0.00194,0.0018
,,,,,,,,,,453.48584,0.0094,0.00968,0.00984,0.00985,0.00991,0.00968,0.00957,0.00937,0.00898,453.51413,1.61E-04,2.25E-04,1.41E-04,2.07E-04,1.84E-04,2.79E-04,2.68E-04,3.24E-04,3.49E-04,453.4935,0.00593,0.00766,0.0068,0.00746,0.0085,0.00791,0.00828,0.00827,0.00833,,,,,,,,,,,453.48584,0.00607,0.00633,0.00641,0.00626,0.0063,0.00638,0.00623,0.00605,0.00583,453.51413,3.24E-04,0.00164,3.82E-04,6.21E-04,5.60E-04,6.74E-04,9.20E-04,7.03E-04,8.76E-04,453.4935,0.00128,0.00165,0.00171,0.0016,0.00183,0.00178,0.00189,0.00175,0.00175
,,,,,,,,,,452.98849,0.0091,0.0098,0.00993,0.00986,0.00991,0.00988,0.00966,0.00937,0.00903,453.01685,1.26E-04,1.93E-04,1.41E-04,2.07E-04,1.84E-04,2.89E-04,2.24E-04,2.94E-04,3.42E-04,452.99597,0.00593,0.00766,0.0068,0.00746,0.0085,0.00779,0.00828,0.00814,0.00814,,,,,,,,,,,452.98849,0.00611,0.00648,0.00693,0.0067,0.00642,0.00665,0.0063,0.00646,0.00604,453.01685,4.13E-04,4.94E-04,2.80E-04,5.32E-04,5.06E-04,9.17E-04,0.00123,9.89E-04,9.49E-04,452.99597,0.00136,0.00167,0.00167,0.00163,0.00177,0.00182,0.0019,0.00178,0.00184
,,,,,,,,,,452.49118,0.00907,0.00992,0.01002,0.00986,0.00991,0.00988,0.00975,0.00937,0.00903,452.48123,1.04E-04,1.88E-04,1.41E-04,1.84E-04,1.97E-04,3.47E-04,2.24E-04,2.92E-04,3.42E-04,452.49844,0.00599,0.00766,0.00775,0.00757,0.0085,0.00791,0.00879,0.00814,0.00814,,,,,,,,,,,452.49118,0.00587,0.00667,0.0065,0.00659,0.0064,0.00648,0.00639,0.00713,0.0058,452.48123,5.07E-04,5.77E-04,3.61E-04,2.16E-04,4.15E-04,0.00118,5.75E-04,8.30E-04,9.22E-04,452.49844,0.00129,0.00167,0.00146,0.00188,0.00183,0.0017,0.00175,0.00202,0.00179
,,,,,,,,,,451.99374,0.00907,0.00998,0.01006,0.01012,0.00991,0.00996,0.00975,0.00937,0.00898,451.98389,7.88E-05,1.85E-04,1.09E-04,1.79E-04,1.97E-04,3.47E-04,2.24E-04,2.94E-04,3.53E-04,452.00088,0.00631,0.00776,0.00775,0.00858,0.00852,0.00791,0.00883,0.00808,0.00833,,,,,,,,,,,451.99374,0.00584,0.00644,0.00661,0.00637,0.00666,0.00638,0.00637,0.00601,0.00614,451.98389,-2.39E-05,4.82E-04,0.00246,6.26E-04,5.90E-04,8.89E-04,4.00E-04,7.55E-04,8.19E-04,452.00088,0.00136,0.00145,0.0017,0.00186,0.00189,0.00168,0.0019,0.00168,0.00164
,,,,,,,,,,451.49631,0.00906,0.00992,0.01002,0.01004,0.00991,0.00996,0.00962,0.00937,0.00898,451.48651,2.04E-05,1.44E-04,1.07E-04,1.79E-04,1.62E-04,2.85E-04,1.71E-04,2.93E-04,3.20E-04,451.50327,0.00631,0.00778,0.00789,0.00866,0.00881,0.00791,0.00861,0.00808,0.00833,,,,,,,,,,,451.49631,0.00586,0.00641,0.00647,0.00653,0.00659,0.00643,0.00636,0.00622,0.00608,451.48651,2.66E-04,2.62E-04,4.49E-04,4.71E-04,6.62E-04,0.00119,7.39E-04,7.48E-04,9.76E-04,451.50327,0.00144,0.00176,0.00187,0.00184,0.00206,0.00189,0.00196,0.00192,0.00187
,,,,,,,,,,450.99887,0.00906,0.00992,0.01002,0.01004,0.00978,0.00996,0.00962,0.00937,0.00934,450.98907,2.04E-05,1.44E-04,1.07E-04,1.84E-04,2.30E-04,2.85E-04,1.71E-04,2.93E-04,3.20E-04,451.00558,0.00672,0.00818,0.00793,0.0086,0.00898,0.00808,0.00883,0.00808,0.00824,,,,,,,,,,,450.99887,0.00597,0.00651,0.00676,0.00659,0.0063,0.00672,0.00608,0.00605,0.0058,450.98907,2.02E-04,4.75E-04,2.72E-04,4.58E-04,8.07E-04,7.31E-04,8.48E-04,9.41E-04,9.05E-04,451.00558,0.00158,0.00198,0.00173,0.00204,0.00213,0.00204,0.00213,0.00174,0.00195
,,,,,,,,,,450.50128,0.00907,0.00992,0.01002,0.01012,0.00978,0.01012,0.00962,0.00937,0.00934,450.49161,7.88E-05,1.44E-04,1.07E-04,1.84E-04,2.58E-04,2.85E-04,2.88E-04,2.93E-04,3.53E-04,450.50781,0.00684,0.00822,0.00806,0.0086,0.00906,0.00881,0.009,0.00824,0.00872,,,,,,,,,,,450.50128,0.00585,0.0064,0.00645,0.00648,0.0064,0.00654,0.00621,0.0063,0.00611,450.49161,5.22E-05,3.69E-04,2.75E-04,4.80E-04,3.43E-04,6.48E-04,4.39E-04,7.51E-04,5.84E-04,450.50781,0.00147,0.00177,0.0017,0.00213,0.00197,0.00194,0.00185,0.00177,0.0019
,,,,,,,,,,450.00363,0.00925,0.01009,0.01004,0.01017,0.00978,0.01022,0.00962,0.00937,0.00934,449.99408,7.88E-05,1.51E-04,1.07E-04,1.87E-04,2.72E-04,2.85E-04,3.31E-04,3.67E-04,3.53E-04,450.0101,0.00699,0.00837,0.00806,0.00887,0.00906,0.00901,0.00897,0.00824,0.00886,,,,,,,,,,,450.00363,0.0061,0.00651,0.00649,0.00657,0.00631,0.00668,0.00641,0.00623,0.00603,449.99408,7.11E-04,6.26E-04,5.70E-04,6.69E-04,7.47E-04,0.00104,0.00107,0.00102,0.00117,450.0101,0.0015,0.0018,0.00183,0.00185,0.00193,0.00174,0.00193,0.00194,0.00177
,,,,,,,,,,449.5061,0.00944,0.01009,0.01004,0.01017,0.00991,0.01022,0.00993,0.00965,0.00945,449.49643,2.19E-04,1.51E-04,1.92E-04,2.46E-04,2.72E-04,3.48E-04,3.78E-04,3.97E-04,2.62E-04,449.51224,0.00684,0.00837,0.00824,0.0086,0.00906,0.00885,0.00896,0.00861,0.00886,,,,,,,,,,,449.5061,0.00615,0.00659,0.00661,0.00667,0.00654,0.0066,0.00641,0.00602,0.0061,449.49643,5.62E-04,3.88E-04,5.36E-04,6.32E-04,6.97E-04,8.93E-04,9.68E-04,0.00134,9.77E-04,449.51224,0.00163,0.00189,0.00177,0.00191,0.00195,0.002,0.00213,0.00213,0.00201
,,,,,,,,,,449.00836,0.00953,0.01021,0.01024,0.01034,0.01004,0.01022,0.00993,0.00965,0.00945,448.99887,2.19E-04,1.85E-04,2.06E-04,2.46E-04,2.91E-04,3.48E-04,3.78E-04,3.97E-04,2.62E-04,449.0144,0.0067,0.00837,0.00852,0.0086,0.00906,0.00885,0.00897,0.00889,0.00934,,,,,,,,,,,449.00836,0.00625,0.00669,0.007,0.0068,0.00648,0.00662,0.00643,0.00631,0.00749,448.99887,7.51E-04,8.11E-04,0.00116,8.68E-04,0.00101,0.00111,0.0011,0.00866,0.00138,449.0144,0.00176,0.0018,0.00196,0.00216,0.0021,0.00197,0.00193,0.00213,0.00204
,,,,,,,,,,448.51068,0.00957,0.01026,0.01057,0.01054,0.01009,0.01022,0.00996,0.00977,0.00946,448.50113,9.72E-05,1.85E-04,1.94E-04,2.07E-04,2.72E-04,3.15E-04,3.61E-04,4.25E-04,2.62E-04,448.51648,0.0067,0.00837,0.0087,0.00887,0.00916,0.00917,0.00897,0.00889,0.00934,,,,,,,,,,,448.51068,0.00633,0.00668,0.00686,0.00694,0.00651,0.00682,0.00647,0.00637,0.00623,448.50113,7.60E-04,4.73E-04,4.91E-04,9.20E-04,9.65E-04,0.00115,0.00111,0.00115,6.71E-04,448.51648,0.00144,0.00192,0.00187,0.00177,0.00197,0.0019,0.00192,0.00185,0.00204
,,,,,,,,,,448.01291,0.00968,0.01035,0.01063,0.01076,0.01009,0.01026,0.01003,0.00987,0.00964,448.00345,9.25E-05,1.85E-04,1.92E-04,2.07E-04,2.21E-04,3.14E-04,2.77E-04,3.60E-04,2.58E-04,448.01859,0.0067,0.00837,0.0087,0.00925,0.00929,0.00917,0.00897,0.00889,0.00949,,,,,,,,,,,448.01291,0.00618,0.00662,0.00696,0.00708,0.00685,0.00649,0.00648,0.0064,0.00611,448.00345,2.49E-04,5.16E-04,5.28E-04,3.88E-04,0.00248,8.07E-04,7.10E-04,9.22E-04,6.32E-04,448.01859,0.00133,0.00167,0.00192,0.00199,0.002,0.00206,0.00213,0.00191,0.00206
,,,,,,,,,,447.51508,0.00979,0.01035,0.01063,0.01085,0.01061,0.01056,0.01003,0.00991,0.00964,447.50568,9.03E-05,1.59E-04,1.92E-04,1.51E-04,2.11E-04,3.01E-04,2.64E-04,3.60E-04,2.58E-04,447.48227,0.0067,0.00792,0.00847,0.00925,0.00916,0.00958,0.0096,0.00889,0.00905,,,,,,,,,,,447.51508,0.00632,0.00685,0.00683,0.00712,0.00693,0.00701,0.00676,0.00649,0.00765,447.50568,2.31E-04,0.00382,4.97E-04,5.31E-04,5.40E-04,7.23E-04,9.25E-04,0.00109,8.46E-04,447.48227,0.0015,0.00187,0.00202,0.00199,0.00217,0.00208,0.00224,0.00223,0.00194
,,,,,,,,,,447.01724,0.00979,0.01061,0.01077,0.01097,0.01073,0.01072,0.01047,0.01006,0.01026,447.00787,1.91E-05,1.54E-04,1.94E-04,1.51E-04,2.11E-04,2.82E-04,2.54E-04,3.48E-04,2.58E-04,446.98422,0.00686,0.00778,0.00847,0.00926,0.00872,0.00966,0.0096,0.0091,0.00901,,,,,,,,,,,447.01724,0.00675,0.00711,0.00714,0.00711,0.00721,0.00692,0.00702,0.00703,0.00663,447.00787,2.37E-04,4.09E-04,3.42E-04,0.00148,5.65E-04,8.05E-04,6.78E-04,8.74E-04,6.60E-04,446.98422,0.00176,0.0019,0.00182,0.00203,0.00209,0.0021,0.00206,0.00202,0.00217
,,,,,,,,,,446.48099,0.01019,0.01095,0.01074,0.01101,0.01096,0.01086,0.01062,0.01042,0.01032,446.51004,1.91E-05,1.23E-04,1.64E-04,1.59E-04,2.11E-04,2.72E-04,2.39E-04,3.41E-04,2.58E-04,446.48611,0.00686,0.00789,0.00847,0.00936,0.00872,0.00966,0.0096,0.00941,0.00901,,,,,,,,,,,446.48099,0.00663,0.00714,0.00723,0.00701,0.00708,0.00714,0.00686,0.00673,0.00666,446.51004,-1.58E-05,2.94E-04,5.95E-04,4.43E-05,4.19E-04,7.72E-04,5.82E-04,0.00101,8.64E-04,446.48611,0.00149,0.0017,0.00179,0.00201,0.00182,0.00218,0.00217,0.00196,0.00195
,,,,,,,,,,445.98303,0.01026,0.01098,0.01087,0.01099,0.01104,0.01104,0.01062,0.01049,0.01032,446.01212,1.91E-05,1.23E-04,1.64E-04,1.59E-04,2.21E-04,2.41E-04,2.39E-04,3.14E-04,2.58E-04,445.98798,0.00686,0.00789,0.00847,0.00936,0.00872,0.00941,0.0095,0.00941,0.00905,,,,,,,,,,,445.98303,0.00658,0.00709,0.00702,0.00713,0.00714,0.00719,0.00686,0.00678,0.00672,446.01212,4.89E-05,3.95E-04,6.30E-04,8.76E-04,6.37E-04,6.97E-04,6.52E-04,8.91E-04,7.62E-04,445.98798,0.00147,0.00167,0.00182,0.00204,0.00188,0.00208,0.00204,0.00203,0.0019
,,,,,,,,,,445.48505,0.01019,0.01098,0.01087,0.01085,0.01104,0.01105,0.01062,0.01049,0.01041,445.51416,1.91E-05,1.23E-04,2.32E-04,1.59E-04,2.28E-04,2.41E-04,2.39E-04,2.95E-04,2.97E-04,445.48978,0.00615,0.00776,0.00849,0.00933,0.00847,0.00937,0.00926,0.00935,0.00905,,,,,,,,,,,445.48505,0.00669,0.00707,0.00693,0.00724,0.00752,0.00713,0.00708,0.00677,0.00677,445.51416,5.04E-04,3.16E-04,4.20E-04,4.08E-04,5.83E-04,5.78E-04,6.14E-04,7.55E-04,6.29E-04,445.48978,0.00132,0.00169,0.00188,0.00207,0.00203,0.00202,0.00216,0.00202,0.00214
,,,,,,,,,,444.98703,0.01019,0.01098,0.01087,0.01099,0.01105,0.01113,0.01079,0.01049,0.01048,445.01614,1.02E-04,1.54E-04,2.31E-04,2.84E-04,2.49E-04,2.41E-04,2.41E-04,2.95E-04,2.97E-04,444.99155,0.00594,0.00691,0.0086,0.00871,0.00813,0.00896,0.00921,0.00935,0.00885,,,,,,,,,,,444.98703,0.00773,0.00721,0.00705,0.0071,0.00713,0.00728,0.00697,0.00677,0.00699,445.01614,5.01E-04,6.58E-04,6.02E-04,7.58E-04,7.60E-04,6.17E-04,8.40E-04,8.06E-04,8.04E-04,444.99155,0.00157,0.00173,0.00204,0.002,0.00232,0.00201,0.00199,0.00209,0.00211
,,,,,,,,,,444.48892,0.01013,0.01109,0.01091,0.01099,0.01123,0.01113,0.0108,0.01043,0.01048,444.51813,1.23E-04,1.59E-04,2.31E-04,2.84E-04,2.96E-04,2.41E-04,2.41E-04,2.95E-04,3.14E-04,444.49332,0.00594,0.00691,0.00876,0.00853,0.00813,0.00863,0.00921,0.00889,0.00915,,,,,,,,,,,444.48892,0.00654,0.00716,0.00745,0.00696,0.00725,0.00736,0.00697,0.00693,0.00677,444.51813,6.61E-04,6.19E-04,7.24E-04,8.23E-04,0.00101,0.00116,7.65E-04,7.02E-04,0.00101,444.49332,0.00126,0.00149,0.00192,0.00187,0.00175,0.00183,0.00193,0.00201,0.00197
,,,,,,,,,,443.99078,0.01013,0.01109,0.01121,0.01081,0.01123,0.01113,0.01079,0.01043,0.01049,443.98175,1.02E-04,2.02E-04,2.35E-04,2.96E-04,2.96E-04,3.83E-04,2.99E-04,3.14E-04,3.28E-04,443.99496,0.00594,0.00691,0.00895,0.00853,0.00813,0.00863,0.00921,0.00889,0.00915,,,,,,,,,,,443.99078,0.00693,0.00725,0.00736,0.00718,0.00731,0.00718,0.00714,0.00664,0.00681,443.98175,2.61E-04,4.08E-04,5.93E-04,7.28E-04,8.46E-04,9.81E-04,6.17E-04,8.24E-04,8.40E-04,443.99496,0.00128,0.00137,0.00185,0.00161,0.00168,0.00193,0.00198,0.00191,0.00146
,,,,,,,,,,443.49261,0.01013,0.01109,0.01121,0.01081,0.01123,0.01097,0.0108,0.01043,0.01032,443.48364,1.02E-04,1.85E-04,2.73E-04,3.21E-04,3.10E-04,3.83E-04,2.99E-04,3.22E-04,3.93E-04,443.49661,0.00594,0.00691,0.00895,0.00853,0.00813,0.00863,0.00921,0.00889,0.00915,,,,,,,,,,,443.49261,0.00654,0.00745,0.00724,0.0071,0.00729,0.00745,0.00706,0.00674,0.00666,443.48364,3.16E-04,7.85E-04,7.49E-04,0.00112,0.00106,0.00121,8.86E-04,0.00109,0.00119,443.49661,0.00166,0.00179,0.00193,0.00183,0.00204,0.00185,0.00208,0.00191,0.00202
,,,,,,,,,,442.99435,0.01022,0.0111,0.01121,0.011,0.01125,0.01095,0.01094,0.01043,0.01032,442.98544,1.02E-04,1.85E-04,2.31E-04,2.84E-04,2.52E-04,3.75E-04,2.41E-04,3.22E-04,3.45E-04,442.99823,0.00752,0.00796,0.00896,0.00853,0.00949,0.00896,0.00966,0.00889,0.00941,,,,,,,,,,,442.99435,0.00671,0.00711,0.00724,0.00698,0.00727,0.00708,0.00694,0.00677,0.00695,442.98544,1.81E-04,5.17E-04,7.42E-04,0.00481,6.46E-04,0.00103,8.19E-04,8.64E-04,0.0011,442.99823,0.00162,0.00171,0.00211,0.00212,0.00232,0.00219,0.00242,0.0021,0.00221
,,,,,,,,,,442.49609,0.01022,0.0111,0.01121,0.011,0.01125,0.01095,0.01094,0.01049,0.01032,442.48718,1.23E-04,1.85E-04,2.73E-04,3.00E-04,2.52E-04,3.75E-04,3.19E-04,3.37E-04,4.28E-04,442.49982,0.00752,0.00831,0.00935,0.00885,0.00993,0.00991,0.00966,0.00979,0.00941,,,,,,,,,,,442.49609,0.0066,0.00717,0.00692,0.00827,0.00717,0.007,0.00722,0.00691,0.0065,442.48718,5.14E-04,4.75E-04,6.99E-04,0.00128,7.94E-04,9.60E-04,9.51E-04,0.00107,0.00113,442.49982,0.00164,0.00211,0.00204,0.00217,0.0023,0.00237,0.00231,0.00217,0.00205
,,,,,,,,,,441.99777,0.01032,0.0111,0.01121,0.01137,0.01125,0.01095,0.01105,0.01071,0.01076,441.98892,1.46E-04,1.85E-04,1.88E-04,2.77E-04,2.18E-04,3.75E-04,3.16E-04,3.37E-04,4.15E-04,442.00122,0.00731,0.00796,0.00935,0.00885,0.00993,0.00992,0.00948,0.00987,0.00954,,,,,,,,,,,441.99777,0.00689,0.00723,0.00728,0.00734,0.00734,0.00707,0.00713,0.00696,0.00694,441.98892,5.39E-04,6.23E-04,4.18E-04,5.93E-04,5.08E-04,5.06E-04,5.48E-04,7.70E-04,8.84E-04,442.00122,0.00181,0.00188,0.00204,0.002,0.00219,0.00213,0.00235,0.00218,0.00228
,,,,,,,,,,441.49942,0.01032,0.01112,0.01127,0.01162,0.01128,0.01095,0.01118,0.01079,0.01076,441.49063,2.00E-04,1.85E-04,1.88E-04,2.77E-04,2.18E-04,3.75E-04,3.16E-04,3.98E-04,4.10E-04,441.50269,0.00716,0.00876,0.00923,0.00885,0.00924,0.00992,0.00948,0.00994,0.00954,,,,,,,,,,,441.49942,0.00666,0.00718,0.00729,0.0075,0.00728,0.00733,0.00735,0.00715,0.00711,441.49063,8.65E-04,3.88E-04,8.16E-04,7.68E-04,0.001,0.00104,8.26E-04,0.00103,0.00134,441.50269,0.00157,0.00188,0.00201,0.0019,0.00213,0.00215,0.00204,0.00214,0.00201
,,,,,,,,,,441.00101,0.01067,0.01119,0.01129,0.01162,0.01137,0.01136,0.01138,0.01108,0.01081,440.99228,1.46E-04,1.91E-04,1.63E-04,2.31E-04,2.18E-04,2.42E-04,2.38E-04,3.36E-04,4.10E-04,441.00412,0.00716,0.00863,0.00808,0.00885,0.00913,0.00991,0.00948,0.00994,0.00936,,,,,,,,,,,441.00101,0.00702,0.00748,0.00756,0.00772,0.00734,0.00749,0.00754,0.00718,0.00705,440.99228,3.73E-04,5.93E-04,4.83E-04,7.11E-04,5.59E-04,0.00135,8.11E-04,0.00102,0.00106,441.00412,0.00144,0.00171,0.00174,0.00169,0.00196,0.00213,0.00203,0.00212,0.00207
,,,,,,,,,,440.50259,0.01088,0.01153,0.01171,0.01184,0.01137,0.01159,0.01155,0.01113,0.01091,440.49393,8.00E-05,1.87E-04,1.62E-04,2.45E-04,3.07E-04,2.87E-04,3.16E-04,3.88E-04,4.10E-04,440.50549,0.00701,0.0086,0.00808,0.00885,0.00913,0.00992,0.00948,0.00994,0.00936,,,,,,,,,,,440.50259,0.00711,0.00765,0.00779,0.00772,0.00739,0.00763,0.0077,0.00773,0.00698,440.49393,0.00118,0.00149,5.39E-04,9.16E-04,7.86E-04,0.00888,9.99E-04,0.00113,0.00105,440.50549,0.00154,0.00196,0.00198,0.00191,0.00199,0.00225,0.00213,0.00227,0.00218
,,,,,,,,,,440.00409,0.01101,0.01158,0.01199,0.01195,0.01145,0.01159,0.01157,0.01133,0.01091,439.99545,8.00E-05,1.87E-04,1.62E-04,2.45E-04,2.72E-04,2.87E-04,3.16E-04,3.83E-04,4.10E-04,440.00687,0.00701,0.0086,0.00808,0.00891,0.00913,0.00992,0.00992,0.01006,0.00965,,,,,,,,,,,440.00409,0.0073,0.00745,0.00774,0.00765,0.00776,0.0075,0.00747,0.00732,0.0076,439.99545,1.52E-04,4.90E-04,4.07E-04,5.92E-04,7.99E-04,6.20E-04,6.10E-04,8.62E-04,0.00176,440.00687,0.00169,0.00186,0.00172,0.00206,0.00193,0.00206,0.00214,0.00216,0.00183
,,,,,,,,,,439.50552,0.0111,0.01185,0.012,0.01195,0.01193,0.01159,0.01157,0.01133,0.01103,439.49692,8.00E-05,1.87E-04,1.62E-04,2.45E-04,3.07E-04,2.87E-04,3.47E-04,3.83E-04,4.10E-04,439.50812,0.00716,0.00863,0.00923,0.0096,0.00924,0.01047,0.00997,0.01006,0.01014,,,,,,,,,,,439.50552,0.0073,0.00765,0.00775,0.00773,0.00785,0.00748,0.00746,0.00744,0.00712,439.49692,2.05E-04,4.80E-04,4.15E-04,6.27E-04,7.96E-04,7.35E-04,8.91E-04,9.95E-04,0.00101,439.50812,0.00151,0.00185,0.00226,0.0021,0.00225,0.00241,0.00217,0.00252,0.00238
,,,,,,,,,,439.00693,0.0111,0.01173,0.01199,0.01184,0.01193,0.01159,0.01155,0.01133,0.01161,438.99838,8.00E-05,1.87E-04,1.62E-04,2.45E-04,3.11E-04,2.87E-04,3.47E-04,3.83E-04,4.23E-04,439.00937,0.00701,0.00863,0.00972,0.00978,0.00999,0.01058,0.00997,0.01006,0.01045,,,,,,,,,,,439.00693,0.00716,0.00804,0.00785,0.00804,0.00778,0.00745,0.00772,0.00747,0.00764,438.99838,3.42E-04,4.12E-04,7.18E-04,9.15E-04,6.98E-04,8.37E-04,0.00117,9.83E-04,0.00119,439.00937,0.00173,0.00212,0.00221,0.00218,0.00219,0.00227,0.00246,0.00261,0.00237
,,,,,,,,,,438.50833,0.0111,0.01183,0.01186,0.01193,0.01184,0.01159,0.01155,0.01135,0.01122,438.49982,1.34E-04,1.87E-04,2.80E-04,3.09E-04,3.11E-04,3.27E-04,4.41E-04,3.88E-04,4.23E-04,438.5105,0.007,0.00873,0.00972,0.01012,0.00999,0.01058,0.00971,0.01099,0.01101,,,,,,,,,,,438.50833,0.00717,0.00781,0.00782,0.0079,0.0077,0.00769,0.00772,0.00732,0.00753,438.49982,6.43E-04,9.25E-04,9.12E-04,7.91E-04,8.15E-04,9.43E-04,0.00113,0.00139,0.00109,438.5105,0.00177,0.00202,0.00223,0.00218,0.00222,0.00239,0.00218,0.00213,0.00225
,,,,,,,,,,438.00961,0.0111,0.01183,0.01186,0.01193,0.01184,0.01164,0.01193,0.01135,0.01161,438.00119,2.34E-04,2.97E-04,3.20E-04,3.57E-04,3.18E-04,3.68E-04,4.56E-04,5.37E-04,4.63E-04,438.01166,0.007,0.00898,0.00972,0.01012,0.00999,0.01058,0.00971,0.01064,0.01101,,,,,,,,,,,438.00961,0.0085,0.00757,0.00766,0.00746,0.00752,0.00757,0.00726,0.00733,0.00749,438.00119,7.41E-04,9.12E-04,0.00103,0.00118,0.00114,0.00117,0.00183,0.00162,0.00156,438.01166,0.0015,0.00188,0.00209,0.0022,0.00215,0.00229,0.00207,0.00242,0.00243
,,,,,,,,,,437.51093,0.0111,0.01183,0.01186,0.01193,0.01184,0.01172,0.01193,0.01135,0.01161,437.5025,2.51E-04,3.56E-04,3.56E-04,4.58E-04,4.43E-04,4.33E-04,5.31E-04,5.37E-04,4.68E-04,437.51276,0.007,0.00898,0.00972,0.01012,0.00999,0.01067,0.00971,0.01064,0.0111,,,,,,,,,,,437.51093,0.00699,0.00764,0.0076,0.0077,0.00764,0.00751,0.00771,0.00738,0.00725,437.5025,5.99E-04,7.62E-04,9.87E-04,0.00131,0.00122,0.00122,0.00142,0.00138,0.0012,437.51276,0.00147,0.00207,0.00189,0.00227,0.00213,0.00215,0.00209,0.00236,0.00245
,,,,,,,,,,437.01218,0.01129,0.01183,0.01186,0.01193,0.01184,0.01172,0.01193,0.01143,0.01161,437.00385,2.34E-04,2.97E-04,3.20E-04,4.97E-04,4.43E-04,4.33E-04,5.31E-04,5.18E-04,4.68E-04,437.01382,0.007,0.00898,0.00972,0.01026,0.00999,0.01067,0.00971,0.01099,0.01129,,,,,,,,,,,437.01218,0.00731,0.00776,0.008,0.00807,0.00793,0.00798,0.0079,0.00775,0.00812,437.00385,6.59E-04,0.00129,8.21E-04,0.00131,0.00119,0.00149,0.00136,0.00142,0.00141,437.01382,0.00163,0.00193,0.00222,0.00217,0.00236,0.00238,0.00224,0.00229,0.00239
,,,,,,,,,,436.51337,0.01129,0.01202,0.01239,0.01245,0.01229,0.01203,0.01218,0.01194,0.01166,436.50507,2.34E-04,1.91E-04,1.63E-04,4.97E-04,3.53E-04,2.85E-04,3.40E-04,4.22E-04,3.38E-04,436.51486,0.00758,0.00961,0.00946,0.01058,0.01063,0.01071,0.01042,0.01079,0.01139,,,,,,,,,,,436.51337,0.00729,0.00815,0.00823,0.00804,0.00846,0.00777,0.00789,0.0078,0.00769,436.50507,8.13E-04,0.00108,0.00123,0.00127,0.0015,0.00111,0.00155,0.00133,0.00153,436.51486,0.00178,0.0021,0.00212,0.00235,0.00252,0.0023,0.00235,0.0024,0.00263
,,,,,,,,,,436.01453,0.01133,0.01211,0.01239,0.01245,0.01251,0.01216,0.01218,0.01194,0.01166,436.00623,2.54E-04,1.91E-04,1.63E-04,2.91E-04,3.53E-04,2.85E-04,3.40E-04,4.22E-04,3.38E-04,436.01581,0.00758,0.00901,0.00946,0.01009,0.01063,0.01071,0.01042,0.01064,0.0111,,,,,,,,,,,436.01453,0.00748,0.00782,0.00815,0.00816,0.00843,0.00822,0.00786,0.00771,0.00756,436.00623,6.23E-05,4.90E-04,4.18E-04,0.00461,7.12E-04,7.20E-04,8.71E-04,9.46E-04,8.25E-04,436.01581,0.00206,0.00225,0.00235,0.00243,0.00229,0.00247,0.0025,0.00259,0.00267
,,,,,,,,,,435.51559,0.01136,0.01221,0.0124,0.01245,0.01251,0.01208,0.01218,0.01194,0.01162,435.50739,2.43E-05,1.91E-04,1.63E-04,2.76E-04,2.78E-04,2.85E-04,3.40E-04,4.22E-04,3.38E-04,435.51672,0.00795,0.00976,0.00946,0.01058,0.01047,0.01071,0.01061,0.01079,0.01177,,,,,,,,,,,435.51559,0.00754,0.008,0.00801,0.00809,0.00808,0.0079,0.00799,0.00778,0.00753,435.50739,6.52E-04,4.63E-04,3.06E-04,7.46E-04,9.05E-04,7.30E-04,7.55E-04,0.00108,8.66E-04,435.51672,0.00171,0.00219,0.00203,0.00237,0.00235,0.00234,0.00242,0.00232,0.00253
,,,,,,,,,,435.01666,0.01148,0.01221,0.01236,0.01245,0.01251,0.01208,0.01206,0.01194,0.01162,435.00848,1.25E-05,1.81E-04,1.63E-04,2.55E-04,2.08E-04,2.85E-04,3.40E-04,4.22E-04,3.38E-04,435.01758,0.00795,0.01018,0.00946,0.01058,0.01047,0.01089,0.01061,0.01079,0.01177,,,,,,,,,,,435.01666,0.00742,0.00797,0.00797,0.0079,0.00811,0.00785,0.00779,0.00758,0.00727,435.00848,8.19E-04,5.80E-04,6.00E-04,7.06E-04,0.00106,0.00103,0.0011,0.00114,0.00117,435.01758,0.00154,0.00194,0.00193,0.0021,0.00212,0.00203,0.00208,0.00211,0.00224
,,,,,,,,,,434.51767,0.01148,0.01234,0.01236,0.01224,0.01251,0.01202,0.01206,0.01202,0.01162,434.50955,1.25E-05,1.81E-04,2.12E-04,2.55E-04,2.08E-04,3.43E-04,3.92E-04,4.44E-04,3.83E-04,434.5184,0.00795,0.01002,0.00946,0.01058,0.01047,0.01089,0.01061,0.01079,0.01117,,,,,,,,,,,434.51767,0.00733,0.00789,0.00805,0.00828,0.00787,0.0078,0.00788,0.00778,0.0075,434.50955,-1.33E-04,8.34E-04,5.47E-04,6.54E-04,5.33E-04,9.02E-04,0.00123,0.0013,9.82E-04,434.5184,0.00177,0.00222,0.00227,0.00227,0.00225,0.00243,0.00228,0.00233,0.00253
,,,,,,,,,,434.01859,0.01148,0.01234,0.01236,0.01224,0.01255,0.01202,0.01206,0.01202,0.01162,434.01053,1.25E-05,2.13E-04,2.12E-04,2.55E-04,2.08E-04,3.52E-04,3.92E-04,4.44E-04,4.26E-04,434.0192,0.00807,0.00923,0.01055,0.00991,0.01047,0.01086,0.00977,0.01086,0.01117,,,,,,,,,,,434.01859,0.00743,0.00806,0.00798,0.00804,0.00818,0.00766,0.00774,0.00776,0.00755,434.01053,3.21E-05,4.56E-04,6.61E-04,5.49E-04,4.83E-04,9.32E-04,0.001,0.0012,0.00111,434.0192,0.00217,0.00233,0.00232,0.00259,0.00262,0.00267,0.00239,0.00253,0.00278
,,,,,,,,,,433.48117,0.01151,0.01249,0.01247,0.01245,0.01226,0.01202,0.01208,0.01206,0.0117,433.51154,-8.96E-06,2.13E-04,2.12E-04,2.55E-04,2.08E-04,3.43E-04,3.61E-04,3.97E-04,3.84E-04,433.48154,0.00807,0.00974,0.01056,0.00991,0.01047,0.01089,0.01061,0.01086,0.01128,,,,,,,,,,,433.48117,0.00749,0.00814,0.00831,0.00789,0.00814,0.00776,0.0078,0.00783,0.00785,433.51154,1.20E-04,6.75E-04,5.44E-04,7.15E-04,9.37E-04,8.78E-04,0.00102,0.00117,0.00109,433.48154,0.00189,0.00215,0.00227,0.00251,0.00256,0.00243,0.00241,0.00241,0.0024
,,,,,,,,,,432.98203,0.01151,0.01249,0.0128,0.01245,0.01255,0.01202,0.01208,0.01213,0.01189,433.01248,-8.96E-06,1.78E-04,1.62E-04,2.15E-04,1.89E-04,2.93E-04,3.58E-04,3.50E-04,3.84E-04,432.98227,0.00783,0.00974,0.01055,0.00991,0.0108,0.01089,0.01072,0.01107,0.01128,,,,,,,,,,,432.98203,0.00761,0.00811,0.00828,0.0082,0.0081,0.00797,0.00819,0.00802,0.00778,433.01248,1.58E-04,5.45E-04,4.16E-04,7.92E-04,7.68E-04,9.19E-04,9.17E-04,8.30E-04,0.00117,432.98227,0.00173,0.00198,0.00228,0.00213,0.00233,0.00233,0.0021,0.00238,0.00242
,,,,,,,,,,432.48291,0.01146,0.01255,0.01282,0.0127,0.01255,0.01211,0.01234,0.01242,0.01189,432.51334,-8.96E-06,2.13E-04,1.62E-04,2.76E-04,3.00E-04,2.93E-04,3.58E-04,3.50E-04,3.84E-04,432.48291,0.00783,0.00974,0.01039,0.00991,0.0108,0.01086,0.01072,0.01107,0.01128,,,,,,,,,,,432.48291,0.00772,0.0081,0.00826,0.00853,0.00792,0.00782,0.00844,0.00821,0.00779,432.51334,-2.30E-05,0.00324,5.70E-04,7.06E-04,8.24E-04,7.51E-04,9.26E-04,0.00102,9.85E-04,432.48291,0.00142,0.00209,0.00236,0.00199,0.00209,0.00234,0.0023,0.00216,0.00268
,,,,,,,,,,431.98367,0.01146,0.01247,0.01282,0.0128,0.01255,0.01234,0.01253,0.01246,0.01189,432.01422,-8.96E-06,2.13E-04,1.62E-04,2.76E-04,3.00E-04,2.93E-04,3.58E-04,3.48E-04,3.84E-04,431.98352,0.00783,0.00942,0.01039,0.00991,0.0108,0.01086,0.01072,0.01107,0.0115,,,,,,,,,,,431.98367,0.00738,0.00803,0.00844,0.00833,0.00811,0.0082,0.00811,0.00805,0.00768,432.01422,-4.21E-05,3.02E-04,3.58E-04,5.51E-04,4.85E-04,6.33E-04,4.05E-04,8.96E-04,8.93E-04,431.98352,0.00168,0.00223,0.00201,0.00248,0.00232,0.00242,0.00235,0.00238,0.00255
,,,,,,,,,,431.48444,0.01143,0.01244,0.0128,0.01287,0.01256,0.01232,0.01253,0.01246,0.01189,431.51505,-8.96E-06,1.18E-04,1.53E-04,2.15E-04,3.21E-04,2.93E-04,3.61E-04,3.50E-04,3.65E-04,431.4841,0.00783,0.00974,0.01003,0.01082,0.0108,0.01089,0.01094,0.01105,0.0115,,,,,,,,,,,431.48444,0.0074,0.00819,0.00842,0.00846,0.00838,0.00811,0.00797,0.00814,0.00756,431.51505,4.51E-04,7.77E-04,6.84E-04,8.69E-04,0.00108,0.00105,0.00135,0.00125,0.00107,431.4841,0.00207,0.00222,0.00223,0.00248,0.00241,0.00226,0.00248,0.00258,0.00257
,,,,,,,,,,430.98511,0.01143,0.01244,0.01273,0.0128,0.01256,0.01242,0.01243,0.01236,0.01178,431.01578,3.11E-05,1.18E-04,1.53E-04,2.15E-04,3.28E-04,3.49E-04,3.58E-04,3.50E-04,3.65E-04,430.98462,0.00788,0.00945,0.01003,0.01139,0.0108,0.01126,0.01125,0.01107,0.0115,,,,,,,,,,,430.98511,0.0076,0.00805,0.00843,0.00827,0.00816,0.00826,0.00809,0.00821,0.00795,431.01578,3.85E-04,5.96E-04,6.73E-04,8.07E-04,0.00107,0.00108,0.00102,8.93E-04,0.00117,430.98462,0.00176,0.00202,0.00243,0.00245,0.00252,0.00261,0.0026,0.00257,0.00247
,,,,,,,,,,430.48578,0.01146,0.01232,0.01273,0.0128,0.01263,0.01242,0.01243,0.01236,0.01178,430.51645,3.17E-05,1.84E-04,2.63E-04,3.15E-04,4.07E-04,3.57E-04,3.66E-04,4.00E-04,4.18E-04,430.48505,0.00788,0.00942,0.01029,0.01082,0.01058,0.01139,0.01129,0.01138,0.0115,,,,,,,,,,,430.48578,0.00738,0.00795,0.00822,0.00831,0.00816,0.00795,0.00852,0.00798,0.00784,430.51645,7.98E-05,2.31E-04,3.93E-04,5.15E-04,8.41E-04,9.16E-04,9.38E-04,0.00102,9.35E-04,430.48505,0.00185,0.00212,0.00216,0.00232,0.00247,0.00245,0.0025,0.00237,0.00242
,,,,,,,,,,429.98639,0.01169,0.01232,0.01273,0.0128,0.01263,0.01242,0.01253,0.01236,0.01182,430.01712,3.17E-05,1.84E-04,2.39E-04,2.84E-04,4.07E-04,3.57E-04,3.66E-04,4.00E-04,3.72E-04,429.9855,0.00788,0.00872,0.01029,0.01082,0.01058,0.01139,0.01125,0.01105,0.01126,,,,,,,,,,,429.98639,0.00755,0.00831,0.00808,0.00824,0.00797,0.00802,0.00803,0.00795,0.0076,430.01712,2.75E-04,5.78E-04,8.32E-04,0.00138,0.00104,8.95E-04,9.18E-04,0.0012,0.00129,429.9855,0.00169,0.00203,0.00222,0.00262,0.00227,0.00248,0.00242,0.00259,0.00249
,,,,,,,,,,429.48697,0.01169,0.01232,0.01273,0.01287,0.01264,0.01242,0.0127,0.01235,0.01182,429.51776,3.11E-05,1.18E-04,2.39E-04,2.84E-04,3.28E-04,3.57E-04,3.66E-04,4.32E-04,3.72E-04,429.48593,0.00788,0.00872,0.01003,0.01082,0.01056,0.01107,0.01125,0.01105,0.01067,,,,,,,,,,,429.48697,0.00785,0.00782,0.00823,0.00842,0.00856,0.00815,0.0082,0.00817,0.00763,429.51776,8.12E-05,4.72E-04,0.00101,9.90E-04,0.00127,0.00146,0.00113,0.00119,0.00124,429.48593,0.00159,0.00183,0.00221,0.00228,0.00218,0.00246,0.00243,0.00245,0.00253
,,,,,,,,,,428.98749,0.01187,0.0127,0.01275,0.01291,0.01295,0.01262,0.0127,0.01235,0.01182,429.01834,3.17E-05,1.84E-04,3.25E-04,3.43E-04,4.07E-04,4.12E-04,4.33E-04,4.42E-04,4.46E-04,428.98627,0.00785,0.00872,0.01029,0.0106,0.01056,0.01104,0.01125,0.01105,0.01067,,,,,,,,,,,428.98749,0.00773,0.00838,0.00862,0.00867,0.00836,0.0083,0.00831,0.00822,0.00797,429.01834,1.57E-04,4.81E-04,6.12E-04,7.28E-04,0.00115,0.00106,0.00111,0.00111,9.54E-04,428.98627,0.00169,0.00187,0.00226,0.00243,0.00243,0.00238,0.00229,0.00237,0.00229
,,,,,,,,,,428.48798,0.01187,0.0127,0.01293,0.01303,0.01318,0.01273,0.01275,0.01246,0.01219,428.51889,3.17E-05,1.84E-04,3.35E-04,3.43E-04,4.28E-04,4.40E-04,4.42E-04,4.42E-04,4.46E-04,428.48657,0.00785,0.00872,0.00968,0.01059,0.01054,0.01086,0.01129,0.01105,0.01067,,,,,,,,,,,428.48798,0.00766,0.0082,0.00841,0.00852,0.00856,0.00822,0.0083,0.00797,0.00787,428.51889,3.68E-05,3.03E-04,8.59E-04,8.78E-04,7.68E-04,0.00113,0.00127,0.00113,0.00114,428.48657,0.00174,0.00212,0.00208,0.00241,0.00227,0.00237,0.00246,0.00253,0.00222
,,,,,,,,,,427.9884,0.01187,0.01272,0.01302,0.0131,0.01318,0.01286,0.01286,0.01246,0.01234,427.98096,6.14E-05,1.88E-04,3.31E-04,3.43E-04,3.83E-04,4.40E-04,4.95E-04,4.42E-04,4.46E-04,427.98685,0.00785,0.00949,0.00968,0.0106,0.01056,0.01086,0.01119,0.01081,0.01067,,,,,,,,,,,427.9884,0.0077,0.00821,0.00835,0.00833,0.00853,0.00848,0.00824,0.00805,0.00797,427.98096,1.90E-04,7.94E-04,9.91E-04,0.00107,0.00114,0.00133,0.00135,0.00131,0.00144,427.98685,0.00169,0.00204,0.00244,0.00228,0.00228,0.00233,0.00263,0.00232,0.00247
,,,,,,,,,,427.4888,0.01187,0.01272,0.01302,0.0131,0.01321,0.01304,0.01286,0.01246,0.01234,427.48138,7.43E-05,1.97E-04,3.35E-04,3.87E-04,3.83E-04,4.47E-04,4.95E-04,4.42E-04,5.18E-04,427.48706,0.00785,0.00966,0.00968,0.0106,0.01056,0.01086,0.01129,0.01081,0.01068,,,,,,,,,,,427.4888,0.00763,0.00846,0.00853,0.00846,0.00851,0.00842,0.00837,0.00831,0.00799,427.48138,3.79E-04,7.23E-04,0.00103,0.00104,0.0011,0.00115,0.00133,0.0014,0.00133,427.48706,0.00174,0.00208,0.00203,0.0022,0.00226,0.00229,0.00243,0.00238,0.00229
,,,,,,,,,,426.98914,0.01192,0.01297,0.01321,0.0131,0.01321,0.01311,0.01297,0.0128,0.01237,426.98178,7.43E-05,1.97E-04,3.31E-04,3.87E-04,3.83E-04,4.47E-04,4.82E-04,4.39E-04,5.18E-04,426.98715,0.00785,0.00966,0.01008,0.0106,0.01062,0.01086,0.01129,0.01081,0.01117,,,,,,,,,,,426.98914,0.00774,0.00838,0.00863,0.00871,0.00881,0.00846,0.0084,0.00826,0.00828,426.98178,5.15E-04,5.04E-04,8.48E-04,9.92E-04,9.82E-04,0.00127,0.00128,0.00124,0.00138,426.98715,0.00155,0.00209,0.00217,0.00231,0.00235,0.00235,0.00241,0.00223,0.0024
,,,,,,,,,,426.48944,0.01199,0.0131,0.01322,0.01338,0.01347,0.01311,0.01302,0.01287,0.01282,426.48218,1.10E-04,1.97E-04,3.06E-04,3.87E-04,3.83E-04,4.47E-04,4.82E-04,4.39E-04,5.18E-04,426.48734,0.00809,0.00972,0.00962,0.01077,0.01092,0.01093,0.01129,0.01108,0.01117,,,,,,,,,,,426.48944,0.00796,0.00851,0.00854,0.00864,0.0088,0.00864,0.00853,0.00831,0.00848,426.48218,3.71E-04,6.59E-04,8.68E-04,0.00111,0.00121,0.00141,0.00123,0.00112,0.00149,426.48734,0.00182,0.0024,0.00237,0.00261,0.00266,0.00243,0.00247,0.0027,0.00264
,,,,,,,,,,425.98975,0.01221,0.01318,0.01336,0.01349,0.01354,0.01318,0.01321,0.01287,0.01285,425.98245,1.19E-05,1.97E-04,2.99E-04,3.61E-04,3.83E-04,4.75E-04,4.45E-04,3.74E-04,5.01E-04,425.9874,0.00821,0.00983,0.01008,0.01135,0.01092,0.01093,0.0115,0.01225,0.01205,,,,,,,,,,,425.98975,0.00794,0.00854,0.00891,0.00875,0.0087,0.00851,0.00855,0.00847,0.0083,425.98245,-1.24E-04,4.54E-04,7.65E-04,8.29E-04,9.11E-04,0.00105,0.00114,9.59E-04,0.00129,425.9874,0.00194,0.00244,0.00245,0.00261,0.00274,0.0027,0.00264,0.00275,0.00271
,,,,,,,,,,425.48996,0.01224,0.01323,0.01351,0.01355,0.01347,0.01318,0.01323,0.01312,0.01293,425.48276,1.19E-05,2.09E-04,2.99E-04,3.61E-04,4.38E-04,4.75E-04,4.45E-04,3.74E-04,5.01E-04,425.48746,0.00847,0.00993,0.0103,0.01177,0.01075,0.0113,0.01211,0.01256,0.01227,,,,,,,,,,,425.48996,0.00797,0.00863,0.00872,0.00887,0.00878,0.00856,0.00854,0.00848,0.00835,425.48276,2.83E-04,8.36E-04,7.85E-04,0.00105,0.00122,0.00134,0.00151,0.00144,0.00138,425.48746,0.00191,0.00211,0.00207,0.00244,0.00262,0.00257,0.00274,0.0027,0.00259
,,,,,,,,,,424.99017,0.01224,0.01333,0.01357,0.01368,0.01341,0.01318,0.01323,0.01314,0.01285,424.983,1.19E-05,2.09E-04,2.99E-04,3.61E-04,4.38E-04,4.75E-04,4.45E-04,3.74E-04,5.01E-04,424.98746,0.00887,0.00993,0.0103,0.01177,0.01075,0.01196,0.01231,0.01256,0.01261,,,,,,,,,,,424.99017,0.00789,0.00874,0.00891,0.00898,0.00874,0.00875,0.00867,0.00872,0.00838,424.983,3.04E-05,5.36E-04,7.43E-04,9.24E-04,0.00112,0.00122,0.00113,9.27E-04,0.00109,424.98746,0.00176,0.00214,0.00221,0.00253,0.00231,0.00233,0.0026,0.00263,0.00272
,,,,,,,,,,424.4903,0.01224,0.01333,0.01351,0.01373,0.01341,0.01313,0.01323,0.01314,0.01281,424.48315,1.19E-05,2.99E-04,3.06E-04,3.86E-04,4.38E-04,5.14E-04,5.27E-04,5.44E-04,4.94E-04,424.48743,0.00887,0.00993,0.0103,0.01177,0.01075,0.01196,0.01255,0.01256,0.01265,,,,,,,,,,,424.4903,0.0079,0.00884,0.00876,0.00907,0.00866,0.00848,0.00858,0.00869,0.00838,424.48315,8.50E-05,8.31E-04,8.48E-04,0.0011,0.00125,0.00137,0.00142,0.00146,0.00137,424.48743,0.00196,0.00213,0.00229,0.00259,0.00231,0.00272,0.00274,0.00277,0.00275
,,,,,,,,,,423.99036,0.01224,0.01326,0.01344,0.0137,0.01341,0.01313,0.01321,0.01317,0.01281,423.98331,1.19E-05,2.93E-04,3.31E-04,3.86E-04,4.38E-04,4.86E-04,5.27E-04,4.74E-04,4.94E-04,423.98737,0.00912,0.00995,0.01064,0.01206,0.01075,0.01258,0.01255,0.01287,0.0128,,,,,,,,,,,423.99036,0.00799,0.00861,0.00886,0.00883,0.00856,0.00866,0.00858,0.00851,0.00827,423.98331,1.41E-04,7.82E-04,9.56E-04,0.00115,0.0013,0.00147,0.00139,0.00139,0.00144,423.98737,0.00206,0.0026,0.00247,0.00264,0.00249,0.00284,0.0027,0.00279,0.00289
,,,,,,,,,,423.49039,0.01236,0.01326,0.01344,0.01369,0.01341,0.01313,0.01321,0.01317,0.01281,423.4834,3.32E-05,2.99E-04,3.61E-04,4.28E-04,4.54E-04,5.14E-04,5.41E-04,5.44E-04,5.30E-04,423.48718,0.00912,0.01057,0.01148,0.01206,0.01158,0.01268,0.01255,0.01287,0.01281,,,,,,,,,,,423.49039,0.00819,0.00851,0.00868,0.009,0.00872,0.00847,0.00851,0.00846,0.00827,423.4834,2.45E-05,7.66E-04,9.26E-04,9.91E-04,0.00103,0.00132,0.00135,0.00281,0.00127,423.48718,0.00204,0.00245,0.00274,0.00268,0.00285,0.0027,0.0028,0.00297,0.00281
,,,,,,,,,,422.99039,0.01237,0.01326,0.01344,0.01369,0.01351,0.0133,0.01321,0.01317,0.01281,422.98343,9.56E-06,2.93E-04,3.61E-04,4.33E-04,4.03E-04,5.00E-04,5.27E-04,5.44E-04,4.94E-04,422.987,0.00821,0.01057,0.01148,0.01173,0.01158,0.01258,0.01226,0.01181,0.01281,,,,,,,,,,,422.99039,0.00798,0.00856,0.00861,0.00885,0.00873,0.00868,0.00853,0.00857,0.00835,422.98343,1.28E-04,7.51E-04,9.89E-04,0.00115,0.00116,0.00125,0.0014,0.00122,0.00136,422.987,0.00203,0.00254,0.00259,0.00267,0.00267,0.00306,0.00283,0.00285,0.00298
,,,,,,,,,,422.49036,0.01243,0.01326,0.01344,0.0137,0.01352,0.0133,0.01321,0.01327,0.01293,422.48349,-9.22E-06,2.84E-04,2.78E-04,4.33E-04,4.03E-04,5.00E-04,5.27E-04,5.66E-04,4.82E-04,422.48679,0.00821,0.01057,0.01083,0.01095,0.01166,0.01157,0.01226,0.01181,0.01281,,,,,,,,,,,422.49036,0.00803,0.00861,0.00878,0.00884,0.00882,0.00859,0.00879,0.00864,0.00846,422.48349,2.42E-04,0.00109,0.00103,0.00144,0.00132,0.00153,0.00178,0.00173,0.00171,422.48679,0.00176,0.00227,0.00248,0.00252,0.00251,0.0028,0.00264,0.00254,0.00275
,,,,,,,,,,421.99033,0.01243,0.0133,0.0136,0.0137,0.01352,0.01341,0.01361,0.01338,0.01309,421.98346,-9.22E-06,2.84E-04,2.78E-04,4.48E-04,4.54E-04,5.00E-04,5.45E-04,5.66E-04,4.82E-04,421.98651,0.0082,0.01057,0.01083,0.01095,0.01166,0.01157,0.01218,0.01181,0.01281,,,,,,,,,,,421.99033,0.00805,0.00859,0.00901,0.00906,0.00882,0.00866,0.00886,0.00872,0.00871,421.98346,-1.12E-04,5.29E-04,6.41E-04,0.00111,9.65E-04,0.00128,9.72E-04,0.00145,0.00124,421.98651,0.00176,0.00214,0.00217,0.00235,0.00243,0.00242,0.00246,0.00239,0.00253
,,,,,,,,,,421.49017,0.01247,0.01333,0.01386,0.01398,0.01365,0.01341,0.01373,0.01351,0.0131,421.4834,-9.22E-06,2.45E-04,2.78E-04,5.00E-04,4.56E-04,5.00E-04,5.56E-04,6.01E-04,4.81E-04,421.48624,0.0082,0.01026,0.01083,0.01095,0.01166,0.01157,0.01218,0.01181,0.01281,,,,,,,,,,,421.49017,0.00861,0.0088,0.00895,0.00903,0.00873,0.00917,0.0089,0.00892,0.00845,421.4834,-2.36E-05,7.27E-04,7.12E-04,0.00131,0.0012,0.00132,0.00147,0.00163,0.00123,421.48624,0.00183,0.00229,0.00233,0.00229,0.00252,0.00249,0.00265,0.0026,0.0028
,,,,,,,,,,420.99002,0.0129,0.01363,0.01386,0.01403,0.01365,0.01377,0.01373,0.01381,0.01309,420.98325,-4.35E-05,2.06E-04,2.50E-04,4.33E-04,3.85E-04,4.48E-04,4.67E-04,5.66E-04,4.81E-04,420.9859,0.00821,0.01026,0.01073,0.01095,0.0114,0.0114,0.01191,0.01208,0.01248,,,,,,,,,,,420.99002,0.00851,0.00895,0.00942,0.0095,0.00922,0.00921,0.00942,0.00924,0.00909,420.98325,1.97E-04,0.00191,9.65E-04,0.00232,0.00117,0.00163,0.00142,0.0018,0.00159,420.9859,0.00168,0.00246,0.0024,0.0026,0.00254,0.00274,0.00262,0.0027,0.00283
,,,,,,,,,,420.48978,0.01307,0.01366,0.01386,0.01414,0.01405,0.01401,0.01378,0.01381,0.01309,420.48306,-9.22E-06,2.45E-04,2.78E-04,4.86E-04,4.56E-04,4.48E-04,5.56E-04,6.01E-04,4.81E-04,420.4855,0.00832,0.01056,0.01083,0.01144,0.0117,0.01157,0.01218,0.01253,0.01295,,,,,,,,,,,420.48978,0.00833,0.00889,0.00918,0.00948,0.00909,0.00905,0.00902,0.00915,0.00876,420.48306,3.20E-05,6.29E-04,9.30E-04,0.00128,0.00121,0.00115,0.0015,0.00154,0.00114,420.4855,0.00205,0.00221,0.00243,0.00246,0.00269,0.00271,0.00272,0.00269,0.00278
,,,,,,,,,,419.9895,0.01305,0.01377,0.01389,0.01419,0.01407,0.01401,0.0139,0.01382,0.01355,419.98288,-2.45E-06,2.45E-04,3.63E-04,4.30E-04,4.56E-04,4.48E-04,5.16E-04,5.27E-04,5.65E-04,419.98502,0.00832,0.01056,0.01117,0.01189,0.01182,0.0126,0.01218,0.01257,0.01295,,,,,,,,,,,419.9895,0.00844,0.00882,0.00891,0.00913,0.00907,0.00889,0.0088,0.00892,0.00834,419.98288,-3.11E-04,5.22E-04,5.26E-04,0.0011,9.87E-04,0.00105,0.0012,0.00135,0.00171,419.98502,0.00179,0.00227,0.00231,0.00256,0.00245,0.00245,0.00256,0.00287,0.00268
,,,,,,,,,,419.48923,0.0129,0.01366,0.01387,0.01414,0.01405,0.01401,0.01386,0.01369,0.01333,419.48264,-2.45E-06,2.38E-04,3.63E-04,4.30E-04,4.50E-04,4.48E-04,5.16E-04,5.27E-04,5.65E-04,419.48456,0.00919,0.01056,0.01129,0.01189,0.01253,0.0126,0.01267,0.01336,0.01295,,,,,,,,,,,419.48923,0.00846,0.00897,0.00897,0.00916,0.00912,0.00948,0.00897,0.00877,0.00875,419.48264,8.18E-05,7.97E-04,9.63E-04,0.00125,0.00143,0.00153,0.00147,0.00206,0.00145,419.48456,0.00198,0.0024,0.00275,0.0027,0.00281,0.00293,0.00302,0.00287,0.00294
,,,,,,,,,,418.98892,0.01288,0.01364,0.0138,0.01404,0.01401,0.01377,0.01375,0.01358,0.01333,418.98236,-2.45E-06,2.38E-04,3.24E-04,4.30E-04,4.50E-04,5.56E-04,5.16E-04,5.27E-04,5.65E-04,418.98404,0.00867,0.01115,0.01211,0.01254,0.01259,0.01306,0.01351,0.01337,0.0137,,,,,,,,,,,418.98892,0.00843,0.00903,0.00915,0.00926,0.00912,0.00912,0.00911,0.00907,0.00903,418.98236,-6.28E-06,7.73E-04,9.67E-04,0.00107,0.0012,0.00143,0.00132,0.00128,0.00153,418.98404,0.00233,0.00255,0.00292,0.00294,0.00295,0.00331,0.00346,0.00334,0.00333
,,,,,,,,,,418.48853,0.01288,0.01364,0.01387,0.01404,0.01401,0.01407,0.01386,0.01358,0.01355,418.48206,3.19E-05,3.01E-04,3.76E-04,4.86E-04,4.67E-04,5.64E-04,5.74E-04,6.32E-04,5.65E-04,418.48352,0.00919,0.01115,0.01232,0.01255,0.01263,0.01306,0.01351,0.01377,0.0137,,,,,,,,,,,418.48853,0.00832,0.00879,0.00895,0.00897,0.00887,0.00908,0.00895,0.00884,0.00861,418.48206,3.11E-04,6.10E-04,0.00107,0.00127,0.00115,0.00145,0.00168,0.00166,0.00162,418.48352,0.00222,0.00248,0.00281,0.00286,0.00271,0.00298,0.0029,0.00307,0.00326
,,,,,,,,,,417.98813,0.01288,0.01364,0.01387,0.01404,0.01401,0.01407,0.01386,0.01369,0.01365,417.98169,-2.45E-06,2.38E-04,3.26E-04,4.19E-04,4.50E-04,5.56E-04,5.89E-04,6.32E-04,5.65E-04,417.98291,0.00867,0.01131,0.01211,0.01255,0.01263,0.01306,0.01336,0.01377,0.01323,,,,,,,,,,,417.98813,0.00821,0.00881,0.00879,0.00907,0.00905,0.00871,0.00888,0.00863,0.00881,417.98169,3.34E-04,8.65E-04,8.31E-04,0.00136,0.00186,0.00158,0.00151,0.00162,0.00145,417.98291,0.00186,0.00247,0.0026,0.0027,0.00278,0.00281,0.00293,0.00296,0.00299
,,,,,,,,,,417.48764,0.01288,0.01364,0.01387,0.01404,0.01401,0.01407,0.01386,0.01369,0.01365,417.48129,5.86E-05,2.38E-04,3.26E-04,4.82E-04,4.50E-04,5.64E-04,6.10E-04,6.32E-04,5.65E-04,417.48224,0.00867,0.01131,0.01211,0.01255,0.01263,0.01306,0.01336,0.01377,0.01323,,,,,,,,,,,417.48764,0.00857,0.00917,0.0092,0.00918,0.00926,0.00922,0.00911,0.00927,0.00894,417.48129,4.09E-04,0.00101,0.00102,0.00133,0.00155,0.00165,0.00182,0.00255,0.00203,417.48224,0.00199,0.00224,0.00265,0.00282,0.00272,0.00272,0.00287,0.00297,0.00284
,,,,,,,,,,416.98712,0.01327,0.01417,0.01425,0.01421,0.01434,0.01428,0.01411,0.01403,0.01384,416.98077,1.95E-05,2.62E-04,3.26E-04,4.82E-04,4.64E-04,5.17E-04,6.10E-04,6.32E-04,5.65E-04,416.9816,0.00867,0.01118,0.01211,0.01255,0.01292,0.01306,0.01336,0.01377,0.01323,,,,,,,,,,,416.98712,0.00889,0.00918,0.00955,0.00974,0.00931,0.00944,0.00969,0.00954,0.00899,416.98077,-1.00E-04,4.58E-04,8.35E-04,0.00104,0.00103,0.0013,0.00156,0.00328,0.00136,416.9816,0.00179,0.00243,0.00238,0.00234,0.00283,0.00282,0.00271,0.00283,0.00279
,,,,,,,,,,416.48657,0.01334,0.01417,0.01425,0.01422,0.01441,0.01431,0.0143,0.01435,0.01387,416.51877,1.95E-05,2.62E-04,3.85E-04,4.82E-04,4.64E-04,5.17E-04,6.62E-04,7.23E-04,7.62E-04,416.48084,0.00924,0.01118,0.01232,0.01313,0.01316,0.01313,0.01336,0.0138,0.01323,,,,,,,,,,,416.48657,0.0087,0.0092,0.00943,0.00954,0.0096,0.00932,0.00945,0.00928,0.00932,416.51877,1.50E-04,6.73E-04,0.00113,0.00123,0.00138,0.00163,0.0017,0.00156,0.00195,416.48084,0.00222,0.00253,0.00274,0.00289,0.00287,0.0029,0.0029,0.00297,0.00317
,,,,,,,,,,415.98599,0.01334,0.01417,0.01436,0.01461,0.01443,0.01439,0.01437,0.01408,0.01387,416.01819,1.95E-05,2.62E-04,3.85E-04,4.82E-04,4.64E-04,5.17E-04,6.62E-04,7.23E-04,7.62E-04,416.01859,0.00945,0.01131,0.01277,0.01242,0.01335,0.01348,0.01341,0.0138,0.01473,,,,,,,,,,,415.98599,0.00886,0.00915,0.00948,0.00917,0.00949,0.00924,0.00924,0.00906,0.00898,416.01819,5.00E-05,9.47E-04,9.87E-04,0.00138,0.00119,0.00133,0.00171,0.00185,0.00199,416.01859,0.00229,0.0024,0.00289,0.00305,0.00318,0.00317,0.00328,0.00341,0.00331
,,,,,,,,,,415.48535,0.01334,0.01417,0.01436,0.01461,0.0147,0.01439,0.01437,0.01408,0.01387,415.51764,5.86E-05,3.51E-04,4.43E-04,5.40E-04,5.38E-04,6.34E-04,6.68E-04,7.23E-04,7.74E-04,415.51773,0.00945,0.01145,0.01281,0.01329,0.01354,0.01435,0.0135,0.01442,0.01473,,,,,,,,,,,415.48535,0.00861,0.00903,0.0092,0.0095,0.0093,0.00929,0.00928,0.00944,0.00895,415.51764,5.49E-04,0.00117,0.00137,0.00158,0.00183,0.0018,0.00222,0.00243,0.00241,415.51773,0.00203,0.00252,0.00304,0.00287,0.00316,0.00316,0.00324,0.00331,0.00327
,,,,,,,,,,414.98465,0.01334,0.01417,0.01436,0.01461,0.0147,0.01439,0.01437,0.01408,0.01387,415.01706,5.69E-05,3.51E-04,4.40E-04,5.82E-04,6.65E-04,7.03E-04,7.03E-04,7.23E-04,7.74E-04,415.01688,0.00945,0.01118,0.01284,0.01269,0.0143,0.01435,0.01367,0.01442,0.01469,,,,,,,,,,,414.98465,0.00859,0.00919,0.00927,0.00944,0.00954,0.00932,0.0093,0.00909,0.00874,415.01706,3.71E-04,0.00111,0.00124,0.0015,0.00184,0.00258,0.0018,0.00197,0.0022,415.01688,0.00213,0.00251,0.00294,0.00267,0.00291,0.00308,0.00288,0.00341,0.00319
,,,,,,,,,,414.48398,0.01334,0.01423,0.01436,0.01467,0.01478,0.01443,0.01441,0.01442,0.01387,414.51636,1.13E-04,3.51E-04,4.84E-04,5.82E-04,7.03E-04,7.30E-04,7.44E-04,7.69E-04,7.73E-04,414.51599,0.00943,0.01145,0.01284,0.01269,0.0143,0.01345,0.01367,0.01442,0.01469,,,,,,,,,,,414.48398,0.00875,0.00943,0.00955,0.00947,0.00969,0.0095,0.00946,0.00931,0.00939,414.51636,2.89E-04,9.00E-04,0.00148,0.00156,0.0018,0.00209,0.00216,0.00215,0.00198,414.51599,0.00203,0.00246,0.00275,0.00286,0.00307,0.00311,0.00325,0.0031,0.00311
,,,,,,,,,,413.98322,0.01355,0.01443,0.01465,0.01467,0.01498,0.01471,0.01465,0.01442,0.01441,414.01566,1.04E-04,3.40E-04,4.76E-04,5.82E-04,7.03E-04,7.40E-04,7.44E-04,7.69E-04,7.73E-04,414.01514,0.00934,0.01145,0.01284,0.01269,0.0143,0.01345,0.01367,0.01442,0.01469,,,,,,,,,,,413.98322,0.00952,0.00972,0.00993,0.00989,0.00969,0.00966,0.00964,0.00967,0.0093,414.01566,1.46E-04,8.72E-04,0.00113,0.00149,0.00171,0.0019,0.00191,0.00168,0.00181,414.01514,0.00208,0.00234,0.00276,0.00273,0.00309,0.00289,0.00294,0.00307,0.00316
,,,,,,,,,,413.48236,0.01378,0.01443,0.0148,0.01492,0.01498,0.01486,0.01475,0.01458,0.01445,413.51492,1.04E-04,3.40E-04,4.76E-04,5.82E-04,7.03E-04,7.40E-04,7.52E-04,8.02E-04,7.73E-04,413.51407,0.00896,0.01115,0.01284,0.01286,0.0144,0.01345,0.01426,0.01442,0.01469,,,,,,,,,,,413.48236,0.00905,0.00931,0.00964,0.00985,0.00981,0.00965,0.00982,0.00942,0.00954,413.51492,3.02E-04,9.50E-04,0.00143,0.00135,0.00193,0.00187,0.00193,0.00206,0.00198,413.51407,0.00193,0.00253,0.00277,0.00276,0.00318,0.00276,0.00325,0.0032,0.00317
,,,,,,,,,,412.98154,0.01386,0.01443,0.01492,0.01495,0.01498,0.01495,0.01491,0.01458,0.01445,413.01416,1.04E-04,3.40E-04,4.76E-04,5.82E-04,7.30E-04,7.40E-04,7.52E-04,8.02E-04,7.73E-04,413.01309,0.0088,0.0109,0.01287,0.01286,0.01441,0.01339,0.01426,0.01462,0.01475,,,,,,,,,,,412.98154,0.00895,0.00947,0.00946,0.00972,0.00967,0.00966,0.00953,0.00942,0.00933,413.01416,2.66E-04,7.43E-04,0.00122,0.00151,0.00187,0.00205,0.00201,0.00216,0.00246,413.01309,0.00201,0.0025,0.00285,0.00279,0.00317,0.00325,0.00307,0.00325,0.00325
,,,,,,,,,,412.51916,0.01386,0.01443,0.01492,0.01495,0.01498,0.01495,0.01491,0.01458,0.01458,412.51328,1.06E-04,3.71E-04,5.14E-04,5.91E-04,7.54E-04,8.01E-04,7.83E-04,8.44E-04,9.05E-04,412.51202,0.0088,0.01115,0.01314,0.013,0.01473,0.01339,0.01449,0.0149,0.01503,,,,,,,,,,,412.51916,0.0089,0.00919,0.0098,0.00963,0.00966,0.0096,0.00963,0.00962,0.00944,412.51328,2.71E-04,0.00107,0.00132,0.00153,0.00197,0.00234,0.00219,0.00256,0.00232,412.51202,0.00189,0.0024,0.00286,0.00305,0.0032,0.00302,0.00311,0.00314,0.00334
,,,,,,,,,,412.01825,0.01386,0.01456,0.01517,0.01495,0.01498,0.01496,0.01491,0.01458,0.01458,412.01242,1.06E-04,3.71E-04,5.14E-04,5.98E-04,7.70E-04,9.11E-04,8.53E-04,9.99E-04,9.61E-04,412.01093,0.0088,0.01115,0.01324,0.01352,0.01473,0.01404,0.01449,0.01512,0.01511,,,,,,,,,,,412.01825,0.00901,0.0094,0.00979,0.00966,0.00984,0.00975,0.00967,0.00939,0.00941,412.01242,5.17E-04,0.00126,0.00159,0.00182,0.00216,0.0024,0.00221,0.00258,0.00262,412.01093,0.00172,0.00232,0.00282,0.00291,0.0031,0.00288,0.00324,0.00332,0.00323
,,,,,,,,,,411.51727,0.01395,0.01456,0.01517,0.01495,0.01524,0.01511,0.01497,0.0149,0.01462,411.51151,1.33E-04,4.18E-04,6.06E-04,7.11E-04,8.35E-04,9.37E-04,8.62E-04,0.00101,9.90E-04,411.50974,0.0088,0.01115,0.01332,0.01417,0.01487,0.01404,0.01506,0.01545,0.01552,,,,,,,,,,,411.51727,0.00901,0.01004,0.01013,0.01013,0.01019,0.01014,0.00983,0.00993,0.0097,411.51151,6.33E-04,0.00123,0.00191,0.00217,0.00232,0.00262,0.00273,0.00306,0.00291,411.50974,0.00232,0.00273,0.00304,0.00318,0.00356,0.00346,0.00346,0.00363,0.0035
,,,,,,,,,,411.01627,0.01396,0.01555,0.01569,0.01569,0.01578,0.01559,0.01523,0.01538,0.01502,411.01053,2.02E-04,4.42E-04,6.19E-04,7.42E-04,8.43E-04,9.64E-04,9.27E-04,0.00105,0.00102,411.00854,0.00932,0.01261,0.01349,0.01463,0.01606,0.01608,0.01611,0.01618,0.01627,,,,,,,,,,,411.01627,0.00969,0.01013,0.01026,0.01058,0.01025,0.01006,0.01028,0.01011,0.00978,411.01053,0.00128,9.52E-04,0.00155,0.0019,0.00214,0.00247,0.00238,0.00269,0.00254,411.00854,0.00234,0.00286,0.00328,0.0034,0.00354,0.00386,0.00369,0.00374,0.00369
,,,,,,,,,,410.51523,0.01459,0.01569,0.01589,0.01617,0.01587,0.0157,0.01585,0.01566,0.01514,410.50952,2.47E-04,4.42E-04,6.73E-04,8.40E-04,9.05E-04,0.00102,0.00107,0.00119,0.00113,410.50732,0.01021,0.01272,0.01413,0.0148,0.01618,0.01664,0.0166,0.01675,0.01638,,,,,,,,,,,410.51523,0.00942,0.01027,0.0106,0.01044,0.01038,0.01027,0.01033,0.01026,0.0106,410.50952,3.41E-04,0.00156,0.00172,0.00215,0.00257,0.00276,0.00295,0.0031,0.00312,410.50732,0.00219,0.00296,0.0029,0.00327,0.00348,0.00358,0.00357,0.0036,0.00364
,,,,,,,,,,410.0141,0.01501,0.0159,0.0162,0.01638,0.01607,0.01591,0.01592,0.01588,0.01584,410.00851,2.71E-04,4.42E-04,6.73E-04,8.40E-04,9.05E-04,0.00108,0.00108,0.00121,0.00122,410.00607,0.01021,0.01331,0.01452,0.01522,0.01618,0.01677,0.01688,0.01675,0.01695,,,,,,,,,,,410.0141,0.0098,0.01038,0.01062,0.01073,0.0105,0.01068,0.01042,0.01041,0.0103,410.00851,6.95E-04,0.00113,0.0018,0.00217,0.00232,0.00298,0.00276,0.00326,0.00347,410.00607,0.002,0.00271,0.00312,0.00314,0.00345,0.00361,0.00363,0.00348,0.00352
,,,,,,,,,,409.513,0.01503,0.01607,0.01641,0.01657,0.01626,0.01624,0.01601,0.01596,0.01585,409.50745,2.71E-04,6.09E-04,7.03E-04,8.45E-04,0.001,0.00116,0.00115,0.00122,0.00133,409.50473,0.01021,0.01376,0.01452,0.01522,0.01618,0.01677,0.01688,0.01675,0.01695,,,,,,,,,,,409.513,0.00972,0.01043,0.01046,0.0107,0.01072,0.01049,0.01024,0.01031,0.01023,409.50745,7.41E-04,0.00167,0.0019,0.00241,0.00291,0.00317,0.00314,0.00314,0.00341,409.50473,0.00236,0.00313,0.00326,0.00363,0.00389,0.004,0.00374,0.00397,0.00419
,,,,,,,,,,409.01181,0.01505,0.01612,0.01645,0.01661,0.0166,0.0164,0.01614,0.01613,0.01585,409.00623,2.87E-04,6.50E-04,7.42E-04,9.40E-04,0.00114,0.00123,0.00123,0.00127,0.00135,409.00339,0.01073,0.01455,0.01516,0.01687,0.01808,0.01769,0.0174,0.01848,0.01887,,,,,,,,,,,409.01181,0.00978,0.01041,0.01066,0.01099,0.01075,0.01068,0.01073,0.01074,0.01023,409.00623,7.36E-04,0.00191,0.0021,0.00276,0.00306,0.00334,0.00331,0.00352,0.00357,409.00339,0.00231,0.00319,0.00373,0.00385,0.0041,0.0038,0.00421,0.00423,0.0043
,,,,,,,,,,408.51056,0.01505,0.01615,0.01652,0.01661,0.01665,0.0164,0.01646,0.01633,0.01585,408.50507,2.89E-04,6.73E-04,8.18E-04,0.00108,0.00119,0.00125,0.00129,0.00137,0.00139,408.50201,0.01097,0.01484,0.01663,0.017,0.01848,0.01861,0.01807,0.01903,0.0195,,,,,,,,,,,408.51056,0.00971,0.01057,0.01081,0.01073,0.01093,0.01067,0.0107,0.01083,0.01031,408.50507,8.52E-04,0.00173,0.00224,0.00295,0.00329,0.00319,0.00378,0.0039,0.00359,408.50201,0.0024,0.00319,0.00357,0.00365,0.00397,0.00401,0.00398,0.00429,0.00406
,,,,,,,,,,408.00931,0.01513,0.01638,0.01674,0.01681,0.01671,0.01652,0.01658,0.01644,0.01597,408.00388,3.31E-04,7.44E-04,8.72E-04,0.00115,0.00127,0.0013,0.00148,0.00152,0.0014,408.00052,0.01073,0.01484,0.01666,0.01772,0.01907,0.01868,0.0185,0.01966,0.02,,,,,,,,,,,408.00931,0.01004,0.01058,0.01086,0.01122,0.01079,0.01059,0.01063,0.01054,0.0107,408.00388,9.34E-04,0.00211,0.00263,0.00316,0.00326,0.0038,0.00394,0.00408,0.0046,408.00052,0.00249,0.00326,0.00358,0.00381,0.00432,0.0041,0.00388,0.00409,0.00445
,,,,,,,,,,407.50803,0.01513,0.01638,0.01675,0.01681,0.01676,0.01652,0.01658,0.01644,0.01602,407.50266,3.32E-04,8.23E-04,0.00102,0.00123,0.00128,0.00148,0.00154,0.00159,0.0018,407.49905,0.01114,0.01484,0.01666,0.01772,0.01992,0.01909,0.0185,0.01987,0.02026,,,,,,,,,,,407.50803,0.00977,0.01068,0.01085,0.01085,0.01082,0.01087,0.01158,0.01062,0.01051,407.50266,0.0012,0.00217,0.00291,0.00325,0.00358,0.00397,0.00431,0.00918,0.00467,407.49905,0.00239,0.00322,0.00358,0.00406,0.00429,0.00444,0.00411,0.00427,0.00436
,,,,,,,,,,407.00668,0.01541,0.01654,0.0168,0.01714,0.01676,0.01682,0.0168,0.01644,0.01627,407.00137,3.64E-04,8.45E-04,0.00106,0.00127,0.00139,0.00155,0.00168,0.00203,0.00182,406.9975,0.01114,0.015,0.01666,0.01888,0.01998,0.02068,0.01912,0.01987,0.02068,,,,,,,,,,,407.00668,0.0102,0.01072,0.01081,0.01108,0.01085,0.01091,0.01092,0.01071,0.01034,407.00137,8.49E-04,0.00229,0.00272,0.0035,0.00364,0.00425,0.00455,0.00572,0.00479,406.9975,0.00212,0.00314,0.00402,0.00412,0.00428,0.00445,0.00456,0.00453,0.00469
,,,,,,,,,,406.50531,0.01541,0.01656,0.0168,0.01714,0.0168,0.01683,0.01692,0.01657,0.01627,406.5,4.68E-04,8.93E-04,0.00113,0.00137,0.00142,0.00166,0.00177,0.00212,0.00187,406.49597,0.01114,0.015,0.01871,0.01916,0.01998,0.0207,0.02123,0.02108,0.0218,,,,,,,,,,,406.50531,0.00995,0.01069,0.01095,0.01107,0.01092,0.01086,0.01085,0.0107,0.0108,406.5,0.00155,0.0025,0.00351,0.00405,0.00435,0.00471,0.00501,0.00521,0.00544,406.49597,0.0027,0.00367,0.00414,0.00425,0.00461,0.00471,0.00472,0.00483,0.00493
,,,,,,,,,,406.00391,0.01578,0.01659,0.01689,0.01716,0.01691,0.01689,0.01692,0.01658,0.01673,405.99866,5.49E-04,9.47E-04,0.00129,0.0015,0.0017,0.00184,0.00192,0.00212,0.00212,405.99435,0.01258,0.01707,0.01926,0.01977,0.02143,0.02191,0.02195,0.02247,0.02294,,,,,,,,,,,406.00391,0.01019,0.01092,0.01091,0.01138,0.01111,0.01131,0.01103,0.01087,0.01097,405.99866,0.00145,0.00279,0.0033,0.00385,0.00451,0.00472,0.00493,0.00547,0.00558,405.99435,0.0028,0.00374,0.00429,0.00463,0.00489,0.00509,0.00514,0.005,0.00546
,,,,,,,,,,405.50241,0.01578,0.01692,0.01696,0.01763,0.01721,0.01752,0.01708,0.01684,0.017,405.49719,5.65E-04,9.76E-04,0.00134,0.00157,0.00176,0.00184,0.00195,0.00212,0.00215,405.49271,0.01303,0.01742,0.01996,0.02154,0.02276,0.02368,0.02393,0.02328,0.02542,,,,,,,,,,,405.50241,0.01051,0.01138,0.01171,0.01192,0.01183,0.0117,0.01157,0.01163,0.0114,405.49719,0.00141,0.00243,0.00342,0.00403,0.00456,0.00478,0.00515,0.00542,0.00551,405.49271,0.003,0.00404,0.00453,0.00493,0.00526,0.00549,0.00539,0.0054,0.00549
,,,,,,,,,,405.00085,0.01628,0.01763,0.01813,0.01846,0.01831,0.01812,0.01792,0.01801,0.01765,404.99576,5.65E-04,0.00105,0.00134,0.00157,0.00178,0.00187,0.00201,0.00213,0.00218,404.99103,0.01329,0.01881,0.02109,0.02296,0.02367,0.02525,0.02498,0.02514,0.02555,,,,,,,,,,,405.00085,0.01112,0.01207,0.0124,0.0125,0.01234,0.01221,0.01215,0.01244,0.01173,404.99576,0.00176,0.00291,0.004,0.00462,0.00498,0.00533,0.0058,0.00581,0.00631,404.99103,0.00286,0.00411,0.00479,0.00521,0.00509,0.00543,0.00537,0.00559,0.00589
,,,,,,,,,,404.49933,0.01722,0.01869,0.01921,0.01935,0.01911,0.01891,0.01882,0.01926,0.01817,404.49426,6.41E-04,0.00105,0.00147,0.00168,0.00178,0.00208,0.00222,0.00227,0.00245,404.48926,0.01396,0.01912,0.02229,0.02422,0.02449,0.02553,0.02509,0.02601,0.02739,,,,,,,,,,,404.49933,0.01138,0.01219,0.01256,0.01288,0.01264,0.01246,0.01268,0.01252,0.01228,404.49426,0.0018,0.00287,0.00385,0.00431,0.00457,0.00536,0.00568,0.00619,0.00628,404.48926,0.00319,0.00446,0.00508,0.00534,0.0057,0.00573,0.00581,0.0058,0.00607
,,,,,,,,,,403.99774,0.01762,0.01888,0.01945,0.01994,0.01957,0.0193,0.01964,0.01939,0.01902,403.99271,6.88E-04,0.00112,0.0015,0.0018,0.00194,0.00209,0.00226,0.00241,0.00246,403.98749,0.01331,0.01973,0.02232,0.02484,0.02647,0.02564,0.0269,0.02699,0.0282,,,,,,,,,,,403.99774,0.01159,0.01257,0.01291,0.013,0.01307,0.01279,0.01279,0.01279,0.0124,403.99271,0.00164,0.00269,0.00376,0.00477,0.0054,0.00573,0.00598,0.00641,0.00686,403.98749,0.00332,0.00436,0.0051,0.00553,0.00583,0.00602,0.00604,0.00593,0.00609
,,,,,,,,,,403.49612,0.01794,0.01947,0.01999,0.02013,0.02024,0.01981,0.0198,0.0198,0.0192,403.49115,6.99E-04,0.00112,0.0015,0.00186,0.0021,0.00224,0.00233,0.0025,0.00268,403.48569,0.01419,0.02027,0.02361,0.02498,0.02653,0.02666,0.02702,0.02742,0.02823,,,,,,,,,,,403.49612,0.01188,0.01315,0.01331,0.01341,0.01341,0.01335,0.01348,0.01326,0.01302,403.49115,0.00198,0.00344,0.00417,0.005,0.00565,0.00619,0.00657,0.00686,0.0074,403.48569,0.00305,0.00436,0.00514,0.00561,0.0058,0.00587,0.00626,0.00589,0.00615
,,,,,,,,,,402.99445,0.01839,0.02037,0.02061,0.02077,0.02077,0.02067,0.02088,0.02054,0.02017,402.98953,6.99E-04,0.00133,0.00163,0.00192,0.0022,0.0024,0.00256,0.00268,0.00289,402.98386,0.01419,0.02027,0.02373,0.02572,0.027,0.02733,0.0281,0.02757,0.02831,,,,,,,,,,,402.99445,0.01253,0.01347,0.0137,0.01478,0.01376,0.01378,0.01393,0.01369,0.01349,402.98953,0.00179,0.00368,0.00422,0.00492,0.00602,0.00615,0.0067,0.00707,0.00747,402.98386,0.00286,0.00424,0.0048,0.00537,0.00569,0.00551,0.00578,0.00605,0.00606
,,,,,,,,,,402.49277,0.0194,0.02086,0.02122,0.02234,0.0213,0.02134,0.02158,0.0212,0.0209,402.48785,7.73E-04,0.00134,0.00165,0.00195,0.00235,0.00241,0.00261,0.00276,0.00291,402.48196,0.01419,0.0203,0.02391,0.02608,0.027,0.02733,0.02914,0.02815,0.02861,,,,,,,,,,,402.49277,0.01272,0.01403,0.01406,0.01443,0.01399,0.01429,0.01411,0.01382,0.01374,402.48785,0.00206,0.00341,0.0046,0.00576,0.00622,0.00673,0.00711,0.00798,0.00779,402.48196,0.00311,0.0044,0.00545,0.0058,0.00607,0.00609,0.00635,0.0063,0.00645
,,,,,,,,,,401.991,0.0197,0.02173,0.02177,0.0226,0.02166,0.02214,0.02185,0.0214,0.02129,401.98611,8.04E-04,0.00144,0.0018,0.00221,0.00243,0.00262,0.00277,0.00298,0.00304,402.01862,0.01448,0.02049,0.02537,0.02698,0.02825,0.02834,0.02953,0.02931,0.03003,,,,,,,,,,,401.991,0.01327,0.0142,0.0142,0.01459,0.0147,0.01477,0.01447,0.01447,0.01425,401.98611,0.00216,0.00391,0.00516,0.00567,0.00647,0.00762,0.00786,0.00764,0.00851,402.01862,0.0033,0.0048,0.00584,0.00593,0.00631,0.00662,0.00692,0.00677,0.00665
,,,,,,,,,,401.48917,0.02055,0.02199,0.02199,0.0226,0.02276,0.02287,0.02241,0.02241,0.02207,401.48438,8.44E-04,0.00152,0.00201,0.00225,0.00252,0.00287,0.00307,0.00311,0.00332,401.51663,0.01448,0.02233,0.0262,0.0276,0.02936,0.03043,0.03186,0.03127,0.03092,,,,,,,,,,,401.48917,0.01336,0.01435,0.01503,0.01537,0.01484,0.01501,0.01499,0.01506,0.01485,401.48438,0.00233,0.00419,0.00516,0.00608,0.00681,0.00736,0.00843,0.00851,0.00878,401.51663,0.00311,0.00519,0.00563,0.00633,0.00688,0.00694,0.00685,0.007,0.00704
,,,,,,,,,,400.9873,0.02069,0.02222,0.02327,0.02381,0.02298,0.02325,0.02322,0.02332,0.023,400.9826,8.53E-04,0.00164,0.00201,0.00237,0.00266,0.00297,0.00329,0.00332,0.00343,401.01462,0.0145,0.02325,0.02686,0.02946,0.02956,0.03051,0.03186,0.03127,0.03095,,,,,,,,,,,400.9873,0.0138,0.01499,0.01537,0.01541,0.01534,0.01534,0.01532,0.01551,0.01553,400.9826,0.00259,0.00465,0.00556,0.00628,0.00723,0.00885,0.0086,0.0089,0.00943,401.01462,0.00328,0.00508,0.00586,0.00646,0.00644,0.00689,0.00697,0.00676,0.00689
,,,,,,,,,,400.48544,0.02137,0.02322,0.0238,0.02386,0.02376,0.02377,0.02372,0.02403,0.02405,400.48077,9.08E-04,0.00164,0.00215,0.00245,0.00282,0.00319,0.00336,0.00334,0.00368,400.51257,0.0145,0.02341,0.0262,0.02946,0.02994,0.03051,0.03163,0.03127,0.03208,,,,,,,,,,,400.48544,0.01388,0.01534,0.01599,0.01597,0.01595,0.0159,0.01574,0.01582,0.01561,400.48077,0.00219,0.00421,0.00551,0.0063,0.00733,0.00817,0.00868,0.00857,0.0095,400.51257,0.00312,0.005,0.00577,0.00635,0.00656,0.00654,0.00685,0.00672,0.00665
,,,,,,,,,,399.98352,0.0215,0.02375,0.02476,0.02474,0.02471,0.02463,0.02438,0.0245,0.02418,400.01752,9.51E-04,0.00172,0.00217,0.00246,0.00286,0.00326,0.00339,0.00347,0.00371,400.01047,0.01525,0.02328,0.02686,0.02926,0.02994,0.03051,0.03163,0.03127,0.03208,,,,,,,,,,,399.98352,0.01442,0.01629,0.01657,0.01636,0.01661,0.01634,0.01649,0.01627,0.01601,400.01752,0.00261,0.0044,0.00561,0.00655,0.00747,0.00848,0.00885,0.0146,0.00992,400.01047,0.0034,0.00509,0.00602,0.00634,0.00635,0.00656,0.00637,0.00658,0.00705
,,,,,,,,,,399.48157,0.02233,0.02523,0.02566,0.02534,0.02573,0.02531,0.02547,0.02519,0.02479,399.51563,9.51E-04,0.00172,0.00219,0.00255,0.00292,0.00326,0.00345,0.00362,0.00382,399.50833,0.01542,0.02328,0.02686,0.02926,0.03052,0.03051,0.03163,0.03127,0.03226,,,,,,,,,,,399.48157,0.01485,0.01638,0.01684,0.01667,0.017,0.01685,0.01644,0.01644,0.01647,399.51563,0.00305,0.0045,0.00628,0.00664,0.00795,0.0087,0.00919,0.00981,0.01018,399.50833,0.00331,0.00503,0.00555,0.00626,0.00658,0.00675,0.0068,0.00695,0.00693
,,,,,,,,,,399.01819,0.02284,0.02536,0.02609,0.02581,0.02615,0.0261,0.02553,0.02546,0.02551,399.01364,0.00102,0.00176,0.00235,0.00259,0.00305,0.00331,0.00348,0.00383,0.00387,399.00616,0.01546,0.02341,0.02725,0.02914,0.0306,0.031,0.03163,0.03235,0.03282,,,,,,,,,,,399.01819,0.01475,0.01663,0.01701,0.01749,0.01689,0.01702,0.01672,0.01691,0.01658,399.01364,0.00244,0.00452,0.00602,0.00663,0.00782,0.00835,0.00892,0.00928,0.0098,399.00616,0.00361,0.005,0.00586,0.00629,0.00666,0.00689,0.00687,0.00695,0.00719
,,,,,,,,,,398.51614,0.023,0.02575,0.02634,0.0267,0.02632,0.02636,0.02589,0.02619,0.02568,398.51169,0.00106,0.00176,0.00239,0.00259,0.0031,0.00339,0.00359,0.00383,0.00397,398.50397,0.01546,0.02341,0.02725,0.02914,0.03097,0.031,0.03163,0.03236,0.03326,,,,,,,,,,,398.51614,0.0153,0.01689,0.01746,0.01724,0.01733,0.01752,0.0174,0.0173,0.0171,398.51169,0.00363,0.00537,0.00703,0.00749,0.00864,0.00925,0.01005,0.01017,0.01091,398.50397,0.00332,0.00513,0.00606,0.00656,0.00693,0.00685,0.00701,0.00726,0.00715
,,,,,,,,,,398.01407,0.0237,0.02616,0.02704,0.02708,0.02684,0.02713,0.02694,0.02679,0.02648,398.00967,0.00106,0.00197,0.00235,0.00272,0.00331,0.00344,0.00373,0.00385,0.0041,398.00168,0.01546,0.02375,0.02725,0.02879,0.03097,0.03057,0.0314,0.03235,0.03326,,,,,,,,,,,398.01407,0.01565,0.01721,0.0179,0.01774,0.01763,0.01763,0.01756,0.0175,0.01731,398.00967,0.00353,0.00588,0.00614,0.00723,0.00853,0.00882,0.01114,0.0104,0.01071,398.00168,0.00332,0.00518,0.00606,0.00614,0.00667,0.00666,0.00709,0.007,0.00728
,,,,,,,,,,397.51196,0.02424,0.02665,0.02772,0.02748,0.02731,0.0273,0.0272,0.0271,0.02681,397.5076,0.00121,0.00203,0.00239,0.00282,0.00333,0.00348,0.00375,0.00397,0.00412,397.49936,0.01546,0.02386,0.02673,0.02859,0.03046,0.03057,0.0314,0.03083,0.03209,,,,,,,,,,,397.51196,0.01612,0.01798,0.01849,0.01825,0.01833,0.01856,0.01813,0.01796,0.01799,397.5076,0.00271,0.00521,0.00631,0.00731,0.00847,0.00924,0.00961,0.0103,0.01051,397.49936,0.00346,0.00526,0.00629,0.00647,0.0069,0.00657,0.00675,0.00716,0.00737
,,,,,,,,,,397.0098,0.02497,0.02784,0.02863,0.02827,0.02838,0.02875,0.02808,0.02782,0.02786,397.00546,0.00121,0.00203,0.00239,0.00282,0.00333,0.00348,0.00375,0.00401,0.00412,396.99704,0.01564,0.02375,0.02673,0.02835,0.02963,0.0305,0.03112,0.03083,0.03173,,,,,,,,,,,397.0098,0.01619,0.0181,0.01868,0.0188,0.01872,0.01905,0.0187,0.0185,0.01838,397.00546,0.00309,0.00505,0.006,0.00698,0.00861,0.00892,0.00957,0.00986,0.01057,396.99704,0.00336,0.0051,0.00567,0.00619,0.00632,0.00656,0.00669,0.00663,0.0069
,,,,,,,,,,396.5076,0.02508,0.02804,0.02894,0.02912,0.02899,0.02935,0.02896,0.02865,0.02847,396.50333,0.00121,0.00197,0.00246,0.00285,0.00336,0.0036,0.00375,0.00387,0.00412,396.49463,0.01609,0.02345,0.02673,0.02783,0.02942,0.0305,0.03082,0.03083,0.0315,,,,,,,,,,,396.5076,0.01677,0.01862,0.01922,0.01925,0.01928,0.01895,0.01892,0.01887,0.01879,396.50333,0.00336,0.00545,0.00682,0.00788,0.00867,0.00953,0.01005,0.01049,0.01098,396.49463,0.00352,0.00513,0.00575,0.00609,0.00655,0.00664,0.00676,0.0066,0.00682
,,,,,,,,,,396.00537,0.02593,0.02883,0.02977,0.02982,0.02986,0.02951,0.0293,0.02922,0.02881,396.00113,0.00121,0.00191,0.00245,0.00287,0.00336,0.00354,0.00385,0.00387,0.00418,395.99225,0.01564,0.02323,0.02673,0.02783,0.02905,0.03044,0.03016,0.03071,0.03054,,,,,,,,,,,396.00537,0.01674,0.01876,0.01943,0.0194,0.01933,0.01912,0.01963,0.01892,0.0186,396.00113,0.00345,0.00543,0.00655,0.00778,0.00872,0.00932,0.01017,0.01029,0.01102,395.99225,0.00354,0.00493,0.00575,0.00595,0.00637,0.00654,0.00648,0.00677,0.00656
,,,,,,,,,,395.50308,0.02597,0.02905,0.0301,0.03004,0.02994,0.02961,0.0297,0.02931,0.02911,395.4989,0.00121,0.00191,0.00245,0.00287,0.00323,0.00354,0.00385,0.00387,0.00418,395.48978,0.01625,0.02323,0.02673,0.0277,0.02857,0.03044,0.02984,0.03071,0.03024,,,,,,,,,,,395.50308,0.01737,0.01908,0.01976,0.01978,0.01978,0.01953,0.01935,0.01916,0.01916,395.4989,0.00311,0.0049,0.00633,0.00736,0.00863,0.00926,0.00995,0.00993,0.01071,395.48978,0.00357,0.00504,0.0058,0.00598,0.00624,0.00658,0.00663,0.00677,0.00677
,,,,,,,,,,395.00076,0.02637,0.02955,0.03015,0.03033,0.03008,0.03021,0.02996,0.02967,0.02938,394.99664,0.00121,0.00191,0.00245,0.0028,0.00323,0.00354,0.00377,0.00387,0.00418,394.98727,0.01625,0.02297,0.02674,0.0277,0.02857,0.03044,0.02984,0.03104,0.03024,,,,,,,,,,,395.00076,0.01731,0.01929,0.01969,0.01958,0.01942,0.01956,0.01918,0.01936,0.01897,394.99664,0.00311,0.00488,0.00628,0.00745,0.00829,0.00907,0.00987,0.01019,0.01188,394.98727,0.00328,0.00499,0.00585,0.00611,0.00614,0.00609,0.00633,0.00648,0.0065
,,,,,,,,,,394.49838,0.02637,0.02957,0.03031,0.03049,0.03012,0.03021,0.02996,0.02981,0.02938,394.49432,0.00121,0.0019,0.0024,0.0028,0.00323,0.00354,0.00376,0.00387,0.00407,394.48474,0.01625,0.02307,0.02595,0.02783,0.02847,0.0297,0.02945,0.03015,0.03024,,,,,,,,,,,394.49838,0.01725,0.01975,0.01947,0.01976,0.01945,0.01953,0.01951,0.01929,0.01929,394.49432,0.0033,0.00515,0.00615,0.00717,0.00821,0.00892,0.00966,0.00979,0.01021,394.48474,0.00349,0.00507,0.0052,0.00588,0.00612,0.00657,0.00641,0.00674,0.0065
,,,,,,,,,,393.996,0.02626,0.02977,0.03015,0.03049,0.03012,0.03005,0.0297,0.02981,0.02938,393.99197,0.00127,0.0019,0.0024,0.0028,0.00323,0.0035,0.00376,0.00391,0.00407,393.98215,0.01525,0.02297,0.02492,0.02736,0.02811,0.02835,0.02922,0.02887,0.03023,,,,,,,,,,,393.996,0.01703,0.01941,0.01985,0.02145,0.01984,0.0195,0.01945,0.01995,0.01915,393.99197,0.00336,0.00509,0.0063,0.00719,0.00828,0.00931,0.00964,0.0101,0.01083,393.98215,0.00352,0.00494,0.00587,0.00621,0.00641,0.00657,0.00655,0.00667,0.0068
,,,,,,,,,,393.49353,0.02626,0.0296,0.03015,0.03049,0.03018,0.03005,0.03008,0.02981,0.02947,393.48959,0.00127,0.00189,0.00236,0.0028,0.00323,0.00348,0.00368,0.00382,0.004,393.51822,0.01525,0.02241,0.02492,0.02736,0.02767,0.0282,0.02922,0.02887,0.0293,,,,,,,,,,,393.49353,0.01693,0.01909,0.01957,0.01969,0.01953,0.0194,0.01942,0.01925,0.01893,393.48959,0.00326,0.00484,0.00604,0.00767,0.00895,0.00937,0.00945,0.0101,0.01043,393.51822,0.00361,0.00496,0.00558,0.00605,0.00604,0.00638,0.00627,0.00621,0.00651
,,,,,,,,,,392.99106,0.02626,0.0296,0.03025,0.03049,0.03025,0.03005,0.02997,0.02981,0.02931,392.98715,0.00127,0.00182,0.00221,0.00276,0.00323,0.00329,0.00358,0.00379,0.004,393.01553,0.01518,0.02237,0.02492,0.02675,0.02763,0.0282,0.02919,0.02886,0.02928,,,,,,,,,,,392.99106,0.01695,0.01922,0.01916,0.0197,0.01949,0.01927,0.01909,0.01893,0.01924,392.98715,0.0036,0.00513,0.00674,0.00746,0.00849,0.00898,0.00972,0.01003,0.01067,393.01553,0.00326,0.00482,0.00536,0.00575,0.00587,0.00606,0.00628,0.0062,0.00629
,,,,,,,,,,392.48856,0.02626,0.0296,0.03,0.03032,0.03018,0.02985,0.02985,0.02975,0.02931,392.48468,0.00109,0.00178,0.00221,0.0027,0.00313,0.00328,0.0035,0.00379,0.00398,392.51285,0.01412,0.02163,0.02475,0.02611,0.02733,0.02761,0.02797,0.02855,0.02903,,,,,,,,,,,392.48856,0.01725,0.01911,0.01954,0.01958,0.01962,0.01954,0.01944,0.01937,0.01903,392.48468,0.0028,0.00467,0.00566,0.00707,0.01085,0.00842,0.00918,0.00972,0.01026,392.51285,0.00328,0.00481,0.00545,0.00614,0.00595,0.00594,0.00635,0.00622,0.0063
,,,,,,,,,,391.98599,0.02629,0.0296,0.03,0.03028,0.03018,0.02985,0.02985,0.02967,0.02943,391.98218,0.00109,0.00178,0.00221,0.0027,0.00313,0.00328,0.0035,0.00368,0.00387,392.0101,0.01412,0.02157,0.02475,0.02546,0.02733,0.02761,0.02797,0.02855,0.02903,,,,,,,,,,,391.98599,0.01701,0.01945,0.01956,0.01971,0.01961,0.01957,0.01935,0.01947,0.01888,391.98218,0.00326,0.00455,0.00563,0.00688,0.00804,0.00841,0.00891,0.00972,0.01021,392.0101,0.00293,0.00465,0.00532,0.00547,0.00594,0.00608,0.00601,0.00586,0.00614
,,,,,,,,,,391.48337,0.02635,0.02919,0.03008,0.03024,0.02993,0.02982,0.02997,0.02969,0.02928,391.51828,0.00109,0.00178,0.00221,0.0027,0.00312,0.00328,0.0035,0.00367,0.00387,391.50732,0.01412,0.02156,0.02475,0.02546,0.0268,0.02758,0.02797,0.02855,0.02903,,,,,,,,,,,391.48337,0.01698,0.01943,0.01937,0.01955,0.01932,0.01926,0.01928,0.01921,0.01904,391.51828,0.00271,0.00452,0.00578,0.00693,0.00763,0.00827,0.00898,0.00904,0.00967,391.50732,0.00304,0.00463,0.00532,0.00561,0.00576,0.00593,0.00587,0.00614,0.00624
,,,,,,,,,,390.98074,0.02629,0.02915,0.03,0.02995,0.02991,0.02957,0.02985,0.02967,0.02924,391.01569,0.0011,0.00177,0.00225,0.0027,0.00298,0.00328,0.00348,0.00359,0.00377,391.00452,0.01412,0.02156,0.02475,0.02546,0.0268,0.02758,0.02797,0.02855,0.02864,,,,,,,,,,,390.98074,0.01715,0.01885,0.01943,0.01953,0.01959,0.01954,0.0197,0.01916,0.019,391.01569,0.00322,0.00473,0.00592,0.00692,0.00803,0.00857,0.0092,0.00944,0.00992,391.00452,0.00332,0.00464,0.00553,0.00544,0.00592,0.00618,0.00611,0.00622,0.00649
,,,,,,,,,,390.51672,0.02586,0.02912,0.02991,0.02976,0.02991,0.02954,0.02944,0.02963,0.0289,390.51306,0.0011,0.00177,0.00225,0.0027,0.00298,0.0033,0.00347,0.00359,0.00371,390.50168,0.01439,0.02156,0.02474,0.02595,0.0268,0.02735,0.02755,0.02855,0.02903,,,,,,,,,,,390.51672,0.01711,0.0188,0.01942,0.01922,0.01931,0.01905,0.01936,0.01917,0.01891,390.51306,0.00297,0.00492,0.00623,0.00719,0.00801,0.00885,0.00912,0.00941,0.01002,390.50168,0.00309,0.00461,0.00537,0.00574,0.00576,0.00588,0.00604,0.00618,0.0065
,,,,,,,,,,390.01401,0.0257,0.02899,0.0294,0.02967,0.02939,0.02951,0.02925,0.02948,0.0289,390.01038,0.0011,0.00179,0.00231,0.00276,0.00298,0.00334,0.00347,0.00362,0.00371,389.99872,0.01455,0.02157,0.02455,0.02595,0.02685,0.02735,0.02809,0.02796,0.02864,,,,,,,,,,,390.01401,0.0167,0.01882,0.01898,0.01934,0.01898,0.01909,0.01888,0.01913,0.01866,390.01038,0.00281,0.00451,0.00601,0.00711,0.00737,0.00845,0.0084,0.00919,0.00951,389.99872,0.00313,0.00477,0.00551,0.00558,0.00599,0.00598,0.00621,0.00616,0.00616
,,,,,,,,,,389.51123,0.02563,0.02869,0.02921,0.02967,0.02926,0.02907,0.02913,0.02924,0.02882,389.50769,0.0011,0.00179,0.00235,0.00278,0.00298,0.00336,0.00347,0.00362,0.00371,389.49582,0.01455,0.02193,0.02455,0.02626,0.02685,0.02735,0.02809,0.02778,0.02864,,,,,,,,,,,389.51123,0.01652,0.01872,0.01932,0.01915,0.01933,0.01907,0.01901,0.01904,0.01839,389.50769,0.00282,0.00458,0.00578,0.00706,0.00764,0.00867,0.0089,0.00927,0.00929,389.49582,0.0034,0.00477,0.00528,0.00564,0.00616,0.00587,0.00592,0.00597,0.00631
,,,,,,,,,,389.00842,0.02563,0.02851,0.02914,0.02918,0.02926,0.02897,0.02904,0.02889,0.02864,389.00491,0.0011,0.00179,0.00235,0.00278,0.00298,0.00336,0.00347,0.00362,0.00371,388.99283,0.0151,0.02193,0.02425,0.02626,0.02747,0.02783,0.02805,0.02768,0.02864,,,,,,,,,,,389.00842,0.0166,0.01852,0.01882,0.01876,0.01889,0.01877,0.01881,0.01888,0.0188,389.00491,0.00314,0.00513,0.00913,0.00727,0.00789,0.00862,0.00918,0.00976,0.00992,388.99283,0.00324,0.00471,0.0052,0.00582,0.00577,0.00598,0.0063,0.00601,0.00603
,,,,,,,,,,388.50562,0.02559,0.02838,0.02914,0.02906,0.0292,0.02893,0.02904,0.0287,0.02857,388.50214,0.00122,0.00198,0.0024,0.00282,0.00302,0.00338,0.00357,0.00372,0.00386,388.48984,0.01565,0.02175,0.02425,0.02626,0.02741,0.02783,0.02805,0.02768,0.02871,,,,,,,,,,,388.50562,0.01655,0.01823,0.01886,0.01921,0.01889,0.01865,0.01875,0.01829,0.01861,388.50214,0.00342,0.00514,0.00632,0.00722,0.0081,0.00877,0.00935,0.01013,0.01009,388.48984,0.00345,0.00478,0.0054,0.00566,0.00603,0.00612,0.00604,0.00595,0.00617
,,,,,,,,,,388.00272,0.02562,0.02838,0.02914,0.02906,0.02887,0.02893,0.02904,0.0286,0.02858,387.99933,0.00132,0.00198,0.0024,0.00282,0.00308,0.00342,0.00357,0.00373,0.00386,387.98672,0.01565,0.02175,0.02425,0.02632,0.02741,0.02822,0.02811,0.02768,0.02869,,,,,,,,,,,388.00272,0.0166,0.01841,0.01863,0.01884,0.01885,0.01871,0.01866,0.01865,0.01849,387.99933,0.00352,0.00507,0.00616,0.00743,0.00775,0.00882,0.00928,0.00965,0.00989,387.98672,0.00337,0.00458,0.00521,0.00574,0.0059,0.00606,0.00603,0.00588,0.00628
,,,,,,,,,,387.49982,0.0255,0.02824,0.02915,0.02918,0.02887,0.02893,0.0289,0.02851,0.02858,387.49646,0.00134,0.00198,0.0024,0.00282,0.00312,0.00344,0.00357,0.00373,0.00386,387.48364,0.01569,0.02175,0.02498,0.02632,0.02747,0.02847,0.02811,0.02768,0.02871,,,,,,,,,,,387.49982,0.01629,0.01832,0.01882,0.01868,0.01849,0.01868,0.0188,0.01853,0.01845,387.49646,0.00356,0.00525,0.00653,0.00741,0.00822,0.00893,0.00916,0.00954,0.01026,387.48364,0.00336,0.00468,0.00537,0.00562,0.00589,0.00618,0.00623,0.00612,0.0064
,,,,,,,,,,386.99686,0.0255,0.02838,0.02911,0.02918,0.02887,0.02893,0.0289,0.0286,0.02857,386.99356,0.00137,0.00198,0.0024,0.00289,0.00312,0.00344,0.00357,0.00373,0.00386,387.01923,0.01569,0.02175,0.02498,0.02669,0.02747,0.02873,0.02899,0.0285,0.02922,,,,,,,,,,,386.99686,0.01654,0.01839,0.01888,0.01886,0.01864,0.01877,0.01885,0.01847,0.01845,386.99356,0.00339,0.00481,0.00588,0.00701,0.008,0.00882,0.00906,0.00957,0.00987,387.01923,0.00359,0.00509,0.00554,0.00585,0.00636,0.0063,0.00658,0.00625,0.00617
,,,,,,,,,,386.49387,0.02544,0.02819,0.02911,0.02893,0.02866,0.0289,0.02912,0.02851,0.02857,386.4906,0.00138,0.00205,0.00255,0.00289,0.00318,0.00348,0.00357,0.00373,0.004,386.51605,0.01668,0.02363,0.02577,0.0272,0.02935,0.02932,0.0299,0.02908,0.02915,,,,,,,,,,,386.49387,0.01646,0.0182,0.01887,0.01901,0.01877,0.01891,0.01846,0.01841,0.01875,386.4906,0.00354,0.00547,0.00661,0.00771,0.00837,0.00942,0.00979,0.00965,0.01028,386.51605,0.00398,0.00516,0.00579,0.006,0.00631,0.00661,0.00643,0.00633,0.00642
,,,,,,,,,,385.99081,0.02544,0.02786,0.02906,0.02882,0.02866,0.02849,0.02859,0.02851,0.02832,385.98764,0.00138,0.00207,0.00258,0.00295,0.00318,0.00359,0.00374,0.00376,0.00401,386.01285,0.01691,0.02363,0.02614,0.02791,0.02944,0.02932,0.03033,0.02945,0.02915,,,,,,,,,,,385.99081,0.01647,0.01848,0.0188,0.01895,0.01872,0.01866,0.01883,0.01864,0.01829,385.98764,0.00359,0.00539,0.00665,0.00757,0.00815,0.00921,0.00962,0.00988,0.01032,386.01285,0.00393,0.00537,0.00572,0.00653,0.00652,0.00678,0.00655,0.00676,0.0066
,,,,,,,,,,385.48776,0.02527,0.02786,0.02858,0.02882,0.02866,0.02849,0.02853,0.02851,0.02809,385.48459,0.0014,0.0021,0.0026,0.003,0.00327,0.00365,0.00375,0.00385,0.00402,385.50958,0.0175,0.02363,0.02651,0.02851,0.02944,0.02983,0.03033,0.02959,0.02987,,,,,,,,,,,385.48776,0.01642,0.01799,0.01876,0.01861,0.0185,0.0184,0.01881,0.01839,0.01849,385.48459,0.0039,0.00531,0.00681,0.00785,0.00885,0.00938,0.00959,0.01044,0.01041,385.50958,0.00376,0.00508,0.00562,0.00613,0.00648,0.00641,0.00652,0.00636,0.00626
,,,,,,,,,,384.98465,0.02527,0.02786,0.02858,0.02882,0.02866,0.02849,0.02853,0.02853,0.02809,384.98154,0.00152,0.0021,0.00266,0.003,0.00345,0.00365,0.00375,0.00393,0.00406,385.00629,0.0175,0.02363,0.02651,0.02867,0.03015,0.02983,0.03046,0.03032,0.03071,,,,,,,,,,,384.98465,0.01623,0.01792,0.01845,0.01815,0.01836,0.01808,0.01813,0.01868,0.01785,384.98154,0.00464,0.00592,0.00737,0.00829,0.00904,0.00988,0.01036,0.01051,0.01139,385.00629,0.00364,0.00499,0.0057,0.00616,0.00633,0.00621,0.00666,0.00652,0.00669
,,,,,,,,,,384.48151,0.02527,0.02786,0.02858,0.02882,0.02866,0.02849,0.02853,0.02853,0.02809,384.51712,0.00153,0.00221,0.00277,0.00304,0.0035,0.00366,0.00384,0.00407,0.00423,384.50299,0.0175,0.02363,0.02651,0.02863,0.03015,0.02983,0.0307,0.03032,0.02967,,,,,,,,,,,384.48151,0.01632,0.01844,0.01839,0.01878,0.01863,0.01858,0.01842,0.01842,0.01814,384.51712,0.00393,0.00567,0.00709,0.00769,0.00897,0.00935,0.00985,0.01009,0.01083,384.50299,0.00382,0.00542,0.00595,0.00647,0.00659,0.00673,0.0066,0.00656,0.00667
,,,,,,,,,,384.01703,0.02527,0.0285,0.02858,0.02908,0.02885,0.02878,0.02853,0.02868,0.02809,384.01398,0.00163,0.00222,0.00277,0.00304,0.00351,0.00385,0.004,0.0041,0.0043,383.9996,0.0176,0.02393,0.02699,0.02863,0.02944,0.03084,0.0307,0.03053,0.031,,,,,,,,,,,384.01703,0.01664,0.01858,0.01883,0.01881,0.01884,0.01872,0.01854,0.01852,0.01845,384.01398,0.00418,0.00579,0.0071,0.00779,0.00899,0.00988,0.01026,0.01058,0.01111,383.9996,0.00416,0.0055,0.00613,0.00637,0.00675,0.00663,0.00681,0.00665,0.00708
,,,,,,,,,,383.51379,0.02578,0.02856,0.02871,0.02912,0.02917,0.02899,0.02872,0.02868,0.02858,383.5108,0.00163,0.00222,0.00277,0.00304,0.00351,0.00385,0.004,0.00413,0.0043,383.49619,0.0176,0.02393,0.02699,0.02825,0.02956,0.03084,0.02979,0.03053,0.031,,,,,,,,,,,383.51379,0.01679,0.01862,0.01854,0.0188,0.0189,0.01877,0.01871,0.01888,0.01852,383.5108,0.00561,0.0057,0.00735,0.00844,0.00915,0.00994,0.01027,0.01061,0.01101,383.49619,0.00395,0.00538,0.0058,0.00615,0.00685,0.00666,0.00665,0.0069,0.00638
,,,,,,,,,,383.01053,0.0259,0.02877,0.02917,0.02913,0.02919,0.02908,0.02898,0.02924,0.02868,383.0076,0.00171,0.00226,0.00287,0.00329,0.00357,0.00388,0.00401,0.00414,0.00433,382.99274,0.0168,0.02322,0.02668,0.02825,0.02873,0.03003,0.02979,0.02996,0.03038,,,,,,,,,,,383.01053,0.01673,0.0184,0.01919,0.01914,0.01884,0.01919,0.01914,0.01913,0.01886,383.0076,0.00439,0.00608,0.00961,0.00851,0.00936,0.01051,0.0108,0.01129,0.02496,382.99274,0.00378,0.00514,0.00584,0.00605,0.00618,0.00676,0.0064,0.00675,0.00666
,,,,,,,,,,382.50717,0.026,0.02884,0.02972,0.02964,0.02927,0.02971,0.02964,0.02962,0.02921,382.50433,0.00179,0.00237,0.00309,0.00332,0.00365,0.0041,0.00421,0.0044,0.00482,382.48926,0.0168,0.02305,0.02668,0.02825,0.02807,0.03003,0.02978,0.0298,0.03021,,,,,,,,,,,382.50717,0.01703,0.01895,0.01957,0.01929,0.01952,0.01933,0.01951,0.01926,0.01921,382.50433,0.00458,0.00681,0.00791,0.00904,0.00985,0.01066,0.01124,0.01156,0.01244,382.48926,0.00361,0.00499,0.00573,0.00607,0.00635,0.00639,0.0063,0.00644,0.0069
,,,,,,,,,,382.00388,0.02638,0.02935,0.02995,0.02988,0.02967,0.02994,0.02991,0.02967,0.02974,382.00107,0.00179,0.00264,0.00327,0.00353,0.00384,0.00416,0.00439,0.00451,0.00485,381.98572,0.01583,0.02301,0.02668,0.02825,0.02807,0.03001,0.02933,0.02942,0.03038,,,,,,,,,,,382.00388,0.01715,0.01925,0.01971,0.01986,0.01963,0.01958,0.01931,0.01916,0.0192,382.00107,0.00492,0.00677,0.00885,0.00937,0.01048,0.011,0.01152,0.01199,0.01256,381.98572,0.00328,0.00495,0.00564,0.00624,0.00603,0.00646,0.00665,0.00622,0.00653
,,,,,,,,,,381.50049,0.02657,0.02981,0.03031,0.03059,0.03023,0.03032,0.03002,0.02983,0.02975,381.49774,0.00192,0.00266,0.00327,0.00366,0.00409,0.00429,0.0045,0.00467,0.00485,381.48218,0.01583,0.02301,0.02626,0.02854,0.02807,0.02971,0.02933,0.02942,0.03038,,,,,,,,,,,381.50049,0.01732,0.01927,0.01982,0.01975,0.02002,0.01975,0.01938,0.01975,0.01951,381.49774,0.00544,0.007,0.00837,0.00964,0.01069,0.01569,0.01176,0.01198,0.01236,381.48218,0.00364,0.00457,0.00575,0.00613,0.00593,0.00661,0.0064,0.0064,0.00649
,,,,,,,,,,380.99707,0.02683,0.02984,0.03053,0.03076,0.0304,0.03058,0.03002,0.03026,0.02995,380.99432,0.00212,0.00273,0.00345,0.00376,0.00417,0.00445,0.00459,0.00468,0.0049,381.01727,0.01583,0.02301,0.02626,0.02854,0.02807,0.02959,0.02978,0.02942,0.03038,,,,,,,,,,,380.99707,0.01749,0.01947,0.01934,0.01987,0.01916,0.01982,0.01956,0.01954,0.01934,380.99432,0.00919,0.00747,0.00889,0.00993,0.01086,0.01152,0.0122,0.01246,0.0128,381.01727,0.0034,0.00495,0.0058,0.00629,0.00612,0.00645,0.00617,0.00632,0.00661
,,,,,,,,,,380.49359,0.02709,0.03015,0.0307,0.03077,0.031,0.0307,0.03029,0.03059,0.03021,380.49094,0.00217,0.00292,0.00347,0.00382,0.00422,0.00449,0.00476,0.00486,0.00493,380.51367,0.01636,0.02301,0.02645,0.02842,0.02847,0.02959,0.02978,0.02963,0.0304,,,,,,,,,,,380.49359,0.01798,0.02019,0.02016,0.02017,0.02033,0.02018,0.0201,0.01992,0.01951,380.49094,0.00556,0.00751,0.00889,0.0098,0.01083,0.01141,0.01256,0.01245,0.01263,380.51367,0.00352,0.00529,0.00547,0.00621,0.00645,0.00636,0.00649,0.00645,0.00653
,,,,,,,,,,379.99011,0.02709,0.0304,0.03106,0.0311,0.0307,0.03081,0.03032,0.03035,0.03021,379.98749,0.0023,0.00293,0.00347,0.00388,0.00424,0.00449,0.0048,0.00486,0.00499,380.00998,0.01636,0.02425,0.02645,0.02842,0.02986,0.02959,0.03019,0.02963,0.03078,,,,,,,,,,,379.99011,0.01812,0.02023,0.02056,0.02044,0.02032,0.02058,0.02006,0.02004,0.02017,379.98749,0.00589,0.00781,0.00901,0.01013,0.01112,0.0118,0.01231,0.01315,0.0133,380.00998,0.00366,0.00521,0.00569,0.00603,0.00642,0.00634,0.0067,0.00637,0.00668
,,,,,,,,,,379.48657,0.02729,0.03109,0.03122,0.0312,0.03102,0.03086,0.03107,0.03086,0.03024,379.48401,0.0023,0.00305,0.00351,0.00395,0.00434,0.0046,0.00487,0.00507,0.00519,379.50626,0.01702,0.02461,0.02645,0.02829,0.02986,0.02959,0.0303,0.03001,0.03109,,,,,,,,,,,379.48657,0.01789,0.02021,0.02033,0.02008,0.02019,0.02021,0.02018,0.02004,0.01963,379.48401,0.00611,0.00796,0.0092,0.01039,0.01128,0.01211,0.01249,0.013,0.01336,379.50626,0.00405,0.00536,0.00638,0.00611,0.00663,0.00646,0.00685,0.00672,0.00675
,,,,,,,,,,378.98297,0.02729,0.03109,0.0314,0.0312,0.03102,0.03086,0.03107,0.03103,0.0304,379.01923,0.00238,0.00311,0.00359,0.00405,0.0044,0.00472,0.00487,0.00513,0.00521,379.0025,0.01702,0.02425,0.02645,0.02807,0.02965,0.02949,0.0303,0.02994,0.03139,,,,,,,,,,,378.98297,0.01737,0.01963,0.02006,0.02015,0.01982,0.01989,0.01958,0.0196,0.01952,379.01923,0.00645,0.00841,0.00963,0.01091,0.01207,0.0125,0.01301,0.02698,0.01377,379.0025,0.00401,0.00547,0.00578,0.00653,0.00656,0.00699,0.00658,0.0068,0.00686
,,,,,,,,,,378.51813,0.02729,0.03109,0.0314,0.0312,0.03102,0.03086,0.03126,0.03103,0.0304,378.51569,0.00246,0.00311,0.00375,0.00417,0.00454,0.00484,0.005,0.00515,0.00536,378.49869,0.01646,0.02273,0.02523,0.02755,0.02948,0.02923,0.02947,0.02994,0.03139,,,,,,,,,,,378.51813,0.01762,0.02007,0.02027,0.02062,0.02003,0.01993,0.02035,0.02014,0.0202,378.51569,0.00652,0.00836,0.00992,0.01104,0.01209,0.01254,0.01332,0.0136,0.01394,378.49869,0.00404,0.00566,0.00596,0.00608,0.00637,0.00674,0.00651,0.00657,0.00685
,,,,,,,,,,378.01447,0.02729,0.03109,0.0314,0.03193,0.03102,0.03086,0.03134,0.03105,0.03091,378.01205,0.00251,0.00321,0.00376,0.00421,0.0046,0.00484,0.00503,0.00523,0.00537,377.9949,0.01548,0.02209,0.02436,0.02624,0.02655,0.02883,0.0275,0.02865,0.02737,,,,,,,,,,,378.01447,0.01808,0.02046,0.0203,0.02153,0.02043,0.02044,0.02047,0.02036,0.02021,378.01205,0.00643,0.00854,0.00961,0.01079,0.01185,0.01251,0.01315,0.01345,0.0139,377.9949,0.00354,0.00489,0.00542,0.00592,0.00634,0.0062,0.00633,0.00644,0.00681
,,,,,,,,,,377.51077,0.028,0.03164,0.03144,0.032,0.03165,0.0313,0.0314,0.0312,0.03116,377.50842,0.00251,0.00321,0.00378,0.00421,0.0046,0.00484,0.00503,0.00523,0.00539,377.491,0.01524,0.02209,0.02385,0.0258,0.02609,0.02752,0.0275,0.02727,0.02728,,,,,,,,,,,377.51077,0.0181,0.02043,0.02041,0.02066,0.02053,0.02021,0.02028,0.02005,0.01996,377.50842,0.0063,0.00798,0.00974,0.01069,0.01163,0.0124,0.01281,0.01319,0.01375,377.491,0.00328,0.00475,0.00524,0.00547,0.00561,0.00628,0.00591,0.00586,0.00586
,,,,,,,,,,377.00705,0.02803,0.03168,0.03161,0.03222,0.03171,0.03147,0.0314,0.03154,0.03116,377.00476,0.00251,0.00321,0.00378,0.00421,0.0046,0.00484,0.00503,0.00523,0.00539,376.98709,0.01453,0.02142,0.02383,0.02568,0.02609,0.02731,0.02658,0.02701,0.02728,,,,,,,,,,,377.00705,0.01845,0.02061,0.02048,0.0208,0.02048,0.02057,0.02023,0.02052,0.02012,377.00476,0.00646,0.00823,0.0097,0.01169,0.01178,0.01219,0.0129,0.01342,0.01383,376.98709,0.00333,0.0046,0.00508,0.00564,0.00571,0.00573,0.0057,0.00616,0.00588
,,,,,,,,,,376.5033,0.02857,0.03189,0.03173,0.03222,0.03179,0.03147,0.0314,0.03178,0.03116,376.50104,0.00252,0.00321,0.0038,0.00432,0.0046,0.00484,0.00503,0.00523,0.00539,376.48315,0.01453,0.02142,0.02383,0.02568,0.02609,0.027,0.02652,0.02701,0.02707,,,,,,,,,,,376.5033,0.01848,0.02089,0.021,0.02102,0.02096,0.02032,0.02072,0.02081,0.02051,376.50104,0.00706,0.00903,0.01044,0.01186,0.01247,0.01303,0.0137,0.01413,0.01452,376.48315,0.00296,0.00488,0.00513,0.00555,0.00559,0.00592,0.00606,0.00581,0.00586
,,,,,,,,,,375.99945,0.02863,0.03192,0.0322,0.03222,0.03171,0.03171,0.03187,0.03191,0.03116,375.99728,0.00253,0.00352,0.00399,0.00433,0.00461,0.0049,0.00509,0.00532,0.00546,376.01794,0.01453,0.02142,0.02362,0.0258,0.02601,0.02667,0.02652,0.02701,0.02707,,,,,,,,,,,375.99945,0.01869,0.02082,0.02079,0.02109,0.02058,0.0207,0.02067,0.02061,0.02075,375.99728,0.00665,0.01618,0.01023,0.01107,0.01181,0.01257,0.01304,0.01364,0.01399,376.01794,0.00312,0.00432,0.00512,0.00552,0.00561,0.00587,0.00571,0.00573,0.00566
,,,,,,,,,,375.49564,0.02869,0.03199,0.03229,0.03203,0.03178,0.03171,0.03201,0.03191,0.03152,375.4935,0.0026,0.00352,0.00399,0.00432,0.00463,0.0049,0.00509,0.00532,0.00546,375.51392,0.01453,0.02248,0.02383,0.0258,0.02601,0.027,0.02658,0.02701,0.02707,,,,,,,,,,,375.49564,0.01856,0.02059,0.0212,0.021,0.02095,0.02048,0.02058,0.02078,0.02055,375.4935,0.00648,0.00925,0.0103,0.01109,0.01226,0.01265,0.01349,0.01366,0.01409,375.51392,0.00386,0.00485,0.00542,0.00581,0.00567,0.0058,0.0057,0.00607,0.00582
,,,,,,,,,,374.99176,0.02869,0.03189,0.0322,0.03203,0.03178,0.03171,0.032,0.03191,0.03145,374.98965,0.0026,0.00351,0.00399,0.00432,0.00463,0.0049,0.00509,0.00532,0.00546,375.00989,0.01586,0.02248,0.02383,0.02645,0.02609,0.027,0.02658,0.02767,0.02707,,,,,,,,,,,374.99176,0.01853,0.02066,0.02085,0.02059,0.02047,0.02067,0.02082,0.02081,0.0201,374.98965,0.00755,0.00932,0.01048,0.01179,0.01294,0.01303,0.01415,0.01452,0.01432,375.00989,0.00341,0.00483,0.00489,0.00573,0.00558,0.00572,0.00591,0.00595,0.00611
,,,,,,,,,,374.48782,0.02856,0.03189,0.03229,0.03203,0.03178,0.03163,0.0319,0.03218,0.03145,374.48581,0.00288,0.00351,0.00402,0.00433,0.00478,0.00493,0.00526,0.00533,0.0055,374.50577,0.01755,0.02257,0.02523,0.02664,0.02639,0.027,0.0273,0.02822,0.02842,,,,,,,,,,,374.48782,0.01861,0.02072,0.02121,0.02068,0.02052,0.02055,0.02073,0.02032,0.02035,374.48581,0.00948,0.00887,0.00986,0.01101,0.01187,0.01254,0.01286,0.01337,0.0132,374.50577,0.00388,0.00501,0.00579,0.00568,0.00591,0.00603,0.00587,0.00613,0.00634
,,,,,,,,,,373.98389,0.02856,0.03172,0.03229,0.03203,0.03178,0.03163,0.0319,0.03148,0.03145,373.98187,0.00292,0.00351,0.00409,0.0045,0.00484,0.00508,0.00524,0.00539,0.00544,374.00165,0.01755,0.02333,0.02526,0.02645,0.02749,0.02763,0.02751,0.02828,0.02842,,,,,,,,,,,373.98389,0.01844,0.02037,0.0207,0.02077,0.02073,0.02042,0.02066,0.02081,0.02031,373.98187,0.00739,0.00899,0.01053,0.01182,0.01254,0.0134,0.01359,0.01436,0.01447,374.00165,0.00427,0.00504,0.00625,0.00588,0.00644,0.00623,0.00617,0.00608,0.00663
,,,,,,,,,,373.51862,0.02844,0.03156,0.03235,0.03203,0.03183,0.03144,0.03181,0.03148,0.03145,373.51669,0.0029,0.00351,0.00385,0.00443,0.00484,0.00489,0.00514,0.00533,0.00535,373.49747,0.01807,0.02345,0.02555,0.02645,0.02759,0.02763,0.0273,0.02828,0.02879,,,,,,,,,,,373.51862,0.01836,0.02066,0.02089,0.02089,0.02077,0.02017,0.0206,0.02099,0.0204,373.51669,0.00829,0.00938,0.01067,0.01201,0.01253,0.01331,0.01395,0.01383,0.0143,373.49747,0.00377,0.00528,0.00543,0.0058,0.00606,0.00594,0.00616,0.00637,0.00642
,,,,,,,,,,373.01462,0.0279,0.03156,0.03209,0.03168,0.03183,0.03144,0.03161,0.0314,0.03102,373.01273,0.00288,0.00351,0.00385,0.00443,0.00484,0.00498,0.00514,0.00533,0.00535,372.99329,0.01879,0.02345,0.02555,0.02625,0.02759,0.0271,0.02799,0.02788,0.02835,,,,,,,,,,,373.01462,0.0185,0.02048,0.02097,0.02083,0.02078,0.02085,0.02054,0.02028,0.02041,373.01273,0.00749,0.00906,0.01048,0.01154,0.01242,0.01313,0.01342,0.01383,0.01394,372.99329,0.00425,0.00523,0.0057,0.0056,0.00593,0.00642,0.00605,0.0064,0.00607
,,,,,,,,,,372.51053,0.02782,0.03156,0.03209,0.03118,0.03183,0.03125,0.03151,0.03131,0.03063,372.5087,0.0029,0.00353,0.00385,0.00435,0.00473,0.00498,0.00513,0.0053,0.00527,372.48901,0.01813,0.02332,0.02526,0.02607,0.02677,0.0271,0.02706,0.02788,0.02824,,,,,,,,,,,372.51053,0.01801,0.02038,0.0209,0.02046,0.02055,0.0203,0.02035,0.02046,0.02003,372.5087,0.00743,0.00913,0.00988,0.01135,0.01468,0.01242,0.01319,0.01366,0.01372,372.48901,0.00404,0.00547,0.00549,0.00582,0.0061,0.00579,0.00579,0.00599,0.00619
,,,,,,,,,,372.00644,0.02768,0.03095,0.03111,0.03062,0.03134,0.03123,0.03115,0.03045,0.03063,372.00464,0.00273,0.00339,0.00382,0.00428,0.00473,0.00494,0.00505,0.00526,0.00526,371.98471,0.01879,0.02332,0.02542,0.02607,0.02677,0.0271,0.02706,0.02788,0.02824,,,,,,,,,,,372.00644,0.01797,0.02065,0.02072,0.02013,0.02023,0.02032,0.02041,0.02022,0.01978,372.00464,0.00675,0.00815,0.0098,0.01092,0.01162,0.01278,0.01286,0.01349,0.01352,371.98471,0.00413,0.00498,0.00562,0.00564,0.00569,0.00583,0.00602,0.00579,0.00609
,,,,,,,,,,371.50229,0.02728,0.03084,0.03052,0.03022,0.0306,0.03115,0.03038,0.03037,0.03047,371.50055,0.00266,0.00339,0.00382,0.00428,0.00453,0.00488,0.00505,0.00526,0.00526,371.51916,0.01814,0.02319,0.02524,0.02625,0.02677,0.0271,0.02694,0.02788,0.02835,,,,,,,,,,,371.50229,0.01787,0.01998,0.02009,0.01977,0.02067,0.02016,0.02012,0.01966,0.01967,371.50055,0.00777,0.00908,0.01034,0.01114,0.01213,0.01313,0.01315,0.01358,0.01346,371.51916,0.0039,0.00501,0.00543,0.0052,0.00575,0.00623,0.00582,0.00609,0.00592
,,,,,,,,,,370.99811,0.02697,0.02987,0.02988,0.03014,0.02982,0.03066,0.02985,0.03029,0.02956,370.99643,0.00266,0.00333,0.00382,0.00426,0.00453,0.00488,0.00505,0.0052,0.00525,371.01483,0.01814,0.02319,0.02517,0.02572,0.02677,0.02724,0.02668,0.02693,0.02755,,,,,,,,,,,370.99811,0.01762,0.01991,0.0197,0.01951,0.01976,0.02011,0.01961,0.01955,0.01988,370.99643,0.00699,0.00868,0.00974,0.01098,0.01232,0.01267,0.01296,0.01349,0.0135,371.01483,0.0042,0.00521,0.00546,0.00572,0.00597,0.00626,0.00608,0.00621,0.0062
,,,,,,,,,,370.4939,0.02606,0.02962,0.0298,0.02894,0.02949,0.02962,0.02985,0.02921,0.02953,370.49228,0.00273,0.00339,0.00384,0.00422,0.00458,0.00488,0.00512,0.0052,0.00525,370.51044,0.01814,0.02201,0.02517,0.02572,0.02677,0.02853,0.02668,0.02809,0.02755,,,,,,,,,,,370.4939,0.01741,0.01928,0.01929,0.01946,0.01925,0.01979,0.01927,0.01961,0.01909,370.49228,0.00683,0.00877,0.01035,0.01112,0.01144,0.0125,0.01318,0.01311,0.01362,370.51044,0.0039,0.00473,0.00515,0.00585,0.00584,0.00613,0.00573,0.00624,0.00631
,,,,,,,,,,369.98962,0.02606,0.02941,0.02961,0.02894,0.02916,0.02932,0.02943,0.02893,0.02918,369.98804,0.00269,0.00334,0.0038,0.00419,0.00446,0.00475,0.00505,0.00511,0.00523,370.00598,0.01814,0.02201,0.02517,0.02662,0.02717,0.02757,0.02668,0.02705,0.02884,,,,,,,,,,,369.98962,0.01665,0.01912,0.01924,0.01859,0.01864,0.0188,0.019,0.01831,0.01884,369.98804,0.00709,0.00854,0.00985,0.01074,0.01173,0.01216,0.01312,0.01334,0.0134,370.00598,0.00407,0.005,0.00541,0.00553,0.00612,0.00586,0.00546,0.00557,0.00572
,,,,,,,,,,369.48532,0.02606,0.02937,0.02948,0.02884,0.02916,0.02926,0.02927,0.02893,0.02918,369.48383,0.00266,0.00333,0.00368,0.00419,0.00445,0.00475,0.00494,0.00506,0.00501,369.50153,0.01814,0.02201,0.02517,0.02685,0.02717,0.02757,0.02668,0.02705,0.02889,,,,,,,,,,,369.48532,0.01683,0.01899,0.01912,0.01869,0.01904,0.01913,0.01932,0.01886,0.01906,369.48383,0.00713,0.00881,0.01014,0.01082,0.01187,0.01268,0.01331,0.01333,0.01348,369.50153,0.00414,0.00447,0.00547,0.00577,0.00559,0.00619,0.00588,0.00604,0.00626
,,,,,,,,,,368.98102,0.02585,0.02928,0.02934,0.02879,0.02902,0.02911,0.02927,0.02893,0.02907,369.01834,0.00265,0.00333,0.00363,0.00419,0.00443,0.00463,0.00487,0.00506,0.00501,368.99701,0.01894,0.02325,0.02535,0.02685,0.02736,0.02757,0.02738,0.02705,0.02889,,,,,,,,,,,368.98102,0.01687,0.01897,0.01904,0.01913,0.01883,0.01893,0.01884,0.01868,0.01877,369.01834,0.0069,0.00857,0.00902,0.01058,0.0114,0.01187,0.01248,0.01296,0.01276,368.99701,0.0038,0.00517,0.00545,0.00596,0.00588,0.00593,0.00612,0.00581,0.00629
,,,,,,,,,,368.51541,0.02606,0.02928,0.02894,0.02884,0.02916,0.02926,0.02925,0.02893,0.02906,368.51401,0.00251,0.00333,0.00363,0.00413,0.00443,0.00462,0.00485,0.00499,0.00501,368.49246,0.01926,0.02325,0.02547,0.02751,0.02736,0.0277,0.02738,0.02809,0.02889,,,,,,,,,,,368.51541,0.01695,0.01891,0.01868,0.01862,0.01903,0.01889,0.0189,0.01868,0.01889,368.51401,0.0068,0.00853,0.00944,0.01077,0.01137,0.01227,0.01265,0.01298,0.01283,368.49246,0.00447,0.00552,0.00605,0.00601,0.0062,0.00642,0.00649,0.00651,0.00621
,,,,,,,,,,368.01105,0.02612,0.02928,0.02894,0.02874,0.02902,0.0289,0.02917,0.02883,0.02906,368.00967,0.00251,0.00333,0.00363,0.00404,0.00443,0.00462,0.00485,0.00493,0.00501,367.98785,0.01991,0.0235,0.02629,0.02751,0.02736,0.02757,0.02728,0.02761,0.02816,,,,,,,,,,,368.01105,0.01669,0.01865,0.01894,0.01856,0.01874,0.01866,0.01898,0.01886,0.01877,368.00967,0.00643,0.00795,0.00931,0.01085,0.01135,0.01185,0.01244,0.01233,0.01323,367.98785,0.00454,0.00544,0.00593,0.00661,0.00592,0.00636,0.00685,0.00655,0.00644
,,,,,,,,,,367.50659,0.02608,0.02928,0.02884,0.02874,0.02902,0.0289,0.02925,0.02883,0.02896,367.50528,0.00251,0.00333,0.00363,0.00404,0.00439,0.00462,0.00485,0.00493,0.00503,367.48325,0.02038,0.0235,0.02656,0.02751,0.02753,0.0277,0.02728,0.02872,0.02816,,,,,,,,,,,367.50659,0.01698,0.01895,0.01862,0.01873,0.0193,0.01889,0.01889,0.01859,0.0187,367.50528,0.00636,0.00865,0.00942,0.01004,0.01105,0.01163,0.01222,0.01279,0.01303,367.48325,0.00438,0.005,0.00587,0.00591,0.00602,0.00595,0.00586,0.00645,0.00604
,,,,,,,,,,367.00211,0.02608,0.02897,0.02884,0.02874,0.02896,0.0289,0.02922,0.02883,0.02896,367.00082,0.00248,0.00337,0.00363,0.00404,0.00439,0.00462,0.00482,0.00493,0.00503,367.0174,0.02038,0.0235,0.02656,0.02751,0.02753,0.0277,0.02728,0.02872,0.02816,,,,,,,,,,,367.00211,0.01691,0.01895,0.01869,0.01855,0.01834,0.01855,0.0187,0.01861,0.01882,367.00082,0.00687,0.00877,0.00943,0.01035,0.0115,0.01192,0.0125,0.01264,0.01299,367.0174,0.00428,0.00505,0.00565,0.00566,0.00561,0.00584,0.00554,0.00593,0.00605
,,,,,,,,,,366.49759,0.02615,0.02897,0.02884,0.02901,0.02881,0.0289,0.02897,0.02883,0.02896,366.49637,0.00248,0.00337,0.00361,0.00404,0.00435,0.00465,0.00482,0.00499,0.00503,366.51273,0.02038,0.0235,0.02656,0.02718,0.02802,0.0277,0.02728,0.02872,0.02816,,,,,,,,,,,366.49759,0.01684,0.01902,0.01846,0.01884,0.01885,0.01885,0.01897,0.01899,0.01843,366.49637,0.00762,0.01135,0.0091,0.01214,0.01126,0.012,0.01266,0.01285,0.0129,366.51273,0.0045,0.00526,0.00571,0.00607,0.00614,0.00612,0.00626,0.00617,0.00622
,,,,,,,,,,365.99304,0.02608,0.02897,0.02865,0.02873,0.02881,0.0289,0.02897,0.02906,0.02859,365.99188,0.00249,0.00342,0.00359,0.00408,0.00439,0.00468,0.00482,0.00493,0.00503,366.008,0.02093,0.02444,0.02656,0.02718,0.02852,0.02847,0.02914,0.02851,0.02894,,,,,,,,,,,365.99304,0.01697,0.0187,0.01876,0.01896,0.0187,0.01866,0.01886,0.01936,0.0188,365.99188,0.0062,0.00876,0.00946,0.01068,0.0115,0.01213,0.01235,0.01289,0.0127,366.008,0.00482,0.00525,0.00594,0.00595,0.00613,0.00621,0.00629,0.00621,0.00627
,,,,,,,,,,365.48846,0.02583,0.02855,0.02859,0.02864,0.02881,0.0289,0.02909,0.02906,0.02855,365.4873,0.00249,0.00341,0.00359,0.00409,0.00439,0.00473,0.00482,0.00501,0.00503,365.5032,0.02093,0.02444,0.02656,0.02718,0.02852,0.02847,0.02914,0.02851,0.02894,,,,,,,,,,,365.48846,0.01689,0.01844,0.01896,0.01894,0.0186,0.01868,0.01866,0.01885,0.01885,365.4873,0.00673,0.00829,0.00927,0.01047,0.01114,0.01221,0.01235,0.01285,0.013,365.5032,0.00458,0.0055,0.00584,0.00584,0.00643,0.00629,0.00659,0.00655,0.00652
,,,,,,,,,,364.98383,0.02549,0.0285,0.02821,0.02857,0.02878,0.0289,0.02891,0.02872,0.02844,364.98276,0.00249,0.00325,0.00361,0.00409,0.00449,0.00473,0.00476,0.0049,0.00497,364.99841,0.01424,0.01792,0.01952,0.02116,0.02122,0.02095,0.02243,0.02211,0.0228,,,,,,,,,,,364.98383,0.01668,0.01871,0.0185,0.01849,0.01864,0.01901,0.01879,0.01876,0.01846,364.98276,0.00639,0.00879,0.0092,0.01047,0.01156,0.01332,0.0122,0.01243,0.01291,364.99841,0.00504,0.00553,0.00603,0.00631,0.00653,0.00626,0.00648,0.00613,0.00656
,,,,,,,,,,364.51794,0.02513,0.02829,0.02819,0.02815,0.0282,0.02808,0.02837,0.02863,0.02833,364.51694,0.00263,0.00323,0.00361,0.00409,0.00451,0.00467,0.00476,0.0049,0.00504,364.49359,0.01311,0.01772,0.01847,0.02116,0.0207,0.02069,0.02129,0.02101,0.01996,,,,,,,,,,,364.51794,0.01646,0.0184,0.01821,0.01845,0.01859,0.01866,0.01878,0.01849,0.01836,364.51694,0.00706,0.00873,0.00996,0.01131,0.0121,0.01247,0.01518,0.01423,0.01347,364.49359,0.00306,0.00385,0.0042,0.00455,0.00456,0.0045,0.00482,0.00475,0.0049
,,,,,,,,,,364.01328,0.02472,0.02766,0.02775,0.02763,0.02778,0.02808,0.02755,0.02814,0.02783,364.0123,0.0027,0.00325,0.00365,0.00414,0.00451,0.00467,0.00476,0.0049,0.00504,363.98868,0.01311,0.01772,0.01847,0.02116,0.0207,0.02069,0.02129,0.02101,0.01996,,,,,,,,,,,364.01328,0.01623,0.01827,0.0182,0.01818,0.01821,0.01813,0.01832,0.01855,0.01829,364.0123,0.00722,0.00832,0.00936,0.01063,0.01185,0.01188,0.01213,0.01257,0.01273,363.98868,0.00126,0.00217,0.00253,0.00268,0.00287,0.00286,0.00285,0.00294,0.003
,,,,,,,,,,363.50851,0.02472,0.02766,0.02775,0.0276,0.02778,0.02808,0.02755,0.02813,0.02783,363.5076,0.00273,0.00325,0.00371,0.00415,0.00444,0.00467,0.00483,0.00492,0.00505,363.48376,0.01311,0.01772,0.01847,0.02116,0.0207,0.02069,0.02129,0.02101,0.01996,,,,,,,,,,,363.50851,0.01596,0.01786,0.01792,0.01784,0.01793,0.01813,0.01779,0.01817,0.01797,363.5076,0.007,0.00829,0.00954,0.0107,0.01157,0.01197,0.01241,0.01261,0.01295,363.48376,0.00282,0.00381,0.00397,0.00459,0.00445,0.00445,0.00458,0.00452,0.00429
,,,,,,,,,,363.00375,0.02472,0.02766,0.02775,0.0276,0.02778,0.02808,0.02755,0.02813,0.02783,363.0029,0.0027,0.00323,0.00365,0.00414,0.00444,0.00463,0.00473,0.00492,0.00497,363.01767,0.01311,0.01772,0.01847,0.02136,0.0207,0.02069,0.02129,0.02101,0.01996,,,,,,,,,,,363.00375,0.01557,0.01755,0.01732,0.0174,0.01779,0.01761,0.01747,0.01748,0.01744,363.0029,0.00692,0.0085,0.00952,0.01061,0.01137,0.01254,0.01266,0.01295,0.01302,363.01767,0.00432,0.00518,0.00543,0.00571,0.00578,0.00577,0.00594,0.00576,0.00626
,,,,,,,,,,362.49893,0.02472,0.02766,0.02771,0.0276,0.02778,0.02788,0.02755,0.02813,0.02783,362.49811,0.0026,0.00313,0.00361,0.00404,0.00426,0.00465,0.00462,0.00492,0.00495,362.51263,0.01903,0.0241,0.02526,0.02603,0.02684,0.02684,0.02763,0.0268,0.02802,,,,,,,,,,,362.49893,0.01616,0.01824,0.01816,0.01782,0.01923,0.01828,0.0182,0.01816,0.0185,362.49811,0.0079,0.00841,0.00972,0.01088,0.01137,0.012,0.01238,0.01261,0.0135,362.51263,0.00484,0.0056,0.00573,0.00591,0.00619,0.00621,0.00618,0.00625,0.00618
,,,,,,,,,,361.99408,0.02493,0.0281,0.02771,0.0276,0.02785,0.02788,0.02819,0.02813,0.02817,361.99332,0.00254,0.00313,0.00358,0.00394,0.00424,0.00457,0.00462,0.00482,0.00489,362.00763,0.02012,0.02417,0.02529,0.02655,0.02684,0.02721,0.02764,0.02738,0.02855,,,,,,,,,,,361.99408,0.01659,0.01836,0.01863,0.01819,0.01836,0.01813,0.01854,0.01821,0.0182,361.99332,0.00651,0.00803,0.00917,0.01009,0.01086,0.01171,0.01185,0.01733,0.01269,362.00763,0.00476,0.00536,0.00572,0.00603,0.00602,0.00611,0.00615,0.00618,0.00654
,,,,,,,,,,361.4892,0.02503,0.02816,0.02812,0.02799,0.02818,0.02808,0.02827,0.02818,0.02817,361.48849,0.00254,0.00313,0.00358,0.00394,0.00424,0.00457,0.00462,0.00482,0.00489,361.50256,0.02032,0.02454,0.02544,0.02727,0.02684,0.02799,0.02802,0.02802,0.02802,,,,,,,,,,,361.4892,0.01637,0.01814,0.01789,0.01812,0.01798,0.018,0.01833,0.01819,0.01819,361.48849,0.00667,0.00803,0.00925,0.01036,0.01093,0.01192,0.01179,0.01209,0.01248,361.50256,0.00409,0.0052,0.00544,0.00559,0.00577,0.00602,0.00594,0.00588,0.00602
,,,,,,,,,,360.98428,0.02535,0.02816,0.02814,0.02807,0.02818,0.02808,0.02829,0.02818,0.02817,360.98364,0.00254,0.00313,0.00358,0.00394,0.00424,0.00457,0.00462,0.00482,0.00489,360.99747,0.02032,0.02423,0.02544,0.02721,0.02684,0.02738,0.02763,0.02802,0.02802,,,,,,,,,,,360.98428,0.0161,0.01818,0.01838,0.0182,0.01821,0.01819,0.01825,0.01848,0.01832,360.98364,0.00647,0.00783,0.0091,0.00996,0.01086,0.01165,0.01204,0.01235,0.01254,360.99747,0.00442,0.00527,0.00547,0.00586,0.00571,0.00585,0.00602,0.00602,0.00614
,,,,,,,,,,360.51819,0.02493,0.0281,0.028,0.02799,0.02816,0.02798,0.02827,0.02818,0.02817,360.51758,0.0026,0.00313,0.00361,0.00404,0.00426,0.00465,0.0047,0.00482,0.00489,360.49234,0.02032,0.02423,0.02544,0.02721,0.02684,0.02738,0.02763,0.02802,0.02802,,,,,,,,,,,360.51819,0.01644,0.01833,0.01837,0.01807,0.01819,0.01818,0.01826,0.01846,0.01819,360.51758,0.00718,0.00842,0.00985,0.01064,0.0115,0.01337,0.01281,0.01261,0.01266,360.49234,0.00437,0.0053,0.00559,0.006,0.00608,0.0062,0.0061,0.00619,0.00582
,,,,,,,,,,360.01318,0.02466,0.02804,0.028,0.02762,0.02816,0.02798,0.02811,0.02809,0.02778,360.01263,0.00268,0.00327,0.00366,0.00413,0.00449,0.0047,0.00472,0.00484,0.00494,359.98715,0.02058,0.02454,0.02602,0.02727,0.02691,0.02738,0.02802,0.02803,0.02834,,,,,,,,,,,360.01318,0.0165,0.01834,0.01817,0.01819,0.01826,0.01837,0.01831,0.01814,0.01832,360.01263,0.00688,0.00838,0.00939,0.01058,0.01156,0.01204,0.01272,0.01277,0.01313,359.98715,0.00481,0.00521,0.00563,0.00585,0.00578,0.00588,0.00582,0.00623,0.00609
,,,,,,,,,,359.50815,0.02462,0.02775,0.02751,0.02753,0.02763,0.02773,0.02756,0.02756,0.02752,359.50766,0.0027,0.00329,0.00374,0.00415,0.00449,0.0047,0.00479,0.00491,0.00497,359.48196,0.02061,0.02423,0.02618,0.02721,0.02713,0.02761,0.02812,0.02803,0.02834,,,,,,,,,,,359.50815,0.01592,0.01811,0.01808,0.01784,0.01818,0.01807,0.01815,0.01835,0.01794,359.50766,0.00691,0.00856,0.00958,0.01063,0.01166,0.01217,0.0121,0.01241,0.01305,359.48196,0.00465,0.0054,0.00575,0.00614,0.00606,0.00593,0.00616,0.00615,0.0061
,,,,,,,,,,359.00308,0.02459,0.02735,0.02699,0.02743,0.0272,0.02734,0.02725,0.02732,0.02714,359.00262,0.0027,0.00327,0.00366,0.00413,0.00437,0.00469,0.00472,0.00484,0.00497,359.01556,0.02101,0.02403,0.02618,0.027,0.02691,0.02738,0.02754,0.02803,0.02834,,,,,,,,,,,359.00308,0.0159,0.01792,0.01776,0.01771,0.01784,0.01791,0.01779,0.01779,0.01777,359.00262,0.00711,0.00859,0.00989,0.01081,0.01183,0.01215,0.01227,0.01271,0.01305,359.01556,0.00443,0.00537,0.00564,0.00602,0.00597,0.00604,0.00615,0.00602,0.00617
,,,,,,,,,,358.49799,0.02455,0.02712,0.02693,0.02725,0.0272,0.02734,0.02725,0.02732,0.02714,358.49759,0.0027,0.0032,0.00362,0.0041,0.00437,0.00456,0.00471,0.00474,0.00492,358.51031,0.02101,0.02403,0.02541,0.02672,0.02629,0.02708,0.02754,0.02803,0.02809,,,,,,,,,,,358.49799,0.01587,0.01751,0.01731,0.01778,0.0175,0.01765,0.0175,0.01764,0.01753,358.49759,0.00732,0.00846,0.00959,0.01071,0.0112,0.01202,0.01244,0.01258,0.01275,358.51031,0.00471,0.00516,0.00574,0.0058,0.00583,0.00596,0.00604,0.00599,0.0063
,,,,,,,,,,357.99286,0.02455,0.02712,0.02693,0.02725,0.0272,0.02734,0.02725,0.02732,0.02714,357.99249,0.00273,0.0032,0.00362,0.00407,0.00437,0.00454,0.00462,0.00474,0.00492,358.00497,0.02079,0.024,0.02541,0.02623,0.02629,0.02601,0.02685,0.02786,0.02769,,,,,,,,,,,357.99286,0.0157,0.01766,0.01743,0.01753,0.01756,0.01748,0.01759,0.0175,0.01744,357.99249,0.007,0.00819,0.00926,0.01044,0.01104,0.01168,0.01208,0.01215,0.01261,358.00497,0.00452,0.00516,0.00543,0.00574,0.00563,0.00582,0.00592,0.00616,0.00604
,,,,,,,,,,357.48767,0.02455,0.02712,0.02693,0.02725,0.0272,0.02734,0.02725,0.02732,0.02714,357.48737,0.00273,0.0032,0.00362,0.00407,0.00431,0.00454,0.00462,0.00474,0.00492,357.49963,0.02101,0.024,0.02541,0.02623,0.02629,0.02601,0.02685,0.02786,0.02769,,,,,,,,,,,357.48767,0.01585,0.01718,0.01739,0.01759,0.01758,0.018,0.01766,0.0178,0.01753,357.48737,0.00659,0.00798,0.00929,0.0105,0.01124,0.01141,0.01172,0.01208,0.01232,357.49963,0.00458,0.00525,0.00546,0.00564,0.00565,0.00555,0.00576,0.00609,0.00595
,,,,,,,,,,356.98245,0.02431,0.02704,0.02693,0.02717,0.0272,0.02748,0.02725,0.0271,0.02715,356.98221,0.00265,0.0032,0.00362,0.00407,0.00431,0.0045,0.00462,0.00471,0.00492,356.99423,0.02101,0.02403,0.02541,0.02623,0.02629,0.02601,0.02685,0.02804,0.02769,,,,,,,,,,,356.98245,0.01623,0.01794,0.01778,0.0179,0.01793,0.01811,0.01809,0.01805,0.01789,356.98221,0.00825,0.00829,0.00941,0.01031,0.01135,0.01164,0.01183,0.01237,0.01283,356.99423,0.00447,0.00507,0.00556,0.0056,0.00584,0.00559,0.00577,0.00592,0.00586
,,,,,,,,,,356.51608,0.02455,0.02669,0.02693,0.02717,0.027,0.02748,0.02735,0.027,0.02715,356.51587,0.00265,0.00324,0.00367,0.00407,0.00432,0.0045,0.00462,0.00471,0.00493,356.4888,0.0213,0.02444,0.02586,0.02623,0.02717,0.02601,0.02685,0.02804,0.02769,,,,,,,,,,,356.51608,0.01642,0.01778,0.01773,0.01811,0.01789,0.01775,0.01772,0.01796,0.01787,356.51587,0.00731,0.0085,0.00962,0.01071,0.01093,0.01167,0.01206,0.01249,0.01313,356.4888,0.00482,0.00572,0.00603,0.00578,0.006,0.00619,0.00617,0.00603,0.00661
,,,,,,,,,,356.0108,0.02421,0.02669,0.02692,0.0266,0.02693,0.02678,0.02709,0.02693,0.02685,356.01065,0.00273,0.00331,0.00372,0.00404,0.00432,0.00451,0.0047,0.00471,0.00493,355.98334,0.02092,0.0261,0.02668,0.02689,0.02791,0.02719,0.02812,0.02804,0.0291,,,,,,,,,,,356.0108,0.01563,0.01746,0.01738,0.01754,0.01743,0.01775,0.01749,0.01743,0.01777,356.01065,0.0068,0.00848,0.00963,0.01044,0.01131,0.01155,0.0121,0.01206,0.01264,355.98334,0.00469,0.00561,0.00605,0.00603,0.00635,0.00612,0.00621,0.00649,0.00631
,,,,,,,,,,355.50546,0.02421,0.02669,0.02663,0.02653,0.02678,0.02678,0.02651,0.02693,0.02653,355.50537,0.00273,0.00331,0.00375,0.00404,0.00426,0.0045,0.00472,0.00471,0.00493,355.51672,0.0212,0.0261,0.02668,0.02689,0.02791,0.02832,0.02812,0.02804,0.0291,,,,,,,,,,,355.50546,0.01597,0.01724,0.01773,0.01718,0.01739,0.01729,0.01771,0.01739,0.01733,355.50537,0.00701,0.00888,0.0096,0.01059,0.01108,0.01156,0.01215,0.01181,0.01292,355.51672,0.00476,0.00573,0.00579,0.00585,0.00617,0.00615,0.00637,0.00621,0.00628
,,,,,,,,,,355.00012,0.02421,0.02669,0.02663,0.02653,0.02678,0.02678,0.02651,0.02693,0.02653,355.00006,0.00273,0.00331,0.00372,0.004,0.00426,0.00445,0.00472,0.00461,0.00476,355.01117,0.02115,0.02391,0.02595,0.02662,0.02587,0.02719,0.02684,0.0278,0.02791,,,,,,,,,,,355.00012,0.01546,0.01719,0.01719,0.01713,0.01729,0.01715,0.0171,0.01725,0.01713,355.00006,0.00922,0.00879,0.00953,0.01036,0.0111,0.01178,0.01231,0.01238,0.0122,355.01117,0.0045,0.00574,0.00573,0.00591,0.00605,0.00584,0.00604,0.00614,0.00626
,,,,,,,,,,354.49472,0.02426,0.02668,0.02641,0.02651,0.02676,0.02658,0.02648,0.02671,0.0264,354.49475,0.00284,0.00316,0.00357,0.00388,0.00415,0.00431,0.00452,0.00455,0.00461,354.50562,0.02107,0.02391,0.02514,0.02471,0.0249,0.02686,0.02684,0.02723,0.02694,,,,,,,,,,,354.49472,0.01605,0.01727,0.01705,0.01712,0.01728,0.01729,0.01712,0.01749,0.01704,354.49475,0.00783,0.00862,0.00967,0.01026,0.01091,0.0114,0.01215,0.01214,0.01264,354.50562,0.00456,0.00514,0.00558,0.00572,0.00556,0.00609,0.00577,0.00597,0.006
,,,,,,,,,,353.98929,0.02394,0.02662,0.02599,0.02634,0.02611,0.02657,0.02598,0.02594,0.02578,353.98938,0.00294,0.00316,0.00357,0.00388,0.00415,0.00431,0.00441,0.00455,0.00461,354.00003,0.02107,0.02363,0.02514,0.02471,0.0249,0.02686,0.02684,0.02723,0.02694,,,,,,,,,,,353.98929,0.01631,0.01762,0.01753,0.01746,0.01765,0.01746,0.01753,0.01775,0.01717,353.98938,0.00754,0.00801,0.00868,0.00994,0.01065,0.01104,0.01158,0.01166,0.01181,354.00003,0.00454,0.00508,0.00505,0.00528,0.00535,0.00565,0.00535,0.00545,0.00572
,,,,,,,,,,353.48383,0.02405,0.02605,0.02593,0.02599,0.02611,0.02658,0.02592,0.02594,0.02578,353.48392,0.0029,0.00316,0.00357,0.00388,0.00415,0.00431,0.00441,0.00447,0.00461,353.49435,0.02115,0.02324,0.02514,0.02471,0.0249,0.02666,0.02684,0.02723,0.02694,,,,,,,,,,,353.48383,0.01566,0.01723,0.0165,0.01701,0.01686,0.01716,0.01677,0.01675,0.01664,353.48392,0.00728,0.00809,0.00914,0.00995,0.0102,0.01094,0.0113,0.01125,0.0118,353.49435,0.00453,0.0053,0.0054,0.00531,0.00534,0.00577,0.00582,0.00585,0.00579
,,,,,,,,,,353.01724,0.02405,0.02597,0.02588,0.02578,0.02599,0.02603,0.0258,0.02589,0.02578,353.0174,0.0029,0.00316,0.00357,0.00388,0.00408,0.00431,0.00441,0.00447,0.0046,352.98868,0.02115,0.02324,0.02514,0.02471,0.0249,0.02642,0.0271,0.02723,0.02694,,,,,,,,,,,353.01724,0.01543,0.01646,0.01678,0.01641,0.01678,0.01681,0.01642,0.01649,0.01665,353.0174,0.00753,0.00827,0.00919,0.00996,0.01066,0.01117,0.0113,0.01181,0.0119,352.98868,0.00492,0.00494,0.00584,0.00565,0.0057,0.00625,0.00609,0.00599,0.00613
,,,,,,,,,,352.51172,0.02405,0.02597,0.0258,0.02558,0.0257,0.026,0.02553,0.02589,0.02578,352.51187,0.00284,0.00316,0.00357,0.00385,0.00408,0.00427,0.00441,0.00447,0.00456,352.483,0.02287,0.02324,0.02654,0.02601,0.02654,0.02666,0.02797,0.02758,0.02816,,,,,,,,,,,352.51172,0.01553,0.01682,0.01675,0.01678,0.01693,0.01716,0.01674,0.0168,0.01655,352.51187,0.00744,0.00879,0.00931,0.01012,0.0107,0.01134,0.01146,0.01146,0.01206,352.483,0.00541,0.005,0.00598,0.0058,0.00581,0.00573,0.00607,0.00623,0.00659
,,,,,,,,,,352.0061,0.02405,0.02597,0.02588,0.02558,0.02539,0.026,0.02553,0.02559,0.02578,352.00641,0.0029,0.00322,0.00359,0.00385,0.00409,0.00436,0.00441,0.00449,0.00456,352.01617,0.02295,0.02324,0.02654,0.0263,0.02703,0.02642,0.02797,0.02782,0.02852,,,,,,,,,,,352.0061,0.0156,0.01677,0.01671,0.01665,0.0164,0.01675,0.01666,0.01671,0.01687,352.00641,0.00751,0.00843,0.00959,0.00987,0.01047,0.01158,0.01162,0.0117,0.01157,352.01617,0.00498,0.00526,0.0057,0.00559,0.00596,0.00568,0.00604,0.00593,0.00605
,,,,,,,,,,351.50052,0.02416,0.02605,0.02588,0.02558,0.0253,0.02595,0.02553,0.02589,0.02563,351.50085,0.0029,0.00329,0.00356,0.00385,0.00409,0.00436,0.00439,0.00447,0.00456,351.51038,0.02295,0.02393,0.02514,0.02601,0.02703,0.02642,0.0275,0.02758,0.02816,,,,,,,,,,,351.50052,0.01583,0.01734,0.01666,0.01652,0.01659,0.01679,0.01648,0.01681,0.01665,351.50085,0.00727,0.0081,0.00908,0.0097,0.01048,0.01058,0.01123,0.01174,0.01169,351.51038,0.00493,0.00528,0.00583,0.0057,0.00582,0.00579,0.00601,0.00604,0.00619
,,,,,,,,,,350.99487,0.02451,0.02597,0.0258,0.02554,0.0253,0.02525,0.02553,0.02559,0.02542,350.99527,0.00293,0.00321,0.00356,0.00385,0.00409,0.00417,0.00438,0.00445,0.00451,351.00455,0.02268,0.02413,0.02514,0.02601,0.02521,0.02619,0.02611,0.02758,0.02792,,,,,,,,,,,350.99487,0.01603,0.01706,0.0168,0.01669,0.01634,0.01705,0.01685,0.01652,0.01669,350.99527,0.00773,0.00889,0.00937,0.01036,0.01093,0.01129,0.01151,0.0115,0.0119,351.00455,0.00522,0.0056,0.0054,0.00581,0.00595,0.00556,0.00591,0.00598,0.00622
,,,,,,,,,,350.4892,0.02452,0.02599,0.02556,0.02554,0.02525,0.02525,0.02513,0.02531,0.02534,350.48959,0.00297,0.00321,0.00356,0.00383,0.00409,0.00415,0.00429,0.00445,0.00449,350.49866,0.02238,0.02413,0.02438,0.02654,0.02521,0.02619,0.02611,0.02782,0.02792,,,,,,,,,,,350.4892,0.0159,0.0169,0.01708,0.01649,0.0163,0.0163,0.01619,0.01671,0.01636,350.48959,0.00936,0.00846,0.00914,0.01003,0.01062,0.01117,0.01124,0.01116,0.01176,350.49866,0.0048,0.00514,0.00524,0.00544,0.00538,0.00581,0.00548,0.00578,0.00591
,,,,,,,,,,349.98349,0.02462,0.02599,0.02556,0.02554,0.02525,0.02525,0.02513,0.02531,0.02534,349.98395,0.00301,0.0033,0.00356,0.00383,0.0041,0.00415,0.00429,0.00445,0.00449,349.99277,0.02233,0.02413,0.02438,0.02597,0.02521,0.02619,0.02611,0.02688,0.02749,,,,,,,,,,,349.98349,0.01582,0.0166,0.01647,0.01611,0.01641,0.01621,0.0166,0.01614,0.01641,349.98395,0.00762,0.00822,0.00914,0.01029,0.01052,0.01069,0.01099,0.01141,0.0115,349.99277,0.00488,0.00519,0.00541,0.00584,0.00542,0.00563,0.00561,0.00603,0.006
,,,,,,,,,,349.51663,0.02462,0.02599,0.02556,0.0255,0.02524,0.02511,0.02507,0.02512,0.02499,349.51715,0.00301,0.0033,0.00356,0.00383,0.00408,0.00415,0.00429,0.00436,0.00449,349.48691,0.02233,0.02413,0.02438,0.02592,0.02521,0.02632,0.02611,0.02688,0.02749,,,,,,,,,,,349.51663,0.01624,0.01678,0.0165,0.0166,0.01631,0.0164,0.01622,0.01634,0.01614,349.51715,0.00774,0.00859,0.00913,0.00982,0.01012,0.01065,0.01095,0.01441,0.01104,349.48691,0.00481,0.00529,0.00523,0.00597,0.00566,0.00573,0.00576,0.00605,0.00603
,,,,,,,,,,349.01086,0.02508,0.02571,0.0255,0.02496,0.02524,0.02476,0.02431,0.025,0.02471,349.01144,0.00301,0.00334,0.00356,0.00383,0.00406,0.00415,0.00429,0.00436,0.00446,348.9809,0.02238,0.02461,0.02474,0.02597,0.02631,0.02632,0.02641,0.02782,0.02768,,,,,,,,,,,349.01086,0.01658,0.01712,0.01692,0.01659,0.01656,0.01659,0.01646,0.01676,0.0165,349.01144,0.00772,0.00872,0.00906,0.00983,0.01054,0.01047,0.01128,0.01483,0.01162,348.9809,0.00443,0.00537,0.00551,0.00558,0.00575,0.0058,0.00568,0.00564,0.00587
,,,,,,,,,,348.50507,0.02516,0.02599,0.02497,0.02414,0.02445,0.0237,0.02405,0.02418,0.02403,348.50571,0.00302,0.00335,0.00356,0.00383,0.00406,0.00415,0.00435,0.00436,0.00446,348.51385,0.02238,0.025,0.02474,0.02592,0.02631,0.02667,0.02678,0.02696,0.02768,,,,,,,,,,,348.50507,0.01627,0.01689,0.01656,0.01646,0.0163,0.01599,0.0157,0.01622,0.01595,348.50571,0.00799,0.00882,0.00971,0.01022,0.01047,0.01104,0.01115,0.01118,0.01171,348.51385,0.00486,0.0057,0.00547,0.00557,0.00594,0.00566,0.00579,0.00602,0.00595
,,,,,,,,,,347.99924,0.0252,0.02615,0.02497,0.02414,0.02427,0.0237,0.02396,0.02377,0.02391,347.99988,0.00312,0.0034,0.00379,0.00383,0.00408,0.00418,0.00435,0.00436,0.00446,348.00781,0.02262,0.025,0.02547,0.02592,0.02602,0.02699,0.02694,0.02644,0.02768,,,,,,,,,,,347.99924,0.01619,0.01649,0.01613,0.01559,0.01579,0.0153,0.01547,0.01561,0.01544,347.99988,0.00809,0.00856,0.00974,0.00963,0.0104,0.01082,0.0112,0.01077,0.01143,348.00781,0.00522,0.00569,0.00532,0.00579,0.00575,0.00609,0.00592,0.00598,0.00624
,,,,,,,,,,347.49332,0.0252,0.02615,0.02497,0.02414,0.02427,0.0237,0.0238,0.0237,0.02387,347.49405,0.00315,0.00344,0.00379,0.00376,0.00406,0.00418,0.00427,0.0042,0.00443,347.50174,0.02278,0.02507,0.02547,0.02566,0.02602,0.02634,0.02694,0.02644,0.02768,,,,,,,,,,,347.49332,0.01682,0.01703,0.01604,0.01553,0.01567,0.01495,0.01553,0.01535,0.01551,347.49405,0.0085,0.00936,0.00984,0.01037,0.01097,0.0108,0.01173,0.01129,0.01143,347.50174,0.00523,0.0055,0.00552,0.00527,0.00551,0.00599,0.00591,0.00579,0.006
,,,,,,,,,,346.9874,0.02605,0.02638,0.02497,0.02414,0.02427,0.0237,0.0238,0.0237,0.02383,346.98819,0.00332,0.00357,0.00376,0.00376,0.00394,0.00404,0.00412,0.00413,0.00423,346.99567,0.02316,0.02507,0.02474,0.02566,0.02584,0.02634,0.02697,0.02644,0.027,,,,,,,,,,,346.9874,0.01718,0.01709,0.01659,0.01577,0.01566,0.01553,0.01537,0.0153,0.01538,346.98819,0.00897,0.00967,0.00978,0.01,0.01081,0.01072,0.01094,0.01138,0.01137,346.99567,0.00498,0.00537,0.00561,0.00602,0.00559,0.0058,0.00605,0.00568,0.00605
,,,,,,,,,,346.48145,0.0266,0.02646,0.02569,0.02442,0.02427,0.02405,0.0238,0.0237,0.02377,346.4823,0.00343,0.00365,0.00376,0.0039,0.00394,0.00404,0.00412,0.00413,0.00423,346.48953,0.02316,0.02507,0.02569,0.02566,0.02584,0.02634,0.02679,0.02617,0.027,,,,,,,,,,,346.48145,0.01775,0.01726,0.01662,0.01602,0.01573,0.01573,0.01537,0.01515,0.01541,346.4823,0.00879,0.00915,0.00924,0.00956,0.01009,0.01036,0.0104,0.01058,0.01079,346.48953,0.0049,0.00539,0.00562,0.00551,0.00563,0.00566,0.00562,0.00562,0.0058
,,,,,,,,,,346.01437,0.02749,0.02674,0.02573,0.02481,0.02436,0.02427,0.0238,0.0237,0.02377,346.01526,0.00347,0.00367,0.00376,0.0039,0.00394,0.00398,0.00412,0.00404,0.00421,345.98334,0.02316,0.02507,0.02611,0.0265,0.02602,0.02634,0.02665,0.02617,0.027,,,,,,,,,,,346.01437,0.01815,0.01761,0.01692,0.01633,0.01586,0.01582,0.01536,0.01545,0.01535,346.01526,0.0089,0.00942,0.00963,0.01,0.00998,0.01019,0.01056,0.01036,0.01083,345.98334,0.00507,0.00551,0.00531,0.00569,0.00555,0.0056,0.0058,0.00578,0.00568
,,,,,,,,,,345.50836,0.0281,0.02728,0.02621,0.02509,0.02456,0.02436,0.0238,0.02393,0.02377,345.50931,0.00347,0.00367,0.00376,0.0039,0.00394,0.00397,0.00406,0.00395,0.00405,345.51611,0.0236,0.02538,0.02616,0.0265,0.02621,0.02634,0.02665,0.02617,0.027,,,,,,,,,,,345.50836,0.01897,0.01812,0.01731,0.0162,0.01602,0.01567,0.01546,0.0158,0.01515,345.50931,0.01038,0.01024,0.01056,0.01064,0.01067,0.01113,0.01095,0.01115,0.01134,345.51611,0.00515,0.00546,0.0058,0.00586,0.00569,0.00569,0.00576,0.00563,0.00583
,,,,,,,,,,345.00232,0.02938,0.02806,0.02681,0.02528,0.02482,0.02449,0.02395,0.02421,0.02377,345.00327,0.00394,0.00384,0.00392,0.00393,0.00408,0.00397,0.00405,0.00395,0.00405,345.00983,0.02397,0.02562,0.027,0.02701,0.02648,0.02646,0.02679,0.02687,0.02711,,,,,,,,,,,345.00232,0.0197,0.01851,0.01731,0.01676,0.01625,0.01594,0.0156,0.01569,0.01572,345.00327,0.01026,0.00985,0.01004,0.0105,0.01045,0.01017,0.01072,0.01012,0.01039,345.00983,0.00557,0.00581,0.00592,0.00582,0.00573,0.00601,0.00573,0.00597,0.00594
,,,,,,,,,,344.49622,0.03051,0.02867,0.02682,0.02582,0.02517,0.02449,0.02417,0.0243,0.02395,344.49722,0.004,0.00395,0.00393,0.0041,0.00416,0.00397,0.00405,0.00395,0.00405,344.50357,0.0259,0.02705,0.02755,0.02706,0.02666,0.02796,0.02679,0.02766,0.02762,,,,,,,,,,,344.49622,0.02097,0.01969,0.018,0.01667,0.01657,0.01581,0.01578,0.01563,0.01547,344.49722,0.01009,0.01013,0.01006,0.01008,0.01072,0.01013,0.00983,0.00964,0.01003,344.50357,0.0059,0.0059,0.00596,0.00581,0.00581,0.00636,0.006,0.00595,0.00608
,,,,,,,,,,343.99008,0.03247,0.03049,0.02788,0.02596,0.02548,0.02469,0.02444,0.0243,0.02434,343.99115,0.004,0.00395,0.00393,0.0041,0.00418,0.00397,0.00405,0.00395,0.00405,343.99725,0.0272,0.02745,0.02775,0.02706,0.02703,0.02861,0.02791,0.02778,0.02828,,,,,,,,,,,343.99008,0.02213,0.02022,0.01865,0.017,0.01645,0.01618,0.01603,0.01569,0.0159,343.99115,0.01159,0.01143,0.01145,0.01076,0.0108,0.01054,0.01038,0.01078,0.01041,343.99725,0.00585,0.00616,0.00607,0.00599,0.00622,0.00615,0.00616,0.0061,0.00636
,,,,,,,,,,343.48392,0.03428,0.03132,0.02889,0.02633,0.02566,0.02506,0.02448,0.0243,0.02416,343.48505,0.00452,0.00446,0.00447,0.0042,0.00421,0.00411,0.00405,0.00403,0.00406,343.49091,0.02745,0.02865,0.02823,0.02789,0.02894,0.02861,0.02848,0.02839,0.02946,,,,,,,,,,,343.48392,0.02329,0.02081,0.01903,0.01747,0.01685,0.01619,0.0158,0.01593,0.01579,343.48505,0.01246,0.0122,0.01191,0.01146,0.01114,0.01105,0.01102,0.01115,0.0105,343.49091,0.0064,0.00626,0.00614,0.00663,0.00641,0.00638,0.00612,0.00669,0.0064
,,,,,,,,,,343.01663,0.03607,0.03223,0.02947,0.02706,0.0261,0.02507,0.02483,0.02466,0.02428,343.01782,0.00486,0.00476,0.00465,0.00447,0.00435,0.00422,0.00417,0.00416,0.0041,342.98453,0.02979,0.02865,0.02823,0.02852,0.02894,0.02794,0.02848,0.02839,0.02946,,,,,,,,,,,343.01663,0.02513,0.02213,0.01934,0.01817,0.01708,0.01675,0.01625,0.0162,0.01575,343.01782,0.01399,0.01325,0.01281,0.01185,0.01135,0.01082,0.01083,0.01066,0.01101,342.98453,0.00649,0.00665,0.00647,0.0065,0.00651,0.00626,0.00644,0.0064,0.00643
,,,,,,,,,,342.51044,0.03892,0.03427,0.02995,0.02783,0.02643,0.02571,0.02468,0.02466,0.02416,342.51166,0.00546,0.00517,0.005,0.00462,0.00443,0.00431,0.00423,0.00416,0.00422,342.51712,0.03011,0.02912,0.02805,0.02852,0.02834,0.02777,0.02731,0.02779,0.02804,,,,,,,,,,,342.51044,0.02686,0.02282,0.01976,0.01797,0.01707,0.01663,0.0164,0.01621,0.0156,342.51166,0.01815,0.01387,0.0133,0.0129,0.01147,0.01141,0.01069,0.01032,0.01081,342.51712,0.00652,0.00671,0.00635,0.00613,0.00635,0.00597,0.00619,0.00623,0.00633
,,,,,,,,,,342.00412,0.04159,0.03534,0.03061,0.02815,0.02646,0.02575,0.02507,0.02453,0.02416,342.00543,0.00684,0.00541,0.00519,0.00503,0.00448,0.00445,0.00423,0.00416,0.00422,342.01065,0.03022,0.02925,0.02805,0.02852,0.02791,0.02732,0.02641,0.02705,0.02801,,,,,,,,,,,342.00412,0.02901,0.02434,0.0209,0.01852,0.01742,0.01666,0.01619,0.01597,0.01567,342.00543,0.01753,0.01551,0.01426,0.01346,0.01346,0.01186,0.01132,0.01108,0.01083,342.01065,0.00653,0.00599,0.00599,0.00622,0.006,0.00601,0.00587,0.00581,0.00602
,,,,,,,,,,341.49783,0.04493,0.0377,0.03237,0.02868,0.02697,0.02575,0.02507,0.02453,0.02392,341.49921,0.00708,0.00605,0.00556,0.00525,0.00508,0.00463,0.00435,0.00423,0.00422,341.50418,0.03035,0.02925,0.02805,0.02852,0.02791,0.02732,0.02641,0.02705,0.02801,,,,,,,,,,,341.49783,0.03193,0.02579,0.02145,0.01938,0.01755,0.0166,0.01593,0.01584,0.01544,341.49921,0.01869,0.01663,0.01528,0.01422,0.01302,0.01205,0.01115,0.01084,0.0109,341.50418,0.00647,0.00629,0.00603,0.00605,0.00609,0.00586,0.00568,0.00597,0.00603
,,,,,,,,,,340.99152,0.04945,0.03995,0.03322,0.03002,0.02718,0.0258,0.02507,0.02438,0.02376,340.99292,0.00729,0.00649,0.00596,0.00555,0.00521,0.0047,0.00442,0.00431,0.00423,340.99765,0.03037,0.02925,0.02805,0.02895,0.02791,0.02732,0.02641,0.02705,0.02801,,,,,,,,,,,340.99152,0.03471,0.02742,0.02237,0.01968,0.01783,0.01703,0.01623,0.01573,0.01608,340.99292,0.0224,0.01812,0.01618,0.01458,0.01337,0.01231,0.0114,0.01106,0.01048,340.99765,0.00698,0.00674,0.00627,0.00624,0.00579,0.00587,0.0055,0.00581,0.0058
,,,,,,,,,,340.48514,0.05375,0.04246,0.03465,0.03048,0.02762,0.02612,0.02514,0.02437,0.02348,340.48657,0.00874,0.00707,0.00631,0.00569,0.00521,0.0048,0.00445,0.00431,0.00425,340.49109,0.03249,0.03136,0.02918,0.02905,0.02834,0.02732,0.02641,0.02779,0.02804,,,,,,,,,,,340.48514,0.03866,0.02965,0.02416,0.02036,0.01827,0.01687,0.01665,0.01591,0.01534,340.48657,0.02454,0.02123,0.01859,0.01647,0.01433,0.01291,0.01217,0.01171,0.01122,340.49109,0.00812,0.00691,0.00704,0.00653,0.00649,0.00614,0.00607,0.00619,0.0062
,,,,,,,,,,340.0177,0.05987,0.04593,0.03742,0.03153,0.0283,0.0262,0.02519,0.02416,0.02329,340.01916,0.00957,0.00828,0.00725,0.00643,0.00559,0.00504,0.00474,0.00442,0.00436,339.98453,0.03777,0.03214,0.03274,0.03037,0.03018,0.02857,0.02826,0.02878,0.02883,,,,,,,,,,,340.0177,0.04201,0.03204,0.02496,0.02089,0.01866,0.01692,0.01629,0.01574,0.01504,340.01916,0.02632,0.02311,0.02006,0.01731,0.01519,0.01355,0.01255,0.01159,0.01362,339.98453,0.00855,0.00778,0.00736,0.00701,0.00689,0.00659,0.00691,0.00687,0.00678
,,,,,,,,,,339.51126,0.06505,0.04962,0.03866,0.03235,0.0289,0.0262,0.02523,0.02416,0.02297,339.51276,0.01027,0.00902,0.00782,0.00675,0.00592,0.0052,0.00475,0.00452,0.00438,339.51685,0.03977,0.0362,0.03425,0.03259,0.03207,0.03066,0.03034,0.02943,0.02987,,,,,,,,,,,339.51126,0.04646,0.03369,0.02602,0.02157,0.0191,0.0172,0.01626,0.0153,0.01516,339.51276,0.02935,0.02508,0.02116,0.01795,0.01521,0.01334,0.01216,0.01134,0.01117,339.51685,0.00943,0.00794,0.00751,0.00713,0.00699,0.00663,0.00664,0.00664,0.00642
,,,,,,,,,,339.00473,0.07195,0.05218,0.0403,0.03341,0.02959,0.02664,0.02523,0.02416,0.02297,339.00635,0.01145,0.00979,0.00825,0.007,0.00593,0.00528,0.0049,0.00452,0.00439,339.01019,0.04389,0.03694,0.03492,0.03277,0.03207,0.03084,0.03089,0.03019,0.03009,,,,,,,,,,,339.00473,0.05122,0.03743,0.0283,0.0232,0.0196,0.01741,0.01632,0.0156,0.01478,339.00635,0.03391,0.02822,0.02401,0.0198,0.0168,0.01451,0.0129,0.01215,0.01168,339.01019,0.00974,0.00823,0.00754,0.00704,0.00706,0.00705,0.00652,0.00649,0.00647
,,,,,,,,,,338.49826,0.07933,0.05797,0.04384,0.03593,0.03035,0.02696,0.02528,0.02416,0.02297,338.49991,0.01323,0.01101,0.00937,0.00773,0.00656,0.00566,0.00503,0.00465,0.00439,338.50351,0.04532,0.03828,0.03509,0.03307,0.03254,0.03089,0.03089,0.03019,0.02987,,,,,,,,,,,338.49826,0.05663,0.041,0.03016,0.02389,0.02028,0.01817,0.01677,0.01577,0.01483,338.49991,0.03813,0.03159,0.02611,0.02164,0.01819,0.01518,0.01323,0.01192,0.01136,338.50351,0.01015,0.00844,0.00802,0.00711,0.00712,0.0072,0.00693,0.00633,0.00666
,,,,,,,,,,337.99173,0.08771,0.0635,0.04672,0.037,0.03141,0.02814,0.02597,0.02442,0.02297,337.99344,0.01487,0.01232,0.01018,0.00844,0.00709,0.00592,0.00516,0.00474,0.00443,337.99683,0.04721,0.03927,0.03674,0.03307,0.03273,0.03139,0.03077,0.03019,0.03009,,,,,,,,,,,337.99173,0.06332,0.04466,0.03271,0.02596,0.02147,0.019,0.01737,0.01623,0.01523,337.99344,0.04497,0.03633,0.02961,0.02404,0.0197,0.01584,0.01373,0.01242,0.01124,337.99683,0.01091,0.009,0.0079,0.0073,0.00675,0.00675,0.0067,0.00654,0.00652
,,,,,,,,,,337.48514,0.09807,0.06916,0.05066,0.04021,0.03325,0.02943,0.02686,0.02464,0.02348,337.48691,0.01754,0.01417,0.01155,0.00938,0.00768,0.00618,0.00536,0.00484,0.00443,337.49005,0.05077,0.04188,0.03733,0.03398,0.03273,0.03139,0.03077,0.03045,0.03005,,,,,,,,,,,337.48514,0.07089,0.04875,0.03492,0.02729,0.0221,0.01906,0.01734,0.01591,0.01569,337.48691,0.05134,0.04112,0.0333,0.02629,0.02111,0.0174,0.01429,0.01307,0.012,337.49005,0.01204,0.00948,0.00839,0.00762,0.00703,0.00664,0.00666,0.00662,0.00632
,,,,,,,,,,337.01752,0.10979,0.07551,0.05408,0.04227,0.03423,0.02953,0.0269,0.02514,0.02355,337.01935,0.02003,0.01604,0.01299,0.01026,0.00824,0.00679,0.00558,0.0051,0.00467,336.98328,0.05604,0.04411,0.03902,0.0352,0.03273,0.03139,0.03077,0.03082,0.02939,,,,,,,,,,,337.01752,0.07833,0.05328,0.03765,0.02872,0.02335,0.0201,0.01813,0.01668,0.0157,337.01935,0.05831,0.04664,0.03772,0.02985,0.02313,0.01876,0.01523,0.0136,0.01198,336.98328,0.01287,0.01013,0.00855,0.00757,0.0073,0.00679,0.00661,0.0069,0.00658
,,,,,,,,,,336.51086,0.12132,0.08251,0.0583,0.04448,0.03617,0.03113,0.02778,0.02555,0.02355,336.51273,0.02275,0.01819,0.01471,0.01165,0.00902,0.00732,0.00594,0.0053,0.00467,336.51544,0.0599,0.04711,0.03979,0.03545,0.03396,0.03159,0.03077,0.0321,0.02939,,,,,,,,,,,336.51086,0.08786,0.05869,0.04087,0.03049,0.02399,0.02024,0.01794,0.01666,0.01516,336.51273,0.06832,0.05431,0.04304,0.03338,0.02574,0.01972,0.01598,0.01388,0.01197,336.51544,0.01404,0.01065,0.00907,0.00822,0.00733,0.0069,0.00661,0.00699,0.00646
,,,,,,,,,,336.00421,0.13607,0.09089,0.0633,0.04722,0.03716,0.03134,0.02807,0.02581,0.02348,336.0061,0.02665,0.02118,0.01679,0.01302,0.01004,0.00769,0.00623,0.00541,0.00467,336.00858,0.06532,0.04955,0.04219,0.03785,0.03412,0.03209,0.03077,0.0321,0.03005,,,,,,,,,,,336.00421,0.09565,0.06341,0.04368,0.03182,0.02479,0.02082,0.01851,0.01681,0.0152,336.0061,0.07926,0.06256,0.04824,0.03746,0.0285,0.02147,0.01709,0.0141,0.01247,336.00858,0.01562,0.01147,0.00932,0.00813,0.00758,0.00736,0.00673,0.0069,0.00615
,,,,,,,,,,335.4975,0.14814,0.09821,0.06765,0.04927,0.03839,0.03225,0.02862,0.02581,0.02348,335.49945,0.03092,0.0244,0.01882,0.01461,0.01112,0.00838,0.00667,0.0055,0.00479,335.50171,0.07269,0.05338,0.04335,0.03826,0.03526,0.03424,0.03132,0.0325,0.03005,,,,,,,,,,,335.4975,0.10741,0.07037,0.04767,0.03421,0.02633,0.02134,0.01848,0.0165,0.01556,335.49945,0.09327,0.073,0.05574,0.04256,0.03184,0.02347,0.01816,0.01479,0.01227,335.50171,0.01732,0.01252,0.01023,0.00854,0.0077,0.00743,0.00709,0.00711,0.00658
,,,,,,,,,,334.99075,0.16635,0.10899,0.07383,0.05298,0.04077,0.03305,0.02867,0.02603,0.02355,334.99274,0.03638,0.02848,0.02174,0.0166,0.01242,0.00915,0.00709,0.00577,0.00486,334.99475,0.08061,0.05825,0.0476,0.03972,0.03585,0.03455,0.033,0.03254,0.03059,,,,,,,,,,,334.99075,0.11495,0.07581,0.05077,0.03566,0.0268,0.02201,0.0186,0.01699,0.015,334.99274,0.1054,0.0799,0.06589,0.04728,0.03433,0.02555,0.01909,0.01565,0.0127,334.99475,0.01947,0.01352,0.01076,0.00906,0.00808,0.00756,0.0072,0.00732,0.00657
,,,,,,,,,,334.48395,0.17803,0.11742,0.07863,0.05522,0.0415,0.03409,0.0288,0.02631,0.02371,334.48605,0.04112,0.03117,0.0257,0.01844,0.01339,0.00997,0.00745,0.0061,0.00495,334.48782,0.09057,0.0629,0.05009,0.04215,0.0376,0.03518,0.03322,0.03254,0.03062,,,,,,,,,,,334.48395,0.1246,0.08179,0.054,0.03788,0.02806,0.02263,0.01945,0.01723,0.01531,334.48605,0.12162,0.0939,0.07052,0.05328,0.03856,0.02781,0.02056,0.01656,0.01319,334.48782,0.02112,0.0143,0.01111,0.00944,0.00852,0.00793,0.00732,0.00716,0.00689
,,,,,,,,,,334.01614,0.19297,0.12667,0.08363,0.05867,0.04346,0.03506,0.03012,0.02668,0.02371,334.01822,0.04744,0.03663,0.02751,0.02078,0.01504,0.01085,0.00802,0.00646,0.00509,333.98084,0.09825,0.06655,0.05171,0.04393,0.03964,0.03567,0.03349,0.03252,0.03059,,,,,,,,,,,334.01614,0.13398,0.0873,0.05743,0.04003,0.02924,0.02318,0.01953,0.01752,0.01532,334.01822,0.13785,0.10451,0.08028,0.05862,0.0421,0.02984,0.02152,0.01686,0.01304,333.98084,0.02302,0.01534,0.01207,0.00975,0.0087,0.00767,0.00714,0.00699,0.0067
,,,,,,,,,,333.50928,0.2075,0.13521,0.08894,0.062,0.04529,0.0359,0.03024,0.02713,0.02372,333.51144,0.05377,0.04077,0.03131,0.02287,0.01642,0.01164,0.0084,0.00658,0.00515,333.51279,0.10708,0.07137,0.05614,0.04536,0.04046,0.03692,0.03383,0.03226,0.03006,,,,,,,,,,,333.50928,0.14235,0.09152,0.06036,0.04115,0.0305,0.02417,0.01974,0.01766,0.01556,333.51144,0.15367,0.11318,0.08934,0.06582,0.04624,0.03206,0.0233,0.01758,0.01381,333.51279,0.02513,0.01661,0.01244,0.01001,0.00903,0.00814,0.00727,0.00693,0.00663
,,,,,,,,,,333.00238,0.22046,0.14174,0.09348,0.06373,0.04724,0.03743,0.03058,0.02735,0.02394,333.00461,0.05995,0.04415,0.03485,0.02567,0.01804,0.01251,0.00909,0.00686,0.00529,333.00574,0.11694,0.07728,0.05787,0.04659,0.0408,0.03715,0.03383,0.03205,0.02971,,,,,,,,,,,333.00238,0.15304,0.0979,0.06358,0.04394,0.03194,0.02476,0.0208,0.01812,0.01555,333.00461,0.17885,0.1342,0.10173,0.07493,0.0521,0.03592,0.02498,0.0188,0.01358,333.00574,0.02701,0.01738,0.01301,0.0104,0.00877,0.00812,0.00744,0.00699,0.00639
,,,,,,,,,,332.49548,0.23702,0.15162,0.09848,0.06804,0.04946,0.03834,0.03221,0.02806,0.02394,332.49777,0.06977,0.05235,0.03969,0.02923,0.02032,0.01401,0.00974,0.00733,0.0053,332.49866,0.12566,0.08085,0.06051,0.0484,0.042,0.03777,0.03462,0.03205,0.02971,,,,,,,,,,,332.49548,0.16101,0.10271,0.06614,0.04523,0.03277,0.02495,0.02096,0.01818,0.0156,332.49777,0.19318,0.15119,0.11315,0.08248,0.05722,0.03828,0.02619,0.01917,0.01356,332.49866,0.02933,0.0188,0.01351,0.0107,0.00922,0.00798,0.00754,0.00688,0.00646
,,,,,,,,,,331.98856,0.24936,0.15907,0.10243,0.07006,0.05076,0.03865,0.03246,0.02816,0.02391,331.99088,0.07536,0.05898,0.04414,0.03217,0.02232,0.01493,0.01022,0.00748,0.0053,331.99152,0.13647,0.08747,0.06285,0.04977,0.04289,0.03777,0.03509,0.03205,0.02971,,,,,,,,,,,331.98856,0.17029,0.10853,0.06993,0.04732,0.03462,0.02585,0.02108,0.01844,0.01545,331.99088,0.22963,0.17462,0.13168,0.09468,0.06459,0.04293,0.02966,0.02099,0.01458,331.99152,0.0323,0.0204,0.01461,0.01102,0.00928,0.00863,0.0076,0.00689,0.00612
,,,,,,,,,,331.48157,0.26373,0.16808,0.10831,0.07328,0.05361,0.04004,0.03265,0.02855,0.02391,331.48395,0.08958,0.06812,0.05137,0.03694,0.0252,0.01675,0.01157,0.00819,0.00569,331.48438,0.15029,0.09493,0.06798,0.05126,0.04318,0.04015,0.03534,0.03205,0.03006,,,,,,,,,,,331.48157,0.17983,0.11447,0.07286,0.04915,0.03501,0.02678,0.02142,0.01849,0.01538,331.48395,0.25353,0.19687,0.14701,0.10534,0.07204,0.04781,0.032,0.02254,0.01517,331.48438,0.03585,0.02242,0.01611,0.01227,0.01008,0.00897,0.00773,0.0074,0.00703
,,,,,,,,,,331.01358,0.27851,0.17729,0.11285,0.07612,0.05422,0.04147,0.03318,0.02863,0.02391,331.01599,0.0989,0.0768,0.05735,0.04109,0.0281,0.01865,0.01248,0.00879,0.00592,331.0162,0.16678,0.10433,0.07493,0.0571,0.04689,0.04173,0.03599,0.03445,0.03215,,,,,,,,,,,331.01358,0.186,0.11805,0.07522,0.05082,0.03559,0.02708,0.0217,0.01866,0.01544,331.01599,0.28851,0.22118,0.16473,0.11772,0.07835,0.05197,0.03407,0.02379,0.01548,331.0162,0.04026,0.02434,0.01756,0.01319,0.01064,0.0091,0.00829,0.00775,0.00732
,,,,,,,,,,330.50653,0.28807,0.18283,0.1165,0.0787,0.05512,0.04193,0.03361,0.0289,0.02391,330.509,0.11255,0.08628,0.06426,0.04592,0.03056,0.02027,0.01329,0.00928,0.00604,330.509,0.1873,0.11324,0.08172,0.06135,0.04953,0.04221,0.03771,0.03561,0.03225,,,,,,,,,,,330.50653,0.19577,0.12351,0.07821,0.0527,0.03684,0.02753,0.02224,0.0189,0.01578,330.509,0.33298,0.25061,0.18999,0.13515,0.09128,0.05919,0.03787,0.02604,0.01647,330.509,0.04318,0.02568,0.01819,0.01339,0.01076,0.00907,0.00828,0.00765,0.00691
,,,,,,,,,,329.99945,0.30319,0.19129,0.12113,0.08162,0.05706,0.04263,0.03444,0.02927,0.02413,330.00198,0.12989,0.09776,0.07411,0.05272,0.03561,0.02309,0.01477,0.01016,0.0064,330.00174,0.20089,0.11949,0.08465,0.06232,0.05005,0.04234,0.03853,0.03567,0.03225,,,,,,,,,,,329.99945,0.20165,0.12755,0.08065,0.05381,0.03772,0.02818,0.02314,0.01937,0.01601,330.00198,0.36969,0.28198,0.20494,0.14476,0.09861,0.06242,0.04073,0.0271,0.01641,330.00174,0.04816,0.02831,0.01972,0.01428,0.01109,0.00959,0.00811,0.00785,0.00693
,,,,,,,,,,329.49234,0.3123,0.19754,0.12491,0.08333,0.05842,0.04365,0.03557,0.0297,0.02435,329.49493,0.14421,0.11,0.07994,0.05647,0.03847,0.02435,0.01589,0.01057,0.00642,329.49445,0.22409,0.13172,0.09173,0.06642,0.05161,0.04462,0.03853,0.03567,0.03225,,,,,,,,,,,329.49234,0.20693,0.13067,0.08272,0.05523,0.03838,0.02883,0.02299,0.01929,0.01596,329.49493,0.41721,0.31388,0.23328,0.16433,0.11044,0.06986,0.04348,0.02926,0.01701,329.49445,0.05235,0.0306,0.02083,0.01467,0.01177,0.00985,0.00867,0.00767,0.00695
,,,,,,,,,,328.98517,0.32047,0.20237,0.12811,0.08553,0.05945,0.04465,0.03561,0.02987,0.02435,328.98782,0.16275,0.12244,0.091,0.0641,0.04308,0.02725,0.01696,0.01141,0.00663,328.98712,0.24359,0.14237,0.09692,0.06825,0.05477,0.04583,0.0401,0.03628,0.03231,,,,,,,,,,,328.98517,0.21403,0.13427,0.08523,0.05601,0.03922,0.02904,0.02297,0.01948,0.01558,328.98782,0.46494,0.35411,0.25764,0.18183,0.12062,0.07447,0.04775,0.03132,0.01822,328.98712,0.05623,0.03221,0.02193,0.01565,0.0121,0.00998,0.00866,0.0078,0.00711
,,,,,,,,,,328.51703,0.33148,0.20794,0.132,0.08674,0.06065,0.04498,0.03557,0.0297,0.02413,328.48071,0.18137,0.13814,0.1005,0.07093,0.04705,0.02905,0.01863,0.01222,0.00711,328.5188,0.26162,0.14987,0.10203,0.07283,0.05629,0.04642,0.04031,0.03628,0.03306,,,,,,,,,,,328.51703,0.21787,0.13664,0.08636,0.05667,0.03916,0.03016,0.02337,0.01918,0.01572,328.48071,0.51602,0.39034,0.28528,0.20124,0.13227,0.08265,0.05178,0.03349,0.01856,328.5188,0.06131,0.03523,0.02374,0.01639,0.01263,0.01049,0.00862,0.00821,0.00737
,,,,,,,,,,328.0098,0.33742,0.21162,0.13375,0.08777,0.06074,0.04623,0.03557,0.0297,0.02393,328.01254,0.2013,0.15227,0.11129,0.0785,0.0516,0.03224,0.0202,0.01306,0.00724,328.01138,0.28526,0.16393,0.11045,0.07624,0.05878,0.04883,0.04031,0.03819,0.03353,,,,,,,,,,,328.0098,0.22357,0.14038,0.0883,0.05797,0.03961,0.03127,0.02307,0.01954,0.01572,328.01254,0.57486,0.43931,0.31908,0.22372,0.1466,0.09121,0.05636,0.03553,0.01912,328.01138,0.06574,0.03725,0.02502,0.0174,0.01307,0.01073,0.0091,0.00841,0.00742
,,,,,,,,,,327.50256,0.34625,0.2174,0.13675,0.08979,0.06135,0.04646,0.03572,0.0297,0.02393,327.50534,0.22425,0.17137,0.12447,0.08727,0.05719,0.03558,0.02198,0.01386,0.00746,327.50397,0.30585,0.1733,0.11641,0.08097,0.06079,0.04985,0.04233,0.039,0.03353,,,,,,,,,,,327.50256,0.22857,0.14275,0.08953,0.05883,0.04012,0.02985,0.02284,0.01916,0.01545,327.50534,0.63687,0.48018,0.34995,0.24279,0.15885,0.09876,0.06077,0.03825,0.02019,327.50397,0.07083,0.03983,0.02667,0.01791,0.01331,0.01071,0.00929,0.00855,0.00721
,,,,,,,,,,326.99527,0.35399,0.22108,0.13865,0.09111,0.06214,0.04646,0.03572,0.02981,0.02393,326.99814,0.24844,0.18731,0.13651,0.09471,0.06197,0.03852,0.0237,0.01492,0.00787,326.99652,0.32955,0.18529,0.1241,0.08332,0.06195,0.0499,0.04321,0.03912,0.03353,,,,,,,,,,,326.99527,0.23238,0.14514,0.09122,0.05958,0.04057,0.03,0.02317,0.01925,0.01521,326.99814,0.69183,0.52895,0.38376,0.26705,0.17426,0.10803,0.07478,0.04061,0.02072,326.99652,0.07498,0.04197,0.02741,0.01848,0.01382,0.01099,0.00944,0.00841,0.0073
,,,,,,,,,,326.48801,0.3599,0.22479,0.14128,0.09228,0.06283,0.04646,0.03588,0.02981,0.02393,326.49088,0.26988,0.20634,0.1497,0.10417,0.06798,0.04214,0.0269,0.01584,0.00808,326.48901,0.34888,0.19529,0.12754,0.08599,0.06432,0.05113,0.04392,0.03914,0.03353,,,,,,,,,,,326.48801,0.23781,0.14831,0.09301,0.06042,0.04126,0.03034,0.02332,0.01952,0.01556,326.49088,0.74897,0.56898,0.41275,0.28557,0.18699,0.11541,0.06896,0.04298,0.0216,326.48901,0.07921,0.04426,0.02877,0.01907,0.0141,0.01134,0.00958,0.00838,0.00702
,,,,,,,,,,325.98062,0.36831,0.22969,0.14405,0.09358,0.0639,0.04699,0.03612,0.03021,0.02355,325.98358,0.29217,0.22195,0.16101,0.1114,0.07294,0.04502,0.02882,0.01677,0.00843,325.98151,0.36856,0.20595,0.13385,0.08873,0.06558,0.05278,0.04455,0.03914,0.03398,,,,,,,,,,,325.98062,0.2424,0.1509,0.09426,0.0616,0.04229,0.03079,0.02392,0.0198,0.01561,325.98358,0.80261,0.61384,0.44817,0.30463,0.19965,0.12362,0.07388,0.04571,0.02215,325.98151,0.0847,0.04683,0.03029,0.02025,0.01461,0.01147,0.00969,0.00866,0.00757
,,,,,,,,,,325.5123,0.37541,0.23371,0.14598,0.09541,0.0655,0.04768,0.03675,0.03023,0.02373,325.51529,0.31309,0.23945,0.17483,0.11883,0.07788,0.04822,0.02882,0.01783,0.00864,325.513,0.3941,0.21791,0.14094,0.0942,0.06796,0.05338,0.04508,0.04028,0.03497,,,,,,,,,,,325.5123,0.24849,0.15443,0.0963,0.06266,0.04254,0.031,0.02373,0.0195,0.01556,325.51529,0.87553,0.66587,0.48363,0.33488,0.21785,0.13343,0.07968,0.04913,0.02366,325.513,0.08816,0.04878,0.03147,0.02102,0.01527,0.01191,0.01024,0.00893,0.00752
,,,,,,,,,,325.00488,0.38484,0.23918,0.14914,0.09705,0.06588,0.04777,0.03687,0.03028,0.02373,325.00793,0.34153,0.25975,0.18866,0.13063,0.08498,0.05205,0.03108,0.01916,0.00923,325.00543,0.41019,0.22695,0.14642,0.09778,0.07107,0.0554,0.04763,0.04153,0.03524,,,,,,,,,,,325.00488,0.25253,0.15658,0.09783,0.06336,0.04321,0.03085,0.02381,0.01955,0.01501,325.00793,0.93394,0.70722,0.50395,0.35315,0.22898,0.13954,0.08285,0.05023,0.02382,325.00543,0.09352,0.05154,0.03315,0.02202,0.01581,0.01241,0.01032,0.00894,0.00763
,,,,,,,,,,324.49744,0.3911,0.2425,0.15152,0.09813,0.06692,0.04802,0.03687,0.03028,0.02373,324.50058,0.36432,0.27588,0.19658,0.13776,0.08932,0.05443,0.03232,0.01959,0.00929,324.49783,0.43513,0.23978,0.15423,0.10246,0.07356,0.05775,0.04802,0.04157,0.03551,,,,,,,,,,,324.49744,0.25771,0.15958,0.09987,0.06443,0.04381,0.03134,0.02408,0.02008,0.01532,324.50058,0.978,0.74276,0.54024,0.37287,0.23981,0.14647,0.08646,0.05195,0.02396,324.49783,0.09616,0.05293,0.03421,0.02226,0.01606,0.01264,0.01035,0.00916,0.00791
,,,,,,,,,,323.98999,0.39913,0.24714,0.15467,0.09978,0.06785,0.04854,0.03729,0.03065,0.02373,323.99313,0.38151,0.28974,0.21074,0.14545,0.09355,0.05714,0.03373,0.02027,0.00935,323.99017,0.44739,0.24625,0.15917,0.10358,0.07474,0.0581,0.04814,0.04162,0.03649,,,,,,,,,,,323.98999,0.26257,0.16286,0.10141,0.06548,0.04429,0.03167,0.0246,0.01979,0.01559,323.99313,1.02738,0.77939,0.56602,0.3899,0.24954,0.1513,0.08983,0.05378,0.0245,323.99017,0.09891,0.05423,0.03493,0.0228,0.01633,0.01249,0.01047,0.00895,0.00794
,,,,,,,,,,323.48245,0.40666,0.25223,0.15706,0.10141,0.0686,0.04905,0.0381,0.03086,0.02402,323.48569,0.40077,0.30403,0.2208,0.1521,0.09734,0.05902,0.03504,0.02098,0.00956,323.48245,0.46018,0.25231,0.16252,0.10609,0.07598,0.05881,0.04869,0.0426,0.03653,,,,,,,,,,,323.48245,0.26748,0.16569,0.10292,0.06649,0.04536,0.03223,0.02488,0.01993,0.01551,323.48569,1.08209,0.81404,0.5884,0.40829,0.26053,0.15899,0.09338,0.05627,0.02552,323.48245,0.10261,0.05617,0.03598,0.02322,0.01641,0.01279,0.01074,0.00943,0.00789
,,,,,,,,,,323.01398,0.41425,0.25662,0.15939,0.10297,0.07025,0.04992,0.03852,0.03086,0.02402,323.01724,0.42211,0.31755,0.22953,0.15927,0.10163,0.06202,0.03643,0.02195,0.00996,323.01382,0.4774,0.26134,0.16741,0.10803,0.07633,0.05951,0.04998,0.04375,0.03649,,,,,,,,,,,323.01398,0.27403,0.16961,0.10532,0.0681,0.04588,0.03251,0.02487,0.02027,0.01562,323.01724,1.12495,0.85277,0.61796,0.42454,0.2732,0.16602,0.09718,0.05823,0.0263,323.01382,0.10468,0.05771,0.03683,0.02368,0.01692,0.01307,0.01076,0.00948,0.00784
,,,,,,,,,,322.50641,0.4244,0.26267,0.16311,0.10546,0.07106,0.05034,0.03853,0.03113,0.024,322.5097,0.43883,0.33266,0.24106,0.16561,0.10657,0.06476,0.03791,0.02272,0.01026,322.50604,0.48706,0.2685,0.17136,0.11016,0.07874,0.0608,0.04999,0.0439,0.03649,,,,,,,,,,,322.50641,0.28042,0.17297,0.10754,0.06908,0.04637,0.03301,0.02504,0.0201,0.01552,322.5097,1.16714,0.88362,0.64062,0.44242,0.28259,0.17123,0.10043,0.05976,0.02683,322.50604,0.10819,0.05922,0.03774,0.02421,0.01726,0.0131,0.01074,0.00953,0.00785
,,,,,,,,,,321.99881,0.4343,0.26788,0.16655,0.10698,0.07181,0.05112,0.03858,0.03139,0.024,322.00217,0.45529,0.34469,0.2499,0.17259,0.11023,0.0668,0.03918,0.02331,0.01047,321.99826,0.50337,0.27554,0.17559,0.11264,0.0803,0.06096,0.05008,0.04413,0.03649,,,,,,,,,,,321.99881,0.2878,0.17784,0.10993,0.07043,0.04709,0.03337,0.02491,0.0203,0.01498,322.00217,1.22047,0.92246,0.66702,0.45973,0.29495,0.17858,0.10449,0.06192,0.02696,321.99826,0.11065,0.0605,0.03819,0.02451,0.01745,0.01338,0.01124,0.0094,0.00754
,,,,,,,,,,321.49118,0.44572,0.27543,0.17025,0.10907,0.07293,0.05167,0.03878,0.03144,0.024,321.4946,0.47609,0.35984,0.2602,0.17934,0.11506,0.06966,0.04076,0.02415,0.01052,321.49048,0.51483,0.28149,0.17767,0.11403,0.0812,0.06225,0.0523,0.04435,0.03653,,,,,,,,,,,321.49118,0.29539,0.18224,0.11244,0.07259,0.04822,0.03386,0.02538,0.02061,0.0155,321.4946,1.26289,0.95329,0.6915,0.47428,0.3036,0.18379,0.10698,0.06319,0.02749,321.49048,0.11354,0.06192,0.03912,0.02537,0.01781,0.01377,0.01126,0.00977,0.00817
,,,,,,,,,,320.98349,0.45749,0.28225,0.17414,0.11243,0.07469,0.05245,0.0393,0.03183,0.02352,320.98697,0.49264,0.37187,0.26975,0.18501,0.11843,0.0717,0.04173,0.02465,0.01072,320.98264,0.52825,0.28809,0.18201,0.11803,0.08286,0.06406,0.05239,0.04543,0.03681,,,,,,,,,,,320.98349,0.30213,0.18637,0.11483,0.07354,0.04903,0.03445,0.02609,0.02083,0.01573,320.98697,1.30382,0.98179,0.71187,0.48868,0.31282,0.18868,0.11016,0.0653,0.02849,320.98264,0.11699,0.06368,0.04017,0.02595,0.01822,0.01394,0.01133,0.00986,0.00791
,,,,,,,,,,320.51486,0.46792,0.28864,0.17785,0.1139,0.07594,0.05335,0.04041,0.03192,0.02395,320.5184,0.50861,0.38299,0.27769,0.19063,0.12203,0.0736,0.04297,0.02547,0.01111,320.51382,0.54432,0.29627,0.18692,0.12072,0.08479,0.06488,0.05273,0.04585,0.03723,,,,,,,,,,,320.51486,0.30832,0.19014,0.11732,0.07505,0.04978,0.03468,0.02618,0.02078,0.01601,320.5184,1.34337,1.01112,0.73252,0.50312,0.32297,0.19406,0.1127,0.06667,0.02871,320.51382,0.11846,0.0649,0.04124,0.02626,0.01845,0.01427,0.01161,0.0099,0.008
,,,,,,,,,,320.00714,0.4775,0.29447,0.1817,0.11623,0.0771,0.05371,0.0405,0.03218,0.02395,320.01071,0.52403,0.39443,0.28575,0.19626,0.12599,0.0757,0.04396,0.02601,0.01119,320.00592,0.55115,0.30198,0.19187,0.12218,0.08586,0.06638,0.05403,0.04605,0.03723,,,,,,,,,,,320.00714,0.31396,0.19324,0.11855,0.07565,0.04987,0.03516,0.02615,0.02055,0.01518,320.01071,1.37104,1.03034,0.74982,0.51267,0.32748,0.19701,0.1146,0.06719,0.0287,320.00592,0.12163,0.06647,0.04223,0.0271,0.01896,0.01447,0.01175,0.01038,0.00844
,,,,,,,,,,319.49936,0.48624,0.29928,0.1836,0.11717,0.07723,0.05446,0.04055,0.03218,0.02395,319.50299,0.53483,0.40192,0.2925,0.19999,0.12775,0.07685,0.0447,0.02621,0.0112,319.49796,0.56591,0.30927,0.19649,0.12607,0.08821,0.06709,0.05434,0.04712,0.03882,,,,,,,,,,,319.49936,0.31938,0.19601,0.12115,0.07677,0.05084,0.03566,0.0264,0.0208,0.01546,319.50299,1.40325,1.05431,0.7626,0.52258,0.33408,0.20036,0.11629,0.06797,0.02878,319.49796,0.1231,0.0668,0.04252,0.02711,0.01906,0.01454,0.01168,0.01013,0.00867
,,,,,,,,,,318.99158,0.49463,0.30356,0.18764,0.1189,0.07873,0.05522,0.04088,0.03221,0.02395,318.99524,0.5474,0.41128,0.29748,0.20385,0.13032,0.07816,0.04537,0.02652,0.01123,318.98999,0.57275,0.31081,0.19782,0.12615,0.08868,0.06732,0.05465,0.04732,0.03928,,,,,,,,,,,318.99158,0.3252,0.20084,0.12324,0.07835,0.052,0.03616,0.02688,0.02158,0.01599,318.99524,1.42573,1.07216,0.7772,0.53107,0.34124,0.20463,0.11839,0.06926,0.02916,318.98999,0.12505,0.06793,0.0429,0.02721,0.01939,0.01442,0.01181,0.01017,0.00834
,,,,,,,,,,318.48376,0.50365,0.31105,0.19086,0.12135,0.08054,0.05601,0.04162,0.03321,0.02414,318.48749,0.55616,0.41824,0.30318,0.20716,0.13311,0.07982,0.04618,0.02702,0.01138,318.48199,0.58181,0.31607,0.19958,0.12661,0.09022,0.06764,0.05496,0.04732,0.03932,,,,,,,,,,,318.48376,0.32967,0.20254,0.12465,0.07936,0.0525,0.03659,0.02713,0.02163,0.01559,318.48749,1.45372,1.09435,0.79311,0.54348,0.34641,0.20862,0.12069,0.07014,0.02948,318.48199,0.12782,0.06946,0.04376,0.02811,0.01995,0.01484,0.01222,0.01036,0.00868
,,,,,,,,,,318.01495,0.51058,0.31368,0.19305,0.1229,0.08131,0.05668,0.04201,0.03323,0.02414,318.01874,0.56708,0.4269,0.30938,0.21201,0.13513,0.08138,0.04708,0.02736,0.0115,318.01303,0.59471,0.32317,0.2036,0.1308,0.09281,0.06903,0.05668,0.04822,0.03932,,,,,,,,,,,318.01495,0.33445,0.2051,0.12638,0.08063,0.05286,0.03676,0.0275,0.02145,0.01559,318.01874,1.49388,1.12252,0.81302,0.5555,0.35551,0.21306,0.12291,0.07183,0.02996,318.01303,0.12992,0.07063,0.04433,0.02869,0.02009,0.01532,0.01233,0.01048,0.00858
,,,,,,,,,,317.50705,0.51797,0.31764,0.19573,0.12487,0.08187,0.05693,0.04248,0.03323,0.02399,317.51089,0.58275,0.43788,0.31715,0.21669,0.13868,0.08311,0.04795,0.02802,0.01169,317.50497,0.60448,0.3286,0.20625,0.13347,0.09345,0.0713,0.05686,0.04831,0.03932,,,,,,,,,,,317.50705,0.33781,0.20717,0.12748,0.08064,0.05345,0.03711,0.02743,0.02144,0.01583,317.51089,1.51629,1.14036,0.82321,0.56324,0.36041,0.21632,0.12536,0.07285,0.03031,317.50497,0.13246,0.07187,0.04538,0.02883,0.0201,0.01534,0.01218,0.01057,0.00845
,,,,,,,,,,316.99912,0.52317,0.32085,0.19743,0.12489,0.08278,0.05714,0.04248,0.03321,0.02398,317.00302,0.59149,0.44484,0.32113,0.21971,0.14059,0.08438,0.0489,0.02842,0.01182,316.99686,0.61628,0.33438,0.21113,0.13414,0.09353,0.07137,0.05738,0.04875,0.03926,,,,,,,,,,,316.99912,0.34075,0.20861,0.12858,0.08173,0.05386,0.03728,0.02743,0.02156,0.01548,317.00302,1.54264,1.1616,0.84024,0.57647,0.36829,0.22046,0.12745,0.07396,0.0308,316.99686,0.13456,0.0728,0.04622,0.02911,0.02046,0.01557,0.01247,0.01078,0.00875
,,,,,,,,,,316.49118,0.52773,0.32308,0.19914,0.12658,0.08292,0.05746,0.04248,0.03321,0.02398,316.49512,0.60177,0.45313,0.32777,0.22488,0.14367,0.086,0.04972,0.02885,0.01202,316.48871,0.62604,0.33872,0.21504,0.13545,0.0952,0.07232,0.05762,0.04918,0.03926,,,,,,,,,,,316.49118,0.34281,0.2099,0.12898,0.08182,0.05386,0.0371,0.02755,0.0216,0.01549,316.49512,1.57892,1.18564,0.85808,0.58739,0.37535,0.22483,0.12967,0.07494,0.03094,316.48871,0.13784,0.07452,0.04695,0.02969,0.02067,0.01566,0.01264,0.01038,0.00844
,,,,,,,,,,315.98318,0.53092,0.32507,0.19976,0.12671,0.08342,0.05746,0.04247,0.03336,0.02398,315.98718,0.61592,0.46251,0.33473,0.22914,0.14642,0.0877,0.05058,0.02923,0.01202,315.98056,0.64131,0.3467,0.21845,0.13812,0.09617,0.07246,0.05802,0.04945,0.03926,,,,,,,,,,,315.98318,0.34408,0.2108,0.12912,0.08182,0.05354,0.0369,0.02711,0.02144,0.01547,315.98718,1.61122,1.21137,0.87363,0.59869,0.38246,0.22847,0.13179,0.07615,0.03106,315.98056,0.14054,0.07556,0.04777,0.03007,0.02096,0.01554,0.01238,0.01063,0.0083
,,,,,,,,,,315.51425,0.53288,0.32648,0.19997,0.12672,0.08342,0.05717,0.04247,0.03323,0.02396,315.51831,0.62852,0.47254,0.34079,0.23354,0.14919,0.08912,0.05141,0.0297,0.01207,315.51147,0.65391,0.35158,0.22228,0.1399,0.0975,0.07287,0.05882,0.04945,0.03926,,,,,,,,,,,315.51425,0.34548,0.21133,0.12976,0.08211,0.05406,0.03794,0.02744,0.02154,0.01554,315.51831,1.64645,1.23404,0.89469,0.61017,0.38863,0.23227,0.13361,0.07701,0.03101,315.51147,0.14236,0.07692,0.04837,0.03059,0.02134,0.01597,0.01286,0.01108,0.00858
,,,,,,,,,,315.00623,0.53327,0.32648,0.2004,0.12705,0.0835,0.05717,0.04247,0.03323,0.02396,315.01031,0.64226,0.48139,0.34901,0.23802,0.1516,0.0906,0.05212,0.03004,0.0121,315.00323,0.66237,0.35786,0.22504,0.14231,0.09927,0.07429,0.05892,0.05067,0.03973,,,,,,,,,,,315.00623,0.34497,0.21133,0.1294,0.08204,0.05392,0.03723,0.02743,0.02171,0.01574,315.01031,1.66635,1.2483,0.90048,0.61619,0.39247,0.23435,0.13426,0.07723,0.03064,315.00323,0.14458,0.07812,0.04912,0.03089,0.02164,0.01615,0.01279,0.01108,0.00867
,,,,,,,,,,314.49814,0.53327,0.32634,0.2004,0.12706,0.08365,0.05766,0.04248,0.03336,0.02407,314.50229,0.65003,0.48695,0.35127,0.24037,0.1531,0.09142,0.05237,0.03013,0.0121,314.495,0.67267,0.36347,0.22855,0.14374,0.10036,0.07514,0.05953,0.05091,0.0398,,,,,,,,,,,314.49814,0.34507,0.21132,0.12959,0.08204,0.05401,0.03691,0.02743,0.02146,0.01539,314.50229,1.6936,1.27284,0.91837,0.62492,0.39898,0.23838,0.13666,0.07843,0.0314,314.495,0.14659,0.07888,0.04959,0.0312,0.02157,0.01615,0.01266,0.01094,0.00854
,,,,,,,,,,313.99002,0.53209,0.32607,0.20034,0.12705,0.08365,0.05766,0.04248,0.03362,0.02423,313.9942,0.66066,0.49652,0.35825,0.24377,0.15564,0.09299,0.05331,0.03059,0.01225,313.98666,0.68202,0.367,0.23072,0.14514,0.10067,0.07515,0.05953,0.05091,0.0398,,,,,,,,,,,313.99002,0.34433,0.21072,0.12956,0.08215,0.0541,0.0373,0.02763,0.02195,0.01565,313.9942,1.71323,1.29173,0.93364,0.63766,0.40668,0.24282,0.13892,0.07995,0.03167,313.98666,0.14858,0.08004,0.05039,0.0316,0.02179,0.0163,0.01312,0.01089,0.00855
,,,,,,,,,,313.48187,0.53034,0.32505,0.1999,0.12666,0.08365,0.05776,0.04267,0.03373,0.02423,313.48615,0.66831,0.50389,0.3642,0.24875,0.15864,0.09472,0.05419,0.03119,0.01235,313.51746,0.69132,0.37242,0.23444,0.14701,0.10139,0.07583,0.06103,0.05091,0.0398,,,,,,,,,,,313.48187,0.34357,0.21054,0.12936,0.08218,0.05414,0.03759,0.02775,0.02181,0.0158,313.48615,1.75482,1.31638,0.95068,0.64822,0.4117,0.24582,0.14107,0.08123,0.03231,313.51746,0.1513,0.08147,0.05115,0.03221,0.02228,0.01669,0.01331,0.01158,0.00903
,,,,,,,,,,313.01279,0.52799,0.32395,0.19952,0.1263,0.08353,0.05776,0.04267,0.03374,0.02423,313.01706,0.68454,0.51351,0.37085,0.25286,0.1606,0.09589,0.05503,0.03169,0.0126,313.00909,0.70395,0.37906,0.23799,0.14988,0.10364,0.07766,0.06193,0.05388,0.042,,,,,,,,,,,313.01279,0.34243,0.20988,0.12908,0.08178,0.05411,0.03731,0.02757,0.02178,0.01592,313.01706,1.77674,1.33475,0.9669,0.65867,0.41918,0.25025,0.14357,0.08229,0.03241,313.00909,0.15263,0.08274,0.05185,0.03279,0.02285,0.01707,0.01366,0.0116,0.00921
,,,,,,,,,,312.50458,0.52705,0.32267,0.1985,0.12619,0.08292,0.05771,0.04267,0.03374,0.02443,312.50894,0.69309,0.52067,0.37718,0.25694,0.16352,0.09762,0.05601,0.0321,0.01264,312.50073,0.71014,0.38497,0.24126,0.15255,0.10624,0.0791,0.06356,0.05398,0.04208,,,,,,,,,,,312.50458,0.34092,0.20917,0.12883,0.08155,0.05393,0.03731,0.02755,0.02179,0.01581,312.50894,1.79518,1.35339,0.97934,0.66666,0.42453,0.25293,0.14478,0.08273,0.03277,312.50073,0.15535,0.08379,0.05265,0.03317,0.02294,0.01713,0.01369,0.01179,0.00939
,,,,,,,,,,311.99634,0.52449,0.32092,0.19814,0.12604,0.08263,0.05771,0.04267,0.03374,0.02443,312.00073,0.70028,0.52794,0.38203,0.26006,0.16561,0.09866,0.05648,0.03227,0.01279,311.99231,0.7228,0.38983,0.24496,0.15435,0.1063,0.0794,0.06356,0.0545,0.04277,,,,,,,,,,,311.99634,0.34031,0.20834,0.12817,0.08138,0.05354,0.03726,0.02743,0.02189,0.01554,312.00073,1.82842,1.37394,0.98985,0.67711,0.43032,0.25651,0.14649,0.08378,0.03295,311.99231,0.15629,0.08445,0.05309,0.03328,0.02283,0.017,0.01381,0.0118,0.00919
,,,,,,,,,,311.4881,0.52261,0.32035,0.19751,0.12557,0.08263,0.05766,0.04256,0.03374,0.02443,311.49252,0.71325,0.53596,0.38613,0.26414,0.16786,0.10006,0.05714,0.03268,0.01286,311.48386,0.72716,0.3929,0.24702,0.15485,0.10671,0.07971,0.0637,0.05486,0.04277,,,,,,,,,,,311.4881,0.33866,0.20721,0.12794,0.08148,0.05335,0.03711,0.02759,0.02178,0.01577,311.49252,1.85386,1.38934,1.00571,0.68625,0.43684,0.25971,0.14813,0.0846,0.03339,311.48386,0.15787,0.08524,0.05336,0.03347,0.02311,0.01716,0.01366,0.01171,0.00904
,,,,,,,,,,311.01889,0.52246,0.3185,0.19612,0.12524,0.08256,0.05747,0.04256,0.03374,0.02426,310.98428,0.72317,0.54197,0.39232,0.2677,0.17041,0.10131,0.05778,0.033,0.01301,311.0145,0.73451,0.3966,0.24828,0.15573,0.10745,0.07985,0.06424,0.05489,0.04277,,,,,,,,,,,311.01889,0.33744,0.20684,0.12753,0.08108,0.05331,0.03757,0.0277,0.02198,0.0159,310.98428,1.869,1.40329,1.01609,0.69167,0.44038,0.26224,0.14966,0.08563,0.03358,311.0145,0.15937,0.08587,0.05388,0.03384,0.0231,0.01747,0.01396,0.0118,0.00932
,,,,,,,,,,310.51059,0.51873,0.31732,0.19571,0.12462,0.08252,0.05747,0.04264,0.03373,0.02443,310.51511,0.72908,0.54741,0.39637,0.26981,0.17179,0.1023,0.05838,0.0334,0.01302,310.50598,0.74148,0.39955,0.25067,0.15743,0.10753,0.08066,0.06497,0.05492,0.04332,,,,,,,,,,,310.51059,0.33735,0.20565,0.12663,0.08087,0.05337,0.03723,0.02748,0.02184,0.01594,310.51511,1.8831,1.42134,1.02673,0.69984,0.44492,0.26461,0.15109,0.08619,0.03336,310.50598,0.1603,0.0863,0.05437,0.0341,0.02324,0.01734,0.01404,0.01198,0.00931
,,,,,,,,,,310.00217,0.51695,0.31663,0.19515,0.12429,0.08249,0.05747,0.04256,0.03373,0.0246,310.00681,0.73458,0.55445,0.40052,0.273,0.17356,0.10322,0.05894,0.03362,0.0131,309.99747,0.74582,0.40151,0.25297,0.15866,0.10812,0.08127,0.06533,0.05572,0.04336,,,,,,,,,,,310.00217,0.33494,0.20489,0.12637,0.08025,0.05326,0.03701,0.02753,0.02156,0.01567,310.00681,1.90475,1.43236,1.03409,0.70417,0.44919,0.26619,0.15164,0.08653,0.03393,309.99747,0.16141,0.087,0.05458,0.03431,0.02343,0.01772,0.01416,0.01198,0.00943
,,,,,,,,,,309.4938,0.51507,0.31554,0.19456,0.12414,0.08243,0.05747,0.04256,0.03373,0.0246,309.49844,0.74302,0.55875,0.40339,0.27469,0.17522,0.10384,0.05915,0.03375,0.0132,309.48889,0.75088,0.40478,0.25396,0.15963,0.10902,0.08244,0.06587,0.05574,0.04369,,,,,,,,,,,309.4938,0.33379,0.20444,0.12601,0.08047,0.05328,0.03721,0.02756,0.02178,0.01606,309.49844,1.90541,1.44076,1.03921,0.70876,0.4509,0.26816,0.15241,0.0867,0.03383,309.48889,0.16139,0.08727,0.05475,0.03439,0.02366,0.01776,0.0143,0.01216,0.00939
,,,,,,,,,,308.98538,0.51366,0.31464,0.1943,0.12372,0.08227,0.05747,0.04264,0.03373,0.0246,308.99008,0.74328,0.56203,0.40538,0.27648,0.17589,0.10461,0.05945,0.03382,0.0132,309.01938,0.751,0.40603,0.25475,0.1599,0.11006,0.08265,0.06627,0.05626,0.04386,,,,,,,,,,,308.98538,0.33257,0.20374,0.12562,0.08015,0.05323,0.03711,0.0274,0.02183,0.01588,308.99008,1.93001,1.45236,1.0444,0.71253,0.4536,0.26954,0.15333,0.08743,0.03403,309.01938,0.16197,0.08741,0.05508,0.03437,0.02396,0.01777,0.01424,0.01209,0.0095
,,,,,,,,,,308.51602,0.51107,0.31341,0.19369,0.12363,0.08221,0.05751,0.04268,0.03381,0.02487,308.48169,0.75288,0.56655,0.40741,0.27795,0.17694,0.10515,0.05981,0.03411,0.0132,308.51077,0.75359,0.40667,0.25626,0.16002,0.11147,0.08267,0.06631,0.05657,0.04415,,,,,,,,,,,308.51602,0.33167,0.20316,0.12546,0.07988,0.05308,0.03726,0.02791,0.02189,0.01607,308.48169,1.93369,1.45367,1.04923,0.71486,0.45488,0.27022,0.15367,0.08744,0.03397,308.51077,0.16219,0.08754,0.05515,0.03491,0.02398,0.01804,0.01425,0.01225,0.00949
,,,,,,,,,,308.00754,0.50901,0.31238,0.19226,0.1236,0.0818,0.05747,0.04305,0.0339,0.02489,308.01236,0.75431,0.56706,0.40929,0.27886,0.17744,0.10541,0.05994,0.03411,0.01325,308.00211,0.75359,0.40667,0.25635,0.16145,0.11159,0.08358,0.06631,0.05696,0.04419,,,,,,,,,,,308.00754,0.32999,0.20237,0.12506,0.07983,0.05312,0.03727,0.02828,0.02211,0.01669,308.01236,1.94471,1.45952,1.05291,0.71606,0.45601,0.2707,0.15405,0.08796,0.03382,308.00211,0.16241,0.08762,0.05523,0.03492,0.0241,0.0182,0.01479,0.01231,0.00965
,,,,,,,,,,307.49899,0.50606,0.31014,0.1916,0.1227,0.08166,0.05742,0.04323,0.03425,0.02544,307.50388,0.75586,0.56892,0.41026,0.27933,0.1778,0.1056,0.06009,0.03416,0.01325,307.49341,0.7519,0.40656,0.25635,0.16181,0.11205,0.08392,0.06631,0.05698,0.04488,,,,,,,,,,,307.49899,0.32866,0.2017,0.12414,0.07981,0.05282,0.03714,0.02815,0.02212,0.01642,307.50388,1.94432,1.45843,1.05351,0.71783,0.4562,0.27105,0.15428,0.08772,0.03429,307.49341,0.16211,0.08769,0.05531,0.03478,0.02412,0.01796,0.0146,0.01242,0.00991
,,,,,,,,,,306.99045,0.50296,0.30802,0.19106,0.12195,0.08137,0.05742,0.04332,0.03425,0.02555,306.99539,0.75586,0.56892,0.41026,0.27933,0.1778,0.1056,0.06013,0.03422,0.0133,306.98468,0.75188,0.40605,0.25635,0.16181,0.11213,0.08435,0.06791,0.05727,0.04495,,,,,,,,,,,306.99045,0.32675,0.20026,0.12371,0.07922,0.05273,0.0369,0.02779,0.02226,0.0165,306.99539,1.93764,1.46448,1.05382,0.7171,0.45621,0.2717,0.15462,0.0879,0.03409,306.98468,0.1616,0.08727,0.0551,0.0347,0.02408,0.01813,0.01425,0.01224,0.00966
,,,,,,,,,,306.48187,0.5005,0.30621,0.18999,0.12191,0.08083,0.05715,0.04332,0.03447,0.02555,306.48685,0.75586,0.56759,0.40948,0.27884,0.17744,0.10546,0.06013,0.03422,0.01338,306.51508,0.75013,0.40523,0.25611,0.16174,0.11223,0.08435,0.06791,0.0578,0.04599,,,,,,,,,,,306.48187,0.32475,0.19888,0.12337,0.07874,0.05254,0.03708,0.02797,0.02239,0.0169,306.48685,1.94443,1.45855,1.0517,0.71637,0.45579,0.27072,0.15429,0.08757,0.03447,306.51508,0.16161,0.08738,0.05505,0.03495,0.02419,0.01822,0.01476,0.01243,0.01005
,,,,,,,,,,306.01239,0.4961,0.3035,0.18832,0.12034,0.08072,0.05715,0.04305,0.03452,0.02577,306.01743,0.7527,0.56708,0.40875,0.27788,0.17694,0.10506,0.05994,0.03416,0.0134,306.00629,0.74592,0.40421,0.25569,0.16173,0.11213,0.08446,0.06847,0.05785,0.04599,,,,,,,,,,,306.01239,0.32317,0.19771,0.12267,0.07872,0.05212,0.03713,0.02881,0.02229,0.01667,306.01743,1.92957,1.45372,1.04971,0.7148,0.45488,0.27034,0.15413,0.0881,0.03475,306.00629,0.16122,0.0871,0.05516,0.03481,0.02443,0.01815,0.0148,0.01268,0.01028
,,,,,,,,,,305.50378,0.49246,0.30236,0.18742,0.11998,0.08053,0.05703,0.04288,0.03455,0.02577,305.50885,0.7527,0.56463,0.4071,0.27679,0.17607,0.10473,0.05968,0.03411,0.01341,305.49747,0.74243,0.40327,0.25525,0.16174,0.11257,0.08476,0.06868,0.05863,0.04656,,,,,,,,,,,305.50378,0.32033,0.19597,0.1216,0.0777,0.05219,0.03682,0.028,0.02231,0.01664,305.50885,1.93911,1.45501,1.04784,0.71236,0.45359,0.26933,0.15366,0.08808,0.03548,305.49747,0.16032,0.08688,0.05486,0.03476,0.02432,0.01837,0.01472,0.0126,0.00989
,,,,,,,,,,304.99512,0.48839,0.29907,0.18574,0.11911,0.08012,0.05656,0.04279,0.03455,0.02577,305.00021,0.75156,0.56312,0.40525,0.27601,0.17534,0.10428,0.05943,0.03401,0.01341,304.98859,0.74058,0.40242,0.25481,0.16174,0.11318,0.08543,0.06876,0.05899,0.04656,,,,,,,,,,,304.99512,0.31798,0.19523,0.12101,0.07747,0.052,0.03695,0.02769,0.02243,0.01677,305.00021,1.92664,1.44744,1.04361,0.70955,0.45136,0.26848,0.15298,0.08744,0.03435,304.98859,0.15957,0.08668,0.05496,0.03476,0.0241,0.01836,0.01478,0.01273,0.01001
,,,,,,,,,,304.48639,0.48419,0.29675,0.18395,0.11911,0.07965,0.05601,0.0427,0.03455,0.02577,304.49158,0.74771,0.55957,0.40316,0.27431,0.17452,0.10377,0.05931,0.03387,0.01341,304.51889,0.73537,0.40031,0.25464,0.16173,0.11318,0.08549,0.06876,0.05923,0.04656,,,,,,,,,,,304.48639,0.31535,0.1931,0.11993,0.07691,0.05174,0.03652,0.02763,0.02233,0.01656,304.49158,1.9315,1.44357,1.03887,0.70756,0.44947,0.26732,0.15234,0.08719,0.03437,304.51889,0.15917,0.08649,0.05473,0.03497,0.02442,0.01849,0.01509,0.01297,0.01009
,,,,,,,,,,304.01682,0.47871,0.29342,0.18269,0.11805,0.07923,0.05584,0.04249,0.0343,0.0258,303.98291,0.74479,0.55758,0.40155,0.27292,0.1737,0.10331,0.05902,0.03377,0.01341,304.00995,0.73283,0.39864,0.2546,0.16173,0.11361,0.08601,0.0697,0.06034,0.04696,,,,,,,,,,,304.01682,0.31264,0.19161,0.11878,0.07622,0.05143,0.03617,0.02734,0.02321,0.01666,303.98291,1.91677,1.43447,1.0335,0.70319,0.44738,0.26601,0.15204,0.08683,0.0348,304.00995,0.15805,0.08604,0.05477,0.03491,0.02467,0.01868,0.01498,0.01306,0.01046
,,,,,,,,,,303.50803,0.47282,0.28992,0.1804,0.11613,0.07923,0.05584,0.04236,0.0343,0.0258,303.51331,0.74002,0.55301,0.39884,0.27095,0.17247,0.10268,0.05861,0.03367,0.01348,303.50101,0.72806,0.39861,0.25365,0.1623,0.11449,0.08689,0.07021,0.06079,0.04869,,,,,,,,,,,303.50803,0.3091,0.18946,0.11796,0.07732,0.05116,0.03605,0.02757,0.02207,0.0169,303.51331,1.90927,1.42935,1.02938,0.69964,0.44529,0.26483,0.1513,0.08657,0.03456,303.50101,0.15751,0.08567,0.05472,0.03469,0.02461,0.01877,0.01519,0.01312,0.01052
,,,,,,,,,,302.99924,0.46696,0.28631,0.1787,0.11489,0.07803,0.05557,0.04236,0.0343,0.02606,303.00458,0.73284,0.54922,0.39585,0.26916,0.17111,0.10195,0.05835,0.03361,0.01348,302.99207,0.72446,0.39551,0.2523,0.16141,0.11449,0.08699,0.07067,0.06106,0.04895,,,,,,,,,,,302.99924,0.30529,0.1872,0.11648,0.07498,0.05039,0.03588,0.02743,0.02215,0.01683,303.00458,1.89705,1.41763,1.02242,0.69458,0.44213,0.26323,0.15025,0.08632,0.03473,302.99207,0.15648,0.08568,0.05452,0.03494,0.02468,0.01897,0.01535,0.01341,0.01072
,,,,,,,,,,302.49042,0.46077,0.28256,0.17613,0.11403,0.07752,0.05548,0.04236,0.0343,0.02618,302.49582,0.72756,0.54429,0.39272,0.26702,0.16974,0.10094,0.05777,0.03326,0.01344,302.48306,0.71895,0.39299,0.25073,0.16036,0.11431,0.08706,0.07096,0.06173,0.04911,,,,,,,,,,,302.49042,0.30151,0.18487,0.11539,0.07419,0.0515,0.03631,0.02735,0.02249,0.01714,302.49582,1.87863,1.40793,1.01476,0.68998,0.43865,0.26135,0.14959,0.08616,0.0346,302.48306,0.15571,0.08501,0.05423,0.03488,0.02472,0.01886,0.01555,0.01336,0.01068
,,,,,,,,,,301.98157,0.45259,0.27813,0.17372,0.11245,0.07672,0.05502,0.04232,0.03471,0.02655,301.987,0.7217,0.54034,0.38978,0.26476,0.16834,0.1003,0.05747,0.0331,0.01342,302.01318,0.71377,0.39079,0.24934,0.16036,0.11431,0.08706,0.07106,0.06186,0.04969,,,,,,,,,,,301.98157,0.29752,0.18244,0.11373,0.07363,0.05005,0.03582,0.02757,0.02241,0.01725,301.987,1.8651,1.39528,1.00674,0.6845,0.43513,0.25877,0.1481,0.08525,0.03425,302.01318,0.15452,0.08447,0.05389,0.03444,0.02444,0.0187,0.01525,0.01327,0.01055
,,,,,,,,,,301.51184,0.44718,0.27569,0.17159,0.11201,0.07638,0.05483,0.04193,0.03483,0.02671,301.51733,0.71527,0.53505,0.38575,0.26285,0.16707,0.09943,0.05688,0.03297,0.01342,301.50412,0.70889,0.38819,0.24932,0.16023,0.11372,0.08699,0.07096,0.06173,0.04911,,,,,,,,,,,301.51184,0.29224,0.17959,0.11217,0.07261,0.04954,0.03541,0.02707,0.02264,0.01743,301.51733,1.8501,1.38517,0.99919,0.67872,0.43154,0.25712,0.14731,0.08486,0.03446,301.50412,0.15341,0.08399,0.05359,0.03447,0.02457,0.01871,0.01527,0.0133,0.01072
,,,,,,,,,,301.0029,0.43582,0.26904,0.16844,0.10964,0.07534,0.05464,0.04172,0.03471,0.027,301.00845,0.70754,0.52923,0.38123,0.25961,0.16511,0.09857,0.05659,0.03256,0.0134,300.99503,0.7022,0.38339,0.24546,0.15779,0.11188,0.08567,0.06981,0.06109,0.04806,,,,,,,,,,,301.0029,0.28874,0.17801,0.11079,0.07232,0.04932,0.03553,0.02732,0.02298,0.01748,301.00845,1.8336,1.37161,0.98888,0.67382,0.42828,0.2549,0.14581,0.08452,0.0344,300.99503,0.15236,0.08343,0.05359,0.03464,0.02466,0.01886,0.01571,0.01359,0.01092
,,,,,,,,,,300.49399,0.43216,0.2646,0.16574,0.10949,0.07426,0.05371,0.04171,0.0347,0.02707,300.49957,0.70107,0.52553,0.37843,0.25751,0.16397,0.09773,0.05623,0.03245,0.01342,300.48593,0.69161,0.37765,0.24233,0.15679,0.11095,0.0852,0.06981,0.06109,0.04806,,,,,,,,,,,300.49399,0.28141,0.17372,0.10876,0.07079,0.04864,0.03528,0.02694,0.02252,0.01755,300.49957,1.81379,1.35668,0.97729,0.66552,0.42325,0.25269,0.14507,0.08346,0.0344,300.48593,0.15092,0.0824,0.05276,0.03391,0.02405,0.01841,0.015,0.01313,0.01033
,,,,,,,,,,299.98499,0.42341,0.26052,0.16405,0.10822,0.07361,0.05359,0.04166,0.0347,0.02708,299.99066,0.69531,0.51947,0.37438,0.2551,0.16198,0.09683,0.05549,0.03211,0.01342,300.0159,0.68886,0.37719,0.24233,0.15679,0.11095,0.0852,0.06981,0.06109,0.04806,,,,,,,,,,,299.98499,0.27904,0.17085,0.10701,0.06988,0.04795,0.03452,0.02693,0.02217,0.01749,299.99066,1.79719,1.34721,0.97011,0.66013,0.42033,0.25054,0.14414,0.0832,0.03434,300.0159,0.14865,0.08117,0.05173,0.03318,0.02335,0.01794,0.01467,0.01264,0.00995
,,,,,,,,,,299.51514,0.41623,0.25585,0.16206,0.10601,0.07255,0.05347,0.04157,0.03453,0.02718,299.48172,0.68848,0.51302,0.37039,0.25258,0.16055,0.09588,0.05508,0.03208,0.01342,299.50674,0.68459,0.37668,0.24086,0.15679,0.11095,0.0852,0.06981,0.06109,0.04806,,,,,,,,,,,299.51514,0.27339,0.16822,0.10593,0.0707,0.04753,0.03468,0.02684,0.02241,0.01766,299.48172,1.78243,1.33167,0.95973,0.65395,0.41524,0.24822,0.14226,0.08232,0.03439,299.50674,0.14806,0.08107,0.05208,0.0337,0.02385,0.01831,0.01517,0.0132,0.01043
,,,,,,,,,,299.00613,0.40806,0.2515,0.15803,0.10407,0.07196,0.05271,0.04138,0.03434,0.02723,299.01187,0.68081,0.50809,0.36611,0.2495,0.15884,0.09474,0.05473,0.03171,0.01342,298.99753,0.6769,0.37261,0.24068,0.15679,0.11095,0.0852,0.07056,0.06142,0.04851,,,,,,,,,,,299.00613,0.26875,0.1652,0.10464,0.06845,0.04684,0.03461,0.0269,0.02259,0.01778,299.01187,1.76492,1.31514,0.94949,0.64748,0.41156,0.2458,0.1412,0.08223,0.03451,298.99753,0.14714,0.08096,0.05216,0.03398,0.02418,0.01883,0.01572,0.01375,0.01112
,,,,,,,,,,298.49704,0.40042,0.24581,0.15575,0.10261,0.07093,0.05233,0.04113,0.03432,0.02734,298.50287,0.67107,0.50115,0.36099,0.24579,0.15663,0.09402,0.05402,0.03155,0.01346,298.48831,0.67235,0.37067,0.24023,0.15679,0.1125,0.08762,0.07314,0.06399,0.05174,,,,,,,,,,,298.49704,0.26348,0.16239,0.10204,0.0672,0.04647,0.03404,0.02672,0.0223,0.01769,298.50287,1.74526,1.3025,0.93854,0.63959,0.40718,0.24287,0.1403,0.08129,0.03458,298.48831,0.14549,0.08008,0.05177,0.03396,0.02431,0.01903,0.01576,0.01386,0.01121
,,,,,,,,,,297.98795,0.39467,0.24344,0.15373,0.10139,0.07078,0.05198,0.04113,0.03432,0.02739,297.9938,0.66291,0.49544,0.35746,0.24386,0.15501,0.09264,0.0536,0.03131,0.01349,298.01822,0.66443,0.36514,0.23744,0.15601,0.1125,0.08803,0.07332,0.06447,0.05218,,,,,,,,,,,297.98795,0.25855,0.15872,0.10057,0.06626,0.0458,0.03356,0.02634,0.02201,0.01758,297.9938,1.72029,1.2847,0.92541,0.63009,0.40152,0.24101,0.13847,0.08088,0.03478,298.01822,0.14451,0.07967,0.05163,0.03387,0.0244,0.01902,0.01597,0.01405,0.01141
,,,,,,,,,,297.51801,0.38745,0.23895,0.15163,0.10083,0.06986,0.05187,0.04087,0.03432,0.02739,297.48474,0.65424,0.48907,0.35269,0.24051,0.153,0.09162,0.05293,0.03094,0.01352,297.50891,0.65447,0.36314,0.23532,0.15514,0.11179,0.08803,0.07343,0.06447,0.05301,,,,,,,,,,,297.51801,0.25483,0.15719,0.09926,0.06546,0.0457,0.03379,0.02655,0.02216,0.0179,297.48474,1.69939,1.27006,0.91634,0.62513,0.39737,0.2375,0.1374,0.08026,0.03467,297.50891,0.14281,0.07848,0.05103,0.03353,0.02427,0.01903,0.01578,0.01386,0.01153
,,,,,,,,,,297.00885,0.37965,0.23429,0.14916,0.09901,0.06918,0.05136,0.0408,0.03432,0.02773,297.0148,0.64667,0.4829,0.34794,0.23786,0.15099,0.09082,0.05241,0.0309,0.01355,296.99957,0.64644,0.35746,0.23219,0.15307,0.11141,0.08701,0.07343,0.06473,0.05307,,,,,,,,,,,297.00885,0.25018,0.15429,0.09791,0.0651,0.04511,0.03349,0.02661,0.02228,0.01809,297.0148,1.67715,1.25374,0.90413,0.61656,0.39221,0.23486,0.1357,0.07922,0.03472,296.99957,0.14066,0.07805,0.05058,0.03334,0.02403,0.01892,0.01584,0.01403,0.01139
,,,,,,,,,,296.49969,0.37335,0.23107,0.14787,0.09731,0.06859,0.051,0.04073,0.03433,0.02779,296.50571,0.63656,0.47469,0.3432,0.23543,0.14929,0.0901,0.05215,0.03087,0.01355,296.4902,0.63484,0.35223,0.22943,0.15216,0.11125,0.08701,0.07343,0.06473,0.05307,,,,,,,,,,,296.49969,0.24514,0.15128,0.09631,0.06393,0.04467,0.03316,0.02639,0.02241,0.01811,296.50571,1.65774,1.23791,0.89194,0.60977,0.38707,0.23281,0.13435,0.07933,0.03495,296.4902,0.13894,0.07683,0.0499,0.0329,0.02395,0.01858,0.01584,0.01391,0.01141
,,,,,,,,,,295.99045,0.36343,0.22524,0.1434,0.09608,0.06777,0.05098,0.0406,0.03443,0.02802,295.99652,0.6212,0.46509,0.33571,0.22945,0.1467,0.0885,0.05159,0.03087,0.01364,295.9808,0.62842,0.34818,0.22707,0.15055,0.11098,0.08645,0.0737,0.06473,0.05307,,,,,,,,,,,295.99045,0.24107,0.1492,0.09548,0.06283,0.04429,0.03293,0.02622,0.02223,0.01794,295.99652,1.63182,1.21686,0.87979,0.60354,0.38272,0.23098,0.13368,0.07913,0.03576,295.9808,0.13645,0.0757,0.04931,0.0327,0.02391,0.0187,0.01572,0.01402,0.01148
,,,,,,,,,,295.48123,0.35842,0.22188,0.14172,0.09516,0.06728,0.05046,0.0406,0.03443,0.02805,295.48734,0.61528,0.46046,0.33272,0.22743,0.1453,0.0876,0.05132,0.03084,0.01395,295.51056,0.61536,0.34178,0.22569,0.14962,0.11046,0.08636,0.07316,0.06473,0.05339,,,,,,,,,,,295.48123,0.23467,0.14544,0.09259,0.06204,0.04376,0.03255,0.0263,0.02217,0.01819,295.48734,1.59245,1.19227,0.8606,0.58819,0.37606,0.22688,0.13225,0.07906,0.03636,295.51056,0.13507,0.07483,0.04881,0.03236,0.02385,0.01878,0.01591,0.01392,0.01166
,,,,,,,,,,295.01111,0.35323,0.21959,0.14079,0.09496,0.06707,0.05046,0.0406,0.03443,0.02817,295.01727,0.60651,0.45296,0.32782,0.22376,0.14327,0.08641,0.05089,0.03084,0.01419,295.00113,0.6065,0.33786,0.22348,0.1479,0.10952,0.08617,0.0727,0.0647,0.05367,,,,,,,,,,,295.01111,0.23143,0.14326,0.09151,0.06145,0.04344,0.03292,0.02604,0.02246,0.01832,295.01727,1.57726,1.1804,0.85292,0.58303,0.37248,0.22456,0.13155,0.07912,0.03683,295.00113,0.13226,0.07346,0.04851,0.03216,0.02374,0.01856,0.01585,0.01391,0.0116
,,,,,,,,,,294.5018,0.34541,0.21497,0.13819,0.0933,0.06654,0.05041,0.04073,0.03479,0.02838,294.50803,0.59557,0.4441,0.32232,0.2208,0.14119,0.08575,0.05072,0.03084,0.01437,294.49164,0.59967,0.33499,0.2213,0.14698,0.10883,0.08617,0.07265,0.06449,0.05397,,,,,,,,,,,294.5018,0.22808,0.14179,0.09091,0.06131,0.04331,0.03258,0.02631,0.02249,0.01885,294.50803,1.55479,1.16116,0.84037,0.57361,0.36728,0.22152,0.13045,0.07884,0.03715,294.49164,0.13036,0.07262,0.04803,0.03179,0.02354,0.01845,0.01563,0.01396,0.01172
,,,,,,,,,,293.99246,0.34125,0.21293,0.13616,0.09273,0.06566,0.05023,0.04075,0.03484,0.0292,293.99875,0.58593,0.4378,0.31625,0.21743,0.1402,0.0853,0.05053,0.03087,0.01449,293.98215,0.58746,0.33033,0.21827,0.14508,0.10741,0.08617,0.07265,0.06449,0.05397,,,,,,,,,,,293.99246,0.22303,0.13881,0.08923,0.06024,0.04297,0.03296,0.02654,0.02281,0.01934,293.99875,1.52675,1.13845,0.82627,0.56602,0.36195,0.21982,0.13002,0.07927,0.03868,293.98215,0.12889,0.072,0.04756,0.03159,0.02339,0.01852,0.01555,0.01386,0.01153
,,,,,,,,,,293.48312,0.33295,0.20863,0.13378,0.0909,0.06477,0.04929,0.04075,0.035,0.02961,293.48944,0.57264,0.42842,0.31097,0.21274,0.13729,0.08396,0.05046,0.03092,0.01509,293.51181,0.57795,0.32664,0.21727,0.1444,0.10718,0.08617,0.07265,0.06449,0.05455,,,,,,,,,,,293.48312,0.22034,0.13749,0.08792,0.05987,0.0424,0.03243,0.02656,0.0228,0.01922,293.48944,1.50203,1.12231,0.81072,0.55739,0.3594,0.21866,0.12934,0.07971,0.03973,293.51181,0.12626,0.071,0.04691,0.03118,0.02309,0.01853,0.01561,0.01386,0.01175
,,,,,,,,,,293.01291,0.32607,0.20274,0.13106,0.08843,0.06402,0.04916,0.04001,0.035,0.02961,293.01929,0.56278,0.42303,0.3049,0.21043,0.13575,0.08331,0.05036,0.0311,0.0155,293.00223,0.56789,0.32057,0.21457,0.14304,0.10688,0.08623,0.07265,0.06449,0.05465,,,,,,,,,,,293.01291,0.21498,0.13471,0.08638,0.0587,0.04182,0.03183,0.02635,0.02397,0.01912,293.01929,1.46797,1.09826,0.79717,0.54537,0.35195,0.21524,0.12952,0.08049,0.04142,293.00223,0.12422,0.0702,0.0467,0.03104,0.02293,0.01863,0.01583,0.01404,0.01184
,,,,,,,,,,292.50351,0.31925,0.19854,0.12789,0.08709,0.06287,0.04817,0.03968,0.03468,0.02918,292.50995,0.5491,0.41235,0.3007,0.20578,0.13365,0.08247,0.05033,0.0314,0.01616,292.49265,0.55797,0.31583,0.21191,0.14211,0.10688,0.08623,0.07365,0.06533,0.05507,,,,,,,,,,,292.50351,0.21054,0.13091,0.08462,0.0571,0.04134,0.03174,0.02584,0.0226,0.01923,292.50995,1.44268,1.08444,0.78162,0.53943,0.348,0.21356,0.12902,0.08118,0.04287,292.49265,0.12206,0.0689,0.04612,0.03054,0.02304,0.01855,0.01596,0.0142,0.01203
,,,,,,,,,,291.99405,0.31004,0.194,0.1256,0.08579,0.06212,0.04808,0.03968,0.03468,0.02918,292.00055,0.54195,0.40545,0.2945,0.20204,0.13204,0.08175,0.05033,0.03167,0.01672,291.98303,0.55103,0.31182,0.20658,0.141,0.10669,0.0858,0.07425,0.06609,0.05595,,,,,,,,,,,291.99405,0.20614,0.1282,0.08258,0.05624,0.0406,0.0311,0.02562,0.02239,0.01876,292.00055,1.40764,1.05706,0.77086,0.52753,0.34262,0.21141,0.1291,0.08249,0.04493,291.98303,0.11993,0.06788,0.04555,0.03074,0.02297,0.01853,0.01596,0.01426,0.01212
,,,,,,,,,,291.48459,0.30585,0.19137,0.12421,0.08544,0.06206,0.04808,0.03968,0.03468,0.02918,291.49112,0.53156,0.39852,0.28955,0.19938,0.13054,0.0812,0.05031,0.03218,0.01753,291.51257,0.54355,0.30665,0.20619,0.14087,0.10597,0.0858,0.07427,0.06633,0.05639,,,,,,,,,,,291.48459,0.20019,0.12526,0.0811,0.05539,0.04011,0.03091,0.02551,0.02239,0.01884,291.49112,1.38929,1.03938,0.75495,0.51794,0.33848,0.20957,0.12902,0.0834,0.04641,291.51257,0.11843,0.06702,0.04432,0.0303,0.02301,0.01844,0.01612,0.01442,0.01226
,,,,,,,,,,291.01428,0.29878,0.18733,0.12295,0.08419,0.06204,0.04808,0.03968,0.03468,0.02918,290.98169,0.52043,0.3907,0.28375,0.19615,0.12843,0.0803,0.05027,0.03253,0.0181,291.00287,0.53444,0.30546,0.20459,0.14002,0.10597,0.0858,0.0744,0.06707,0.05706,,,,,,,,,,,291.01428,0.19748,0.12356,0.0802,0.05517,0.04007,0.03104,0.02563,0.02265,0.01906,290.98169,1.36265,1.02161,0.74225,0.5111,0.33464,0.20815,0.12896,0.08402,0.04792,291.00287,0.11683,0.06591,0.0444,0.03028,0.02274,0.01839,0.01608,0.01457,0.01238
,,,,,,,,,,290.5047,0.2949,0.18547,0.12134,0.08389,0.06163,0.04808,0.0397,0.03508,0.02952,290.51135,0.51091,0.38386,0.27901,0.19336,0.12686,0.07972,0.05027,0.03277,0.01869,290.49313,0.52439,0.30029,0.20127,0.13927,0.10597,0.0858,0.07483,0.06777,0.05758,,,,,,,,,,,290.5047,0.19292,0.12096,0.07939,0.05436,0.04006,0.0313,0.0259,0.02305,0.01974,290.51135,1.33414,1.00155,0.72738,0.50283,0.32923,0.20586,0.12867,0.08476,0.04957,290.49313,0.11487,0.06565,0.04397,0.03009,0.02278,0.0187,0.01599,0.01472,0.01246
,,,,,,,,,,289.99515,0.28812,0.18195,0.1195,0.08374,0.06124,0.04822,0.04011,0.03569,0.03057,290.00186,0.50157,0.37636,0.27385,0.18996,0.12505,0.07916,0.05019,0.03306,0.01934,289.98343,0.51697,0.29636,0.19949,0.13861,0.10581,0.08702,0.07483,0.0685,0.05798,,,,,,,,,,,289.99515,0.19041,0.11975,0.07835,0.05417,0.03979,0.03147,0.02607,0.02313,0.02008,290.00186,1.30973,0.98403,0.71524,0.49568,0.32519,0.20437,0.12888,0.08545,0.05061,289.98343,0.11271,0.06454,0.04326,0.02993,0.02288,0.01887,0.01636,0.01484,0.01274
,,,,,,,,,,289.48557,0.28214,0.17771,0.11692,0.08188,0.06096,0.04822,0.04038,0.03582,0.0311,289.49234,0.48872,0.36857,0.26846,0.18649,0.12305,0.078,0.04993,0.03333,0.01974,289.51288,0.50825,0.29303,0.19738,0.13836,0.10597,0.08778,0.07612,0.06875,0.05928,,,,,,,,,,,289.48557,0.18603,0.11748,0.07716,0.05407,0.03954,0.03117,0.0264,0.02341,0.02025,289.49234,1.28579,0.96481,0.70201,0.48695,0.32056,0.20294,0.12899,0.08688,0.05284,289.51288,0.11111,0.0637,0.04288,0.02979,0.023,0.01898,0.01647,0.01491,0.01295
,,,,,,,,,,289.01517,0.27602,0.17441,0.11526,0.08048,0.0602,0.04793,0.04039,0.03605,0.03136,288.98276,0.48293,0.3619,0.26382,0.18358,0.12184,0.07746,0.04977,0.03389,0.02061,289.00308,0.49714,0.28866,0.19584,0.13749,0.10643,0.08832,0.07664,0.06904,0.06025,,,,,,,,,,,289.01517,0.18217,0.11475,0.0755,0.05287,0.03936,0.03114,0.02609,0.02359,0.02036,288.98276,1.25284,0.94484,0.68819,0.47807,0.31545,0.19996,0.128,0.0871,0.05381,289.00308,0.10924,0.06298,0.04242,0.02974,0.02272,0.01905,0.01658,0.01478,0.01304
,,,,,,,,,,288.50549,0.26924,0.16949,0.11301,0.07932,0.05943,0.04761,0.04039,0.03625,0.03153,288.51239,0.46793,0.35242,0.25726,0.17934,0.119,0.07669,0.04964,0.03398,0.02099,288.49326,0.48985,0.285,0.19427,0.13738,0.1067,0.08832,0.07713,0.06939,0.06066,,,,,,,,,,,288.50549,0.17822,0.11261,0.07442,0.05196,0.03887,0.03095,0.02608,0.02328,0.02038,288.51239,1.23799,0.92773,0.6763,0.47062,0.31233,0.19857,0.12758,0.08756,0.05485,288.49326,0.10685,0.06204,0.04209,0.02955,0.02293,0.01898,0.01669,0.01522,0.01315
,,,,,,,,,,287.99585,0.26426,0.16704,0.11125,0.07851,0.05936,0.04761,0.04039,0.03625,0.03156,288.00275,0.45998,0.34706,0.25294,0.17657,0.11762,0.07564,0.04964,0.03416,0.0214,287.9834,0.48186,0.28242,0.19283,0.13689,0.1067,0.08863,0.07766,0.07082,0.06118,,,,,,,,,,,287.99585,0.17385,0.10944,0.07297,0.05122,0.03837,0.03074,0.02608,0.02341,0.0206,288.00275,1.19955,0.90342,0.65949,0.45973,0.30506,0.1966,0.12726,0.0881,0.05655,287.9834,0.10528,0.06125,0.04175,0.02953,0.023,0.0191,0.01682,0.01536,0.01337
,,,,,,,,,,287.48611,0.25932,0.1646,0.10968,0.07718,0.05927,0.04761,0.04039,0.03625,0.03191,287.49307,0.45158,0.3386,0.2469,0.17278,0.11528,0.07431,0.04954,0.03433,0.02206,287.51273,0.47708,0.27664,0.18927,0.13672,0.10699,0.08887,0.07824,0.07146,0.06219,,,,,,,,,,,287.48611,0.17063,0.10785,0.07183,0.05069,0.03818,0.03072,0.02632,0.02356,0.02085,287.49307,1.17917,0.88969,0.64841,0.45263,0.30153,0.19389,0.12699,0.08865,0.05738,287.51273,0.10357,0.0607,0.04145,0.02942,0.02313,0.01928,0.01707,0.01563,0.01369
,,,,,,,,,,287.01559,0.25541,0.1614,0.10798,0.07691,0.05913,0.04761,0.0404,0.03649,0.03221,286.9834,0.44206,0.33259,0.24332,0.1699,0.11377,0.07366,0.04867,0.03437,0.02238,287.00281,0.46702,0.27315,0.18919,0.1365,0.10699,0.08971,0.07943,0.07272,0.06371,,,,,,,,,,,287.01559,0.16744,0.10628,0.07082,0.04983,0.03833,0.03088,0.02609,0.02369,0.0208,286.9834,1.15763,0.86801,0.63293,0.44293,0.29553,0.19051,0.12733,0.08799,0.05774,287.00281,0.10254,0.05946,0.04066,0.02934,0.0231,0.01934,0.01735,0.01589,0.01387
,,,,,,,,,,286.50583,0.2489,0.15888,0.10675,0.07609,0.05868,0.04757,0.04076,0.03669,0.0323,286.51288,0.43239,0.32552,0.23832,0.16702,0.11183,0.07278,0.04867,0.03433,0.02252,286.49286,0.45824,0.26943,0.18805,0.13496,0.10687,0.09,0.08022,0.07297,0.06448,,,,,,,,,,,286.50583,0.16492,0.10421,0.06972,0.04966,0.03827,0.03087,0.02648,0.02389,0.02143,286.51288,1.13324,0.85259,0.62377,0.43553,0.29165,0.18882,0.12477,0.09026,0.05812,286.49286,0.10038,0.05871,0.04068,0.02939,0.02302,0.01936,0.01724,0.01568,0.01398
,,,,,,,,,,285.996,0.24219,0.15455,0.10467,0.07547,0.0578,0.04757,0.04101,0.037,0.03319,286.00314,0.42147,0.31712,0.23234,0.16269,0.10969,0.07142,0.04831,0.03424,0.02267,285.98288,0.45123,0.26505,0.18605,0.13471,0.10654,0.09005,0.08034,0.07393,0.06452,,,,,,,,,,,285.996,0.16071,0.10259,0.06893,0.04913,0.03789,0.03124,0.02662,0.0242,0.02159,286.00314,1.10844,0.83448,0.61094,0.42817,0.28667,0.18658,0.12385,0.08811,0.05893,285.98288,0.09849,0.05791,0.04042,0.02895,0.02297,0.01938,0.01727,0.016,0.01386
,,,,,,,,,,285.48621,0.2391,0.15244,0.10328,0.07408,0.05739,0.04752,0.04112,0.03742,0.03344,285.49338,0.4115,0.31042,0.22861,0.1604,0.10799,0.07077,0.04749,0.03414,0.02299,285.51212,0.44342,0.26318,0.1845,0.13415,0.10654,0.09019,0.08034,0.07443,0.06502,,,,,,,,,,,285.48621,0.15638,0.09979,0.06758,0.04873,0.03732,0.03072,0.02655,0.02416,0.02172,285.49338,1.08044,0.81295,0.59561,0.41706,0.2812,0.18309,0.12871,0.08778,0.05957,285.51212,0.09698,0.05697,0.03999,0.02901,0.02269,0.01946,0.01742,0.01603,0.01404
,,,,,,,,,,285.01556,0.23436,0.15074,0.10233,0.07404,0.05735,0.04752,0.04122,0.03748,0.03363,284.98355,0.40209,0.30382,0.22361,0.15731,0.10601,0.06963,0.04681,0.03388,0.02324,285.00211,0.43747,0.26036,0.18236,0.13375,0.10654,0.09053,0.08105,0.0746,0.06531,,,,,,,,,,,285.01556,0.15438,0.09843,0.06668,0.04781,0.03705,0.03069,0.02679,0.02423,0.02176,284.98355,1.0549,0.79576,0.58605,0.4112,0.27682,0.18141,0.12175,0.08753,0.05997,285.00211,0.0953,0.05657,0.03966,0.02883,0.0229,0.0196,0.01758,0.01622,0.01444
,,,,,,,,,,284.50571,0.22927,0.14699,0.10093,0.07304,0.05734,0.04747,0.04148,0.03752,0.03369,284.513,0.39144,0.29642,0.21841,0.15392,0.10407,0.06859,0.04636,0.03381,0.02325,284.49207,0.42983,0.25609,0.18227,0.13298,0.10634,0.0912,0.08178,0.07548,0.06698,,,,,,,,,,,284.50571,0.15133,0.09733,0.06608,0.04784,0.03703,0.03065,0.02686,0.02469,0.02191,284.513,1.03076,0.77885,0.57324,0.40326,0.27175,0.17851,0.12001,0.08684,0.05961,284.49207,0.09403,0.05596,0.03918,0.02875,0.02291,0.01979,0.01769,0.01631,0.0144
,,,,,,,,,,283.99579,0.22367,0.14467,0.09889,0.07208,0.05607,0.04713,0.04148,0.03797,0.03393,284.00311,0.3847,0.28995,0.21429,0.15042,0.10187,0.06761,0.04594,0.03374,0.0234,283.98193,0.41888,0.2524,0.17922,0.13186,0.10654,0.09145,0.08231,0.07581,0.06717,,,,,,,,,,,283.99579,0.14804,0.09491,0.06517,0.04716,0.03702,0.03068,0.02694,0.02468,0.02238,284.00311,1.00345,0.75988,0.5599,0.39458,0.2668,0.17582,0.11883,0.08667,0.06035,283.98193,0.09238,0.05504,0.03919,0.02858,0.02298,0.01966,0.01773,0.01629,0.01473
,,,,,,,,,,283.48584,0.2183,0.14101,0.09669,0.0709,0.05587,0.04664,0.04149,0.03801,0.03434,283.49326,0.37324,0.28135,0.20783,0.14658,0.09963,0.06616,0.04543,0.0334,0.02354,283.51111,0.4155,0.2492,0.17766,0.1312,0.10634,0.09201,0.0825,0.07588,0.06852,,,,,,,,,,,283.48584,0.14442,0.09341,0.06385,0.04654,0.0362,0.03043,0.02695,0.02452,0.02262,283.49326,0.98618,0.7433,0.54932,0.3856,0.26115,0.17333,0.11777,0.08649,0.06087,283.51111,0.09003,0.05425,0.03852,0.02834,0.02286,0.01985,0.01782,0.01669,0.01491
,,,,,,,,,,283.01511,0.21428,0.14005,0.09598,0.07046,0.05561,0.04664,0.04149,0.03801,0.03466,282.98334,0.36462,0.27828,0.20362,0.14419,0.09823,0.06542,0.0449,0.03332,0.02368,283.00092,0.4062,0.2446,0.1753,0.1302,0.1059,0.09145,0.0829,0.07658,0.06932,,,,,,,,,,,283.01511,0.14095,0.09105,0.06243,0.04578,0.03585,0.03012,0.02672,0.02454,0.02217,282.98334,0.95681,0.72125,0.53277,0.37577,0.25541,0.16959,0.11645,0.08563,0.06069,283.00092,0.0893,0.05356,0.03818,0.0282,0.02301,0.01988,0.01797,0.01655,0.01502
,,,,,,,,,,282.50513,0.21193,0.1367,0.09439,0.06966,0.05553,0.04664,0.04149,0.03801,0.03495,282.5126,0.35799,0.27136,0.19969,0.14117,0.09618,0.06447,0.04446,0.03332,0.0237,282.49075,0.3984,0.24163,0.17366,0.12904,0.10549,0.09152,0.08326,0.07699,0.06937,,,,,,,,,,,282.50513,0.13836,0.09043,0.06197,0.0455,0.03608,0.03011,0.02679,0.0249,0.02257,282.5126,0.9347,0.71336,0.52199,0.36964,0.25182,0.1677,0.1151,0.08542,0.06075,282.49075,0.0873,0.05257,0.03768,0.02798,0.02276,0.01978,0.01792,0.01646,0.01504
,,,,,,,,,,281.99509,0.20588,0.13576,0.09332,0.06924,0.05543,0.04664,0.04149,0.03857,0.03495,282.00262,0.3466,0.26599,0.19579,0.13841,0.09446,0.06354,0.04433,0.03304,0.0237,281.98056,0.39357,0.24005,0.17291,0.1288,0.10549,0.09152,0.08339,0.07699,0.06991,,,,,,,,,,,281.99509,0.13684,0.08826,0.06095,0.04498,0.0359,0.03017,0.02681,0.02498,0.02274,282.00262,0.91771,0.69563,0.5119,0.3619,0.24657,0.16526,0.11397,0.0854,0.061,281.98056,0.08563,0.05193,0.03732,0.02761,0.02258,0.01957,0.01789,0.01666,0.0149
,,,,,,,,,,281.48505,0.20324,0.13376,0.09301,0.06871,0.05508,0.04673,0.04152,0.03869,0.03522,281.49265,0.33974,0.25711,0.19038,0.13521,0.09263,0.06247,0.04369,0.03304,0.02379,281.50958,0.38713,0.23554,0.17182,0.12846,0.10549,0.09152,0.08339,0.0775,0.06932,,,,,,,,,,,281.48505,0.13293,0.08766,0.06026,0.04471,0.03579,0.03031,0.02701,0.0252,0.0231,281.49265,0.88852,0.68187,0.50192,0.35481,0.24215,0.16287,0.11363,0.0847,0.06159,281.50958,0.08459,0.05159,0.03716,0.02773,0.02267,0.01967,0.01811,0.01681,0.01512
,,,,,,,,,,281.01422,0.19856,0.12979,0.09041,0.06807,0.05458,0.04685,0.04183,0.03903,0.03578,280.9826,0.33032,0.25045,0.18687,0.13228,0.09068,0.06155,0.04325,0.03273,0.02393,280.99936,0.38045,0.23372,0.16917,0.1264,0.10544,0.09152,0.0841,0.0782,0.06932,,,,,,,,,,,281.01422,0.13123,0.08637,0.06005,0.04436,0.03557,0.0303,0.02718,0.02524,0.02334,280.9826,0.87094,0.6591,0.48803,0.34661,0.23746,0.16013,0.112,0.08391,0.06134,280.99936,0.08321,0.05062,0.03693,0.02768,0.02283,0.01998,0.01833,0.01691,0.01532
,,,,,,,,,,280.50412,0.19412,0.12752,0.08924,0.06738,0.0545,0.04685,0.04209,0.03909,0.03614,280.51184,0.32316,0.24577,0.18174,0.12994,0.08931,0.06084,0.04284,0.03259,0.02403,280.48907,0.372,0.231,0.167,0.12583,0.10544,0.09156,0.08424,0.07869,0.07033,,,,,,,,,,,280.50412,0.12821,0.0838,0.05838,0.04395,0.03524,0.03045,0.02737,0.02545,0.0235,280.51184,0.84678,0.64203,0.47904,0.33909,0.23246,0.15779,0.11087,0.0865,0.06198,280.48907,0.08177,0.05023,0.03636,0.02717,0.02272,0.01968,0.01822,0.01707,0.01486
,,,,,,,,,,279.99399,0.1908,0.12543,0.0883,0.06689,0.05431,0.04644,0.04209,0.03942,0.03639,280.00174,0.31553,0.23998,0.17806,0.12715,0.08763,0.05984,0.04255,0.03253,0.02418,280.01797,0.36634,0.22784,0.16573,0.12533,0.10457,0.09175,0.0841,0.07923,0.07126,,,,,,,,,,,279.99399,0.12534,0.08234,0.05762,0.04351,0.03519,0.03025,0.02731,0.02548,0.02352,280.00174,0.82842,0.63004,0.46589,0.3331,0.22894,0.15597,0.10983,0.08354,0.06199,280.01797,0.07995,0.04965,0.03589,0.02704,0.02266,0.01998,0.01808,0.01707,0.01534
,,,,,,,,,,279.48383,0.18616,0.1235,0.08642,0.06594,0.05402,0.04644,0.04227,0.03946,0.03642,279.49161,0.30704,0.23315,0.17303,0.1241,0.08577,0.05888,0.04207,0.0321,0.02418,279.50766,0.35923,0.22424,0.16348,0.12528,0.10457,0.09175,0.0841,0.07941,0.07138,,,,,,,,,,,279.48383,0.1232,0.08099,0.05702,0.04319,0.03507,0.02998,0.02735,0.02553,0.02381,279.49161,0.80885,0.61519,0.45647,0.32595,0.22465,0.1534,0.10907,0.0834,0.06224,279.50766,0.07874,0.04897,0.03562,0.02694,0.02247,0.01985,0.01814,0.01703,0.01542
,,,,,,,,,,279.01285,0.18358,0.12139,0.08578,0.06548,0.0539,0.04644,0.04223,0.03954,0.0365,278.98148,0.30113,0.22854,0.16973,0.12198,0.08413,0.0579,0.04131,0.03186,0.0241,278.99728,0.35328,0.22025,0.16201,0.12524,0.10426,0.0919,0.0841,0.07941,0.07176,,,,,,,,,,,279.01285,0.1202,0.07974,0.0558,0.04257,0.03457,0.02989,0.02711,0.02553,0.02357,278.98148,0.7871,0.59768,0.44356,0.31814,0.21986,0.15094,0.10786,0.08228,0.06205,278.99728,0.07721,0.0482,0.03514,0.02693,0.02241,0.01972,0.01807,0.01721,0.01552
,,,,,,,,,,278.50266,0.17954,0.11992,0.08477,0.06541,0.05354,0.04644,0.04223,0.03955,0.03688,278.51056,0.29145,0.2227,0.16575,0.11908,0.08238,0.05687,0.04071,0.03161,0.02401,278.48691,0.34807,0.21762,0.16124,0.12502,0.10426,0.0919,0.0844,0.08005,0.0722,,,,,,,,,,,278.50266,0.11853,0.07838,0.05539,0.04228,0.03488,0.03094,0.02729,0.02583,0.02386,278.51056,0.77194,0.58587,0.4351,0.31269,0.21567,0.14843,0.1059,0.08166,0.06155,278.48691,0.07593,0.04734,0.03482,0.0268,0.02258,0.01993,0.01839,0.01727,0.01578
,,,,,,,,,,277.9924,0.17577,0.11743,0.08382,0.06473,0.05333,0.04651,0.04223,0.04001,0.03695,278.00037,0.28481,0.21687,0.16241,0.11621,0.08081,0.05567,0.04043,0.03128,0.02389,278.01572,0.3447,0.2163,0.15942,0.1247,0.10426,0.0919,0.08557,0.08036,0.07344,,,,,,,,,,,277.9924,0.11593,0.07743,0.05474,0.04223,0.0348,0.03017,0.02727,0.02584,0.02422,278.00037,0.74712,0.5709,0.4249,0.30525,0.21119,0.14579,0.10436,0.08104,0.06179,278.01572,0.07481,0.04677,0.03466,0.02692,0.02228,0.01975,0.01852,0.01761,0.01601
,,,,,,,,,,277.48215,0.17298,0.11736,0.08305,0.06434,0.05316,0.04664,0.04227,0.04002,0.03751,277.49011,0.27928,0.21351,0.15821,0.11358,0.07908,0.05494,0.03975,0.03087,0.02387,277.50528,0.33884,0.21395,0.15914,0.12397,0.10395,0.09271,0.08619,0.0819,0.07447,,,,,,,,,,,277.48215,0.11349,0.07582,0.05412,0.04179,0.03443,0.03003,0.02761,0.02593,0.02432,277.49011,0.73012,0.55594,0.41635,0.29792,0.20716,0.14272,0.10365,0.08018,0.06123,277.50528,0.07409,0.04649,0.03426,0.02687,0.02249,0.02016,0.01855,0.0176,0.01637
,,,,,,,,,,277.01108,0.16983,0.11371,0.08198,0.06403,0.05311,0.04664,0.04276,0.04016,0.03766,277.01916,0.27205,0.20689,0.15383,0.11144,0.07733,0.05425,0.03908,0.03049,0.02362,276.99484,0.33376,0.2095,0.15743,0.12352,0.10395,0.09312,0.08629,0.08192,0.07614,,,,,,,,,,,277.01108,0.11169,0.07578,0.05362,0.04154,0.03433,0.03017,0.02761,0.02623,0.02446,277.01916,0.71593,0.54734,0.40558,0.29115,0.20272,0.14084,0.10189,0.07914,0.0612,276.99484,0.07283,0.04598,0.0342,0.02665,0.02256,0.02001,0.01885,0.01794,0.01645
,,,,,,,,,,276.50079,0.16647,0.11215,0.0814,0.0637,0.05311,0.04664,0.04276,0.04051,0.03788,276.50888,0.26607,0.20367,0.15077,0.10876,0.07608,0.05307,0.03864,0.03025,0.0235,276.48431,0.32731,0.20791,0.15655,0.12311,0.10455,0.09369,0.08715,0.08266,0.07655,,,,,,,,,,,276.50079,0.10966,0.07342,0.05293,0.04104,0.03429,0.03012,0.02767,0.02616,0.02472,276.50888,0.6974,0.53036,0.39434,0.28569,0.19824,0.13908,0.10019,0.07817,0.06055,276.48431,0.07173,0.04503,0.03384,0.02655,0.02234,0.02014,0.01875,0.01777,0.01647
,,,,,,,,,,275.99039,0.16328,0.11148,0.0808,0.06357,0.05305,0.04673,0.04286,0.04062,0.03828,275.99857,0.25818,0.19696,0.14653,0.10606,0.07422,0.05149,0.03772,0.02978,0.02327,276.01303,0.32094,0.20686,0.15578,0.12246,0.10397,0.09369,0.08725,0.08346,0.07663,,,,,,,,,,,275.99039,0.10749,0.07241,0.05256,0.04134,0.03425,0.03038,0.02768,0.02638,0.02508,275.99857,0.68207,0.52212,0.3865,0.2788,0.19503,0.13604,0.09904,0.07756,0.06025,276.01303,0.07035,0.04469,0.03365,0.02646,0.02247,0.0203,0.01873,0.01806,0.01667
,,,,,,,,,,275.51929,0.16021,0.11001,0.07936,0.06281,0.05304,0.04705,0.04287,0.04086,0.03884,275.48825,0.2544,0.19385,0.14356,0.10371,0.07297,0.051,0.03739,0.02949,0.02321,275.50244,0.31597,0.20169,0.15464,0.12243,0.10397,0.09414,0.08725,0.08404,0.07741,,,,,,,,,,,275.51929,0.10543,0.07103,0.05217,0.04113,0.03442,0.03051,0.02817,0.02681,0.02542,275.48825,0.66185,0.50491,0.37563,0.27188,0.19026,0.132,0.09669,0.07635,0.05966,275.50244,0.06898,0.04446,0.03348,0.02632,0.02251,0.02034,0.01883,0.0181,0.01664
,,,,,,,,,,275.00888,0.15677,0.10743,0.07797,0.06247,0.05261,0.04705,0.04363,0.04152,0.03937,275.01712,0.24485,0.18777,0.13963,0.10131,0.07149,0.04985,0.03687,0.02922,0.02321,274.99188,0.31036,0.19922,0.15404,0.12172,0.10455,0.09438,0.0876,0.08422,0.07754,,,,,,,,,,,275.00888,0.10345,0.07198,0.05124,0.04056,0.03425,0.03055,0.02846,0.02723,0.02571,275.01712,0.65215,0.49694,0.36803,0.26586,0.18706,0.13074,0.09586,0.0756,0.0595,274.99188,0.06791,0.04335,0.03324,0.02631,0.02235,0.02023,0.01899,0.01821,0.01686
,,,,,,,,,,274.49844,0.15193,0.10426,0.07628,0.06142,0.0522,0.04684,0.0437,0.04171,0.03939,274.50674,0.24037,0.18096,0.13521,0.09812,0.0688,0.04854,0.03598,0.02848,0.02281,274.48126,0.30635,0.19869,0.15203,0.1216,0.10471,0.09438,0.08835,0.0847,0.07843,,,,,,,,,,,274.49844,0.10122,0.06936,0.05035,0.04034,0.03397,0.03041,0.0284,0.02693,0.02569,274.50674,0.62767,0.48136,0.35795,0.2597,0.18328,0.12779,0.09451,0.07491,0.05949,274.48126,0.06671,0.04282,0.03311,0.02616,0.02262,0.02029,0.01913,0.01822,0.01704
,,,,,,,,,,273.98798,0.15002,0.10244,0.07589,0.06077,0.0522,0.04684,0.04397,0.04171,0.03979,273.99637,0.23194,0.17731,0.13155,0.09749,0.06756,0.04779,0.03553,0.02827,0.02259,274.00992,0.30245,0.19602,0.15097,0.12118,0.10492,0.09438,0.08902,0.08479,0.07928,,,,,,,,,,,273.98798,0.0981,0.06732,0.04926,0.03966,0.0337,0.03013,0.02822,0.02693,0.02544,273.99637,0.61618,0.46389,0.34661,0.25152,0.17636,0.12444,0.09224,0.073,0.05847,274.00992,0.06584,0.0427,0.03268,0.02614,0.02263,0.02046,0.01928,0.01836,0.0173
,,,,,,,,,,273.51675,0.14601,0.10071,0.07499,0.06053,0.05175,0.04667,0.0437,0.04171,0.03979,273.4859,0.22436,0.17145,0.12807,0.09322,0.06564,0.04667,0.0348,0.02792,0.02247,273.49927,0.29416,0.19244,0.14922,0.12116,0.10492,0.09517,0.08958,0.08542,0.08047,,,,,,,,,,,273.51675,0.09687,0.06614,0.049,0.03924,0.03342,0.03025,0.02839,0.02717,0.02586,273.4859,0.59457,0.45454,0.33723,0.24992,0.17319,0.12252,0.09107,0.07246,0.0579,273.49927,0.06501,0.04213,0.03245,0.02604,0.02255,0.02053,0.01925,0.01858,0.01754
,,,,,,,,,,273.00626,0.14265,0.09809,0.07319,0.05951,0.05135,0.04636,0.04365,0.04171,0.04006,273.01471,0.21727,0.16647,0.12477,0.09096,0.06398,0.04594,0.0343,0.02758,0.02224,272.98856,0.29033,0.18976,0.14809,0.11878,0.10428,0.09553,0.0897,0.08633,0.08129,,,,,,,,,,,273.00626,0.09428,0.06503,0.04842,0.03908,0.03374,0.0304,0.02867,0.02731,0.026,273.01471,0.57516,0.4395,0.32832,0.23897,0.16827,0.11964,0.08921,0.07156,0.0576,272.98856,0.06322,0.04136,0.03207,0.02604,0.02277,0.02057,0.0195,0.01867,0.01747
,,,,,,,,,,272.49567,0.13837,0.09565,0.07215,0.05936,0.05135,0.04636,0.04365,0.04191,0.0401,272.50421,0.21066,0.16091,0.12033,0.08781,0.06235,0.04446,0.03338,0.02696,0.02201,272.51709,0.28326,0.18799,0.14668,0.11868,0.10428,0.0957,0.09018,0.08644,0.08142,,,,,,,,,,,272.49567,0.09211,0.06334,0.04726,0.03842,0.03315,0.02993,0.02819,0.02693,0.02597,272.50421,0.55698,0.42675,0.31985,0.23319,0.16402,0.11778,0.08793,0.0707,0.05701,272.51709,0.0624,0.04079,0.03183,0.02553,0.02241,0.02063,0.01938,0.01855,0.01762
,,,,,,,,,,271.98511,0.13669,0.0956,0.07215,0.05936,0.05135,0.04636,0.04365,0.04191,0.04023,271.99371,0.20588,0.15667,0.11756,0.08551,0.06052,0.04339,0.03252,0.02652,0.02142,272.00638,0.27987,0.18643,0.14565,0.1185,0.10399,0.0957,0.09038,0.08652,0.08142,,,,,,,,,,,271.98511,0.08935,0.06176,0.04601,0.03806,0.03267,0.02965,0.02792,0.02706,0.02589,271.99371,0.54003,0.4125,0.30846,0.2251,0.15983,0.11398,0.08557,0.06911,0.05643,272.00638,0.06088,0.0404,0.03153,0.02551,0.02235,0.02072,0.01944,0.0186,0.0175
,,,,,,,,,,271.51376,0.13515,0.09489,0.07126,0.05895,0.05135,0.04636,0.04365,0.04191,0.04023,271.48315,0.20216,0.15334,0.11534,0.08383,0.05953,0.04264,0.03223,0.02624,0.02141,271.49557,0.27414,0.18193,0.1435,0.11786,0.10399,0.09598,0.09038,0.08652,0.08188,,,,,,,,,,,271.51376,0.08826,0.06173,0.04658,0.03833,0.03332,0.03035,0.02884,0.02764,0.0267,271.48315,0.52779,0.40163,0.30136,0.21919,0.15514,0.11124,0.08336,0.068,0.05492,271.49557,0.06015,0.04007,0.03131,0.02547,0.02243,0.02092,0.01987,0.01906,0.01791
,,,,,,,,,,271.00314,0.13065,0.0922,0.07096,0.05827,0.05134,0.04658,0.04422,0.0428,0.04135,271.01184,0.19294,0.14799,0.11133,0.08109,0.05819,0.04161,0.03157,0.0259,0.0214,270.98477,0.27217,0.18087,0.14296,0.11603,0.10399,0.09516,0.09038,0.08675,0.08188,,,,,,,,,,,271.00314,0.08726,0.06127,0.04669,0.03872,0.03363,0.03044,0.02922,0.02789,0.02672,271.01184,0.51824,0.39309,0.29567,0.2149,0.15261,0.1093,0.08261,0.06726,0.05486,270.98477,0.05892,0.0391,0.03073,0.02481,0.02211,0.02045,0.01942,0.01865,0.0176
,,,,,,,,,,270.49249,0.12759,0.09061,0.06949,0.05757,0.05134,0.04667,0.04436,0.0429,0.04138,270.50125,0.18758,0.14384,0.10833,0.07947,0.05654,0.04078,0.03132,0.02555,0.02111,270.51324,0.26663,0.17847,0.14109,0.11603,0.10289,0.09516,0.09025,0.08675,0.08211,,,,,,,,,,,270.49249,0.08436,0.05953,0.04582,0.03763,0.03402,0.03007,0.02922,0.02776,0.02695,270.50125,0.4946,0.37938,0.2854,0.20787,0.14918,0.10668,0.08094,0.06638,0.05487,270.51324,0.0585,0.03887,0.03084,0.02533,0.0225,0.02063,0.01976,0.0187,0.01792
,,,,,,,,,,269.98184,0.12515,0.08947,0.06847,0.05742,0.05095,0.04667,0.04436,0.04293,0.04139,269.9906,0.18351,0.14018,0.10539,0.07663,0.05508,0.03999,0.03038,0.02507,0.02087,270.00238,0.25933,0.17455,0.13976,0.11545,0.10289,0.09452,0.09025,0.08655,0.08188,,,,,,,,,,,269.98184,0.08239,0.05851,0.04487,0.03717,0.03315,0.03013,0.02855,0.02772,0.02673,269.9906,0.48088,0.36875,0.2777,0.20373,0.14494,0.10453,0.0803,0.0655,0.0541,270.00238,0.05731,0.03836,0.03032,0.02494,0.0224,0.02045,0.0194,0.01871,0.01781
,,,,,,,,,,269.51041,0.12243,0.08827,0.06767,0.05703,0.0508,0.04667,0.04436,0.04293,0.04173,269.51926,0.17699,0.13487,0.10206,0.07451,0.05349,0.03898,0.02984,0.02469,0.02071,269.49152,0.25613,0.1726,0.13902,0.11482,0.1027,0.0944,0.08947,0.08648,0.08162,,,,,,,,,,,269.51041,0.08081,0.05777,0.04421,0.03707,0.0329,0.0302,0.02864,0.0277,0.02721,269.51926,0.47044,0.35935,0.27017,0.19644,0.14119,0.10251,0.07788,0.06426,0.05351,269.49152,0.05574,0.03752,0.03004,0.02499,0.02207,0.02032,0.01923,0.01859,0.01765
,,,,,,,,,,268.99966,0.11989,0.08665,0.06718,0.05691,0.05044,0.04667,0.04436,0.04293,0.04208,269.00858,0.17224,0.13147,0.09928,0.0726,0.0524,0.03812,0.02949,0.02469,0.02045,268.98059,0.24706,0.16854,0.13374,0.11053,0.09876,0.09169,0.0877,0.08327,0.07965,,,,,,,,,,,268.99966,0.07905,0.05699,0.0437,0.03682,0.0328,0.03063,0.0288,0.02789,0.02738,269.00858,0.45371,0.34574,0.26164,0.19102,0.13713,0.09992,0.07649,0.0633,0.0531,268.98059,0.05505,0.0371,0.02988,0.02468,0.02222,0.02029,0.01953,0.0186,0.01754
,,,,,,,,,,268.48889,0.11706,0.08492,0.06632,0.05611,0.05016,0.0466,0.04436,0.04293,0.04208,268.49786,0.16579,0.12756,0.09576,0.07021,0.05075,0.03722,0.0292,0.02441,0.0202,268.50894,0.24072,0.16242,0.12972,0.10774,0.09662,0.08969,0.08517,0.0814,0.0782,,,,,,,,,,,268.48889,0.07741,0.05595,0.04338,0.03674,0.03257,0.03042,0.02887,0.02837,0.0275,268.49786,0.44154,0.33702,0.2545,0.1861,0.13432,0.09771,0.07484,0.06257,0.05241,268.50894,0.0531,0.03622,0.02874,0.02376,0.02123,0.01971,0.01885,0.0179,0.01712
,,,,,,,,,,268.0174,0.11436,0.08287,0.06496,0.0561,0.04983,0.04653,0.04445,0.0432,0.04208,267.98712,0.16188,0.12379,0.09355,0.06887,0.0495,0.03631,0.02844,0.02355,0.01988,267.99796,0.23756,0.16183,0.12972,0.10774,0.09662,0.08969,0.08517,0.0814,0.0782,,,,,,,,,,,268.0174,0.07559,0.05483,0.04282,0.03623,0.03239,0.03009,0.0287,0.02772,0.02717,267.98712,0.425,0.32699,0.24549,0.17997,0.13011,0.09542,0.07559,0.06971,0.05178,267.99796,0.05174,0.03491,0.02788,0.02301,0.02023,0.01881,0.01782,0.01715,0.01641
,,,,,,,,,,267.50656,0.11228,0.08186,0.06472,0.05546,0.04978,0.04649,0.04445,0.04329,0.04208,267.51563,0.15694,0.12063,0.0911,0.06669,0.04828,0.03563,0.02758,0.02313,0.01982,267.48697,0.23666,0.16166,0.12947,0.10774,0.09662,0.08969,0.08517,0.0814,0.0782,,,,,,,,,,,267.50656,0.07384,0.05351,0.04179,0.03623,0.03188,0.03004,0.02843,0.02795,0.02697,267.51563,0.41498,0.31733,0.23981,0.17656,0.1269,0.09308,0.07291,0.06036,0.05096,267.48697,0.05106,0.03474,0.02783,0.02316,0.02077,0.01928,0.01831,0.0175,0.01681
,,,,,,,,,,266.99573,0.11021,0.08145,0.06436,0.05546,0.04978,0.04649,0.04445,0.04329,0.04208,267.00485,0.15303,0.1167,0.08833,0.06455,0.04711,0.03477,0.02704,0.02267,0.01956,267.01526,0.23211,0.15989,0.12875,0.10774,0.09662,0.08969,0.08517,0.0814,0.0782,,,,,,,,,,,266.99573,0.0725,0.05285,0.04194,0.03581,0.03218,0.02998,0.02878,0.02807,0.02742,267.00485,0.40231,0.30923,0.23353,0.17095,0.12377,0.09134,0.07071,0.0593,0.05081,267.01526,0.05086,0.03478,0.02819,0.02374,0.02132,0.01995,0.01912,0.01823,0.01754
,,,,,,,,,,266.48486,0.10944,0.08048,0.06404,0.05539,0.04978,0.04649,0.04457,0.04347,0.04247,266.49405,0.14961,0.11373,0.0861,0.06333,0.04621,0.03431,0.02688,0.02262,0.01955,266.50424,0.22765,0.15766,0.12844,0.1082,0.09786,0.0913,0.08707,0.08326,0.07996,,,,,,,,,,,266.48486,0.07116,0.05259,0.04156,0.03576,0.03214,0.03002,0.02895,0.02883,0.02766,266.49405,0.3923,0.29916,0.22643,0.16548,0.12076,0.08912,0.06932,0.05812,0.05014,266.50424,0.04989,0.03437,0.02767,0.02345,0.02147,0.0201,0.01914,0.01789,0.01727
,,,,,,,,,,266.01328,0.106,0.07837,0.0634,0.05471,0.04978,0.04649,0.04483,0.04366,0.04284,265.98318,0.14359,0.10943,0.08282,0.06098,0.04461,0.03321,0.02615,0.02224,0.01931,265.99316,0.22231,0.15602,0.12744,0.1082,0.09786,0.0913,0.08707,0.08412,0.08035,,,,,,,,,,,266.01328,0.07066,0.05197,0.04135,0.03607,0.03335,0.03052,0.02916,0.02846,0.02796,265.98318,0.38352,0.29154,0.22071,0.16236,0.11845,0.08796,0.06892,0.05799,0.0501,265.99316,0.04893,0.03389,0.02761,0.02326,0.02115,0.02002,0.01907,0.01818,0.01741
,,,,,,,,,,265.50235,0.10342,0.07741,0.06202,0.05424,0.0496,0.04657,0.04516,0.04369,0.04306,265.51163,0.1393,0.10627,0.08051,0.05956,0.04375,0.0327,0.02595,0.02219,0.01926,265.48206,0.21906,0.15227,0.12509,0.10765,0.09631,0.09066,0.08661,0.08412,0.07996,,,,,,,,,,,265.50235,0.06845,0.0506,0.04094,0.03532,0.03239,0.03021,0.02919,0.0287,0.02796,265.51163,0.3681,0.28053,0.21232,0.15632,0.11436,0.08512,0.06704,0.05687,0.04949,265.48206,0.04778,0.03353,0.02739,0.02326,0.02103,0.01962,0.01871,0.01824,0.01719
,,,,,,,,,,264.99139,0.10161,0.07622,0.0619,0.05418,0.04935,0.04669,0.04521,0.04369,0.04306,265.00073,0.13401,0.10316,0.07799,0.05794,0.04287,0.03192,0.02529,0.02176,0.01895,265.01022,0.21425,0.15185,0.1231,0.10658,0.09631,0.09062,0.08661,0.0845,0.07996,,,,,,,,,,,264.99139,0.06678,0.04998,0.04005,0.03502,0.03186,0.03044,0.02927,0.02819,0.0278,265.00073,0.35711,0.27243,0.20638,0.15267,0.11217,0.08382,0.06653,0.05701,0.04938,265.01022,0.04708,0.03273,0.02689,0.02291,0.02067,0.01948,0.01848,0.01808,0.01737
,,,,,,,,,,264.48044,0.09928,0.07473,0.06102,0.05412,0.04935,0.04669,0.0453,0.04369,0.04306,264.48981,0.12995,0.1001,0.07543,0.05629,0.04172,0.03123,0.02502,0.02146,0.01893,264.49908,0.2095,0.15009,0.12283,0.10567,0.09617,0.0903,0.08599,0.08412,0.07996,,,,,,,,,,,264.48044,0.06561,0.04922,0.03997,0.03498,0.03202,0.03007,0.02925,0.02821,0.02803,264.48981,0.34354,0.26446,0.19992,0.14853,0.1099,0.08183,0.06482,0.05578,0.04859,264.49908,0.04605,0.03264,0.0264,0.02314,0.0207,0.01948,0.01862,0.01816,0.01715
,,,,,,,,,,264.0087,0.09816,0.07346,0.06081,0.05385,0.04935,0.04669,0.04531,0.04369,0.04306,264.01813,0.12591,0.09702,0.07364,0.05499,0.04073,0.03065,0.02463,0.02117,0.01867,263.98788,0.20455,0.14585,0.12032,0.10547,0.09564,0.09026,0.08575,0.08369,0.07979,,,,,,,,,,,264.0087,0.0641,0.04825,0.0394,0.03477,0.03184,0.03014,0.02927,0.02848,0.02771,264.01813,0.33312,0.25661,0.19337,0.14431,0.10694,0.08005,0.06414,0.05501,0.04853,263.98788,0.04503,0.03226,0.02646,0.02271,0.02086,0.0194,0.01865,0.01827,0.0172
,,,,,,,,,,263.49768,0.09624,0.07298,0.06045,0.05363,0.04931,0.04669,0.04531,0.04411,0.04342,263.5072,0.12156,0.09433,0.0713,0.05336,0.03972,0.03008,0.02409,0.02106,0.01867,263.51605,0.20214,0.14465,0.12013,0.10457,0.09558,0.08881,0.08547,0.08356,0.07979,,,,,,,,,,,263.49768,0.06338,0.04743,0.03927,0.03494,0.03196,0.03036,0.02925,0.02858,0.02827,263.5072,0.32277,0.24872,0.18878,0.14097,0.10442,0.07857,0.06314,0.05427,0.04787,263.51605,0.04396,0.03135,0.02582,0.02267,0.02054,0.01941,0.01837,0.01799,0.01734
,,,,,,,,,,262.98663,0.09358,0.07174,0.05989,0.05341,0.04931,0.0467,0.04531,0.04426,0.04378,262.99619,0.11764,0.09133,0.06973,0.05219,0.03891,0.0296,0.02406,0.0209,0.01861,263.00479,0.19585,0.14113,0.11896,0.10301,0.09523,0.08872,0.08454,0.08356,0.07969,,,,,,,,,,,262.98663,0.06214,0.04712,0.03904,0.03463,0.03194,0.03047,0.02927,0.02897,0.02831,262.99619,0.31162,0.24181,0.18278,0.1368,0.10182,0.0771,0.06176,0.05399,0.0477,263.00479,0.04344,0.03109,0.02586,0.02247,0.02055,0.01909,0.01843,0.01793,0.01713
,,,,,,,,,,262.51486,0.09208,0.07029,0.05899,0.05278,0.04918,0.04671,0.04531,0.04445,0.04381,262.48514,0.11363,0.08816,0.06747,0.05106,0.03806,0.02907,0.02375,0.0207,0.01861,262.49356,0.19252,0.13919,0.1165,0.1025,0.09371,0.08851,0.08454,0.08344,0.07949,,,,,,,,,,,262.51486,0.06042,0.04632,0.03867,0.03449,0.03176,0.03016,0.02939,0.0287,0.0285,262.48514,0.30157,0.23412,0.17876,0.13379,0.09973,0.07588,0.06167,0.05358,0.048,262.49356,0.04209,0.03033,0.02557,0.02214,0.02047,0.01907,0.01805,0.01796,0.0172
,,,,,,,,,,262.00378,0.08988,0.06938,0.05866,0.05278,0.04918,0.04671,0.04533,0.04447,0.04385,262.01343,0.10921,0.08529,0.06535,0.04911,0.03739,0.02845,0.02339,0.02057,0.01854,261.98227,0.18833,0.13697,0.11554,0.10138,0.09339,0.08826,0.08454,0.08258,0.07949,,,,,,,,,,,262.00378,0.05946,0.04538,0.03809,0.03408,0.03192,0.03016,0.02908,0.02871,0.02828,262.01343,0.2913,0.22601,0.17296,0.13088,0.09758,0.07453,0.06087,0.05307,0.04752,261.98227,0.04138,0.02992,0.02504,0.02203,0.02014,0.01902,0.01817,0.01804,0.01709
,,,,,,,,,,261.49265,0.08873,0.06927,0.05866,0.05278,0.04918,0.04671,0.04551,0.04447,0.04414,261.50235,0.10637,0.08306,0.06343,0.04798,0.03617,0.02794,0.023,0.02033,0.01846,261.51025,0.18447,0.1358,0.11476,0.10102,0.09296,0.08792,0.08413,0.08222,0.07943,,,,,,,,,,,261.49265,0.05804,0.0448,0.03781,0.03385,0.03155,0.03031,0.02972,0.02897,0.02856,261.50235,0.27996,0.21865,0.16753,0.1259,0.09586,0.07292,0.05997,0.05273,0.04777,261.51025,0.04048,0.02944,0.02483,0.02179,0.02007,0.01897,0.01835,0.01767,0.01707
,,,,,,,,,,260.98148,0.08851,0.06927,0.05866,0.05278,0.04919,0.04695,0.04591,0.04487,0.04424,260.99124,0.10391,0.08027,0.06171,0.04703,0.03553,0.02741,0.02268,0.02013,0.01834,260.99893,0.18207,0.13355,0.11297,0.09998,0.09249,0.08717,0.08413,0.08181,0.07868,,,,,,,,,,,260.98148,0.05729,0.04445,0.03788,0.03409,0.03176,0.03063,0.02964,0.02918,0.02881,260.99124,0.27269,0.21293,0.16261,0.12299,0.09273,0.07161,0.05895,0.05211,0.04733,260.99893,0.03965,0.02919,0.02467,0.02171,0.01998,0.0189,0.01835,0.01775,0.01725
,,,,,,,,,,260.50961,0.08826,0.06927,0.05866,0.05279,0.04919,0.04743,0.04602,0.04519,0.04463,260.51938,0.10138,0.07865,0.06026,0.04568,0.03479,0.02697,0.02238,0.01989,0.01816,260.48755,0.17966,0.13103,0.11223,0.09944,0.09189,0.08706,0.08382,0.08115,0.07839,,,,,,,,,,,260.50961,0.05715,0.04473,0.03825,0.03468,0.0325,0.03132,0.03063,0.03033,0.0297,260.51938,0.26637,0.20576,0.1582,0.12056,0.09109,0.07027,0.05813,0.0516,0.04702,260.48755,0.03913,0.0287,0.02428,0.02149,0.01988,0.01871,0.01808,0.01727,0.01691
,,,,,,,,,,259.99838,0.08809,0.06903,0.05924,0.05371,0.05033,0.0485,0.04743,0.04697,0.046,260.00824,0.09847,0.07652,0.05879,0.04485,0.03416,0.02666,0.02224,0.01988,0.01816,260.01553,0.17507,0.12918,0.11134,0.09858,0.09187,0.08642,0.08368,0.08092,0.07808,,,,,,,,,,,259.99838,0.05699,0.04497,0.03865,0.03524,0.03297,0.03224,0.03109,0.03089,0.03025,260.00824,0.25989,0.20163,0.15449,0.11711,0.08918,0.06913,0.05736,0.05095,0.04655,260.01553,0.03861,0.02816,0.02412,0.02137,0.01975,0.01873,0.01802,0.01758,0.01676
,,,,,,,,,,259.48715,0.08656,0.06903,0.05939,0.05439,0.05106,0.04936,0.04815,0.04784,0.04685,259.49707,0.09425,0.07368,0.05748,0.04341,0.03358,0.02625,0.02204,0.01988,0.01816,259.50412,0.1725,0.12783,0.11029,0.09823,0.09068,0.08625,0.08331,0.08044,0.07808,,,,,,,,,,,259.48715,0.05688,0.04489,0.03877,0.03541,0.03318,0.03187,0.03118,0.03097,0.03054,259.49707,0.25242,0.19616,0.15072,0.11497,0.08757,0.06834,0.05701,0.05099,0.04648,259.50412,0.03763,0.02777,0.02393,0.02111,0.01975,0.01854,0.01791,0.01744,0.01685
,,,,,,,,,,259.01523,0.08583,0.06827,0.05939,0.05439,0.05139,0.04962,0.04829,0.04796,0.0473,258.98587,0.09235,0.07178,0.05549,0.04265,0.03287,0.026,0.02201,0.01985,0.01816,258.99268,0.16785,0.12517,0.10835,0.09694,0.09044,0.08596,0.08291,0.08064,0.07808,,,,,,,,,,,259.01523,0.05589,0.04457,0.03878,0.03545,0.03336,0.03242,0.0317,0.03134,0.03089,258.98587,0.24161,0.18887,0.14735,0.11129,0.08607,0.06729,0.05642,0.05089,0.04704,258.99268,0.03708,0.02748,0.0237,0.02119,0.01949,0.01857,0.01798,0.01739,0.01678
,,,,,,,,,,258.50394,0.08314,0.06718,0.05882,0.05423,0.05161,0.04962,0.04875,0.04817,0.04751,258.51395,0.08856,0.06927,0.05365,0.04161,0.03201,0.02557,0.02179,0.01978,0.01835,258.4812,0.16573,0.12465,0.10829,0.09671,0.09015,0.08498,0.08222,0.08044,0.07808,,,,,,,,,,,258.50394,0.05542,0.04408,0.03835,0.03512,0.03335,0.03204,0.03156,0.0311,0.03068,258.51395,0.23674,0.18401,0.14225,0.10934,0.08425,0.06665,0.0565,0.05101,0.04733,258.4812,0.03608,0.0269,0.02327,0.02079,0.01944,0.01827,0.01767,0.01729,0.0168
,,,,,,,,,,257.99265,0.08182,0.06689,0.05882,0.05423,0.05161,0.04966,0.04888,0.04826,0.04784,258.00272,0.08563,0.06684,0.05248,0.04064,0.03149,0.02534,0.02174,0.01978,0.01843,258.00903,0.16205,0.12184,0.10583,0.09605,0.08858,0.08491,0.0816,0.08044,0.0778,,,,,,,,,,,257.99265,0.05368,0.04338,0.03795,0.03502,0.03333,0.03206,0.03148,0.03116,0.03094,258.00272,0.22702,0.17757,0.13753,0.10668,0.08205,0.06555,0.05585,0.05069,0.04724,258.00903,0.03562,0.02679,0.02329,0.02084,0.01938,0.01848,0.01782,0.01733,0.01689
,,,,,,,,,,257.48132,0.08164,0.06663,0.05878,0.05422,0.05161,0.04966,0.04888,0.04826,0.04792,257.49142,0.08281,0.06525,0.051,0.03947,0.03104,0.02513,0.02172,0.01978,0.01846,257.49753,0.15886,0.12038,0.10523,0.09493,0.08854,0.0844,0.08107,0.07963,0.0775,,,,,,,,,,,257.48132,0.05283,0.04319,0.03798,0.035,0.03333,0.03238,0.032,0.03188,0.03113,257.49142,0.21952,0.17134,0.13454,0.10417,0.08074,0.06496,0.05573,0.05072,0.048,257.49753,0.03483,0.02619,0.02275,0.02064,0.01903,0.01814,0.01754,0.01711,0.01666
,,,,,,,,,,257.00928,0.08049,0.06618,0.05878,0.05422,0.05161,0.05015,0.04955,0.049,0.04822,257.01944,0.07963,0.06299,0.04951,0.03866,0.03062,0.02497,0.02169,0.01978,0.01869,256.98599,0.15562,0.11827,0.10337,0.09321,0.08734,0.08346,0.08096,0.07906,0.07648,,,,,,,,,,,257.00928,0.05272,0.04302,0.03811,0.03534,0.03346,0.03274,0.03205,0.03164,0.03134,257.01944,0.21227,0.16727,0.13074,0.10118,0.07956,0.06443,0.0556,0.05096,0.04792,256.98599,0.03414,0.02587,0.02262,0.0204,0.01904,0.01825,0.01742,0.01734,0.01672
,,,,,,,,,,256.49786,0.07898,0.06596,0.05882,0.05422,0.05182,0.0507,0.04963,0.04924,0.04854,256.50809,0.07744,0.06102,0.0481,0.03798,0.0301,0.0248,0.02166,0.01988,0.01873,256.51379,0.15367,0.11713,0.10296,0.09304,0.08729,0.08304,0.0803,0.07821,0.07548,,,,,,,,,,,256.49786,0.05197,0.04273,0.03795,0.03501,0.03381,0.03283,0.03223,0.03185,0.03181,256.50809,0.20414,0.16147,0.12691,0.0991,0.0785,0.06402,0.05567,0.05156,0.04868,256.51379,0.03345,0.02542,0.02222,0.02003,0.01876,0.01778,0.0174,0.01699,0.01644
,,,,,,,,,,255.98645,0.07872,0.06576,0.05883,0.05473,0.05233,0.05084,0.04991,0.04924,0.04907,255.99672,0.07407,0.05868,0.04634,0.03686,0.02968,0.02469,0.02166,0.01999,0.01899,256.0022,0.15146,0.11713,0.10296,0.09304,0.08729,0.08304,0.0803,0.07821,0.07548,,,,,,,,,,,255.98645,0.05099,0.04259,0.03804,0.03534,0.03379,0.03294,0.03249,0.0318,0.03168,255.99672,0.19852,0.15643,0.1233,0.09737,0.07716,0.06359,0.05538,0.05126,0.04891,256.0022,0.03303,0.02518,0.02213,0.0199,0.01877,0.01794,0.01726,0.0167,0.01622
,,,,,,,,,,255.51437,0.07768,0.06542,0.05877,0.05473,0.05236,0.05092,0.05032,0.04932,0.04926,255.48534,0.07211,0.05724,0.04554,0.03642,0.02942,0.02463,0.02166,0.02011,0.01908,255.49057,0.15066,0.1169,0.10296,0.09304,0.08729,0.08304,0.0803,0.07821,0.07548,,,,,,,,,,,255.51437,0.05083,0.04246,0.03809,0.03543,0.03396,0.03293,0.03249,0.03199,0.03181,255.48534,0.18987,0.15043,0.11879,0.09448,0.0761,0.06313,0.05554,0.05176,0.04988,255.49057,0.03255,0.02481,0.02189,0.02,0.01872,0.01785,0.01708,0.01681,0.01614
,,,,,,,,,,255.00288,0.07648,0.06486,0.05883,0.05481,0.05247,0.051,0.05032,0.04955,0.04926,255.01328,0.06981,0.05592,0.04457,0.0357,0.029,0.02463,0.02166,0.02019,0.01946,255.01828,0.15004,0.11542,0.10186,0.09304,0.08734,0.08346,0.0803,0.07821,0.07548,,,,,,,,,,,255.00288,0.05016,0.04224,0.03798,0.03556,0.03406,0.03354,0.03279,0.03394,0.03205,255.01328,0.18486,0.14674,0.11675,0.09336,0.07541,0.06329,0.05601,0.05217,0.05036,255.01828,0.03238,0.02521,0.02216,0.02043,0.01911,0.01833,0.01762,0.01735,0.01657
,,,,,,,,,,254.49141,0.07602,0.06476,0.05862,0.05486,0.05259,0.051,0.05041,0.04993,0.04963,254.50183,0.06712,0.05385,0.04319,0.03489,0.02883,0.02463,0.02185,0.02035,0.01964,254.50659,0.14645,0.11468,0.10186,0.09377,0.08823,0.08461,0.08166,0.08027,0.0771,,,,,,,,,,,254.49141,0.04938,0.04182,0.0378,0.03542,0.03388,0.03288,0.03255,0.03224,0.03218,254.50183,0.17896,0.14334,0.11426,0.09151,0.07435,0.06281,0.0563,0.05245,0.05094,254.50659,0.03225,0.02513,0.02236,0.02044,0.01929,0.01845,0.01808,0.01743,0.0171
,,,,,,,,,,254.01923,0.07528,0.06428,0.05854,0.05486,0.05275,0.05163,0.05078,0.0503,0.04984,253.9904,0.06509,0.05257,0.04251,0.03462,0.02865,0.02465,0.02196,0.02046,0.01987,253.9949,0.14387,0.1135,0.10174,0.09377,0.08823,0.08461,0.08166,0.08027,0.0771,,,,,,,,,,,254.01923,0.04908,0.04188,0.03812,0.03539,0.0343,0.03345,0.03298,0.03276,0.03221,253.9904,0.17206,0.13805,0.11073,0.08945,0.0739,0.06318,0.05677,0.05381,0.05155,253.9949,0.03148,0.02465,0.02187,0.02015,0.01896,0.01819,0.01755,0.0174,0.01688
,,,,,,,,,,253.50768,0.07528,0.06428,0.05854,0.05486,0.05312,0.05163,0.051,0.0503,0.04989,253.5182,0.0628,0.05088,0.04136,0.03409,0.02842,0.02465,0.02214,0.02099,0.02011,253.48318,0.13999,0.10986,0.09908,0.09136,0.08695,0.08359,0.08045,0.0785,0.07581,,,,,,,,,,,253.50768,0.04861,0.04151,0.03785,0.03573,0.0343,0.03377,0.03309,0.03248,0.03222,253.5182,0.16685,0.13476,0.10897,0.08875,0.07343,0.06338,0.05735,0.05433,0.05304,253.48318,0.03092,0.02439,0.02199,0.02019,0.01901,0.0182,0.01786,0.01725,0.01692
,,,,,,,,,,252.99611,0.07528,0.06428,0.05862,0.05504,0.05313,0.0518,0.05108,0.05073,0.04991,253.00673,0.06089,0.0497,0.04043,0.03354,0.02827,0.02472,0.02237,0.02119,0.02069,253.0108,0.13938,0.10925,0.09908,0.09125,0.08549,0.08316,0.07972,0.07836,0.0758,,,,,,,,,,,252.99611,0.04812,0.04102,0.03766,0.03554,0.03457,0.03334,0.03293,0.03275,0.03231,253.00673,0.16099,0.13043,0.10603,0.08739,0.07286,0.06341,0.05789,0.05511,0.05416,253.0108,0.03009,0.02361,0.0213,0.01964,0.01838,0.01787,0.01713,0.01687,0.01629
,,,,,,,,,,252.4845,0.07516,0.06428,0.05862,0.05534,0.05354,0.05231,0.05124,0.05073,0.05004,252.49516,0.05948,0.04826,0.03968,0.03328,0.02827,0.02472,0.02258,0.0215,0.02113,252.49907,0.13619,0.10825,0.09813,0.08894,0.08522,0.08166,0.07894,0.07726,0.07467,,,,,,,,,,,252.4845,0.04875,0.04197,0.0386,0.03677,0.03533,0.03434,0.03391,0.03371,0.0332,252.49516,0.1561,0.1274,0.10363,0.08599,0.07242,0.06337,0.05825,0.05572,0.05476,252.49907,0.02996,0.02348,0.02129,0.01961,0.01869,0.01797,0.01729,0.01684,0.01629
,,,,,,,,,,252.01227,0.07459,0.06494,0.05978,0.05694,0.05472,0.05318,0.05251,0.05221,0.05142,251.98361,0.05735,0.04726,0.03918,0.03298,0.02827,0.02474,0.02272,0.02174,0.02136,251.98727,0.13328,0.10644,0.09732,0.0887,0.08442,0.08166,0.07892,0.07659,0.07467,,,,,,,,,,,252.01227,0.0488,0.04193,0.03917,0.037,0.03584,0.03497,0.03458,0.03428,0.0335,251.98361,0.15248,0.12371,0.10173,0.0853,0.07247,0.06396,0.05902,0.05683,0.05595,251.98727,0.02927,0.02327,0.02109,0.01912,0.01832,0.01755,0.01696,0.01661,0.01605
,,,,,,,,,,251.50061,0.07459,0.065,0.06067,0.0573,0.0555,0.05415,0.05355,0.05309,0.05188,251.51137,0.05735,0.04626,0.03855,0.03294,0.02827,0.02495,0.02302,0.02217,0.02183,251.5148,0.13025,0.10538,0.0968,0.0887,0.08442,0.08166,0.07892,0.07659,0.07467,,,,,,,,,,,251.50061,0.04853,0.0423,0.03936,0.03744,0.03606,0.03529,0.03469,0.03437,0.03406,251.51137,0.14703,0.12115,0.10045,0.08454,0.07256,0.06484,0.06025,0.05812,0.05749,251.5148,0.02865,0.02288,0.02092,0.01901,0.01792,0.01753,0.01697,0.01646,0.016
,,,,,,,,,,250.98895,0.07389,0.06529,0.06067,0.05798,0.05585,0.05466,0.05372,0.05323,0.05275,250.99977,0.0558,0.04492,0.0382,0.03294,0.0283,0.02529,0.0235,0.02267,0.02243,251.00296,0.12836,0.10538,0.0968,0.0887,0.08442,0.08166,0.07892,0.07659,0.07467,,,,,,,,,,,250.98895,0.04816,0.04215,0.03918,0.03768,0.0364,0.0356,0.03534,0.03468,0.0343,250.99977,0.14305,0.1186,0.09882,0.08408,0.07312,0.06618,0.06182,0.05966,0.05923,251.00296,0.02799,0.02262,0.02051,0.01906,0.01814,0.01756,0.01678,0.01643,0.01605
,,,,,,,,,,250.51659,0.07381,0.06544,0.06083,0.05836,0.05638,0.05514,0.05473,0.05371,0.05312,250.48811,0.05239,0.04422,0.03775,0.03294,0.02852,0.02582,0.02412,0.02327,0.02311,250.49107,0.12834,0.10538,0.0968,0.0887,0.08442,0.08171,0.07894,0.07659,0.07469,,,,,,,,,,,250.51659,0.04771,0.04226,0.03928,0.03783,0.03669,0.03593,0.03579,0.03494,0.03478,250.48811,0.14905,0.11515,0.09793,0.08445,0.07465,0.0681,0.06466,0.06322,0.06316,250.49107,0.02759,0.02265,0.02081,0.01919,0.01833,0.01782,0.01697,0.0167,0.01628
,,,,,,,,,,250.00487,0.07381,0.06544,0.06083,0.05859,0.05682,0.05565,0.05543,0.05411,0.05386,250.01581,0.05107,0.04359,0.03758,0.03294,0.02912,0.02657,0.02522,0.02466,0.02464,250.01857,0.12732,0.10538,0.0968,0.08928,0.08529,0.08291,0.07894,0.07768,0.07576,,,,,,,,,,,250.00487,0.04766,0.04237,0.03966,0.03815,0.03742,0.0366,0.03606,0.03584,0.03534,250.01581,0.1343,0.11336,0.09678,0.0847,0.0756,0.0702,0.06685,0.06526,0.06602,250.01857,0.02758,0.02289,0.02109,0.01956,0.01865,0.01784,0.01747,0.01691,0.01635
,,,,,,,,,,249.49313,0.07381,0.06562,0.06143,0.05909,0.05795,0.05668,0.05584,0.05551,0.05473,249.5041,0.04957,0.0427,0.03749,0.03304,0.02949,0.02738,0.02608,0.02546,0.02576,249.50664,0.1267,0.10625,0.09813,0.09099,0.08678,0.08302,0.08126,0.07867,0.07606,,,,,,,,,,,249.49313,0.04758,0.04248,0.04031,0.03855,0.0376,0.03686,0.03659,0.03619,0.03582,249.5041,0.13091,0.11173,0.09634,0.08518,0.077,0.07206,0.06878,0.06741,0.06788,249.50664,0.02723,0.02284,0.02116,0.01968,0.01885,0.01821,0.01771,0.01719,0.01648
,,,,,,,,,,248.98137,0.07381,0.06579,0.06242,0.0597,0.05824,0.05709,0.05666,0.05604,0.05547,248.99237,0.04857,0.04224,0.03749,0.03323,0.03004,0.02811,0.02683,0.0263,0.02648,248.99471,0.12665,0.10647,0.09843,0.09155,0.08772,0.08472,0.08242,0.07996,0.07666,,,,,,,,,,,248.98137,0.04791,0.04308,0.04088,0.03958,0.0385,0.03793,0.03751,0.03721,0.03676,248.99237,0.12708,0.10947,0.09612,0.08602,0.0789,0.07489,0.07256,0.0717,0.07217,248.99471,0.02737,0.02288,0.02122,0.02003,0.01896,0.01849,0.01781,0.01756,0.01683
,,,,,,,,,,248.50897,0.0742,0.06672,0.06331,0.0613,0.05962,0.05875,0.0581,0.05762,0.05693,248.48065,0.04746,0.04181,0.03749,0.03355,0.03078,0.02921,0.0283,0.02797,0.02815,248.48274,0.12604,0.10647,0.09872,0.09321,0.08822,0.08601,0.08288,0.0817,0.07832,,,,,,,,,,,248.50897,0.04806,0.04364,0.04144,0.03983,0.03912,0.03853,0.03812,0.03792,0.03745,248.48065,0.12451,0.10827,0.09605,0.08718,0.08071,0.07679,0.07497,0.07443,0.07522,248.48274,0.02722,0.02304,0.02157,0.02019,0.01934,0.01872,0.01823,0.01807,0.01722
,,,,,,,,,,247.99716,0.07443,0.06759,0.06418,0.06169,0.06058,0.05967,0.05903,0.05873,0.058,248.00824,0.04637,0.04144,0.03749,0.03401,0.03149,0.02996,0.02924,0.02904,0.02934,248.0101,0.12559,0.10719,0.10035,0.09392,0.08998,0.08708,0.08482,0.08408,0.08014,,,,,,,,,,,247.99716,0.04822,0.04403,0.04216,0.04098,0.04007,0.03943,0.03909,0.03845,0.03865,248.00824,0.12166,0.10717,0.09626,0.08926,0.08275,0.07981,0.07811,0.07774,0.07875,248.0101,0.02709,0.02328,0.0218,0.0206,0.01968,0.01905,0.01843,0.01824,0.01755
,,,,,,,,,,247.48529,0.07468,0.06819,0.06529,0.06347,0.06206,0.06106,0.06055,0.05954,0.05985,247.49648,0.04576,0.04118,0.03755,0.03482,0.03228,0.03113,0.03047,0.03033,0.03072,247.49809,0.12551,0.10825,0.10141,0.09586,0.09158,0.08864,0.08577,0.08487,0.08165,,,,,,,,,,,247.48529,0.04886,0.04512,0.04323,0.04216,0.04123,0.04083,0.04034,0.0401,0.03977,247.49648,0.11886,0.10624,0.09698,0.0904,0.08637,0.08221,0.08209,0.08235,0.08372,247.49809,0.02698,0.02327,0.02183,0.02074,0.02003,0.01935,0.01882,0.01844,0.0176
,,,,,,,,,,247.01279,0.07567,0.06989,0.06696,0.06529,0.06385,0.06324,0.06248,0.0621,0.06159,246.98466,0.04507,0.04112,0.03783,0.03526,0.03369,0.03207,0.03202,0.03212,0.03266,246.98604,0.12549,0.1083,0.10156,0.09649,0.09317,0.09001,0.08756,0.08578,0.08188,,,,,,,,,,,247.01279,0.04926,0.04567,0.04418,0.04286,0.04223,0.0419,0.04188,0.04097,0.04067,246.98466,0.11731,0.10557,0.09753,0.09188,0.08837,0.08621,0.08532,0.08506,0.08613,246.98604,0.02699,0.02362,0.02223,0.02131,0.02042,0.01977,0.01931,0.01888,0.01818
,,,,,,,,,,246.50089,0.0763,0.07073,0.06842,0.06637,0.0654,0.0649,0.06486,0.06344,0.06298,246.51218,0.04451,0.04112,0.03805,0.03584,0.03447,0.03363,0.03328,0.03318,0.0336,246.51337,0.12549,0.10992,0.10341,0.09914,0.09503,0.09197,0.08982,0.08785,0.0846,,,,,,,,,,,246.50089,0.05036,0.0471,0.04573,0.0447,0.04384,0.04345,0.04293,0.0426,0.04226,246.51218,0.11554,0.10513,0.09814,0.09363,0.09123,0.08956,0.08871,0.08921,0.09087,246.51337,0.02681,0.02364,0.02244,0.02137,0.02063,0.01999,0.01946,0.01909,0.01845
,,,,,,,,,,245.98898,0.078,0.07295,0.07083,0.06922,0.06789,0.06729,0.06649,0.06598,0.06545,246.00032,0.04405,0.04112,0.03828,0.03652,0.03559,0.03494,0.03461,0.0348,0.03545,246.00127,0.12549,0.10997,0.10442,0.09945,0.096,0.09303,0.09054,0.08883,0.08584,,,,,,,,,,,245.98898,0.05151,0.04846,0.04717,0.04602,0.04545,0.04493,0.04467,0.04426,0.04404,246.00032,0.11411,0.1054,0.10002,0.09622,0.09332,0.0929,0.09351,0.09462,0.0956,246.00127,0.02697,0.02389,0.02272,0.02182,0.02108,0.02045,0.01995,0.01954,0.01894
,,,,,,,,,,245.51642,0.07978,0.07505,0.07305,0.07127,0.07039,0.06959,0.06918,0.06855,0.06821,245.48845,0.0436,0.04112,0.03902,0.03753,0.0364,0.03624,0.03648,0.03691,0.03729,245.48915,0.12549,0.11114,0.10571,0.10154,0.0981,0.09513,0.09283,0.09093,0.08812,,,,,,,,,,,245.51642,0.05172,0.04951,0.04821,0.04762,0.04707,0.04643,0.04614,0.04608,0.04585,245.48845,0.11291,0.10639,0.10275,0.10171,0.10096,0.10162,0.10209,0.10348,0.10568,245.48915,0.02712,0.02454,0.02351,0.02261,0.02198,0.02123,0.02091,0.02051,0.01998
,,,,,,,,,,245.00447,0.0801,0.07668,0.07467,0.07375,0.0729,0.0719,0.07146,0.07137,0.07101,245.01593,0.0436,0.0415,0.04008,0.03968,0.03938,0.03964,0.03982,0.04037,0.04122,245.0164,0.1262,0.11419,0.10941,0.10521,0.10227,0.09878,0.0973,0.09543,0.09297,,,,,,,,,,,245.00447,0.05249,0.05018,0.04996,0.0493,0.04884,0.04833,0.0481,0.04813,0.04771,245.01593,0.11164,0.10807,0.10612,0.10647,0.10627,0.10923,0.1106,0.11174,0.11428,245.0164,0.02745,0.02509,0.02423,0.0235,0.02292,0.02238,0.02186,0.02145,0.02074
,,,,,,,,,,244.49249,0.08129,0.07772,0.07737,0.07635,0.07564,0.07485,0.07449,0.07454,0.0739,244.50398,0.0436,0.04216,0.0414,0.04153,0.04145,0.04261,0.04315,0.04359,0.04458,244.50424,0.12773,0.11675,0.11275,0.10934,0.10666,0.10413,0.1017,0.09979,0.09652,,,,,,,,,,,244.49249,0.05286,0.05131,0.05084,0.0505,0.05006,0.04993,0.0496,0.0494,0.04931,244.50398,0.11178,0.1097,0.10932,0.11232,0.11345,0.11596,0.1181,0.11593,0.12187,244.50424,0.02811,0.02612,0.02537,0.0247,0.02426,0.02371,0.02314,0.02278,0.02223
,,,,,,,,,,243.98047,0.08187,0.07947,0.07873,0.07821,0.07753,0.07732,0.07682,0.07651,0.07637,243.992,0.0436,0.04279,0.04264,0.04381,0.04426,0.04523,0.04607,0.04522,0.04754,243.99203,0.13079,0.12152,0.11802,0.1149,0.11286,0.1103,0.10765,0.10597,0.10342,,,,,,,,,,,243.98047,0.05375,0.05249,0.0527,0.05297,0.05242,0.05192,0.05183,0.05194,0.05149,243.992,0.11258,0.11351,0.11658,0.12047,0.12357,0.12771,0.12932,0.13146,0.13469,243.99203,0.02841,0.0266,0.02606,0.02549,0.02503,0.02454,0.0242,0.02374,0.02322
,,,,,,,,,,243.50781,0.08324,0.08129,0.08161,0.08203,0.08119,0.08041,0.08026,0.08045,0.07975,243.51941,0.04392,0.04428,0.04548,0.047,0.0482,0.04982,0.05045,0.05128,0.05254,243.51923,0.13219,0.12377,0.12123,0.11858,0.11646,0.11416,0.11259,0.11044,0.10805,,,,,,,,,,,243.50781,0.05464,0.05415,0.05462,0.05492,0.0545,0.05443,0.05422,0.0541,0.05368,243.51941,0.11369,0.11652,0.12104,0.12458,0.13119,0.13532,0.13746,0.13956,0.14391,243.51923,0.02885,0.02757,0.02722,0.02663,0.02616,0.02566,0.02534,0.025,0.0245
,,,,,,,,,,242.99574,0.08462,0.08387,0.08459,0.08506,0.0844,0.0843,0.08397,0.08379,0.08313,243.0074,0.04435,0.04545,0.04722,0.0486,0.05117,0.05279,0.05362,0.05444,0.05614,243.007,0.13423,0.12825,0.12664,0.12391,0.12171,0.11938,0.11791,0.1163,0.11401,,,,,,,,,,,242.99574,0.05561,0.05568,0.05634,0.05677,0.05663,0.05656,0.05645,0.05621,0.05601,243.0074,0.11529,0.11978,0.12626,0.13269,0.13928,0.14313,0.14608,0.14878,0.15278,243.007,0.02924,0.02838,0.02803,0.02761,0.02715,0.02677,0.0266,0.02615,0.02579
,,,,,,,,,,242.48364,0.08612,0.08623,0.08726,0.08792,0.0877,0.08759,0.08743,0.08706,0.08674,242.49535,0.04497,0.04673,0.04925,0.05176,0.05433,0.05583,0.05698,0.05804,0.0596,242.49475,0.13603,0.13205,0.13043,0.12848,0.12631,0.12454,0.12374,0.12165,0.11999,,,,,,,,,,,242.48364,0.05732,0.0581,0.05933,0.05954,0.06002,0.05989,0.06002,0.05949,0.05946,242.49535,0.11773,0.12488,0.13248,0.13962,0.14873,0.15364,0.15597,0.16012,0.16238,242.49475,0.02958,0.02896,0.02866,0.02844,0.02796,0.02769,0.02725,0.0271,0.02659
,,,,,,,,,,242.01094,0.08877,0.08998,0.09189,0.09221,0.09295,0.09275,0.09295,0.09213,0.09209,241.98331,0.04593,0.04872,0.05168,0.05446,0.05802,0.05993,0.06084,0.06246,0.06334,241.98245,0.13762,0.13476,0.13336,0.13231,0.13007,0.12882,0.12678,0.12608,0.12371,,,,,,,,,,,242.01094,0.05878,0.05989,0.06128,0.06186,0.06201,0.06245,0.0624,0.06196,0.06175,241.98331,0.12116,0.13022,0.13901,0.14754,0.15599,0.16206,0.16475,0.16885,0.17008,241.98245,0.03014,0.02956,0.02973,0.02946,0.02908,0.02871,0.02848,0.02816,0.02768
,,,,,,,,,,241.49881,0.09104,0.09275,0.09491,0.09581,0.09604,0.09672,0.09664,0.09595,0.09563,241.51062,0.04727,0.0508,0.05423,0.05755,0.06085,0.06322,0.06427,0.06587,0.06635,241.50954,0.14023,0.13755,0.13833,0.13709,0.13532,0.13359,0.13252,0.13101,0.12878,,,,,,,,,,,241.49881,0.06053,0.06226,0.06402,0.06505,0.06526,0.06547,0.06506,0.06536,0.06486,241.51062,0.12598,0.1356,0.14667,0.15573,0.16547,0.17874,0.17811,0.18217,0.18484,241.50954,0.03095,0.03059,0.03087,0.03072,0.03031,0.03014,0.02959,0.0296,0.02891
,,,,,,,,,,240.98665,0.09374,0.09642,0.09916,0.10075,0.10107,0.1014,0.10077,0.10122,0.10045,240.99854,0.04915,0.0529,0.05721,0.06075,0.06455,0.06973,0.06948,0.07106,0.07211,240.99719,0.14398,0.14233,0.14361,0.14293,0.14103,0.14025,0.13768,0.13774,0.13451,,,,,,,,,,,240.98665,0.06201,0.06448,0.06664,0.06786,0.06813,0.06841,0.06776,0.06854,0.06802,240.99854,0.13145,0.14297,0.15413,0.16541,0.17792,0.18522,0.18817,0.19391,0.19854,240.99719,0.03184,0.032,0.03225,0.03211,0.03184,0.03149,0.0312,0.03104,0.03054
,,,,,,,,,,240.51384,0.09604,0.09987,0.1032,0.10509,0.10551,0.10595,0.10494,0.10615,0.10534,240.48639,0.05128,0.05577,0.06012,0.06452,0.0694,0.07225,0.0734,0.07564,0.07745,240.48483,0.14812,0.14889,0.15006,0.14941,0.14813,0.14651,0.14514,0.14441,0.14208,,,,,,,,,,,240.51384,0.06394,0.06709,0.06959,0.07143,0.07157,0.07129,0.07158,0.07218,0.07142,240.48639,0.13992,0.15416,0.16886,0.18226,0.19458,0.20195,0.20497,0.21048,0.21915,240.48483,0.0332,0.03339,0.03363,0.03372,0.0333,0.03321,0.03306,0.03276,0.03218
,,,,,,,,,,240.00165,0.09902,0.10391,0.10778,0.11063,0.11085,0.11041,0.11086,0.11179,0.11061,240.01363,0.05458,0.06014,0.06587,0.0711,0.0759,0.07878,0.07996,0.08211,0.08549,240.01187,0.15447,0.15533,0.15648,0.15688,0.15494,0.15451,0.15384,0.15241,0.14972,,,,,,,,,,,240.00165,0.06676,0.07032,0.07364,0.07493,0.07573,0.07637,0.07635,0.0761,0.07523,240.01363,0.15042,0.16604,0.18404,0.19686,0.2092,0.21639,0.22125,0.22701,0.23222,240.01187,0.03446,0.03491,0.03517,0.03534,0.03509,0.03484,0.03462,0.0343,0.03412
,,,,,,,,,,239.48943,0.10339,0.10891,0.11404,0.11605,0.11728,0.11828,0.11825,0.11786,0.11651,239.50143,0.05868,0.06477,0.07179,0.07679,0.08161,0.08441,0.08631,0.08856,0.09059,239.49947,0.16032,0.16244,0.16362,0.16442,0.16327,0.16211,0.16107,0.15958,0.15877,,,,,,,,,,,239.48943,0.06867,0.07272,0.07603,0.07814,0.07858,0.07916,0.07845,0.07886,0.07885,239.50143,0.16137,0.17725,0.19118,0.20822,0.22056,0.22949,0.23369,0.2413,0.24697,239.49947,0.03627,0.03699,0.03723,0.03751,0.0373,0.03692,0.03708,0.03681,0.03637
,,,,,,,,,,239.01659,0.10635,0.11263,0.11775,0.12101,0.1217,0.1226,0.1215,0.12213,0.12212,238.98924,0.06295,0.06914,0.07458,0.08123,0.08604,0.08952,0.09116,0.09413,0.09634,238.98705,0.16873,0.1721,0.17321,0.1745,0.17355,0.1718,0.17251,0.17127,0.16923,,,,,,,,,,,239.01659,0.07136,0.07621,0.07979,0.08125,0.08247,0.08283,0.08289,0.08303,0.08196,238.98924,0.17818,0.19708,0.21358,0.22501,0.24306,0.2526,0.25674,0.26242,0.26902,238.98705,0.03774,0.03839,0.03884,0.0389,0.03873,0.03849,0.03846,0.03827,0.03754
,,,,,,,,,,238.50432,0.11052,0.11804,0.12358,0.12584,0.12773,0.12828,0.12838,0.1286,0.12693,238.51643,0.06951,0.07688,0.08332,0.08777,0.09482,0.09854,0.10015,0.10237,0.10494,238.51399,0.1756,0.17862,0.18072,0.18101,0.18019,0.17909,0.17895,0.17806,0.17465,,,,,,,,,,,238.50432,0.0746,0.07966,0.08339,0.08524,0.08652,0.08715,0.08719,0.08777,0.08645,238.51643,0.19085,0.20947,0.22738,0.24165,0.25554,0.26516,0.26916,0.2725,0.28198,238.51399,0.03964,0.04015,0.04072,0.04034,0.04041,0.03994,0.04017,0.04003,0.03942
,,,,,,,,,,237.992,0.11554,0.12337,0.12916,0.13201,0.134,0.13497,0.13504,0.13592,0.13388,238.00418,0.07445,0.08171,0.0887,0.09427,0.09968,0.10344,0.105,0.1063,0.11,238.00153,0.18441,0.18683,0.18944,0.18767,0.18803,0.18582,0.18691,0.18626,0.18343,,,,,,,,,,,237.992,0.07729,0.08276,0.08726,0.08915,0.0898,0.09076,0.09092,0.09097,0.09073,238.00418,0.21146,0.22779,0.24423,0.2593,0.27209,0.28244,0.28825,0.29306,0.29872,238.00153,0.04216,0.04247,0.04215,0.04252,0.04244,0.04218,0.04207,0.04169,0.04143
,,,,,,,,,,237.51909,0.1197,0.12817,0.13514,0.13807,0.13907,0.14057,0.14081,0.14088,0.14052,237.49191,0.08249,0.08886,0.09527,0.10115,0.10614,0.11018,0.11244,0.11432,0.11653,237.48898,0.19614,0.19761,0.19613,0.19783,0.19746,0.19624,0.19572,0.19396,0.19276,,,,,,,,,,,237.51909,0.08236,0.08732,0.09123,0.09366,0.09503,0.09572,0.09565,0.09567,0.09489,237.49191,0.24177,0.25697,0.27233,0.28735,0.29868,0.30658,0.31208,0.31609,0.3248,237.48898,0.0449,0.04449,0.04407,0.04426,0.04398,0.04383,0.04378,0.04347,0.04303
,,,,,,,,,,237.00671,0.12756,0.13524,0.14129,0.14506,0.14717,0.14824,0.14814,0.14817,0.14696,237.01901,0.09431,0.10024,0.10623,0.11209,0.11651,0.11959,0.12174,0.1233,0.1267,237.01593,0.20889,0.207,0.20503,0.20594,0.20463,0.20394,0.20369,0.20224,0.20021,,,,,,,,,,,237.00671,0.08609,0.09063,0.09604,0.09781,0.09916,0.09934,0.09976,0.09983,0.09908,237.01901,0.26805,0.28176,0.29455,0.30718,0.31677,0.32924,0.33189,0.33369,0.33573,237.01593,0.04847,0.04741,0.04712,0.04717,0.04683,0.04666,0.04623,0.04606,0.04563
,,,,,,,,,,236.49435,0.13333,0.14036,0.14874,0.15149,0.15357,0.15386,0.1545,0.15461,0.15345,236.5067,0.10456,0.10991,0.1149,0.11983,0.12357,0.12843,0.12947,0.13017,0.13097,236.5034,0.22553,0.2206,0.21922,0.21947,0.21791,0.2171,0.21511,0.21429,0.21228,,,,,,,,,,,236.49435,0.09173,0.09699,0.10118,0.10227,0.10446,0.10465,0.1046,0.10542,0.10378,236.5067,0.30163,0.30202,0.3201,0.33061,0.33815,0.34514,0.35129,0.35071,0.35834,236.5034,0.05142,0.04995,0.04927,0.04893,0.04872,0.04842,0.04822,0.0478,0.04754
,,,,,,,,,,235.98196,0.14207,0.1502,0.15671,0.15839,0.16179,0.16207,0.162,0.16326,0.16072,235.99437,0.11766,0.11782,0.12487,0.12897,0.13191,0.13464,0.13703,0.13681,0.13979,235.99081,0.23925,0.2324,0.22923,0.22767,0.22667,0.22527,0.22433,0.22239,0.22121,,,,,,,,,,,235.98196,0.09589,0.10132,0.10508,0.1073,0.10873,0.10879,0.10921,0.10957,0.10914,235.99437,0.33131,0.33152,0.34305,0.35121,0.35871,0.36433,0.36785,0.36651,0.37684,235.99081,0.0548,0.05287,0.05176,0.05127,0.05096,0.05041,0.05037,0.04999,0.04972
,,,,,,,,,,235.50897,0.1485,0.15692,0.16274,0.16618,0.1684,0.16848,0.16914,0.16969,0.16902,235.48198,0.12924,0.12932,0.13382,0.137,0.13993,0.14212,0.14349,0.14297,0.147,235.51764,0.25498,0.246,0.24082,0.23852,0.23709,0.23454,0.23433,0.2326,0.23133,,,,,,,,,,,235.50897,0.10241,0.1061,0.1106,0.11153,0.11332,0.11355,0.11389,0.11421,0.1126,235.48198,0.3804,0.37765,0.38386,0.38762,0.38839,0.39489,0.39413,0.39175,0.39912,235.51764,0.05988,0.05621,0.05476,0.0537,0.0531,0.0527,0.05261,0.05201,0.05121
,,,,,,,,,,234.99654,0.15861,0.16432,0.17128,0.17273,0.1755,0.17586,0.17638,0.17688,0.17438,235.00902,0.14839,0.14732,0.14974,0.15121,0.15151,0.15404,0.15375,0.15282,0.15569,235.00499,0.27862,0.26155,0.25476,0.24986,0.24708,0.2452,0.24479,0.242,0.23827,,,,,,,,,,,234.99654,0.10937,0.11406,0.1165,0.11824,0.11904,0.1193,0.11988,0.11961,0.11946,235.00902,0.42862,0.42649,0.42464,0.41741,0.41931,0.4188,0.41714,0.41809,0.42057,235.00499,0.06463,0.0595,0.0579,0.05605,0.0552,0.05465,0.05439,0.05391,0.05345
,,,,,,,,,,234.48407,0.16938,0.17665,0.18043,0.18312,0.18436,0.18476,0.18566,0.18525,0.18501,234.4966,0.1672,0.16637,0.16565,0.16283,0.16357,0.16337,0.16272,0.16309,0.16406,234.49236,0.30072,0.27682,0.2694,0.26079,0.25684,0.25425,0.25308,0.25084,0.24871,,,,,,,,,,,234.48407,0.11569,0.11944,0.12251,0.12247,0.12351,0.12266,0.12372,0.12367,0.12334,234.4966,0.46862,0.46412,0.45356,0.44132,0.43706,0.43522,0.43478,0.43202,0.4339,234.49236,0.07077,0.06356,0.06101,0.05878,0.05757,0.05694,0.05639,0.05632,0.05563
,,,,,,,,,,234.01099,0.17917,0.18498,0.18974,0.18967,0.19129,0.18997,0.19161,0.19154,0.19102,233.98416,0.18281,0.18105,0.17693,0.17215,0.17049,0.16978,0.1696,0.16853,0.16926,234.01913,0.32928,0.29573,0.28386,0.27348,0.26785,0.2649,0.26237,0.26204,0.25885,,,,,,,,,,,234.01099,0.12391,0.12448,0.12753,0.12815,0.12891,0.128,0.12808,0.12794,0.12747,233.98416,0.52833,0.51507,0.49514,0.4761,0.47056,0.46151,0.4579,0.45723,0.4535,234.01913,0.07379,0.06611,0.06248,0.06029,0.05871,0.05823,0.05762,0.05714,0.05655
,,,,,,,,,,233.49847,0.1919,0.19278,0.19751,0.19848,0.19965,0.19824,0.19837,0.19814,0.19741,233.51111,0.2061,0.20093,0.19315,0.18572,0.18356,0.18003,0.17862,0.17836,0.17691,233.50645,0.34334,0.30757,0.2907,0.2805,0.27314,0.27092,0.26807,0.26585,0.26311,,,,,,,,,,,233.49847,0.13204,0.13365,0.13472,0.13294,0.13424,0.13286,0.13328,0.13301,0.1325,233.51111,0.59516,0.55746,0.54162,0.5113,0.4937,0.47972,0.47124,0.47238,0.47139,233.50645,0.0806,0.06926,0.0655,0.06256,0.0611,0.05991,0.05929,0.05874,0.05846
,,,,,,,,,,232.98592,0.2045,0.20699,0.20865,0.20589,0.20791,0.20577,0.20641,0.206,0.20521,232.99863,0.23217,0.21746,0.21128,0.19945,0.19259,0.18713,0.18383,0.18427,0.18389,232.99374,0.375,0.32223,0.30473,0.29105,0.28429,0.27874,0.27584,0.27331,0.27199,,,,,,,,,,,232.98592,0.14107,0.14218,0.14142,0.14035,0.13929,0.1375,0.13854,0.13801,0.13605,232.99863,0.67524,0.63321,0.59385,0.5526,0.52238,0.51168,0.50252,0.49565,0.4936,232.99374,0.08933,0.07572,0.06969,0.06595,0.06376,0.06282,0.06128,0.06114,0.06128
,,,,,,,,,,232.51283,0.21848,0.2202,0.21902,0.21736,0.21572,0.21295,0.21455,0.21374,0.21071,232.48616,0.2634,0.24701,0.23165,0.21557,0.20377,0.1996,0.19603,0.19335,0.19255,232.481,0.41561,0.35229,0.32426,0.30684,0.29666,0.29227,0.2851,0.28445,0.28511,,,,,,,,,,,232.51283,0.15986,0.15412,0.15175,0.1487,0.14672,0.14505,0.14537,0.14415,0.14361,232.48616,0.79016,0.7361,0.67435,0.61191,0.5823,0.55095,0.5354,0.52602,0.52013,232.481,0.09641,0.07951,0.07298,0.06783,0.06567,0.06477,0.06376,0.06294,0.06264
,,,,,,,,,,232.00021,0.24758,0.23869,0.23501,0.2303,0.22723,0.22464,0.22514,0.22325,0.22241,232.01305,0.30824,0.28715,0.26306,0.2387,0.22715,0.21492,0.20885,0.20519,0.2029,232.00769,0.44859,0.36991,0.33953,0.31559,0.30556,0.30135,0.29665,0.29285,0.29146,,,,,,,,,,,232.00021,0.1742,0.16387,0.15882,0.15351,0.15242,0.15007,0.14926,0.14879,0.14784,232.01305,0.8982,0.80184,0.72361,0.65267,0.61065,0.57551,0.55471,0.54232,0.53558,232.00769,0.10345,0.08533,0.07679,0.07146,0.06831,0.06691,0.066,0.06544,0.0645
,,,,,,,,,,231.48761,0.26978,0.2538,0.24596,0.23775,0.23606,0.23241,0.23116,0.23043,0.22896,231.5005,0.35038,0.31279,0.28227,0.2546,0.23821,0.2245,0.21639,0.21156,0.20892,231.49487,0.4813,0.39701,0.35729,0.33246,0.31784,0.31129,0.30706,0.30448,0.30012,,,,,,,,,,,231.48761,0.1886,0.17559,0.16753,0.16169,0.15803,0.15501,0.15417,0.15318,0.15251,231.5005,0.99749,0.87922,0.78526,0.70166,0.64652,0.60213,0.57629,0.56742,0.55284,231.49487,0.11098,0.08821,0.07888,0.07274,0.06869,0.0672,0.06662,0.06592,0.06495
,,,,,,,,,,231.0144,0.29209,0.27194,0.25946,0.25041,0.24475,0.24007,0.23877,0.23724,0.23619,230.98793,0.38911,0.34298,0.30632,0.27371,0.2522,0.23489,0.22481,0.22134,0.21566,230.98209,0.51636,0.41043,0.36698,0.33846,0.3196,0.31268,0.30995,0.30672,0.30219,,,,,,,,,,,231.0144,0.20573,0.18661,0.1755,0.169,0.16417,0.16107,0.15864,0.15873,0.15683,230.98793,1.09118,0.95451,0.8475,0.74222,0.68103,0.62842,0.60035,0.58509,0.56544,230.98209,0.1173,0.09213,0.08137,0.07424,0.07016,0.06848,0.06724,0.06613,0.0654
,,,,,,,,,,230.50177,0.31863,0.289,0.2718,0.26173,0.25425,0.24945,0.2457,0.24583,0.24289,230.51476,0.42566,0.37234,0.3306,0.28953,0.26566,0.24514,0.23419,0.22824,0.22057,230.5087,0.54576,0.42866,0.3786,0.34541,0.32641,0.31861,0.31284,0.30769,0.30429,,,,,,,,,,,230.50177,0.22341,0.19881,0.18642,0.17597,0.17021,0.16668,0.16329,0.16328,0.1618,230.51476,1.2037,1.05337,0.92712,0.81089,0.72574,0.6629,0.62672,0.60627,0.5911,230.5087,0.12931,0.09879,0.08633,0.07857,0.07372,0.07165,0.0704,0.06933,0.06821
,,,,,,,,,,229.98909,0.34601,0.30791,0.28872,0.27253,0.2636,0.25815,0.25289,0.25287,0.25059,230.00214,0.46955,0.41091,0.36166,0.31632,0.2831,0.25859,0.24448,0.2365,0.23058,229.99586,0.60165,0.45966,0.40165,0.36554,0.34301,0.33334,0.32756,0.32259,0.31735,,,,,,,,,,,229.98909,0.24993,0.21732,0.19848,0.18609,0.17848,0.1739,0.17071,0.16918,0.16775,230.00214,1.35423,1.17782,1.0023,0.86836,0.7742,0.69368,0.65386,0.63132,0.61128,229.99586,0.13847,0.10503,0.09071,0.08168,0.07711,0.07473,0.07335,0.07243,0.0713
,,,,,,,,,,229.51584,0.38708,0.33657,0.30739,0.2882,0.27642,0.26932,0.26438,0.26201,0.2598,229.48949,0.52827,0.45946,0.39099,0.33874,0.30201,0.2706,0.25506,0.24627,0.23845,229.48299,0.64427,0.48869,0.42204,0.38003,0.35877,0.34768,0.34129,0.33698,0.33175,,,,,,,,,,,229.51584,0.26405,0.22722,0.20497,0.19161,0.1828,0.17719,0.17415,0.17251,0.17066,229.48949,1.4343,1.22423,1.05722,0.90163,0.7998,0.71953,0.66725,0.64317,0.61968,229.48299,0.14525,0.10993,0.09415,0.08425,0.07934,0.07663,0.07494,0.07397,0.07277
,,,,,,,,,,229.00313,0.40895,0.3519,0.31744,0.29675,0.2831,0.27443,0.26972,0.26718,0.26431,229.01628,0.55951,0.47756,0.41241,0.35172,0.31199,0.28068,0.26029,0.2509,0.24173,229.00952,0.67579,0.51148,0.43803,0.39201,0.36915,0.35652,0.34868,0.34415,0.33859,,,,,,,,,,,229.00313,0.28111,0.23859,0.213,0.19786,0.18837,0.18247,0.17913,0.17633,0.17466,229.01628,1.51005,1.29976,1.11248,0.94865,0.82879,0.74202,0.68684,0.65768,0.63395,229.00952,0.15073,0.11221,0.09558,0.0851,0.08003,0.077,0.07537,0.07434,0.07328
,,,,,,,,,,228.49037,0.43536,0.36952,0.32988,0.30643,0.29173,0.28259,0.27743,0.27309,0.27051,228.50356,0.58906,0.50702,0.43397,0.37006,0.3233,0.28945,0.26793,0.25656,0.2473,228.49663,0.70131,0.52206,0.44472,0.39596,0.37233,0.35823,0.35069,0.34586,0.34094,,,,,,,,,,,228.49037,0.30506,0.25263,0.22243,0.20547,0.19481,0.18858,0.18413,0.18197,0.17906,228.50356,1.60736,1.36435,1.15767,0.98401,0.85488,0.75892,0.70221,0.67248,0.64248,228.49663,0.15647,0.11572,0.09801,0.08674,0.08112,0.07837,0.07685,0.07562,0.07452
,,,,,,,,,,228.01704,0.47246,0.39126,0.34448,0.31821,0.30171,0.29206,0.28517,0.28182,0.27731,227.99086,0.62702,0.53222,0.45159,0.38385,0.33348,0.29605,0.27392,0.26233,0.25063,227.98369,0.728,0.5384,0.45601,0.40358,0.37741,0.36463,0.35754,0.35181,0.34673,,,,,,,,,,,228.01704,0.32472,0.26822,0.23295,0.2126,0.20163,0.19421,0.18794,0.18616,0.18319,227.99086,1.73696,1.43309,1.21644,1.04876,0.90155,0.7953,0.72887,0.69014,0.65952,227.98369,0.16548,0.12126,0.10198,0.09034,0.08402,0.08084,0.07829,0.07734,0.07637
,,,,,,,,,,227.50424,0.5029,0.4154,0.36078,0.32926,0.31227,0.30078,0.29107,0.28831,0.28371,227.51755,0.67757,0.55903,0.47452,0.40911,0.35169,0.31024,0.28432,0.26922,0.25727,227.51018,0.76991,0.56419,0.47447,0.42032,0.39092,0.37613,0.36428,0.35985,0.35532,,,,,,,,,,,227.50424,0.35432,0.28544,0.24676,0.22244,0.20774,0.19927,0.19414,0.1916,0.18831,227.51755,1.87041,1.56927,1.32123,1.1147,0.93914,0.82555,0.75675,0.71046,0.68108,227.51018,0.16995,0.1247,0.1046,0.09216,0.08523,0.08198,0.07991,0.07865,0.07736
,,,,,,,,,,226.99146,0.54875,0.44207,0.38216,0.3445,0.32173,0.30861,0.30067,0.29673,0.29164,227.00481,0.72963,0.61216,0.5154,0.43483,0.36635,0.32204,0.2952,0.27714,0.26568,226.99721,0.7907,0.58017,0.48668,0.4288,0.39655,0.38144,0.37179,0.36592,0.35992,,,,,,,,,,,226.99146,0.37731,0.30741,0.2563,0.23158,0.21605,0.20585,0.20016,0.19628,0.1928,227.00481,1.96662,1.62529,1.38667,1.1603,0.97781,0.85461,0.77782,0.72801,0.69401,226.99721,0.18097,0.12984,0.10851,0.0951,0.08826,0.08404,0.08213,0.08103,0.0798
,,,,,,,,,,226.51807,0.58434,0.4761,0.39695,0.35865,0.3346,0.31881,0.31,0.30399,0.29859,226.49203,0.76716,0.63401,0.54093,0.45262,0.38143,0.33338,0.30342,0.28399,0.27073,226.48418,0.84197,0.60409,0.50484,0.44245,0.41065,0.391,0.3821,0.377,0.3713,,,,,,,,,,,226.51807,0.40381,0.32356,0.27192,0.24045,0.22266,0.212,0.20512,0.20032,0.19798,226.49203,2.0892,1.73897,1.44008,1.19585,1.02234,0.87793,0.79759,0.74525,0.70767,226.48418,0.18807,0.13489,0.11137,0.09683,0.09015,0.08567,0.0839,0.08278,0.08117
,,,,,,,,,,226.00522,0.62539,0.5011,0.42113,0.37239,0.34484,0.32833,0.31767,0.31024,0.30661,226.01869,0.81498,0.67835,0.56176,0.46649,0.39881,0.34247,0.31113,0.29072,0.27605,226.01062,0.87505,0.6276,0.51817,0.45051,0.41944,0.39858,0.39035,0.38514,0.37767,,,,,,,,,,,226.00522,0.42961,0.34021,0.28295,0.2479,0.22939,0.21784,0.21039,0.20566,0.20203,226.01869,2.15657,1.80085,1.50177,1.23498,1.04103,0.89698,0.80584,0.75638,0.71842,226.01062,0.19381,0.1381,0.11418,0.09953,0.09188,0.0879,0.08565,0.08433,0.08273
,,,,,,,,,,225.49234,0.66535,0.52689,0.43822,0.38393,0.35526,0.33738,0.32583,0.3185,0.31288,225.50584,0.84126,0.70249,0.58583,0.48175,0.40609,0.3499,0.31435,0.29506,0.28025,225.49757,0.90172,0.64255,0.53124,0.46309,0.42749,0.40897,0.39851,0.39236,0.3849,,,,,,,,,,,225.49234,0.4522,0.35431,0.2933,0.25655,0.23495,0.22257,0.21463,0.20972,0.20544,225.50584,2.22748,1.85987,1.54952,1.28341,1.07317,0.91848,0.82766,0.77126,0.7318,225.49757,0.19815,0.1415,0.11683,0.1011,0.09367,0.08923,0.08703,0.08556,0.08393
,,,,,,,,,,225.01888,0.70034,0.54873,0.45424,0.39732,0.36388,0.34471,0.33241,0.3248,0.31817,224.99301,0.86892,0.72552,0.60445,0.50065,0.41863,0.35829,0.32286,0.30086,0.28547,224.98447,0.92192,0.65835,0.54358,0.47037,0.43584,0.41516,0.40494,0.3981,0.39052,,,,,,,,,,,225.01888,0.4834,0.37459,0.30187,0.26723,0.24297,0.22834,0.22035,0.21515,0.2102,224.99301,2.31211,1.93255,1.61914,1.3248,1.10505,0.94344,0.84671,0.78765,0.74456,224.98447,0.20107,0.14391,0.11817,0.10256,0.09451,0.09013,0.08784,0.0864,0.08449
,,,,,,,,,,224.50595,0.74866,0.58013,0.46752,0.41386,0.3763,0.35363,0.34126,0.3332,0.32554,224.51959,0.90193,0.75387,0.63161,0.51679,0.43107,0.36803,0.33029,0.30726,0.29045,224.51083,0.93552,0.66959,0.5498,0.47717,0.43972,0.41934,0.40871,0.40198,0.3931,,,,,,,,,,,224.50595,0.50422,0.38736,0.31093,0.27392,0.24753,0.23249,0.22397,0.21873,0.21345,224.51959,2.38109,1.98823,1.6533,1.35411,1.12174,0.95853,0.85429,0.79656,0.75228,224.51083,0.20741,0.14657,0.12083,0.10372,0.09634,0.09182,0.08946,0.088,0.08626
,,,,,,,,,,223.99303,0.78091,0.59991,0.48155,0.42423,0.38335,0.36007,0.34687,0.33876,0.33058,224.0067,0.92884,0.77559,0.64494,0.52822,0.43758,0.37391,0.33325,0.31073,0.29346,223.99774,0.96501,0.68195,0.56218,0.48259,0.44822,0.42719,0.41624,0.40944,0.40136,,,,,,,,,,,223.99303,0.5231,0.40182,0.32321,0.28045,0.25288,0.23731,0.22795,0.22233,0.21718,224.0067,2.41471,2.03355,1.68596,1.37887,1.14241,0.97414,0.86859,0.80679,0.76075,223.99774,0.20979,0.14847,0.12198,0.10508,0.09718,0.09271,0.09001,0.08846,0.08714
,,,,,,,,,,223.51953,0.81014,0.6223,0.50057,0.43435,0.39164,0.36753,0.35303,0.34432,0.33636,223.49379,0.94195,0.79327,0.65768,0.53789,0.44564,0.38,0.33883,0.31472,0.29676,223.48457,0.97609,0.6908,0.56755,0.4889,0.45213,0.43136,0.41877,0.41157,0.40546,,,,,,,,,,,223.51953,0.54466,0.41305,0.33408,0.28813,0.25964,0.24332,0.23285,0.22694,0.22183,223.49379,2.43864,2.06296,1.71622,1.40351,1.16162,0.9876,0.87919,0.82521,0.76849,223.48457,0.21161,0.14987,0.12304,0.10649,0.0981,0.09366,0.09111,0.08956,0.08792
,,,,,,,,,,223.00652,0.84353,0.6397,0.5174,0.44623,0.40211,0.37684,0.36063,0.35147,0.34355,222.98085,0.95129,0.80474,0.66948,0.5475,0.45314,0.38525,0.34296,0.3219,0.29978,223.01089,0.98457,0.69729,0.57249,0.49545,0.45644,0.43576,0.42391,0.41669,0.40907,,,,,,,,,,,223.00652,0.55979,0.42447,0.34196,0.2938,0.26426,0.24749,0.23655,0.23037,0.22549,222.98085,2.51184,2.11424,1.74523,1.43049,1.18152,0.99841,0.88937,0.82682,0.77677,223.01089,0.21385,0.15156,0.12476,0.10803,0.09959,0.09511,0.09265,0.09093,0.08941
,,,,,,,,,,222.49352,0.86697,0.65739,0.52961,0.45502,0.40927,0.3833,0.36636,0.35678,0.34922,222.50735,0.97984,0.82474,0.6808,0.55802,0.4609,0.38947,0.34693,0.32254,0.30301,222.4977,0.99498,0.70515,0.58049,0.50263,0.46335,0.44253,0.43106,0.42308,0.41598,,,,,,,,,,,222.49352,0.58097,0.43892,0.35275,0.30114,0.27,0.25231,0.24168,0.23544,0.22963,222.50735,2.52079,2.1334,1.76713,1.4449,1.19334,1.0088,0.89889,0.83465,0.78412,222.4977,0.21467,0.15213,0.12543,0.10871,0.1003,0.09584,0.09359,0.09169,0.09024
,,,,,,,,,,221.98047,0.89977,0.67977,0.54631,0.46638,0.41816,0.39076,0.37429,0.36464,0.35563,221.99437,0.98334,0.83222,0.68934,0.56364,0.46551,0.39352,0.35065,0.32559,0.30588,221.9845,0.99879,0.70779,0.58358,0.5058,0.46668,0.4459,0.43542,0.42662,0.41985,,,,,,,,,,,221.98047,0.59725,0.45124,0.36048,0.30748,0.27568,0.25725,0.24554,0.23838,0.23329,221.99437,2.54872,2.1559,1.78277,1.45741,1.20173,1.01967,0.90573,0.84126,0.79026,221.9845,0.21542,0.1532,0.12658,0.11008,0.10163,0.09721,0.09452,0.09294,0.0917
,,,,,,,,,,221.50691,0.92498,0.69885,0.55829,0.47621,0.42695,0.39842,0.38028,0.36918,0.3613,221.48137,0.99423,0.841,0.69544,0.56852,0.46878,0.39776,0.35332,0.32817,0.30827,221.51073,0.99998,0.71281,0.58893,0.51217,0.47285,0.45231,0.43978,0.4324,0.42665,,,,,,,,,,,221.50691,0.60788,0.46018,0.36774,0.31284,0.27998,0.2607,0.24913,0.24246,0.2366,221.48137,2.57133,2.17023,1.79098,1.46612,1.20847,1.02805,0.91181,0.84653,0.79576,221.51073,0.21526,0.15374,0.12728,0.11069,0.10249,0.09804,0.09542,0.09417,0.09253
,,,,,,,,,,220.99382,0.94144,0.7127,0.56952,0.48451,0.43362,0.40375,0.38584,0.37551,0.36642,221.0078,0.99429,0.84658,0.69865,0.57192,0.47141,0.40103,0.35569,0.33022,0.31042,220.99748,0.99998,0.71531,0.59221,0.51501,0.47685,0.45616,0.44394,0.43814,0.43051,,,,,,,,,,,220.99382,0.6226,0.46893,0.37361,0.31837,0.2844,0.26486,0.25221,0.24622,0.24061,221.0078,2.56723,2.17325,1.79912,1.47419,1.21584,1.03129,0.91769,0.85201,0.801,220.99748,0.21527,0.15417,0.12778,0.1116,0.10333,0.09891,0.09655,0.09529,0.09372
,,,,,,,,,,220.48073,0.96424,0.72624,0.57862,0.49306,0.44045,0.4102,0.3906,0.38133,0.37264,220.49477,1,0.84658,0.69865,0.57507,0.47429,0.4023,0.35798,0.33236,0.31246,220.48421,0.99738,0.71731,0.59451,0.51926,0.48078,0.46021,0.44922,0.44334,0.43606,,,,,,,,,,,220.48073,0.63192,0.47532,0.37799,0.32151,0.28735,0.26774,0.25535,0.24872,0.24289,220.49477,2.54888,2.18085,1.79603,1.47534,1.21852,1.03599,0.92349,0.85869,0.80678,220.48421,0.21493,0.15442,0.1285,0.11268,0.10431,0.09993,0.09768,0.09641,0.09485
,,,,,,,,,,220.00705,0.97867,0.73615,0.58541,0.49793,0.44503,0.41466,0.39547,0.38519,0.37617,219.9817,0.99429,0.8463,0.69884,0.57507,0.47533,0.40413,0.36024,0.33497,0.31472,220.01041,0.99429,0.71849,0.59787,0.52427,0.4853,0.46492,0.45447,0.44858,0.44128,,,,,,,,,,,220.00705,0.64219,0.48264,0.38275,0.32612,0.29158,0.27107,0.25885,0.25173,0.2455,219.9817,2.57616,2.17586,1.79771,1.47712,1.22105,1.04107,0.92884,0.86437,0.81324,220.01041,0.21437,0.15466,0.12892,0.11326,0.10499,0.10088,0.09842,0.09715,0.09563
,,,,,,,,,,219.49391,0.99458,0.74749,0.59278,0.50507,0.45158,0.41981,0.40089,0.38985,0.38022,219.50807,0.9929,0.84227,0.69841,0.57478,0.47632,0.40611,0.36233,0.33718,0.31724,219.49707,0.98989,0.71849,0.59984,0.52694,0.48847,0.46937,0.45792,0.452,0.44491,,,,,,,,,,,219.49391,0.64569,0.48634,0.38591,0.32824,0.29381,0.27333,0.26156,0.2551,0.24863,219.50807,2.56351,2.16949,1.79039,1.47725,1.22123,1.04317,0.931,0.86714,0.81708,219.49707,0.2137,0.15522,0.12972,0.11456,0.1065,0.10228,0.10003,0.09872,0.09696
,,,,,,,,,,218.98076,1,0.75321,0.59768,0.50836,0.45504,0.42331,0.40508,0.39509,0.38506,218.99496,0.98688,0.83661,0.69138,0.57194,0.47632,0.40693,0.36317,0.33826,0.31874,218.98373,0.98391,0.71957,0.60356,0.53303,0.49552,0.47589,0.46541,0.45932,0.45112,,,,,,,,,,,218.98076,0.64827,0.48899,0.38881,0.33013,0.29602,0.27526,0.26349,0.25662,0.25023,218.99496,2.54532,2.15917,1.79148,1.47345,1.22453,1.04614,0.93563,0.87202,0.82321,218.98373,0.21276,0.15483,0.13026,0.11484,0.10712,0.10271,0.10056,0.09934,0.0978
,,,,,,,,,,218.50703,1,0.75732,0.60217,0.51129,0.45845,0.4263,0.40807,0.39744,0.38755,218.48184,0.97738,0.82314,0.68639,0.57034,0.47581,0.40809,0.36498,0.34017,0.32112,218.50986,0.97929,0.71983,0.60574,0.53415,0.49826,0.47788,0.46789,0.4622,0.45504,,,,,,,,,,,218.50703,0.64951,0.49043,0.39058,0.33283,0.29829,0.27743,0.26586,0.25862,0.2526,218.48184,2.52989,2.14465,1.77235,1.46617,1.22181,1.04951,0.9388,0.87757,0.82879,218.50986,0.21147,0.15432,0.13019,0.1148,0.10709,0.10327,0.10112,0.09993,0.0984
,,,,,,,,,,217.99385,0.99986,0.75732,0.60491,0.51547,0.46198,0.42966,0.41175,0.40053,0.39121,218.00815,0.96634,0.81435,0.68152,0.56742,0.47565,0.4094,0.36622,0.34233,0.3233,217.99649,0.97348,0.71839,0.60604,0.53434,0.49838,0.48048,0.47048,0.46494,0.45782,,,,,,,,,,,217.99385,0.64869,0.49043,0.39138,0.33358,0.29951,0.27927,0.26777,0.2609,0.25385,218.00815,2.47723,2.11012,1.75956,1.46208,1.21975,1.05001,0.94248,0.88192,0.83309,217.99649,0.21048,0.15507,0.13134,0.11678,0.10924,0.10474,0.1031,0.10131,0.10056
,,,,,,,,,,217.48059,0.99141,0.75457,0.60491,0.51662,0.46386,0.43252,0.41471,0.40406,0.39315,217.49498,0.955,0.80608,0.67735,0.56345,0.47444,0.4096,0.36765,0.34403,0.32498,217.48305,0.96794,0.71802,0.6107,0.54336,0.50828,0.48732,0.47968,0.47137,0.46785,,,,,,,,,,,217.48059,0.6456,0.48912,0.39152,0.33432,0.30095,0.28117,0.26972,0.26234,0.25713,217.49498,2.50552,2.0876,1.74707,1.45459,1.21932,1.05202,0.94752,0.88899,0.83965,217.48305,0.20923,0.15471,0.13126,0.11703,0.10967,0.10548,0.10387,0.10208,0.10089
,,,,,,,,,,217.00682,0.9815,0.74961,0.60372,0.51777,0.46609,0.43545,0.41772,0.4063,0.39823,216.98177,0.94286,0.80389,0.67285,0.56329,0.47398,0.41016,0.36962,0.34679,0.32754,217.00912,0.95858,0.71801,0.61107,0.54452,0.51027,0.49078,0.48327,0.47493,0.46942,,,,,,,,,,,217.00682,0.64014,0.48722,0.39091,0.33542,0.3025,0.28226,0.27173,0.26508,0.25954,216.98177,2.41704,2.06639,1.73639,1.4444,1.21506,1.05145,0.95157,0.893,0.84638,217.00912,0.20804,0.1544,0.13201,0.11825,0.11068,0.10718,0.10527,0.10415,0.10264
,,,,,,,,,,216.49356,0.96784,0.74234,0.60139,0.51878,0.46849,0.43715,0.42084,0.41053,0.40196,216.50804,0.94125,0.79743,0.66998,0.55904,0.47311,0.41038,0.3712,0.34835,0.33017,216.4957,0.95214,0.71793,0.61422,0.5502,0.51496,0.49868,0.48977,0.48457,0.47756,,,,,,,,,,,216.49356,0.63374,0.48402,0.38981,0.33547,0.30322,0.2842,0.27326,0.26654,0.26131,216.50804,2.44815,2.06078,1.72487,1.44399,1.21622,1.05573,0.95643,0.90003,0.85416,216.4957,0.20603,0.1543,0.13229,0.11877,0.11204,0.10788,0.10641,0.10534,0.10409
,,,,,,,,,,215.98029,0.95476,0.73666,0.59922,0.51878,0.46961,0.44015,0.42321,0.4128,0.40469,215.99481,0.9221,0.78449,0.65996,0.55395,0.47238,0.41183,0.37309,0.35109,0.3332,215.98221,0.94218,0.71595,0.6155,0.5526,0.52128,0.50194,0.49507,0.49011,0.4843,,,,,,,,,,,215.98029,0.62493,0.47932,0.38831,0.33551,0.30473,0.2861,0.27553,0.26921,0.26404,215.99481,2.4129,2.04422,1.7175,1.4331,1.21281,1.06021,0.96194,0.9066,0.86167,215.98221,0.20464,0.15432,0.1332,0.12024,0.1133,0.10987,0.10776,0.10686,0.10522
,,,,,,,,,,215.50642,0.93323,0.72564,0.59279,0.51709,0.47193,0.44309,0.42672,0.41694,0.40892,215.48154,0.90219,0.76853,0.6534,0.55111,0.47238,0.41358,0.37524,0.35366,0.33613,215.50821,0.93369,0.71496,0.61923,0.55945,0.52714,0.51121,0.50136,0.49717,0.48956,,,,,,,,,,,215.50642,0.61648,0.47566,0.38691,0.33497,0.30472,0.28673,0.27666,0.27007,0.26534,215.48154,2.36381,2.01104,1.69182,1.42007,1.21095,1.0639,0.96614,0.91205,0.8683,215.50821,0.2025,0.15388,0.13309,0.12077,0.11411,0.11076,0.10932,0.10811,0.1067
,,,,,,,,,,214.99309,0.92038,0.71556,0.59068,0.51603,0.47194,0.44406,0.42848,0.41827,0.41094,215.00774,0.89944,0.76536,0.64934,0.55092,0.47238,0.41502,0.37688,0.35578,0.33871,214.99471,0.92508,0.71496,0.61973,0.56191,0.53091,0.51534,0.50861,0.50298,0.49643,,,,,,,,,,,214.99309,0.60258,0.46854,0.38276,0.33388,0.30505,0.28831,0.27833,0.2724,0.26785,215.00774,2.30572,1.97013,1.675,1.41278,1.2107,1.06644,0.9744,0.9237,0.87682,214.99471,0.20068,0.15304,0.13353,0.12114,0.11482,0.11148,0.10982,0.10837,0.1078
,,,,,,,,,,214.51923,0.90324,0.70893,0.58658,0.51603,0.47245,0.44652,0.43106,0.42187,0.41483,214.49443,0.88747,0.75592,0.64268,0.54872,0.47238,0.41601,0.3801,0.36033,0.34204,214.48117,0.92328,0.71496,0.62127,0.56363,0.53421,0.51866,0.51098,0.50421,0.50155,,,,,,,,,,,214.51923,0.59428,0.46203,0.3814,0.3332,0.30547,0.28952,0.27983,0.27412,0.26992,214.49443,2.31276,1.962,1.6646,1.41229,1.21345,1.06932,0.98091,0.93129,0.88856,214.48117,0.19883,0.15367,0.13471,0.1229,0.11682,0.11336,0.11253,0.11063,0.11027
,,,,,,,,,,214.00587,0.88374,0.69836,0.5829,0.51602,0.47309,0.44839,0.43338,0.42454,0.41803,213.98111,0.87181,0.74553,0.63933,0.5478,0.47335,0.41713,0.38264,0.36329,0.34662,214.00713,0.92328,0.71496,0.62676,0.57183,0.54355,0.52742,0.52355,0.51475,0.51304,,,,,,,,,,,214.00587,0.58321,0.45775,0.37875,0.33319,0.30665,0.29038,0.28184,0.27615,0.27191,213.98111,2.27503,1.93781,1.64752,1.40664,1.21425,1.07682,0.99152,0.94202,0.8997,214.00713,0.19844,0.15442,0.13606,0.12452,0.11871,0.1151,0.11461,0.11275,0.11236
,,,,,,,,,,213.49243,0.87014,0.69213,0.57924,0.51466,0.47493,0.44972,0.43649,0.42769,0.42112,213.50725,0.87035,0.74353,0.63766,0.54744,0.47367,0.42006,0.38678,0.36747,0.35096,213.49352,0.92328,0.71846,0.63305,0.57936,0.5523,0.53551,0.53322,0.52459,0.52279,,,,,,,,,,,213.49243,0.57062,0.45093,0.37637,0.33337,0.30766,0.29249,0.2843,0.27871,0.27546,213.50725,2.23115,1.91117,1.63893,1.40337,1.21694,1.08341,1.00271,0.95363,0.91365,213.49352,0.19839,0.15536,0.13727,0.12649,0.12059,0.11671,0.11637,0.11493,0.1142
,,,,,,,,,,213.01851,0.84944,0.68092,0.57457,0.51351,0.47649,0.45299,0.4403,0.43164,0.42661,212.99388,0.85678,0.73578,0.63426,0.54744,0.47471,0.42263,0.39115,0.372,0.3564,213.01945,0.92328,0.72286,0.63868,0.5885,0.56109,0.54301,0.54142,0.53475,0.53134,,,,,,,,,,,213.01851,0.56184,0.4469,0.37401,0.33231,0.30782,0.29402,0.28565,0.28011,0.27753,212.99388,2.2349,1.90604,1.63466,1.40429,1.22083,1.09394,1.01317,0.96325,0.92759,213.01945,0.19916,0.15772,0.14035,0.12952,0.12414,0.12091,0.11967,0.11844,0.11784
,,,,,,,,,,212.50508,0.83191,0.67005,0.57102,0.51351,0.47673,0.45536,0.4424,0.43381,0.42981,212.48051,0.84992,0.73361,0.63418,0.54744,0.47624,0.42674,0.39523,0.37576,0.36184,212.50581,0.92663,0.73381,0.65298,0.60259,0.5776,0.56255,0.55679,0.55107,0.54827,,,,,,,,,,,212.50508,0.54847,0.43966,0.37099,0.33156,0.30866,0.29536,0.28725,0.28285,0.27947,212.48051,2.19637,1.88618,1.62358,1.40074,1.23283,1.11143,1.03154,0.98685,0.94528,212.50581,0.19927,0.15849,0.14179,0.13136,0.12616,0.12341,0.12202,0.12121,0.11994
,,,,,,,,,,211.99162,0.81987,0.66567,0.56935,0.51351,0.47804,0.45744,0.44488,0.43805,0.43283,212.00656,0.84516,0.73232,0.63334,0.5478,0.48091,0.43356,0.40239,0.38496,0.36875,211.99219,0.92712,0.73742,0.6597,0.6112,0.58699,0.5742,0.56772,0.56397,0.55805,,,,,,,,,,,211.99162,0.53716,0.43264,0.3687,0.33157,0.3097,0.29696,0.28974,0.28551,0.28287,212.00656,2.17878,1.88062,1.62594,1.41269,1.24525,1.12167,1.04711,1.00276,0.96466,211.99219,0.20021,0.16065,0.14464,0.13442,0.12942,0.12635,0.12528,0.1248,0.1236
,,,,,,,,,,211.51761,0.80571,0.65935,0.56934,0.51351,0.47964,0.4599,0.44872,0.44219,0.4381,211.49313,0.83284,0.72864,0.63334,0.55108,0.48576,0.43755,0.40847,0.39116,0.3763,211.51802,0.93151,0.74746,0.67295,0.62542,0.60213,0.58786,0.5829,0.58068,0.57507,,,,,,,,,,,211.51761,0.52938,0.42981,0.36763,0.33223,0.31155,0.29904,0.29253,0.2886,0.28557,211.49313,2.16658,1.87731,1.62572,1.42002,1.25671,1.14185,1.06541,1.0255,0.98535,211.51802,0.20227,0.16405,0.14773,0.13846,0.13341,0.13064,0.12894,0.12885,0.12739
,,,,,,,,,,211.00412,0.79445,0.65271,0.5672,0.51453,0.48251,0.46314,0.45304,0.44697,0.44228,211.01918,0.83238,0.72864,0.63418,0.55393,0.49023,0.44542,0.41561,0.40004,0.38438,211.00435,0.94109,0.76326,0.68733,0.64422,0.62073,0.60783,0.59992,0.59952,0.59269,,,,,,,,,,,211.00412,0.52024,0.42574,0.36762,0.33352,0.31372,0.30259,0.29563,0.2916,0.28908,211.01918,2.13015,1.86378,1.62249,1.42687,1.27225,1.16037,1.08896,1.04269,1.00971,211.00435,0.20379,0.16684,0.15094,0.14097,0.13638,0.13283,0.13247,0.13208,0.13053
,,,,,,,,,,210.49059,0.78144,0.64752,0.5672,0.51653,0.48587,0.46863,0.45785,0.45161,0.44771,210.50572,0.83238,0.72864,0.63418,0.55661,0.49629,0.45265,0.42479,0.40674,0.39388,210.49065,0.94819,0.77625,0.70225,0.6559,0.63452,0.61803,0.61632,0.61451,0.6073,,,,,,,,,,,210.49059,0.51297,0.42145,0.36623,0.3343,0.31546,0.30433,0.29823,0.29444,0.29233,210.50572,2.13499,1.86787,1.63534,1.44673,1.29121,1.18265,1.11319,1.06978,1.03805,210.49065,0.20736,0.17078,0.15482,0.14619,0.14148,0.13865,0.1378,0.13734,0.13623
,,,,,,,,,,210.01656,0.77135,0.64599,0.5672,0.51774,0.48856,0.47132,0.46188,0.45601,0.45274,209.9922,0.83238,0.72864,0.63793,0.56436,0.50369,0.46134,0.43424,0.41731,0.40493,210.01645,0.96476,0.79461,0.72032,0.68019,0.65827,0.64509,0.64113,0.63899,0.63384,,,,,,,,,,,210.01656,0.50457,0.4181,0.36622,0.33638,0.31948,0.30861,0.30162,0.29941,0.29785,209.9922,2.1338,1.879,1.64632,1.46919,1.32455,1.21616,1.14908,1.1119,1.07085,210.01645,0.21045,0.17489,0.15889,0.14848,0.14505,0.14269,0.14174,0.14076,0.14031
,,,,,,,,,,209.50298,0.76521,0.64549,0.5672,0.52096,0.49479,0.47795,0.46712,0.46371,0.46128,209.5182,0.83284,0.73219,0.64221,0.57312,0.5167,0.47441,0.44825,0.43374,0.41773,209.50267,0.97917,0.8137,0.73924,0.69082,0.67489,0.6639,0.65947,0.65489,0.65282,,,,,,,,,,,209.50298,0.49805,0.41711,0.36817,0.33863,0.32246,0.31205,0.30592,0.30425,0.30315,209.5182,2.13805,1.87697,1.65897,1.48521,1.34233,1.24071,1.17253,1.13009,1.09782,209.50267,0.21654,0.18073,0.16484,0.15604,0.15154,0.1495,0.14836,0.14771,0.14676
,,,,,,,,,,208.98938,0.75801,0.64549,0.57019,0.52444,0.4994,0.48328,0.47378,0.47121,0.4695,209.00468,0.83403,0.73298,0.64715,0.57937,0.52363,0.48399,0.45739,0.44084,0.42825,208.98892,1.0075,0.84087,0.76696,0.72601,0.70508,0.69557,0.69027,0.68724,0.68284,,,,,,,,,,,208.98938,0.49409,0.41679,0.3695,0.34193,0.32626,0.31668,0.31065,0.30839,0.3071,209.00468,2.14145,1.90087,1.68286,1.51137,1.37187,1.26324,1.19818,1.16336,1.12862,208.98892,0.22079,0.18553,0.17089,0.16073,0.15822,0.15543,0.15203,0.15182,0.15319
,,,,,,,,,,208.51527,0.75325,0.64549,0.57226,0.52955,0.50528,0.49044,0.48112,0.47761,0.47562,208.49112,0.83536,0.74151,0.65647,0.58957,0.53515,0.49278,0.4674,0.45382,0.44027,208.51466,1.02727,0.8632,0.79507,0.74784,0.73614,0.72318,0.70733,0.70638,0.71276,,,,,,,,,,,208.51527,0.48944,0.4167,0.37248,0.34707,0.33224,0.32307,0.31808,0.31585,0.31549,208.49112,2.15561,1.93019,1.72476,1.54654,1.41892,1.31566,1.24986,1.21667,1.17792,208.51466,0.22602,0.18895,0.17531,0.16613,0.16206,0.15988,0.15751,0.1576,0.1567
,,,,,,,,,,208.00166,0.74944,0.64549,0.57687,0.53751,0.51455,0.50034,0.49262,0.48917,0.4886,208.01704,0.83924,0.74977,0.67281,0.60329,0.55351,0.51323,0.48756,0.47461,0.45949,208.00084,1.05161,0.87913,0.81567,0.77293,0.75401,0.74387,0.73283,0.73326,0.72908,,,,,,,,,,,208.00166,0.48637,0.41701,0.37524,0.35027,0.33606,0.32698,0.32324,0.32256,0.32144,208.01704,2.15139,1.92204,1.73119,1.57672,1.4432,1.34554,1.27861,1.24926,1.20857,208.00084,0.23701,0.20116,0.18588,0.17636,0.17181,0.16945,0.16774,0.16673,0.16651
,,,,,,,,,,207.48801,0.74944,0.64583,0.58114,0.54247,0.52046,0.50641,0.50061,0.49956,0.49782,207.50346,0.84088,0.75295,0.67532,0.61506,0.56298,0.52488,0.49877,0.48732,0.47145,207.48701,1.10271,0.93594,0.86485,0.82056,0.79938,0.78838,0.78043,0.77575,0.77473,,,,,,,,,,,207.48801,0.4839,0.41829,0.3796,0.35695,0.34327,0.33464,0.33034,0.3291,0.32951,207.50346,2.19547,1.98013,1.77614,1.61439,1.48449,1.39641,1.33016,1.30466,1.25491,207.48701,0.24372,0.20978,0.19399,0.18349,0.17949,0.1763,0.17316,0.17507,0.17367
,,,,,,,,,,207.01384,0.74944,0.64782,0.5879,0.55282,0.53163,0.51827,0.51162,0.50969,0.51033,206.98984,0.85643,0.77243,0.69286,0.62976,0.57909,0.54473,0.51888,0.50894,0.48953,207.01271,1.13393,0.97602,0.90257,0.85373,0.8351,0.82025,0.80564,0.81456,0.80803,,,,,,,,,,,207.01384,0.48342,0.42209,0.38573,0.36455,0.3524,0.34353,0.34002,0.33698,0.33819,206.98984,2.22055,1.99997,1.81192,1.65955,1.53004,1.437,1.37116,1.33437,1.30255,207.01271,0.25816,0.21818,0.20279,0.19261,0.1885,0.18533,0.18188,0.18306,0.1819
,,,,,,,,,,206.50017,0.74944,0.6537,0.5974,0.56459,0.54577,0.53203,0.5266,0.5219,0.52377,206.51572,0.86621,0.78017,0.70681,0.64737,0.59685,0.56056,0.53488,0.52052,0.50811,206.49884,1.20113,1.01512,0.9435,0.89615,0.87705,0.86227,0.84625,0.8517,0.84633,,,,,,,,,,,206.50017,0.48439,0.4261,0.39224,0.37147,0.36018,0.35331,0.34943,0.34742,0.34784,206.51572,2.26012,2.05989,1.86092,1.70135,1.58102,1.48333,1.41973,1.38348,1.34598,206.49884,0.27513,0.23222,0.21728,0.20507,0.19977,0.19764,0.19405,0.19426,0.19282
,,,,,,,,,,205.98642,0.75019,0.65992,0.60748,0.5753,0.55782,0.54718,0.54118,0.53806,0.53871,206.00203,0.88165,0.80354,0.72593,0.66368,0.61674,0.57863,0.55382,0.53968,0.52505,205.98494,1.28011,1.08045,1.01094,0.95414,0.92947,0.91956,0.90285,0.90381,0.89711,,,,,,,,,,,205.98642,0.48585,0.43239,0.40015,0.38054,0.37089,0.36305,0.36056,0.35929,0.36013,206.00203,2.31302,2.10299,1.91248,1.75321,1.63297,1.53129,1.46365,1.43176,1.39044,205.98494,0.29469,0.24784,0.22761,0.21572,0.20957,0.20567,0.2038,0.20294,0.20202
,,,,,,,,,,205.51222,0.75245,0.66965,0.61973,0.58936,0.57441,0.56227,0.55842,0.55645,0.55774,205.48837,0.90229,0.82036,0.74604,0.68391,0.637,0.59734,0.57095,0.55851,0.5424,205.51056,1.37108,1.15313,1.05899,1.00366,0.97507,0.95689,0.9482,0.94423,0.93993,,,,,,,,,,,205.51222,0.48988,0.43783,0.40784,0.39021,0.3784,0.37354,0.37159,0.36754,0.36892,205.48837,2.37477,2.15633,1.97193,1.80602,1.67195,1.57512,1.5008,1.47357,1.4333,205.51056,0.31666,0.26359,0.24343,0.2279,0.21995,0.21812,0.21464,0.2141,0.21257
,,,,,,,,,,204.99847,0.75869,0.67808,0.63164,0.60433,0.58604,0.57852,0.57549,0.56922,0.57136,205.01418,0.92637,0.84116,0.76923,0.70451,0.65221,0.61444,0.58545,0.57483,0.55912,204.99663,1.4733,1.22638,1.1326,1.06033,1.02337,1.01485,0.99865,0.99612,0.98904,,,,,,,,,,,204.99847,0.49444,0.44717,0.41898,0.4032,0.39314,0.38814,0.38537,0.38064,0.38218,205.01418,2.42851,2.23053,2.0435,1.87032,1.73775,1.63561,1.56893,1.5224,1.48174,204.99663,0.33866,0.27952,0.25598,0.24111,0.23172,0.22796,0.22235,0.22491,0.22283
,,,,,,,,,,204.48471,0.76576,0.69255,0.64889,0.62445,0.60886,0.60113,0.59683,0.5895,0.5919,204.50047,0.94734,0.87011,0.79715,0.7296,0.67788,0.63804,0.61202,0.59387,0.57801,204.48268,1.57566,1.30053,1.19098,1.1218,1.07811,1.06062,1.03452,1.04643,1.03678,,,,,,,,,,,204.48471,0.49914,0.45672,0.42984,0.41289,0.40639,0.40156,0.4007,0.39728,0.39721,204.50047,2.52023,2.27702,2.11072,1.92192,1.77856,1.66701,1.60238,1.56398,1.51825,204.48268,0.36998,0.30306,0.27335,0.25593,0.24804,0.24001,0.24007,0.23701,0.23608
,,,,,,,,,,204.01041,0.77303,0.70733,0.6657,0.63945,0.62939,0.62191,0.62058,0.61528,0.61517,203.98671,0.98312,0.88824,0.82337,0.74972,0.6938,0.65029,0.62507,0.61009,0.59225,204.00822,1.72138,1.41002,1.27182,1.19075,1.15403,1.11671,1.11698,1.10275,1.09841,,,,,,,,,,,204.01041,0.50664,0.46514,0.44029,0.42531,0.4184,0.41175,0.40884,0.40815,0.4099,203.98671,2.54779,2.39254,2.1891,2.00319,1.83113,1.72464,1.64748,1.61003,1.56425,204.00822,0.40228,0.32343,0.29418,0.27261,0.26408,0.25177,0.25331,0.25148,0.25067
,,,,,,,,,,203.4966,0.78465,0.72037,0.68189,0.65869,0.64799,0.63769,0.63318,0.63212,0.63483,203.51247,0.99387,0.9333,0.85395,0.78143,0.71431,0.67277,0.64267,0.62806,0.6102,203.49423,1.8717,1.50482,1.36872,1.26834,1.2287,1.17142,1.17856,1.17007,1.1663,,,,,,,,,,,203.4966,0.51841,0.47808,0.45572,0.44417,0.43661,0.42895,0.43098,0.42895,0.42962,203.51247,2.92349,2.56069,2.33214,2.10141,1.94648,1.80485,1.72843,1.68086,1.62493,203.49423,0.42659,0.34074,0.30437,0.28408,0.27486,0.26244,0.25871,0.26137,0.26007
,,,,,,,,,,202.98277,0.80288,0.74041,0.70579,0.6879,0.67619,0.66433,0.66748,0.66433,0.66536,202.99872,1.06371,0.9989,0.90975,0.81974,0.7593,0.70405,0.67424,0.65569,0.63387,202.98024,1.98477,1.58536,1.41613,1.32174,1.27885,1.22103,1.2037,1.21608,1.21002,,,,,,,,,,,202.98277,0.52729,0.49057,0.46792,0.45544,0.45107,0.44211,0.44456,0.44211,0.44347,202.99872,2.72684,2.61351,2.36638,2.14329,1.98193,1.85248,1.75451,1.7013,1.6513,202.98024,0.46155,0.36981,0.32845,0.30393,0.29184,0.28595,0.28062,0.27986,0.27838
,,,,,,,,,,202.50844,0.81663,0.75976,0.72468,0.70535,0.69859,0.68472,0.68851,0.68471,0.68681,202.48491,1.11896,1.0195,0.9231,0.83608,0.77313,0.72264,0.68442,0.66366,0.64416,202.50575,2.14744,1.72062,1.52816,1.41411,1.35783,1.33041,1.30562,1.30211,1.29519,,,,,,,,,,,202.50844,0.53722,0.49952,0.48234,0.47171,0.4665,0.46166,0.45911,0.45379,0.45865,202.48491,3.0274,2.81092,2.45226,2.26583,2.08571,1.91726,1.82103,1.7654,1.70094,202.50575,0.48807,0.3862,0.34468,0.31885,0.30214,0.2958,0.29337,0.29265,0.28824
,,,,,,,,,,201.99457,0.832,0.77362,0.74702,0.73055,0.72248,0.71499,0.71104,0.70279,0.71032,202.01062,1.11896,1.08313,0.9566,0.88388,0.81361,0.7479,0.71037,0.68867,0.66352,201.9917,2.27082,1.79688,1.60367,1.48349,1.40576,1.37628,1.36497,1.36162,1.3411,,,,,,,,,,,201.99457,0.55468,0.52206,0.49771,0.49373,0.49074,0.48128,0.48259,0.48305,0.48382,202.01062,2.86847,2.77661,2.58127,2.36329,2.15117,1.97215,1.87079,1.80373,1.73934,201.9917,0.51488,0.40929,0.35801,0.33426,0.32198,0.31286,0.30975,0.30699,0.30315
,,,,,,,,,,201.48068,0.85905,0.80853,0.77081,0.76465,0.76002,0.74538,0.7474,0.74811,0.74931,201.49677,1.11896,1.09651,1.00693,0.9219,0.83915,0.76931,0.72978,0.70362,0.6785,201.51717,2.39558,1.90431,1.6657,1.55521,1.49807,1.45566,1.44119,1.42832,1.41048,,,,,,,,,,,201.48068,0.57409,0.53955,0.51841,0.51013,0.50756,0.49978,0.4999,0.49684,0.50096,201.49677,2.92047,2.89954,2.62431,2.43404,2.24874,2.02664,1.91698,1.81144,1.76851,201.51717,0.54187,0.43248,0.38322,0.35567,0.34092,0.33059,0.32775,0.32425,0.32049
,,,,,,,,,,201.00629,0.88911,0.83561,0.80288,0.79006,0.78608,0.77402,0.77421,0.76948,0.77585,200.98291,1.11896,1.10264,1.02096,0.9495,0.87721,0.79057,0.7478,0.70663,0.68988,201.00308,2.52116,2.01218,1.78302,1.6548,1.58619,1.53813,1.5249,1.50865,1.49112,,,,,,,,,,,201.00629,0.59766,0.5619,0.54217,0.53151,0.52991,0.5203,0.52072,0.51541,0.52003,200.98291,2.985,2.99781,2.74096,2.50203,2.29668,2.08248,1.98223,1.87877,1.81234,201.00308,0.5629,0.4497,0.39411,0.37034,0.35491,0.34576,0.34132,0.33749,0.33442
,,,,,,,,,,200.49236,0.95925,0.90144,0.86226,0.855,0.85204,0.84021,0.83864,0.83486,0.82858,200.50856,1.16442,1.11857,1.06922,0.97602,0.89591,0.82582,0.77325,0.74261,0.71087,200.48898,2.72728,2.18913,1.93853,1.80995,1.71196,1.68627,1.67899,1.66899,1.62492,,,,,,,,,,,200.49236,0.61938,0.58205,0.55675,0.55207,0.55016,0.54251,0.5415,0.53906,0.535,200.50856,2.8532,2.82663,2.61723,2.45187,2.29342,2.117,1.98144,1.90368,1.82233,200.48898,0.58617,0.47051,0.41665,0.38901,0.36795,0.36243,0.36087,0.35872,0.34924
,,,,,,,,,,200.01793,0.99688,0.9422,0.91099,0.88838,0.88906,0.87527,0.87878,0.86956,0.87708,199.99466,1.18883,1.11857,1.11239,0.98094,0.92103,0.85501,0.79613,0.76779,0.72859,200.01437,2.8374,2.26016,2.01929,1.87397,1.8025,1.76069,1.74378,1.72252,1.70533,,,,,,,,,,,200.01793,0.64368,0.60837,0.58821,0.57362,0.57406,0.56516,0.56742,0.56147,0.56632,199.99466,3.04758,2.86747,2.85161,2.51466,2.36107,2.19183,2.04088,1.96822,1.86774,200.01437,0.60984,0.48578,0.43401,0.40277,0.38741,0.37843,0.37479,0.37022,0.36653
