D-2_smoothed_normalized_wavelength_nm,D-2_smoothed_normalized_abs_au,P-2_smoothed_normalized_wavelength_nm,P-2_smoothed_normalized_abs_au,D-3_smoothed_normalized_wavelength_nm,D-3_smoothed_normalized_abs_au,P-3_smoothed_normalized_wavelength_nm,P-3_smoothed_normalized_abs_au,D-4_smoothed_normalized_wavelength_nm,D-4_smoothed_normalized_abs_au,P-4_smoothed_normalized_wavelength_nm,P-4_smoothed_normalized_abs_au,D-2_raw_wavelength_nm,D-2_raw_abs_au,P-2_raw_wavelength_nm,P-2_raw_abs_au,D-3_raw_wavelength_nm,D-3_raw_abs_au,P-3_raw_wavelength_nm,P-3_raw_abs_au,D-4_raw_wavelength_nm,D-4_raw_abs_au,P-4_raw_wavelength_nm,P-4_raw_abs_au
799.99255,7.99E-04,799.99255,-0.00152,799.99213,-0.00107,799.99213,-0.00259,800.00488,0.0097,800.00488,0.00698,799.99255,3.89E-04,799.99255,-7.38E-04,799.99213,-0.00105,799.99213,-0.00255,800.00488,0.00864,800.00488,0.00622
799.50708,7.99E-04,799.50708,-0.00152,799.50641,-0.00107,799.50641,-0.00186,799.48492,0.00995,799.48492,0.00788,799.50708,-0.00118,799.50708,-0.00258,799.50641,-0.0011,799.50641,-0.00184,799.48492,0.00887,799.48492,0.00702
798.98676,3.76E-04,798.98676,-0.00152,798.9859,-0.00107,798.9859,-0.00186,798.99945,0.0097,798.99945,0.00788,798.98676,8.59E-04,798.98676,3.50E-04,798.9859,-5.66E-04,798.9859,-0.00108,798.99945,0.00982,798.99945,0.00932
798.50104,3.76E-04,798.50104,-5.85E-04,798.50006,-0.00111,798.50006,-0.00141,798.51386,0.00975,798.51386,0.01039,798.50104,1.83E-04,798.50104,-2.61E-04,798.50006,-3.31E-04,798.50006,-0.00139,798.51386,0.00861,798.51386,0.00926
798.0152,0.00177,798.0152,-5.85E-04,798.01416,-0.00152,798.01416,-0.00141,797.99353,0.00975,797.99353,0.01039,798.0152,9.41E-04,798.0152,-2.84E-04,798.01416,-6.56E-04,798.01416,-0.00111,797.99353,0.01001,797.99353,0.00946
797.49457,3.76E-04,797.49457,-0.00158,797.49335,-0.00152,797.49335,-0.00169,797.50787,0.00975,797.50787,0.00891,797.49457,0.00204,797.49457,9.47E-04,797.49335,-0.00149,797.49335,-0.00125,797.50787,0.00869,797.50787,0.01
797.00854,9.73E-04,797.00854,-0.00158,797.00714,-0.00152,797.00714,-0.00169,796.9873,0.01014,796.9873,0.00891,797.00854,0.00121,797.00854,-7.68E-04,797.00714,-0.00162,797.00714,-0.00284,796.9873,0.00904,796.9873,0.00794
796.48779,9.73E-04,796.48779,-0.00158,796.48614,-0.00152,796.48614,-0.00176,796.50134,0.01014,796.50134,0.00891,796.48779,1.41E-04,796.48779,-0.00178,796.48614,-5.45E-04,796.48614,-0.00167,796.50134,0.0092,796.50134,0.00794
796.00159,9.42E-04,796.00159,-0.00158,795.99988,-6.01E-04,795.99988,-0.00229,796.01532,0.01032,796.01532,0.00891,796.00159,4.73E-04,796.00159,-6.56E-04,795.99988,-4.07E-04,795.99988,-0.00112,796.01532,0.00953,796.01532,0.00835
795.51526,7.91E-04,795.51526,-0.00135,795.51343,-5.53E-04,795.51343,-0.00176,795.49451,0.01032,795.49451,0.0093,795.51526,0.00133,795.51526,9.72E-04,795.51343,-4.71E-04,795.51343,-0.00173,795.49451,0.00966,795.49451,0.00996
794.9942,7.91E-04,794.9942,-0.00135,794.99207,-4.78E-04,794.99207,-0.00176,795.0083,0.01054,795.0083,0.00937,794.9942,4.58E-04,794.9942,2.13E-04,794.99207,-5.93E-04,794.99207,-0.00226,795.0083,0.00939,795.0083,0.00948
794.50769,-0.00118,794.50769,1.55E-04,794.50537,-6.01E-04,794.50537,-0.00176,794.48718,0.00996,794.48718,0.0093,794.50769,3.84E-04,794.50769,7.54E-05,794.50537,-1.70E-04,794.50537,-0.00127,794.48718,0.00852,794.48718,0.00829
793.98633,-0.00118,793.98633,1.55E-04,793.98395,-9.35E-04,793.98395,-0.00129,794.00079,0.00956,794.00079,0.0093,793.98633,-5.73E-04,793.98633,-0.00157,793.98395,-3.20E-04,793.98395,-3.48E-04,794.00079,0.00991,794.00079,0.00871
793.49963,-0.00234,793.49963,-0.00158,793.49707,-0.00136,793.49707,-0.00129,793.51428,0.00956,793.51428,0.00892,793.49963,-0.00146,793.49963,0.00537,793.49707,-9.22E-04,793.49707,-4.89E-04,793.51428,0.00888,793.51428,0.00792
793.01282,-0.00234,793.01282,-0.00158,793.01019,-0.00136,793.01019,-0.00217,792.9928,0.00857,792.9928,0.00892,793.01282,-4.47E-05,793.01282,7.69E-04,793.01019,-0.0017,793.01019,-0.0011,792.9928,0.00764,792.9928,0.00886
792.49121,-0.00234,792.49121,-0.00141,792.48828,-0.00136,792.48828,-0.00217,792.50623,0.00857,792.50623,0.00892,792.49121,-0.00114,792.49121,-7.69E-04,792.48828,-0.00134,792.48828,-0.00214,792.50623,0.00876,792.50623,0.00795
792.00427,-2.35E-04,792.00427,-0.00141,792.00128,-0.00136,792.00128,-0.0022,791.98462,0.00857,791.98462,0.00964,792.00427,0.00167,792.00427,-3.21E-04,792.00128,-3.05E-04,792.00128,-0.00264,791.98462,0.00757,791.98462,0.00953
791.51715,-2.35E-04,791.51715,-0.00141,791.51404,-3.10E-04,791.51404,-0.0022,791.49768,0.00982,791.49768,0.00964,791.51715,2.33E-07,791.51715,-6.84E-04,791.51404,0.00285,791.51404,-0.00133,791.49768,0.0093,791.49768,0.00859
790.9953,-2.35E-04,790.9953,-0.00141,790.99188,-3.10E-04,790.99188,-0.0022,791.01068,0.00998,791.01068,0.00964,790.9953,-1.14E-04,790.9953,8.02E-04,790.99188,0.00217,790.99188,-0.00217,791.01068,0.01018,791.01068,0.00913
790.50806,-7.25E-04,790.50806,-0.00255,790.50446,-0.00113,790.50446,-0.00192,790.48889,0.00998,790.48889,0.00964,790.50806,8.84E-04,790.50806,3.61E-04,790.50446,7.98E-04,790.50446,-0.00189,790.48889,0.00906,790.48889,0.00874
789.98584,-7.25E-04,789.98584,-0.00255,790.01697,-0.00187,790.01697,-0.00192,790.00171,0.00998,790.00171,0.00948,789.98584,-3.53E-04,789.98584,-0.00128,790.01697,-0.00112,790.01697,-0.00155,790.00171,0.0089,790.00171,0.00845
789.49835,-0.00317,789.49835,-0.00262,789.49457,-0.00187,789.49457,-0.00165,789.5144,0.00969,789.5144,0.00948,789.49835,-0.00154,789.49835,-0.00124,789.49457,-0.00184,789.49457,-7.94E-04,789.5144,0.00863,789.5144,0.00916
789.0108,-0.00317,789.0108,-0.00262,789.00684,-0.00187,789.00684,-0.00165,788.99219,0.00905,788.99219,0.00871,789.0108,8.90E-04,789.0108,-2.20E-04,789.00684,-0.00218,789.00684,-0.00163,788.99219,0.00935,788.99219,0.00771
788.4884,-0.00317,788.4884,-0.00255,788.48413,-0.00187,788.48413,-0.00165,788.50476,0.00905,788.50476,0.00871,788.4884,-0.00172,788.4884,-0.00168,788.48413,-0.00133,788.48413,-0.00124,788.50476,0.00807,788.50476,0.00885
788.00067,9.83E-04,788.00067,-4.53E-04,787.99634,-0.00149,787.99634,-0.00236,788.01721,0.00905,788.01721,0.00871,788.00067,0.00177,788.00067,9.22E-04,787.99634,-0.00145,787.99634,-0.00241,788.01721,0.00771,788.01721,0.00776
787.51282,9.83E-04,787.51282,-2.85E-04,787.50836,-0.00147,787.50836,-0.00236,787.49469,0.00905,787.49469,0.00961,787.51282,6.80E-04,787.51282,-1.39E-04,787.50836,-0.00104,787.50836,-0.00126,787.49469,0.00959,787.49469,0.00856
786.99011,9.83E-04,786.99011,-2.85E-04,786.98541,-0.00149,786.98541,-0.00236,787.0069,0.0101,787.0069,0.00961,786.99011,4.78E-04,786.99011,-8.96E-05,786.98541,-0.00147,786.98541,-0.00233,787.0069,0.00977,787.0069,0.01138
786.50201,9.83E-04,786.50201,-2.85E-04,786.49719,-0.00149,786.49719,-0.00153,786.48425,0.01041,786.48425,0.00961,786.50201,0.00121,786.50201,-1.14E-04,786.49719,-2.16E-04,786.49719,-0.00126,786.48425,0.00928,786.48425,0.00967
786.01392,9.83E-04,786.01392,-4.90E-04,786.00891,-0.00149,786.00891,-0.00204,785.99634,0.01041,785.99634,0.00998,786.01392,-5.72E-04,786.01392,-9.03E-04,786.00891,-0.0016,786.00891,-0.00131,785.99634,0.009,785.99634,0.00889
785.49078,0.00248,785.49078,-0.00103,785.48572,-0.00163,785.48572,-0.00153,785.50824,0.01041,785.50824,0.00938,785.49078,0.00208,785.49078,4.94E-04,785.48572,-0.00137,785.48572,-0.0015,785.50824,0.00995,785.50824,0.00836
785.0025,-0.00118,785.0025,-0.00186,784.99725,-0.00168,784.99725,-0.00153,784.98523,0.01059,784.98523,0.00923,785.0025,0.00387,785.0025,-2.39E-04,784.99725,2.19E-04,784.99725,-0.00201,784.98523,0.00991,784.98523,0.01013
784.51416,-2.07E-04,784.51416,-0.00296,784.50867,-0.00168,784.50867,-0.00153,784.49701,0.01059,784.49701,0.00905,784.51416,0.00264,784.51416,-5.00E-04,784.50867,-0.00166,784.50867,-0.00106,784.49701,0.00993,784.49701,0.00822
783.99072,-2.07E-04,783.99072,-0.00296,783.98517,-0.00168,783.98517,-0.00204,784.00873,0.01059,784.00873,0.00891,783.99072,-0.00179,783.99072,-0.00213,783.98517,-0.00186,783.98517,-0.00135,784.00873,0.00944,784.00873,0.00777
783.50214,-2.07E-04,783.50214,-0.00296,783.49646,-0.00168,783.49646,-0.00175,783.48535,0.01045,783.48535,0.00891,783.50214,-1.01E-04,783.50214,-0.00144,783.49646,-3.96E-05,783.49646,-5.66E-04,783.48535,0.0079,783.48535,0.00807
783.01343,-0.00323,783.01343,-0.00296,783.00757,-0.00111,783.00757,-0.00175,782.99683,0.01045,782.99683,0.00891,783.01343,0.00103,783.01343,0.00105,783.00757,-4.07E-04,783.00757,-0.00241,782.99683,0.00949,782.99683,0.00794
782.48981,-0.00171,782.48981,-0.00176,782.48364,-0.00111,782.48364,-0.00175,782.50824,0.01045,782.50824,0.00905,782.48981,-9.16E-05,782.48981,-8.57E-04,782.48364,-5.17E-04,782.48364,-0.00172,782.50824,0.00931,782.50824,0.00892
782.00098,-0.00171,782.00098,-0.00176,781.99463,-0.00128,781.99463,-0.00175,781.98462,0.01065,781.98462,0.01001,782.00098,-0.00157,782.00098,-7.94E-04,781.99463,-0.00109,781.99463,-9.49E-04,781.98462,0.00989,781.98462,0.00999
781.51196,-0.00171,781.51196,-0.00198,781.50549,-0.00128,781.50549,-0.00167,781.49579,0.01045,781.49579,0.01032,781.51196,-8.30E-04,781.51196,-7.68E-04,781.50549,-0.00168,781.50549,-0.00119,781.49579,0.01127,781.49579,0.00931
780.98792,-0.00171,780.98792,-0.00198,781.01636,-0.00128,781.01636,-0.00141,781.00696,0.01093,781.00696,0.01044,780.98792,7.26E-04,780.98792,-9.89E-04,781.01636,-0.00126,781.01636,-0.00165,781.00696,0.00974,781.00696,0.00951
780.49884,-3.68E-04,780.49884,-0.00198,780.49207,-0.00128,780.49207,-0.00167,780.48309,0.01059,780.48309,0.01044,780.49884,-1.79E-04,780.49884,-9.64E-04,780.49207,-5.90E-04,780.49207,-0.00139,780.48309,0.00813,780.48309,0.0092
780.00958,-3.68E-04,780.00958,-0.00198,780.00262,-0.00128,780.00262,-0.00174,779.99396,0.01059,779.99396,0.01032,780.00958,0.00155,780.00958,0.00142,780.00262,-7.93E-05,780.00262,-9.49E-04,779.99396,0.00985,779.99396,0.00931
779.48523,-4.18E-04,779.48523,-0.00198,779.51312,-0.0017,779.51312,-0.00175,779.50476,0.01059,779.50476,0.01032,779.48523,0.00217,779.48523,-2.08E-04,779.51312,-6.06E-04,779.51312,-0.00215,779.50476,0.00944,779.50476,0.00966
778.99585,-4.18E-04,778.99585,-0.00235,778.98865,-0.0017,778.98865,-0.00175,779.0155,0.01106,779.0155,0.01044,778.99585,-2.03E-04,778.99585,-7.24E-05,778.98865,-0.00167,778.98865,-0.00172,779.0155,0.0099,779.0155,0.00877
778.50629,-4.18E-04,778.50629,-0.00235,778.49896,-0.0017,778.49896,-0.00175,778.49115,0.0111,778.49115,0.01066,778.50629,-9.64E-04,778.50629,-0.00114,778.49896,-0.00251,778.49896,-0.00172,778.49115,0.00989,778.49115,0.0095
778.01666,-4.18E-04,778.01666,-0.00235,778.00909,-0.0017,778.00909,-0.00174,778.00171,0.0111,778.00171,0.00984,778.01666,-4.15E-05,778.01666,-0.00139,778.00909,-0.00151,778.00909,-8.34E-04,778.00171,0.01003,778.00171,0.01019
777.492,-8.54E-05,777.492,-0.00235,777.48431,-0.00165,777.48431,-0.00175,777.51215,0.0111,777.51215,0.0097,777.492,3.65E-04,777.492,0.00204,777.48431,-5.75E-04,777.48431,-0.00147,777.51215,0.01029,777.51215,0.00955
777.0022,2.02E-04,777.0022,-0.00108,776.99426,-0.00154,776.99426,-0.00183,776.98755,0.011,776.98755,0.00939,777.0022,0.00127,777.0022,-5.23E-04,776.99426,-0.00132,776.99426,0.00101,776.98755,0.0098,776.98755,0.00865
776.51227,2.02E-04,776.51227,2.11E-04,776.50421,-0.00144,776.50421,-0.00183,776.4978,0.01034,776.4978,0.00939,776.51227,6.16E-04,776.51227,7.62E-04,776.50421,-0.00163,776.50421,-0.00181,776.4978,0.01032,776.4978,0.00837
775.98724,-5.86E-04,775.98724,-4.96E-04,776.0141,-0.00165,776.0141,-0.00224,776.008,0.01029,776.008,0.00897,775.98724,9.81E-05,775.98724,6.86E-04,776.0141,-0.00142,776.0141,-0.00227,776.008,0.00922,776.008,0.00768
775.49719,-5.86E-04,775.49719,1.74E-04,775.48883,-0.00165,775.48883,-0.0023,775.48309,0.01029,775.48309,0.00883,775.49719,-2.85E-04,775.49719,1.03E-04,775.48883,-6.96E-04,775.48883,-0.00126,775.48309,0.00882,775.48309,0.00901
775.00696,-5.86E-04,775.00696,-3.93E-04,774.99847,-0.00197,774.99847,-0.0023,774.99304,0.0099,774.99304,0.00883,775.00696,-6.35E-04,775.00696,-2.41E-04,774.99847,-0.00163,774.99847,-0.00221,774.99304,0.00918,774.99304,0.00799
774.51672,-5.86E-04,774.51672,-3.93E-04,774.508,-0.00197,774.508,-0.00224,774.50287,0.00955,774.50287,0.00897,774.51672,0.00126,774.51672,8.47E-05,774.508,-0.00247,774.508,-0.00263,774.50287,0.00943,774.50287,0.00787
773.99127,8.07E-04,773.99127,-4.96E-04,774.01752,-0.00197,774.01752,-0.00224,774.0127,0.00955,774.0127,0.00897,773.99127,9.52E-04,773.99127,-1.91E-04,774.01752,-0.00194,774.01752,-0.00168,774.0127,0.00851,774.0127,0.00877
773.50085,0.00111,773.50085,-3.93E-04,773.49182,-0.00197,773.49182,-0.00214,773.48737,0.00955,773.48737,0.00952,773.50085,3.92E-04,773.50085,0.0017,773.49182,-0.00165,773.49182,-0.0021,773.48737,0.00811,773.48737,0.00901
773.01025,8.07E-04,773.01025,-0.00127,773.0011,-0.00197,773.0011,-0.00198,772.99695,0.00955,772.99695,0.00975,773.01025,5.38E-04,773.01025,-6.20E-04,773.0011,-0.00163,773.0011,-0.00187,772.99695,0.01002,772.99695,0.01007
772.48456,-4.23E-04,772.48456,-0.00143,772.51031,-0.00167,772.51031,-0.00198,772.50653,0.0096,772.50653,0.00952,772.48456,6.49E-04,772.48456,2.39E-04,772.51031,-0.00141,772.51031,-0.00119,772.50653,0.00953,772.50653,0.00849
771.99384,-4.23E-04,771.99384,-0.00143,771.98438,-0.00165,771.98438,-0.0019,772.01593,0.01069,772.01593,0.00952,771.99384,-2.06E-04,771.99384,-6.95E-04,771.98438,-0.00211,771.98438,-0.00195,772.01593,0.00968,772.01593,0.00869
771.50299,-4.23E-04,771.50299,-0.00179,771.49335,-0.00143,771.49335,-0.0014,771.49023,0.01049,771.49023,0.00952,771.50299,-3.17E-04,771.50299,-0.0016,771.49335,-2.21E-04,771.49335,-0.00138,771.49023,0.00856,771.49023,0.00814
771.01208,-4.23E-04,771.01208,-0.00179,771.00226,-0.00156,771.00226,-0.00154,770.99945,0.01049,770.99945,0.00975,771.01208,8.77E-04,771.01208,1.44E-04,771.00226,7.76E-05,771.00226,-0.00109,770.99945,0.01214,770.99945,0.009
770.48596,5.77E-04,770.48596,-0.00179,770.51105,-0.00156,770.51105,-0.00148,770.50861,0.0096,770.50861,0.00913,770.48596,8.54E-04,770.48596,-8.72E-04,770.51105,-1.99E-04,770.51105,-6.22E-04,770.50861,0.00935,770.50861,0.00996
769.99481,5.77E-04,769.99481,-0.00165,769.98468,-0.00203,769.98468,-0.00154,769.98254,0.00981,769.98254,0.0101,769.99481,2.81E-04,769.99481,1.45E-04,769.98468,-0.00154,769.98468,-0.00152,769.98254,0.00953,769.98254,0.00908
769.5036,5.77E-04,769.5036,-0.00165,769.49335,-0.00204,769.49335,-0.002,769.49158,0.00981,769.49158,0.00935,769.5036,4.63E-04,769.5036,4.44E-05,769.49335,-0.00209,769.49335,-0.00146,769.49158,0.0085,769.49158,0.00809
769.01233,5.77E-04,769.01233,-8.08E-04,769.00189,-0.00204,769.00189,-0.002,769.00043,0.00981,769.00043,0.00935,769.01233,-3.39E-04,769.01233,-8.01E-04,769.00189,-0.002,769.00189,-0.00197,769.00043,0.00874,769.00043,0.00926
768.48584,7.86E-04,768.48584,-8.08E-04,768.51038,-0.00204,768.51038,-0.00262,768.50916,0.00954,768.50916,0.00935,768.48584,3.82E-04,768.48584,-3.93E-04,768.51038,-0.00201,768.51038,-0.00296,768.50916,0.0089,768.50916,0.00833
767.99432,-6.97E-04,767.99432,-8.62E-04,767.98364,-0.00204,767.98364,-0.00262,767.98279,0.00977,767.98279,0.00954,767.99432,6.57E-04,767.99432,-2.28E-04,767.98364,-0.00119,767.98364,-0.0016,767.98279,0.01029,767.98279,0.00996
767.50281,-1.65E-04,767.50281,-8.62E-04,767.49188,-0.00204,767.49188,-0.00262,767.49133,0.00977,767.49133,0.00954,767.50281,0.00215,767.50281,7.05E-04,767.49188,-0.00199,767.49188,-0.00258,767.49133,0.00827,767.49133,0.0085
767.01111,-2.29E-04,767.01111,-0.00134,767,-0.00202,767,-0.00173,766.99982,0.00977,766.99982,0.00969,767.01111,-4.98E-04,767.01111,-4.19E-04,767,-0.00216,767,-0.0017,766.99982,0.00871,766.99982,0.00864
766.48419,-2.29E-04,766.48419,-0.00134,766.50812,-0.00202,766.50812,-0.00198,766.50824,0.00977,766.50824,0.00969,766.48419,-8.04E-05,766.48419,-0.0012,766.50812,-0.00101,766.50812,-3.12E-04,766.50824,0.00957,766.50824,0.00944
765.99231,-2.29E-04,765.99231,-0.00134,766.01611,-0.00191,766.01611,-0.0019,766.01654,0.01029,766.01654,0.00969,765.99231,-1.11E-04,765.99231,-6.52E-04,766.01611,-7.72E-04,766.01611,-5.66E-04,766.01654,0.00969,766.01654,0.00929
765.50043,-2.29E-04,765.50043,-0.00134,765.48889,-0.00191,765.48889,-0.00198,765.48969,0.01029,765.48969,0.00961,765.50043,1.23E-04,765.50043,1.27E-04,765.48889,-0.00122,765.48889,-0.00195,765.48969,0.00917,765.48969,0.00938
765.00836,-3.75E-04,765.00836,-0.00121,764.99664,-0.00191,764.99664,-0.00198,764.99774,0.01029,764.99774,0.00961,765.00836,-7.09E-05,765.00836,-3.34E-04,764.99664,-0.00188,764.99664,-0.00187,764.99774,0.01,764.99774,0.00847
764.51624,-3.97E-04,764.51624,-7.70E-04,764.50433,-0.00191,764.50433,-0.00198,764.50574,0.01029,764.50574,0.00961,764.51624,-1.93E-04,764.51624,-5.88E-04,764.50433,-0.00207,764.50433,-0.00216,764.50574,0.00821,764.50574,0.00856
763.98889,-4.95E-04,763.98889,-0.00121,764.01202,-0.00191,764.01202,-0.0019,764.01373,0.01039,764.01373,0.00961,763.98889,-1.82E-04,763.98889,-3.12E-04,764.01202,4.74E-04,764.01202,-0.00134,764.01373,0.00938,764.01373,0.01039
763.49658,-4.95E-04,763.49658,-0.00221,763.48431,-0.00124,763.48431,-0.00136,763.48645,0.01039,763.48645,0.00961,763.49658,-3.84E-04,763.49658,-3.75E-04,763.48431,0.00109,763.48431,-5.89E-04,763.48645,0.00928,763.48645,0.00901
763.00415,-4.95E-04,763.00415,-0.00221,762.99182,-0.00124,762.99182,-0.00136,762.9942,0.01039,762.9942,0.0101,763.00415,-2.41E-04,763.00415,-0.00121,762.99182,6.01E-04,762.99182,-1.69E-04,762.9942,0.00926,762.9942,0.00934
762.51166,-4.95E-04,762.51166,-0.00221,762.49915,-0.00138,762.49915,-0.00104,762.50189,0.01001,762.50189,0.00941,762.51166,2.30E-05,762.51166,-0.00108,762.49915,-0.00122,762.49915,2.82E-06,762.50189,0.00939,762.50189,0.00839
761.98389,-4.95E-04,761.98389,-0.00221,762.00635,-0.00138,762.00635,-0.00152,762.00946,0.00999,762.00946,0.00931,761.98389,6.06E-05,761.98389,-2.97E-04,762.00635,-0.00136,762.00635,-0.0015,762.00946,0.00892,762.00946,0.00949
761.49121,-1.65E-04,761.49121,-0.00221,761.51355,-0.0015,761.51355,-0.00177,761.51691,0.00999,761.51691,0.00931,761.49121,-8.00E-05,761.49121,-5.34E-04,761.51355,-0.0015,761.51355,-0.00102,761.51691,0.00852,761.51691,0.0083
760.99841,-1.65E-04,760.99841,-0.00113,760.98541,-0.0015,760.98541,-0.00177,760.98914,0.00999,760.98914,0.00931,760.99841,-2.72E-04,760.99841,-5.51E-04,760.98541,-0.00135,760.98541,-0.00175,760.98914,0.0089,760.98914,0.00795
760.50555,-1.65E-04,760.50555,-0.0013,760.49243,-0.0015,760.49243,-0.00177,760.4964,0.00956,760.4964,0.00931,760.50555,6.42E-05,760.50555,-0.00154,760.49243,-0.00148,760.49243,-0.00175,760.4964,0.00898,760.4964,0.00843
760.01263,-1.80E-04,760.01263,-0.0013,759.99933,-0.00137,759.99933,-0.00177,760.00366,0.00965,760.00366,0.00946,760.01263,1.02E-04,760.01263,1.49E-04,759.99933,-3.32E-04,759.99933,-8.70E-04,760.00366,0.01028,760.00366,0.00894
759.48438,1.32E-04,759.48438,-0.0013,759.5061,-0.0015,759.5061,-0.00148,759.5108,0.00965,759.5108,0.00978,759.48438,6.04E-04,759.48438,-6.34E-04,759.5061,-2.97E-04,759.5061,-2.65E-04,759.5108,0.00795,759.5108,0.00882
758.99121,2.10E-04,758.99121,-0.00122,759.01282,-0.00122,759.01282,-0.00148,758.98261,0.00965,758.98261,0.00978,758.99121,-8.75E-05,758.99121,1.59E-04,759.01282,-0.00121,759.01282,-0.00109,758.98261,0.0086,758.98261,0.00872
758.49799,8.12E-04,758.49799,-0.0013,758.48419,-0.00157,758.48419,-0.0015,758.4895,0.00965,758.4895,0.00958,758.49799,3.95E-04,758.49799,-5.93E-04,758.48419,-0.00161,758.48419,-0.00146,758.4895,0.00883,758.4895,0.00907
758.0047,8.12E-04,758.0047,-0.00122,757.99072,-0.00157,757.99072,-0.00169,757.99634,0.00981,757.99634,0.00923,758.0047,9.65E-04,758.0047,-2.15E-04,757.99072,-7.65E-04,757.99072,-0.00229,757.99634,0.00874,757.99634,0.00794
757.51123,0.00198,757.51123,-0.00122,757.49713,-0.00157,757.49713,-0.00191,757.50323,0.00991,757.50323,0.00923,757.51123,0.00133,757.51123,-0.00131,757.49713,-0.00155,757.49713,-0.00147,757.50323,0.00911,757.50323,0.00853
756.98254,0.00198,756.98254,-0.0027,757.00348,-0.00128,757.00348,-0.00191,757.00983,0.01022,757.00983,0.00923,756.98254,0.00123,756.98254,2.85E-04,757.00348,-1.98E-04,757.00348,-0.00166,757.00983,0.00937,757.00983,0.00822
756.48895,-4.71E-04,756.48895,-0.0027,756.50983,-0.00128,756.50983,-0.00169,756.51642,0.01022,756.51642,0.00958,756.48895,0.00124,756.48895,-3.50E-04,756.50983,-6.44E-04,756.50983,-0.00188,756.51642,0.00927,756.51642,0.00893
755.99524,-7.46E-04,755.99524,-0.00286,756.01593,-6.53E-04,756.01593,-0.00169,755.98767,0.01036,755.98767,0.00961,755.99524,-3.63E-04,755.99524,-0.00139,756.01593,-0.00126,756.01593,-7.00E-04,755.98767,0.00923,755.98767,0.00895
755.50146,-7.46E-04,755.50146,-0.00286,755.48676,-0.00128,755.48676,-0.00191,755.49402,0.01026,755.49402,0.00994,755.50146,-2.29E-04,755.50146,-0.00124,755.48676,-3.77E-04,755.48676,3.94E-04,755.49402,0.00863,755.49402,0.00886
755.00757,-7.46E-04,755.00757,-0.00286,754.99268,-0.00146,754.99268,-0.0016,755.00031,0.00969,755.00031,0.00994,755.00757,-4.42E-04,755.00757,-0.00178,754.99268,-5.99E-04,754.99268,-0.00158,755.00031,0.00954,755.00031,0.00857
754.51373,-7.65E-04,754.51373,-0.00301,754.49866,-0.00154,754.49866,-0.0016,754.50659,0.00969,754.50659,0.00961,754.51373,3.93E-04,754.51373,4.73E-04,754.49866,-0.0024,754.49866,-0.00202,754.50659,0.00914,754.50659,0.00905
753.98431,-7.65E-04,753.98431,-0.00301,754.00446,-0.00236,754.00446,-0.00205,754.0127,0.01003,754.0127,0.00961,753.98431,-7.19E-05,753.98431,-4.12E-04,754.00446,-0.00144,754.00446,-7.05E-04,754.0127,0.00853,754.0127,0.00919
753.49023,-7.51E-04,753.49023,-8.48E-04,753.51019,-0.00236,753.51019,-0.00205,753.48346,0.01003,753.48346,0.01015,753.49023,-3.72E-04,753.49023,-0.00146,753.51019,-0.00152,753.51019,-0.00123,753.48346,0.00913,753.48346,0.00843
752.99597,-7.51E-04,752.99597,-0.00103,753.01575,-0.00165,753.01575,-0.00163,752.98938,0.01003,752.98938,0.01029,752.99597,-3.65E-04,752.99597,-3.77E-04,753.01575,-0.00233,753.01575,-0.00244,752.98938,0.00894,752.98938,0.00946
752.50171,-7.51E-04,752.50171,-0.00103,752.48602,-0.00165,752.48602,-0.00168,752.49518,0.01022,752.49518,0.01029,752.50171,0.00101,752.50171,1.36E-04,752.48602,-5.83E-04,752.48602,-0.00161,752.49518,0.00911,752.49518,0.00917
752.00732,-7.51E-04,752.00732,-0.00103,751.99146,-0.00236,751.99146,-0.00248,752.00098,0.01022,752.00098,0.01045,752.00732,8.93E-05,752.00732,-5.01E-04,751.99146,-0.00163,751.99146,-8.28E-04,752.00098,0.0092,752.00098,0.00942
751.51282,-8.91E-04,751.51282,-0.00238,751.49683,-0.00165,751.49683,-0.00168,751.50671,0.01032,751.50671,0.01045,751.51282,8.96E-04,751.51282,1.64E-05,751.49683,-1.53E-04,751.49683,-0.00166,751.50671,0.01011,751.50671,0.00932
750.98297,-8.91E-04,750.98297,-0.00238,751.00208,-0.00165,751.00208,-0.00168,751.01227,0.01067,751.01227,0.01045,750.98297,-5.55E-04,750.98297,-0.0014,751.00208,-0.00253,751.00208,-0.00323,751.01227,0.00983,751.01227,0.00966
750.48828,-8.91E-04,750.48828,-0.00238,750.50726,-0.00114,750.50726,-0.00168,750.48248,0.01067,750.48248,0.01009,750.48828,-4.34E-04,750.48828,-0.00116,750.50726,-0.00112,750.50726,-2.63E-04,750.48248,0.00951,750.48248,0.00936
749.99347,-8.91E-04,749.99347,-0.00238,750.01233,-0.00144,750.01233,-0.00193,749.98779,0.01021,749.98779,0.00948,749.99347,8.38E-04,749.99347,-5.98E-04,750.01233,4.81E-04,750.01233,9.73E-06,749.98779,0.00985,749.98779,0.00899
749.4986,-1.10E-04,749.4986,-0.00215,749.51739,-0.00144,749.51739,-0.00174,749.49316,0.00976,749.49316,0.00948,749.4986,1.31E-05,749.4986,-0.00105,749.51739,-4.26E-04,749.51739,-9.91E-04,749.49316,0.0091,749.49316,0.00834
749.00366,2.69E-05,749.00366,-0.00185,748.98694,-0.00144,748.98694,-0.00174,748.99841,0.00976,748.99841,0.00948,749.00366,1.62E-04,749.00366,-9.02E-04,748.98694,-0.00142,748.98694,-0.0019,748.99841,0.00851,748.99841,0.00845
748.50867,2.69E-05,748.50867,-0.00215,748.49176,-0.00144,748.49176,-0.00174,748.50354,0.00976,748.50354,0.00948,748.50867,-5.36E-05,748.50867,-2.75E-04,748.49176,-0.00168,748.49176,-0.00171,748.50354,0.0087,748.50354,0.00899
748.01355,3.33E-04,748.01355,-0.00311,747.99646,-0.00144,747.99646,-0.00193,748.00854,0.00976,748.00854,0.00974,748.01355,1.72E-04,748.01355,-1.36E-04,747.99646,-1.79E-04,747.99646,-0.00107,748.00854,0.0098,748.00854,0.00927
747.48297,3.55E-04,747.48297,-0.00311,747.5011,-0.00107,747.5011,-0.00194,747.51355,0.01065,747.51355,0.01009,747.48297,3.67E-04,747.48297,-0.00151,747.5011,8.24E-04,747.5011,-8.87E-04,747.51355,0.00975,747.51355,0.01158
746.98767,6.81E-04,746.98767,-0.00311,747.00562,-0.00107,747.00562,-0.00246,746.98303,0.01065,746.98303,0.01004,746.98767,0.0051,746.98767,-0.00168,747.00562,1.42E-04,747.00562,-0.00243,746.98303,0.00964,746.98303,0.00868
746.49231,7.55E-04,746.49231,-0.00311,746.51013,-0.00107,746.51013,-0.00246,746.48779,0.00995,746.48779,0.01004,746.49231,3.31E-04,746.49231,-9.91E-04,746.51013,-0.00105,746.51013,-0.00191,746.48779,0.00949,746.48779,0.00903
745.99683,0.00162,745.99683,-0.00204,746.01447,-0.00193,746.01447,-0.00265,745.99249,0.00995,745.99249,0.01004,745.99683,0.00107,745.99683,1.58E-04,746.01447,-0.00191,746.01447,-0.00261,745.99249,0.00885,745.99249,0.00895
745.50128,0.00144,745.50128,-0.00204,745.48334,-0.00193,745.48334,-0.00265,745.49713,0.00995,745.49713,0.01013,745.50128,7.90E-04,745.50128,9.47E-04,745.48334,-4.68E-04,745.48334,-8.00E-04,745.49713,0.00887,745.49713,0.00938
745.00562,0.00162,745.00562,-2.66E-04,744.98755,-0.00193,744.98755,-0.00265,745.00159,0.00995,745.00159,0.01043,745.00562,8.35E-04,745.00562,-4.81E-05,744.98755,-0.00223,744.98755,-0.00277,745.00159,0.01016,745.00159,0.00933
744.50983,0.00147,744.50983,-2.66E-04,744.49164,-0.00126,744.49164,-0.00194,744.50604,0.01015,744.50604,0.01047,744.50983,7.01E-04,744.50983,-0.00105,744.49164,-0.00124,744.49164,-9.77E-04,744.50604,0.01017,744.50604,0.0094
744.01404,0.00147,744.01404,-0.00216,743.99561,-0.00133,743.99561,-0.00194,744.01044,0.01042,744.01044,0.01047,744.01404,0.00205,744.01404,-1.29E-04,743.99561,-6.06E-04,743.99561,-0.00192,744.01044,0.00905,744.01044,0.00929
743.48273,0.00144,743.48273,-0.00216,743.49963,-0.00133,743.49963,-0.00177,743.51465,0.01042,743.51465,0.01053,743.48273,7.14E-04,743.48273,-7.04E-05,743.49963,-0.00125,743.49963,-0.00147,743.51465,0.00929,743.51465,0.00956
742.98669,9.95E-04,742.98669,-0.00115,743.00348,-0.00133,743.00348,-0.00194,742.9834,0.01042,742.9834,0.01052,742.98669,0.00136,742.98669,-0.00136,743.00348,-0.00131,743.00348,-8.16E-04,742.9834,0.01044,742.9834,0.00963
742.4906,6.81E-06,742.4906,-0.00115,742.5072,-0.00133,742.5072,-0.00177,742.48749,0.01069,742.48749,0.01052,742.4906,-4.38E-05,742.4906,-5.60E-04,742.5072,-0.00149,742.5072,-0.00175,742.48749,0.00953,742.48749,0.00939
741.99438,6.81E-06,741.99438,-0.00274,742.01086,-0.00133,742.01086,-0.00177,741.99146,0.01077,741.99146,0.01052,741.99438,4.84E-04,741.99438,-3.52E-04,742.01086,-6.95E-04,742.01086,-0.00193,741.99146,0.00998,741.99146,0.00937
741.49817,6.81E-06,741.49817,-0.00115,741.51453,-9.49E-04,741.51453,-0.00177,741.4953,0.01069,741.4953,0.01046,741.49817,3.31E-06,741.49817,-2.25E-04,741.51453,-6.39E-04,741.51453,-0.00142,741.4953,0.00978,741.4953,0.00923
741.00183,3.44E-04,741.00183,-8.03E-04,740.98254,-9.49E-04,740.98254,-0.00195,740.99915,0.00982,740.99915,0.01036,741.00183,5.38E-04,741.00183,-0.00133,740.98254,-9.35E-04,740.98254,-7.89E-04,740.99915,0.0096,740.99915,0.00969
740.50543,6.81E-06,740.50543,-0.00274,740.4859,-9.49E-04,740.4859,-0.00144,740.50287,0.00982,740.50287,0.00995,740.50543,1.67E-04,740.50543,-3.91E-04,740.4859,-8.93E-04,740.4859,-7.73E-04,740.50287,0.00858,740.50287,0.00932
740.00885,3.44E-04,740.00885,-0.00274,739.9892,-0.00111,739.9892,-0.0017,740.00647,0.00982,740.00647,0.00995,740.00885,0.00108,740.00885,2.53E-04,739.9892,-0.00241,739.9892,-0.00201,740.00647,0.00875,740.00647,0.00887
739.51221,3.44E-04,739.51221,-0.00168,739.49243,-0.00111,739.49243,-0.00177,739.51001,0.00982,739.51001,0.00995,739.51221,-4.75E-05,739.51221,-0.00145,739.49243,-9.32E-04,739.49243,-9.94E-04,739.51001,0.00922,739.51001,0.00841
739.0155,-7.82E-05,739.0155,-0.00243,738.99554,-0.00152,738.99554,-0.00177,739.01349,0.01034,739.01349,0.00995,739.0155,7.74E-04,739.0155,-8.17E-04,738.99554,-0.00109,738.99554,-0.00167,739.01349,0.0101,739.01349,0.00959
738.48322,-7.82E-05,738.48322,-0.00243,738.4986,-0.00111,738.4986,-0.0017,738.51685,0.01095,738.51685,0.01037,738.48322,6.66E-04,738.48322,7.56E-06,738.4986,-8.39E-04,738.4986,-0.00175,738.51685,0.01001,738.51685,0.00924
737.98639,2.18E-06,737.98639,-0.00243,738.00159,-0.00152,738.00159,-0.0017,737.98468,0.01116,737.98468,0.01037,737.98639,-3.81E-05,737.98639,-0.00118,738.00159,-0.0015,738.00159,-0.00118,737.98468,0.01001,737.98468,0.01045
737.48938,2.18E-06,737.48938,-0.00243,737.50446,-0.00152,737.50446,-0.00168,737.48785,0.01116,737.48785,0.01037,737.48938,8.60E-04,737.48938,-6.49E-04,737.50446,-8.57E-04,737.50446,-0.00166,737.48785,0.00976,737.48785,0.01187
736.99231,2.18E-06,736.99231,-0.00243,737.0072,-0.00152,737.0072,-0.00119,736.99097,0.01095,736.99097,0.01072,736.99231,1.06E-06,736.99231,-0.00153,737.0072,-0.00161,737.0072,-9.53E-04,736.99097,0.00995,736.99097,0.00922
736.49518,2.45E-04,736.49518,-0.00255,736.50995,-9.32E-04,736.50995,-0.00157,736.49396,0.01095,736.49396,0.01063,736.49518,6.62E-04,736.49518,-9.10E-04,736.50995,-7.75E-04,736.50995,-8.92E-04,736.49396,0.01016,736.49396,0.00956
735.99792,2.45E-04,735.99792,-0.00255,736.01257,-9.32E-04,736.01257,-0.00157,735.99689,0.01087,735.99689,0.01034,735.99792,1.19E-04,735.99792,-8.54E-04,736.01257,-7.20E-04,736.01257,-8.15E-04,735.99689,0.00969,735.99689,0.00987
735.50061,2.45E-04,735.50061,-0.00187,735.51501,-7.87E-04,735.51501,-0.00157,735.49976,0.01087,735.49976,0.01049,735.50061,3.74E-04,735.50061,-0.00124,735.51501,-9.18E-04,735.51501,-0.00155,735.49976,0.00982,735.49976,0.00948
735.00317,2.45E-04,735.00317,-0.00239,735.01752,-9.32E-04,735.01752,-0.00226,735.00244,0.00989,735.00244,0.01046,735.00317,4.64E-04,735.00317,-1.06E-04,735.01752,-1.93E-04,735.01752,-0.00222,735.00244,0.00874,735.00244,0.00886
734.50568,-1.84E-04,734.50568,-0.00239,734.48431,-9.32E-04,734.48431,-0.00226,734.50513,0.00989,734.50513,0.01046,734.50568,-1.16E-04,734.50568,5.41E-04,734.48431,4.67E-04,734.48431,-0.00117,734.50513,0.00973,734.50513,0.00935
734.00806,-2.39E-04,734.00806,-0.00239,733.98657,-8.86E-04,733.98657,-0.00226,734.00775,0.00989,734.00775,0.00994,734.00806,8.35E-04,734.00806,-0.00116,733.98657,-0.00143,733.98657,-0.00242,734.00775,0.00881,734.00775,0.00932
733.51044,-2.39E-04,733.51044,-0.00239,733.48877,-0.00145,733.48877,-0.00222,733.51025,0.01034,733.51025,0.01046,733.51044,-8.93E-05,733.51044,-5.71E-04,733.48877,-8.73E-04,733.48877,-0.00152,733.51025,0.00922,733.51025,0.00943
733.0127,-3.67E-04,733.0127,-0.00241,732.99084,-0.00145,732.99084,-0.00222,733.01263,0.0102,733.01263,0.0099,733.0127,-1.85E-04,733.0127,-0.00146,732.99084,6.09E-05,732.99084,-0.00131,733.01263,0.00955,733.01263,0.00882
732.51483,-3.67E-04,732.51483,-0.00241,732.49286,-8.86E-04,732.49286,-0.00166,732.51495,0.01034,732.51495,0.0099,732.51483,2.63E-04,732.51483,-8.85E-04,732.49286,-0.0016,732.49286,-0.00218,732.51495,0.00931,732.51495,0.00971
732.01691,-3.67E-04,732.01691,-0.00241,731.99475,-5.75E-04,731.99475,-0.00166,732.01715,0.01044,732.01715,0.0099,732.01691,-1.78E-04,732.01691,-0.00117,731.99475,-5.67E-04,731.99475,-8.91E-04,732.01715,0.00909,732.01715,0.00841
731.48334,-3.67E-04,731.48334,-0.00213,731.49658,-0.00122,731.49658,-0.00166,731.48376,0.01044,731.48376,0.01013,731.48334,7.13E-04,731.48334,-5.92E-04,731.49658,-3.46E-04,731.49658,-0.00163,731.48376,0.0096,731.48376,0.00903
730.98523,-3.67E-04,730.98523,-0.00213,730.99835,-0.00122,730.99835,-0.00166,730.98584,0.01035,730.98584,0.01013,730.98523,6.59E-05,730.98523,-0.00104,730.99835,5.57E-04,730.99835,-0.00108,730.98584,0.00939,730.98584,0.01018
730.48706,-2.46E-04,730.48706,-0.002,730.49994,-0.00122,730.49994,-0.00166,730.48779,0.01054,730.48779,0.01025,730.48706,-2.49E-04,730.48706,-9.75E-04,730.49994,-0.0012,730.49994,-1.23E-04,730.48779,0.00965,730.48779,0.0103
729.98877,-2.46E-04,729.98877,-0.002,730.00153,-0.00169,730.00153,-0.00122,729.98962,0.01054,729.98962,0.01043,729.98877,-1.19E-04,729.98877,-4.36E-04,730.00153,-0.00186,730.00153,-0.00188,729.98962,0.00922,729.98962,0.00914
729.49036,-2.46E-04,729.49036,-0.00181,729.50305,-0.00189,729.50305,-0.00165,729.49146,0.01065,729.49146,0.01043,729.49036,8.11E-04,729.49036,-3.77E-04,729.50305,-7.53E-04,729.50305,-0.0012,729.49146,0.00949,729.49146,0.0093
728.99188,-1.44E-04,728.99188,-0.00166,729.00446,-0.00189,729.00446,-0.00165,728.99316,0.01065,728.99316,0.01025,728.99188,5.53E-04,728.99188,4.23E-04,729.00446,-0.00167,729.00446,-0.00112,728.99316,0.00969,728.99316,0.01026
728.49341,-1.44E-04,728.49341,-0.00181,728.50574,-0.0018,728.50574,-0.0014,728.49481,0.01076,728.49481,0.01043,728.49341,7.26E-05,728.49341,-8.79E-04,728.50574,-0.00228,728.50574,-0.00163,728.49481,0.0097,728.49481,0.01012
727.99475,-1.84E-04,727.99475,-0.00191,728.00696,-0.00206,728.00696,-0.00165,727.99634,0.01076,727.99634,0.01002,727.99475,-7.00E-05,727.99475,-8.07E-04,728.00696,-0.00177,728.00696,-0.00138,727.99634,0.00987,727.99634,0.00893
727.49603,-1.84E-04,727.49603,-0.00261,727.50812,-0.00206,727.50812,-0.00165,727.4978,0.01039,727.4978,0.00977,727.49603,-3.50E-04,727.49603,-9.28E-04,727.50812,-0.00101,727.50812,-0.00124,727.4978,0.00959,727.4978,0.00938
726.99725,-1.84E-04,726.99725,-0.00261,727.00922,-0.00191,727.00922,-0.00159,726.99915,0.00993,726.99915,0.00915,726.99725,-8.95E-05,726.99725,-0.00127,727.00922,-0.00203,727.00922,-0.0018,726.99915,0.00926,726.99915,0.0087
726.49835,-1.84E-04,726.49835,-0.00261,726.51013,-0.00191,726.51013,-0.00182,726.50049,0.00981,726.50049,0.00915,726.49835,4.93E-04,726.49835,-0.00163,726.51013,-0.00188,726.51013,-0.00147,726.50049,0.00885,726.50049,0.00815
725.99939,1.49E-04,725.99939,-0.00261,726.01105,-0.00191,726.01105,-0.0019,726.00165,0.00981,726.00165,0.00915,725.99939,7.24E-05,725.99939,-4.71E-04,726.01105,0.00115,726.01105,-0.00157,726.00165,0.0079,726.00165,0.00807
725.50037,1.49E-04,725.50037,-0.00215,725.51178,-0.00143,725.51178,-0.0019,725.50275,0.00981,725.50275,0.00915,725.50037,4.06E-04,725.50037,-5.53E-04,725.51178,7.92E-04,725.51178,-0.00187,725.50275,0.00874,725.50275,0.00902
725.00128,1.49E-04,725.00128,-0.00215,725.01251,-0.00143,725.01251,-0.0019,725.00378,0.00974,725.00378,0.01002,725.00128,0.0012,725.00128,-4.74E-04,725.01251,7.06E-05,725.01251,-0.00201,725.00378,0.01004,725.00378,0.01012
724.50201,8.34E-04,724.50201,-0.00222,724.51318,-0.00148,724.51318,-0.00196,724.5047,0.00981,724.5047,0.01012,724.50201,-1.08E-04,724.50201,-0.00104,724.51318,-0.00141,724.51318,-0.00118,724.5047,0.0101,724.5047,0.01006
724.00269,2.38E-04,724.00269,-0.00222,724.01367,-0.00148,724.01367,-0.00196,724.00562,0.01053,724.00562,0.01029,724.00269,8.03E-04,724.00269,-0.00108,724.01367,-0.00146,724.01367,-0.00184,724.00562,0.00868,724.00562,0.00893
723.5033,-1.90E-04,723.5033,-0.00222,723.5141,-0.00167,723.5141,-0.00187,723.50629,0.01031,723.50629,0.01029,723.5033,9.99E-04,723.5033,-0.00114,723.5141,-0.00165,723.5141,-0.00193,723.50629,0.00939,723.50629,0.00922
723.00385,-1.90E-04,723.00385,-0.00235,723.01453,-0.00167,723.01453,-0.00187,723.00696,0.01031,723.00696,0.01002,723.00385,1.16E-04,723.00385,-5.71E-04,723.01453,-3.99E-04,723.01453,-0.0012,723.00696,0.00981,723.00696,0.00917
722.50421,-1.90E-04,722.50421,-0.00235,722.51483,-0.00167,722.51483,-0.00159,722.50757,0.0105,722.50757,0.01029,722.50421,-9.24E-05,722.50421,-5.64E-04,722.51483,-0.00197,722.51483,-0.00129,722.50757,0.00919,722.50757,0.01009
722.00458,-8.38E-04,722.00458,-0.00191,722.01501,-0.00164,722.01501,-0.00159,722.00812,0.0105,722.00812,0.01018,722.00458,-4.07E-04,722.00458,-0.00161,722.01501,-0.00145,722.01501,-0.00157,722.00812,0.00982,722.00812,0.00888
721.50488,-8.38E-04,721.50488,-0.00191,721.51508,-0.00164,721.51508,-0.00169,721.50854,0.01031,721.50854,0.01018,721.50488,9.04E-04,721.50488,-9.28E-04,721.51508,-3.72E-04,721.51508,-0.00147,721.50854,0.00936,721.50854,0.00937
721.005,-8.38E-04,721.005,-0.00223,721.01514,-0.00147,721.01514,-0.00169,721.00885,0.0105,721.00885,0.00996,721.005,-5.99E-04,721.005,-6.19E-04,721.01514,-0.00162,721.01514,-0.00185,721.00885,0.00962,721.00885,0.00907
720.50513,2.34E-04,720.50513,-0.00191,720.51514,-3.78E-04,720.51514,-0.00169,720.50909,0.0105,720.50909,0.01018,720.50513,9.04E-04,720.50513,-3.72E-04,720.51514,0.00174,720.51514,-0.00167,720.50909,0.00898,720.50909,0.00929
720.00507,2.34E-04,720.00507,-0.00142,720.01495,-1.69E-04,720.01495,-0.00187,720.00934,0.01071,720.00934,0.00997,720.00507,1.14E-04,720.00507,-0.00109,720.01495,0.00229,720.01495,-5.08E-04,720.00934,0.01062,720.00934,0.00886
719.50507,3.90E-04,719.50507,-0.00223,719.51471,-1.69E-04,719.51471,-0.00215,719.5094,0.01071,719.5094,0.00997,719.50507,1.89E-04,719.50507,-6.92E-04,719.51471,0.00106,719.51471,-0.00136,719.5094,0.00955,719.5094,0.00914
719.00494,2.34E-04,719.00494,-0.00223,719.0144,-9.36E-04,719.0144,-0.00215,719.0094,0.01113,719.0094,0.00997,719.00494,4.96E-04,719.00494,-4.74E-04,719.0144,-1.66E-04,719.0144,-0.00212,719.0094,0.01001,719.0094,0.00889
718.5047,3.90E-04,718.5047,-0.00161,718.51398,-0.00103,718.51398,-0.00215,718.50928,0.01113,718.50928,0.01026,718.5047,5.72E-04,718.5047,-0.00128,718.51398,-9.23E-04,718.51398,-0.00231,718.50928,0.00992,718.50928,0.00974
718.00433,2.03E-04,718.00433,-0.00161,718.01355,-0.00108,718.01355,-0.00235,718.00916,0.01115,718.00916,0.01078,718.00433,9.10E-05,718.00433,-7.82E-04,718.01355,-0.00121,718.01355,-0.00192,718.00916,0.00994,718.00916,0.00986
717.50397,2.03E-04,717.50397,-0.00166,717.51294,-0.00123,717.51294,-0.00235,717.50891,0.01113,717.50891,0.01078,717.50397,7.01E-04,717.50397,-1.18E-04,717.51294,-0.00102,717.51294,-0.00156,717.50891,0.00994,717.50891,0.00961
717.00342,2.03E-04,717.00342,-0.00161,717.01227,-0.00123,717.01227,-0.00195,717.00854,0.01115,717.00854,0.0103,717.00342,9.86E-05,717.00342,-4.55E-04,717.01227,-0.00107,717.01227,-0.00251,717.00854,0.01,717.00854,0.01009
716.50281,2.03E-04,716.50281,-0.00166,716.51154,-0.00123,716.51154,-0.00167,716.50812,0.01115,716.50812,0.0103,716.50281,9.07E-04,716.50281,-8.10E-04,716.51154,-0.00145,716.51154,-0.00143,716.50812,0.00932,716.50812,0.00918
716.00214,2.03E-04,716.00214,-0.0026,716.01074,-0.00123,716.01074,-0.00167,716.00757,0.0112,716.00757,0.0103,716.00214,7.67E-04,716.00214,-3.30E-04,716.01074,-0.00122,716.01074,-0.00164,716.00757,0.01008,716.00757,0.00878
715.50134,7.38E-05,715.50134,-0.0026,715.50983,-0.00147,715.50983,-0.00167,715.50702,0.01091,715.50702,0.0103,715.50134,-7.35E-05,715.50134,-0.00146,715.50983,-7.58E-04,715.50983,-0.00122,715.50702,0.00998,715.50702,0.00975
715.00055,7.38E-05,715.00055,-0.0026,715.00885,-0.00196,715.00885,-0.00217,715.00635,0.01115,715.00635,0.01027,715.00055,1.09E-04,715.00055,-0.00126,715.00885,-7.01E-04,715.00885,-0.00123,715.00635,0.01025,715.00635,0.00981
714.49963,7.38E-05,714.49963,-0.0026,714.50775,-0.00196,714.50775,-0.00217,714.50562,0.01091,714.50562,0.01082,714.49963,3.59E-05,714.49963,-6.07E-04,714.50775,-0.00193,714.50775,-0.00214,714.50562,0.00972,714.50562,0.01048
713.9986,1.72E-04,713.9986,-0.00195,714.00665,-0.00196,714.00665,-0.00217,714.00476,0.01087,714.00476,0.01082,713.9986,5.98E-04,713.9986,-3.31E-04,714.00665,-0.00218,714.00665,-0.00215,714.00476,0.00994,714.00476,0.00915
713.4975,1.72E-04,713.4975,-0.0016,713.50543,-0.00196,713.50543,-0.00217,713.50385,0.01087,713.50385,0.01082,713.4975,0.00114,713.4975,-2.89E-04,713.50543,-0.00127,713.50543,-0.00169,713.50385,0.00844,713.50385,0.00965
712.9964,1.72E-04,712.9964,-0.00178,713.00409,-0.00169,713.00409,-0.00218,713.00281,0.01087,713.00281,0.01082,712.9964,8.36E-05,712.9964,-9.47E-04,713.00409,-0.00166,713.00409,-4.20E-04,713.00281,0.00969,713.00281,0.00977
712.49512,1.72E-04,712.49512,-0.00178,712.50262,-0.00152,712.50262,-0.00172,712.50171,0.01028,712.50171,0.01096,712.49512,0.00333,712.49512,-7.78E-04,712.50262,-6.56E-04,712.50262,-6.74E-04,712.50171,0.00996,712.50171,0.01237
711.99377,1.72E-04,711.99377,-0.00195,712.00116,-0.00152,712.00116,-0.00118,712.00049,0.01036,712.00049,0.01108,711.99377,-8.10E-04,711.99377,-8.67E-04,712.00116,-0.0015,712.00116,-0.00223,712.00049,0.00988,712.00049,0.01094
711.49231,-0.00163,711.49231,-0.00205,711.49957,-6.66E-04,711.49957,-0.00195,711.49921,0.01036,711.49921,0.01108,711.49231,6.00E-04,711.49231,-7.30E-04,711.49957,-2.42E-04,711.49957,-0.00116,711.49921,0.00916,711.49921,0.01018
710.99078,-0.00163,710.99078,-0.00205,710.99792,-0.001,710.99792,-0.00195,710.99792,0.01036,710.99792,0.01081,710.99078,1.37E-04,710.99078,-9.96E-04,710.99792,4.31E-04,710.99792,-0.00103,710.99792,0.00923,710.99792,0.00987
710.4892,2.81E-04,710.4892,-0.00205,710.49615,-0.001,710.49615,-0.00189,710.49646,0.01036,710.49646,0.01081,710.4892,-7.91E-04,710.4892,-0.00135,710.49615,-6.44E-04,710.49615,-0.00192,710.49646,0.01046,710.49646,0.00964
709.98755,2.81E-04,709.98755,-0.00205,709.99432,-0.00163,709.99432,-0.00195,709.99493,0.01138,709.99493,0.01081,709.98755,3.49E-04,709.98755,-3.57E-04,709.99432,-9.88E-04,709.99432,-0.00186,709.99493,0.01026,709.99493,0.00931
709.48572,7.17E-04,709.48572,-0.00203,709.49237,-0.00163,709.49237,-0.00195,709.49329,0.01138,709.49329,0.01081,709.48572,0.00104,709.48572,-2.75E-04,709.49237,-0.00161,709.49237,-0.00141,709.49329,0.01017,709.49329,0.01074
708.98389,7.17E-04,708.98389,-0.00203,708.99042,-0.00163,708.99042,-0.00189,708.99164,0.01128,708.99164,0.01082,708.98389,8.85E-04,708.98389,-9.89E-04,708.99042,-0.00161,708.99042,-0.00196,708.99164,0.01015,708.99164,0.00965
708.51788,0.00109,708.51788,-0.00287,708.48834,-0.00163,708.48834,-0.00199,708.48987,0.01128,708.48987,0.01122,708.51788,5.32E-04,708.51788,-6.57E-04,708.48834,-0.0013,708.48834,-0.00163,708.48987,0.00994,708.48987,0.01
708.01587,0.00109,708.01587,-0.00287,707.98614,-0.00163,707.98614,-0.00199,707.98804,0.01116,707.98804,0.01122,708.01587,2.79E-04,708.01587,-0.0014,707.98614,-3.78E-04,707.98614,-6.45E-04,707.98804,0.01006,707.98804,0.01125
707.51373,0.00109,707.51373,-0.00287,707.48389,-0.00147,707.48389,-0.00193,707.48608,0.01052,707.48608,0.01122,707.51373,0.00134,707.51373,-0.00161,707.48389,-0.0018,707.48389,-0.00201,707.48608,0.01036,707.48608,0.01015
707.0116,8.71E-04,707.0116,-0.00287,707.01746,-0.00171,707.01746,-0.00193,706.98401,0.01052,706.98401,0.01033,707.0116,9.48E-04,707.0116,-6.66E-04,707.01746,-0.00139,707.01746,-0.00165,706.98401,0.00886,706.98401,0.01014
706.50928,8.71E-04,706.50928,-0.00257,706.51501,-0.00183,706.51501,-0.00193,706.51782,0.01052,706.51782,0.01033,706.50928,0.00103,706.50928,-0.00109,706.51501,-0.00145,706.51501,-0.00191,706.51782,0.00937,706.51782,0.00858
706.00696,1.52E-04,706.00696,-0.00257,706.01251,-0.00171,706.01251,-0.00168,706.01563,0.01052,706.01563,0.01033,706.00696,4.24E-04,706.00696,-0.00113,706.01251,-0.00168,706.01251,-9.15E-04,706.01563,0.0103,706.01563,0.00921
705.50452,1.52E-04,705.50452,-0.00257,705.51001,-0.00171,705.51001,-0.0017,705.51331,0.01085,705.51331,0.01033,705.50452,-2.38E-04,705.50452,-0.00125,705.51001,-0.00208,705.51001,-0.00139,705.51331,0.00987,705.51331,0.00967
705.00195,1.52E-04,705.00195,-0.00257,705.00732,-0.00211,705.00732,-0.0017,705.01105,0.01108,705.01105,0.01048,705.00195,7.38E-05,705.00195,-0.00131,705.00732,-7.25E-04,705.00732,-7.37E-04,705.01105,0.01023,705.01105,0.0098
704.49945,1.52E-04,704.49945,-0.00257,704.50458,-0.00211,704.50458,-0.0017,704.50861,0.01108,704.50861,0.01048,704.49945,7.07E-04,704.49945,-4.35E-04,704.50458,-0.00169,704.50458,-0.00167,704.50861,0.00967,704.50861,0.00934
703.99677,3.93E-04,703.99677,-0.0027,704.00177,-0.0021,704.00177,-0.00177,704.00604,0.01123,704.00604,0.01048,703.99677,6.64E-04,703.99677,-2.53E-04,704.00177,-0.00223,704.00177,-0.00174,704.00604,0.01099,704.00604,0.00997
703.49396,0.00112,703.49396,-8.94E-04,703.49884,-0.00225,703.49884,-0.00177,703.50348,0.01123,703.50348,0.01048,703.49396,1.91E-04,703.49396,-4.04E-04,703.49884,-0.0016,703.49884,-0.00159,703.50348,0.01016,703.50348,0.00923
702.99109,0.00112,702.99109,-0.00158,702.99585,-0.00225,702.99585,-0.00177,703.00079,0.01123,703.00079,0.01118,702.99109,5.44E-04,702.99109,-0.00138,702.99585,-0.00207,702.99585,-0.00245,703.00079,0.01,703.00079,0.0103
702.48816,0.00112,702.48816,-0.00158,702.4928,-0.0021,702.4928,-0.00179,702.49805,0.01085,702.49805,0.01119,702.48816,5.94E-04,702.48816,1.03E-04,702.4928,-0.00222,702.4928,-0.00145,702.49805,0.0102,702.49805,0.01015
701.98523,0.00112,701.98523,-0.00169,701.98956,-0.0021,701.98956,-0.00179,701.99518,0.01085,701.99518,0.01119,701.98523,8.12E-04,701.98523,-7.70E-04,701.98956,-0.00137,701.98956,-0.00171,701.99518,0.00967,701.99518,0.00997
701.48212,0.00122,701.48212,-0.00158,701.48633,-0.0019,701.48633,-0.00174,701.49225,0.01085,701.49225,0.01109,701.48212,9.43E-04,701.48212,-6.57E-04,701.48633,-0.00188,701.48633,-0.00176,701.49225,0.00965,701.49225,0.01012
701.01483,0.00162,701.01483,-0.00158,700.98309,-0.0014,700.98309,-0.00174,700.98926,0.01085,700.98926,0.01109,701.01483,3.37E-04,701.01483,-8.21E-04,700.98309,-0.00138,700.98309,-0.00152,700.98926,0.00999,700.98926,0.00988
700.51166,8.87E-04,700.51166,-0.00135,700.51556,-0.00149,700.51556,-0.00161,700.48621,0.0112,700.48621,0.01109,700.51166,7.89E-04,700.51166,2.07E-04,700.51556,-1.21E-04,700.51556,-8.67E-04,700.48621,0.01181,700.48621,0.0097
700.00824,6.93E-04,700.00824,-0.00169,700.01208,-0.0014,700.01208,-0.00154,699.98297,0.0112,699.98297,0.01109,700.00824,0.00149,700.00824,0.00103,700.01208,-0.00133,700.01208,-0.00159,699.98297,0.0106,699.98297,0.01016
699.50488,5.69E-04,699.50488,-0.00139,699.50861,-0.00149,699.50861,-0.00161,699.51563,0.0112,699.51563,0.0112,699.50488,4.31E-04,699.50488,-1.53E-04,699.50861,-0.00147,699.50861,-0.00133,699.51563,0.00998,699.51563,0.01032
699.00134,5.69E-04,699.00134,-0.00139,699.00494,-0.00165,699.00494,-0.00184,699.01239,0.01112,699.01239,0.0112,699.00134,2.77E-04,699.00134,-9.95E-04,699.00494,-0.00109,699.00494,-0.00143,699.01239,0.01031,699.01239,0.00998
698.4978,5.40E-04,698.4978,-0.00139,698.50116,-0.00165,698.50116,-0.00201,698.50891,0.01112,698.50891,0.0112,698.4978,2.32E-04,698.4978,-6.75E-04,698.50116,-0.00207,698.50116,-0.00221,698.50891,0.0097,698.50891,0.01031
697.99408,5.40E-04,697.99408,-0.00205,697.99738,-0.00165,697.99738,-0.00201,698.00537,0.01112,698.00537,0.0111,697.99408,4.59E-04,697.99408,-3.05E-04,697.99738,-0.00162,697.99738,-0.00182,698.00537,0.00991,698.00537,0.00984
697.49042,4.78E-04,697.49042,-0.00189,697.49341,-0.00165,697.49341,-0.00201,697.50183,0.01088,697.50183,0.0111,697.49042,2.63E-04,697.49042,-6.53E-04,697.49341,-0.00159,697.49341,-0.00198,697.50183,0.01118,697.50183,0.0104
696.98657,5.40E-04,696.98657,-0.00241,696.9895,-0.00161,696.9895,-0.00201,696.99811,0.01044,696.99811,0.01104,696.98657,6.36E-04,696.98657,-0.00117,696.9895,-2.59E-04,696.9895,-0.00198,696.99811,0.01031,696.99811,0.00989
696.48267,5.40E-04,696.48267,-0.00241,696.48541,-3.84E-04,696.48541,-0.00201,696.49438,0.01044,696.49438,0.01047,696.48267,-5.21E-04,696.48267,-9.19E-04,696.48541,8.28E-04,696.48541,-2.22E-04,696.49438,0.00931,696.49438,0.00992
696.01465,9.60E-05,696.01465,-0.00241,696.01727,-3.84E-04,696.01727,-0.00139,695.9906,0.01044,695.9906,0.01047,696.01465,3.97E-04,696.01465,-0.00144,696.01727,-3.54E-04,696.01727,-0.00137,695.9906,0.00918,695.9906,0.00933
695.51056,9.60E-05,695.51056,-0.00207,695.51306,-5.19E-04,695.51306,-9.14E-04,695.48663,0.0103,695.48663,0.01047,695.51056,0.00162,695.51056,-1.75E-04,695.51306,-3.78E-04,695.51306,-9.00E-04,695.48663,0.00932,695.48663,0.00929
695.00641,3.51E-04,695.00641,-0.00296,695.00879,-0.00108,695.00879,-0.00139,694.98261,0.0103,694.98261,0.01047,695.00641,4.67E-05,695.00641,-0.001,695.00879,-0.00107,695.00879,-8.50E-04,694.98261,0.00986,694.98261,0.00983
694.5022,3.51E-04,694.5022,-0.00207,694.50439,-0.0012,694.50439,-9.14E-04,694.51459,0.01004,694.51459,0.01042,694.5022,4.90E-04,694.5022,-6.53E-04,694.50439,-5.11E-04,694.50439,-5.93E-04,694.51459,0.00895,694.51459,0.01045
693.99786,9.60E-05,693.99786,-0.00316,693.99994,-0.0012,693.99994,-0.0013,694.01044,0.01004,694.01044,0.01081,693.99786,1.71E-04,693.99786,-0.00154,693.99994,-0.0013,693.99994,-0.00175,694.01044,0.01012,694.01044,0.00963
693.49347,3.51E-04,693.49347,-0.00316,693.49536,-0.0012,693.49536,-0.0013,693.50623,0.01004,693.50623,0.01041,693.49347,9.07E-04,693.49347,-1.89E-04,693.49536,-0.00119,693.49536,-8.86E-04,693.50623,0.00807,693.50623,0.009
692.98901,-1.38E-04,692.98901,-0.00316,692.99072,-0.00132,692.99072,-0.00177,693.00189,0.01014,693.00189,0.01041,692.98901,-9.31E-04,692.98901,-0.00212,692.99072,-9.47E-04,692.99072,-0.00128,693.00189,0.00904,693.00189,0.00996
692.48444,-1.38E-04,692.48444,-0.00136,692.48602,-0.00197,692.48602,-0.0013,692.4975,0.01014,692.4975,0.01028,692.48444,9.71E-04,692.48444,-6.59E-04,692.48602,3.41E-04,692.48602,-7.95E-04,692.4975,0.00963,692.4975,0.00928
692.01581,-4.34E-04,692.01581,-0.00136,692.01727,-0.00197,692.01727,-0.00209,691.99298,0.01022,691.99298,0.01041,692.01581,-6.74E-05,692.01581,-2.59E-04,692.01727,-0.00194,692.01727,-0.00302,691.99298,0.00911,691.99298,0.01059
691.51111,-1.38E-04,691.51111,-5.33E-04,691.51239,-0.00197,691.51239,-0.00209,691.48846,0.0108,691.48846,0.01041,691.51111,1.21E-05,691.51111,-2.00E-04,691.51239,-0.0022,691.51239,-0.00118,691.48846,0.01058,691.48846,0.00916
691.00629,-1.38E-04,691.00629,-5.33E-04,691.00745,-0.00223,691.00745,-0.00282,690.98376,0.01088,690.98376,0.01097,691.00629,-2.11E-04,691.00629,-1.09E-06,691.00745,-0.00159,691.00745,-0.00206,690.98376,0.00969,690.98376,0.00988
690.50146,2.49E-05,690.50146,-0.00192,690.50244,-0.00223,690.50244,-0.00209,690.51508,0.01094,690.51508,0.01028,690.50146,9.72E-04,690.50146,-1.94E-04,690.50244,-7.99E-04,690.50244,-0.00204,690.51508,0.00975,690.51508,0.00978
689.99646,0.00134,689.99646,-0.00192,689.99731,-0.00174,689.99731,-0.00209,690.01031,0.01088,690.01031,0.01028,689.99646,6.55E-04,689.99646,-9.33E-04,689.99731,-0.00247,689.99731,-0.00278,690.01031,0.00986,690.01031,0.01025
689.49139,0.00135,689.49139,-0.00246,689.49219,-0.00179,689.49219,-0.00207,689.50543,0.01094,689.50543,0.01028,689.49139,0.00111,689.49139,-0.0014,689.49219,-0.00172,689.49219,-9.16E-04,689.50543,0.00993,689.50543,0.00916
688.98627,0.00135,688.98627,-0.00246,688.98688,-0.00179,688.98688,-0.00207,689.00049,0.01103,689.00049,0.01028,688.98627,6.50E-04,688.98627,-2.35E-04,688.98688,-0.00166,688.98688,-8.32E-04,689.00049,0.00942,689.00049,0.00876
688.51721,0.00134,688.51721,-0.00256,688.51758,-0.00174,688.51758,-0.00194,688.49542,0.01102,688.49542,0.01028,688.51721,0.00112,688.51721,-0.0012,688.51758,-0.00176,688.51758,-0.00192,688.49542,0.01018,688.49542,0.01009
688.0119,-2.33E-04,688.0119,-0.00246,688.01215,-0.00169,688.01215,-0.00194,687.9903,0.01102,687.9903,0.00988,688.0119,0.00136,688.0119,-6.36E-04,688.01215,-0.00117,688.01215,-0.00204,687.9903,0.00983,687.9903,0.01078
687.50653,-2.33E-04,687.50653,-0.00246,687.50659,-0.00127,687.50659,-0.00194,687.48505,0.01102,687.48505,0.01036,687.50653,-1.13E-04,687.50653,-0.00124,687.50659,-0.00125,687.50659,-6.11E-05,687.48505,0.00982,687.48505,0.01
687.0011,-0.00127,687.0011,-0.00181,687.00104,-0.00118,687.00104,-9.42E-04,687.01587,0.01102,687.01587,0.01036,687.0011,-6.16E-04,687.0011,-8.82E-04,687.00104,-4.73E-04,687.00104,-2.51E-04,687.01587,0.00983,687.01587,0.00881
686.49554,-0.00127,686.49554,-0.00223,686.49536,-4.80E-04,686.49536,-8.89E-04,686.5105,0.01102,686.5105,0.01036,686.49554,0.00147,686.49554,-3.18E-04,686.49536,-1.62E-04,686.49536,-1.18E-04,686.5105,0.00953,686.5105,0.00923
685.98993,-0.00127,685.98993,-0.00181,685.98962,-4.80E-04,685.98962,-8.89E-04,686.00507,0.01103,686.00507,0.01036,685.98993,-9.78E-04,685.98993,-8.68E-04,685.98962,1.05E-04,685.98962,-9.28E-04,686.00507,0.01024,686.00507,0.01005
685.48419,-4.34E-04,685.48419,-0.00223,685.48383,-8.84E-04,685.48383,-9.42E-04,685.49951,0.0107,685.49951,0.01055,685.48419,7.78E-04,685.48419,-0.00109,685.48383,-1.90E-04,685.48383,-8.76E-04,685.49951,0.01024,685.49951,0.00941
685.01465,-4.34E-04,685.01465,-0.00223,685.01398,-0.00206,685.01398,-0.00178,684.99396,0.01065,684.99396,0.01112,685.01465,9.62E-04,685.01465,-7.19E-05,685.01398,-8.72E-04,685.01398,-2.91E-04,684.99396,0.01006,684.99396,0.00991
684.50879,9.10E-04,684.50879,-0.00223,684.508,-0.00206,684.508,-0.00178,684.48822,0.01065,684.48822,0.01108,684.50879,-2.11E-04,684.50879,-0.00158,684.508,-0.00203,684.508,-0.00188,684.48822,0.00884,684.48822,0.00999
684.00281,9.10E-04,684.00281,-0.00124,684.00195,-0.00217,684.00195,-0.00191,683.98248,0.01065,683.98248,0.01112,684.00281,4.42E-04,684.00281,-3.30E-04,684.00195,-0.00237,684.00195,-0.00175,683.98248,0.00949,683.98248,0.00998
683.49683,9.10E-04,683.49683,-0.00249,683.49573,-0.00217,683.49573,-0.00191,683.51276,0.01065,683.51276,0.01119,683.49683,8.91E-04,683.49683,-4.48E-04,683.49573,-8.34E-04,683.49573,-0.00162,683.51276,0.01124,683.51276,0.00988
682.99078,0.00127,682.99078,-0.00201,682.9895,-0.00217,682.9895,-0.00178,683.00684,0.01164,683.00684,0.01119,682.99078,6.15E-04,682.99078,-6.03E-04,682.9895,-0.00214,682.9895,-0.0023,683.00684,0.01081,683.00684,0.01084
682.48456,0.0017,682.48456,-0.00201,682.48315,-0.00177,682.48315,-0.00164,682.50079,0.01176,682.50079,0.01121,682.48456,8.27E-04,682.48456,-0.00121,682.48315,1.08E-04,682.48315,-0.00108,682.50079,0.01063,682.50079,0.00999
682.01447,0.00127,682.01447,-0.00201,682.013,-0.00217,682.013,-0.00234,681.99469,0.01164,681.99469,0.0115,682.01447,0.0092,682.01447,-9.79E-04,682.013,-0.00175,682.013,-0.00142,681.99469,0.01037,681.99469,0.01092
681.50824,0.00139,681.50824,-0.00201,681.50653,-0.00177,681.50653,-0.00144,681.48853,0.01164,681.48853,0.01128,681.50824,0.00187,681.50824,0.0011,681.50653,-8.16E-04,681.50653,-0.0011,681.48853,0.01048,681.48853,0.01025
681.00183,0.00118,681.00183,-0.00171,680.99994,-0.00177,680.99994,-0.00191,680.98236,0.01164,680.98236,0.01128,681.00183,5.72E-04,681.00183,-6.68E-04,680.99994,-0.00216,680.99994,-0.00257,680.98236,0.01028,680.98236,0.01101
680.4953,2.11E-04,680.4953,-0.00155,680.49335,-0.00123,680.49335,-0.00191,680.51215,0.01153,680.51215,0.01128,680.4953,6.78E-04,680.4953,-5.52E-04,680.49335,-0.00112,680.49335,-0.0014,680.51215,0.01057,680.51215,0.01005
679.98871,9.23E-05,679.98871,-0.00155,679.98663,-0.00123,679.98663,-0.00191,680.00574,0.01153,680.00574,0.01128,679.98871,1.02E-04,679.98871,-8.31E-04,679.98663,-0.00121,679.98663,-0.00189,680.00574,0.01053,680.00574,0.00987
679.48212,-3.69E-05,679.48212,-0.00155,679.51599,-0.00113,679.51599,-0.00191,679.49927,0.01103,679.49927,0.01128,679.48212,-9.77E-05,679.48212,-7.55E-04,679.51599,-0.00103,679.51599,-3.87E-04,679.49927,0.00937,679.49927,0.01038
679.01154,-3.69E-05,679.01154,-0.00155,679.00916,-0.00105,679.00916,-0.00191,678.99268,0.01103,678.99268,0.01114,679.01154,4.49E-05,679.01154,2.92E-04,679.00916,0.00242,679.00916,-0.00146,678.99268,0.01044,678.99268,0.01084
678.50476,-2.01E-04,678.50476,-7.46E-04,678.5022,5.86E-04,678.5022,-0.00188,678.48602,0.01056,678.48602,0.01114,678.50476,-1.80E-05,678.50476,0.00177,678.5022,0.01281,678.5022,-0.00199,678.48602,0.00983,678.48602,0.01032
677.99786,-4.23E-04,677.99786,-4.95E-04,677.99524,5.86E-04,677.99524,-0.00188,678.01556,0.01056,678.01556,0.01091,677.99786,8.02E-04,677.99786,-3.63E-04,677.99524,0.00977,677.99524,-0.00163,678.01556,0.01,678.01556,0.00993
677.49091,-4.23E-04,677.49091,-4.95E-04,677.48804,-7.77E-04,677.48804,-0.00202,677.50879,0.01056,677.50879,0.01087,677.49091,-2.06E-04,677.49091,-1.90E-04,677.48804,5.78E-04,677.48804,-0.00186,677.50879,0.00941,677.50879,0.00972
676.98395,-4.23E-04,676.98395,-4.95E-04,677.01709,-7.77E-04,677.01709,-0.00188,677.00183,0.01038,677.00183,0.01085,676.98395,-4.37E-04,676.98395,-2.41E-04,677.01709,-7.66E-04,677.01709,-0.00156,677.00183,0.00925,677.00183,0.0095
676.513,-4.23E-04,676.513,-3.90E-04,676.50983,-0.00131,676.50983,-0.00188,676.49487,0.01038,676.49487,0.01085,676.513,6.52E-04,676.513,-7.81E-05,676.50983,-0.00166,676.50983,-0.00279,676.49487,0.00986,676.49487,0.00969
676.0058,0.00126,676.0058,-4.95E-04,676.0025,-0.00131,676.0025,-0.00176,675.98785,0.01038,675.98785,0.01085,676.0058,0.00123,676.0058,-3.28E-05,676.0025,-6.87E-04,676.0025,-0.00132,675.98785,0.00876,675.98785,0.00967
675.49854,0.00126,675.49854,-1.61E-04,675.49506,-0.00131,675.49506,-0.00251,675.51697,0.01106,675.51697,0.01087,675.49854,6.14E-04,675.49854,3.27E-04,675.49506,-0.00129,675.49506,-0.00174,675.51697,0.0101,675.51697,0.0104
674.99115,0.00126,674.99115,-0.00143,674.98749,-0.00117,674.98749,-0.00176,675.00977,0.01132,675.00977,0.01162,674.99115,0.00399,674.99115,-6.95E-04,674.98749,-0.00115,674.98749,-0.00111,675.00977,0.01023,675.00977,0.01075
674.4837,9.12E-04,674.4837,-0.00178,674.5163,-0.00131,674.5163,-0.00176,674.50244,0.01132,674.50244,0.01162,674.4837,4.44E-04,674.4837,1.05E-04,674.5163,-8.87E-04,674.5163,-0.00248,674.50244,0.01009,674.50244,0.01225
674.01245,2.01E-04,674.01245,-0.00178,674.00861,-0.00182,674.00861,-0.00205,673.99518,0.01124,673.99518,0.01162,674.01245,6.87E-04,674.01245,-8.64E-04,674.00861,-4.45E-04,674.00861,-0.00156,673.99518,0.01009,673.99518,0.01036
673.50488,-2.04E-04,673.50488,-0.00178,673.50085,-0.00182,673.50085,-0.00205,673.48773,0.01116,673.48773,0.01162,673.50488,-3.69E-04,673.50488,-0.00152,673.50085,-0.0018,673.50085,-0.00109,673.48773,0.00995,673.48773,0.00976
672.99725,-2.04E-04,672.99725,-0.00178,672.99304,-0.00189,672.99304,-0.00167,673.01648,0.01076,673.01648,0.01095,672.99725,9.77E-05,672.99725,-6.70E-04,672.99304,-0.00186,672.99304,-0.00202,673.01648,0.01002,673.01648,0.01049
672.48944,-7.60E-04,672.48944,-0.00138,672.48511,-0.00189,672.48511,-0.00167,672.50891,0.01076,672.50891,0.01095,672.48944,-9.94E-05,672.48944,-1.98E-04,672.48511,-0.0016,672.48511,-0.00165,672.50891,0.00944,672.50891,0.01039
672.01788,-2.04E-04,672.01788,-4.07E-04,672.01343,-0.00189,672.01343,-0.00181,672.00122,0.0106,672.00122,0.0115,672.01788,5.75E-04,672.01788,2.13E-04,672.01343,-0.00192,672.01343,-0.00128,672.00122,0.00959,672.00122,0.00974
671.51001,-2.04E-04,671.51001,-4.07E-04,671.50543,-0.00195,671.50543,-0.00181,671.49347,0.01047,671.49347,0.01093,671.51001,-6.81E-04,671.51001,1.97E-04,671.50543,-0.00139,671.50543,-9.46E-04,671.49347,0.01034,671.49347,0.01025
671.00201,0.00118,671.00201,-4.65E-04,670.99731,-0.00195,670.99731,-0.00216,670.9856,0.01047,670.9856,0.01056,671.00201,0.00131,671.00201,1.57E-04,670.99731,-0.00164,670.99731,-0.00178,670.9856,0.00933,670.9856,0.01043
670.49396,0.00121,670.49396,-5.44E-04,670.48907,-0.00167,670.48907,-0.00216,670.51404,0.01047,670.51404,0.01056,670.49396,0.0013,670.49396,-6.28E-04,670.48907,-0.00201,670.48907,-0.00235,670.51404,0.00903,670.51404,0.00911
669.9859,0.00121,669.9859,-5.44E-04,670.01709,-0.00167,670.01709,-0.00216,670.00604,0.01047,670.00604,0.01056,669.9859,8.76E-04,669.9859,-2.26E-04,670.01709,5.60E-04,670.01709,-0.00213,670.00604,0.01004,670.00604,0.00941
669.51392,0.00121,669.51392,-0.00129,669.50873,9.56E-06,669.50873,-0.00236,669.49799,0.01103,669.49799,0.01056,669.51392,5.89E-04,669.51392,-2.65E-04,669.50873,0.00301,669.50873,-0.00142,669.49799,0.00983,669.49799,0.01024
669.00568,0.00105,669.00568,-0.00133,669.00031,9.56E-06,669.00031,-0.00216,668.98987,0.01127,668.98987,0.01073,669.00568,-9.93E-05,669.00568,-1.21E-04,669.00031,0.00366,669.00031,-0.00101,668.98987,0.01009,668.98987,0.00956
668.49725,0.00105,668.49725,-0.00133,668.49176,-1.59E-04,668.49176,-0.00193,668.51794,0.01132,668.51794,0.01149,668.49725,0.00123,668.49725,-6.48E-04,668.49176,9.42E-06,668.49176,-0.00232,668.51794,0.01074,668.51794,0.01038
667.98883,0.00105,667.98883,-0.00133,667.98315,-0.00105,667.98315,-0.00228,668.00964,0.01147,668.00964,0.01165,667.98883,5.12E-04,667.98883,-0.00116,667.98315,-1.57E-04,667.98315,-0.00191,668.00964,0.01033,668.00964,0.01182
667.5166,0.00105,667.5166,-0.00239,667.51086,-0.00105,667.51086,-0.00236,667.50122,0.01149,667.50122,0.01201,667.5166,5.77E-04,667.5166,3.03E-04,667.51086,-0.00103,667.51086,-0.00114,667.50122,0.01022,667.50122,0.01146
667.00806,0.00105,667.00806,-0.00239,667.00214,-0.00105,667.00214,-0.00228,666.99292,0.01149,666.99292,0.01204,667.00806,9.68E-04,667.00806,-1.48E-04,667.00214,-0.00128,667.00214,-0.00225,666.99292,0.01163,666.99292,0.01111
666.49939,5.06E-04,666.49939,-0.00253,666.49329,-0.00119,666.49329,-0.00228,666.48438,0.01149,666.48438,0.01201,666.49939,2.31E-04,666.49939,-0.00126,666.49329,-9.71E-04,666.49329,-0.00238,666.48438,0.01024,666.48438,0.01071
665.9906,5.06E-04,665.9906,-0.00253,665.98438,-0.00119,665.98438,-0.00228,666.01208,0.01164,666.01208,0.01201,665.9906,8.45E-04,665.9906,6.82E-05,665.98438,-8.81E-04,665.98438,-0.00154,666.01208,0.0109,666.01208,0.01073
665.51813,5.06E-04,665.51813,-0.00253,665.51172,-0.00101,665.51172,-0.00212,665.50342,0.01149,665.50342,0.01144,665.51813,2.46E-04,665.51813,-0.00123,665.51172,-0.00118,665.51172,-0.00147,665.50342,0.01037,665.50342,0.00979
665.00922,7.18E-04,665.00922,-0.002,665.00262,-0.00117,665.00262,-0.00157,664.99463,0.01164,664.99463,0.01144,665.00922,7.14E-04,665.00922,-4.02E-04,665.00262,-9.93E-04,665.00262,-0.00209,664.99463,0.01072,664.99463,0.01074
664.50024,5.06E-04,664.50024,-0.002,664.49359,-0.00119,664.49359,-0.00179,664.48584,0.01164,664.48584,0.01135,664.50024,7.33E-04,664.50024,-4.09E-05,664.49359,-6.94E-04,664.49359,-8.41E-04,664.48584,0.01006,664.48584,0.0102
663.99109,7.18E-04,663.99109,-0.00194,663.98438,-0.00174,663.98438,-0.00212,664.01331,0.01129,664.01331,0.01135,663.99109,3.49E-04,663.99109,-9.73E-04,663.98438,-0.00115,663.98438,-4.77E-04,664.01331,0.01066,664.01331,0.01029
663.48206,6.68E-04,663.48206,-0.00194,663.51141,-0.00174,663.51141,-0.00179,663.50427,0.01129,663.50427,0.01121,663.48206,-0.00107,663.48206,-9.44E-04,663.51141,-0.00204,663.51141,-0.00177,663.50427,0.01051,663.50427,0.01011
663.00916,3.38E-04,663.00916,-0.002,663.00201,-0.00206,663.00201,-0.00179,662.99524,0.0111,662.99524,0.01121,663.00916,8.77E-04,663.00916,-4.82E-04,663.00201,-0.00171,663.00201,-0.00238,662.99524,0.0096,662.99524,0.00999
662.49988,3.38E-04,662.49988,-0.00194,662.49261,-0.00206,662.49261,-0.00179,662.48608,0.0111,662.48608,0.01121,662.49988,3.25E-04,662.49988,-5.38E-04,662.49261,-0.00126,662.49261,-4.76E-04,662.48608,0.01033,662.48608,0.00956
661.99054,6.68E-04,661.99054,-0.00111,661.98309,-0.00174,661.98309,-0.00168,662.01324,0.0111,662.01324,0.01121,661.99054,1.64E-04,661.99054,-0.00132,661.98309,-0.00216,661.98309,-0.00157,662.01324,0.00989,662.01324,0.01105
661.51739,6.68E-04,661.51739,-0.00111,661.50989,-0.00128,661.50989,-0.00168,661.50391,0.01146,661.50391,0.01183,661.51739,0.00148,661.51739,6.81E-05,661.50989,-7.49E-04,661.50989,-0.00165,661.50391,0.01034,661.50391,0.01055
661.00787,0.00274,661.00787,-5.80E-04,661.00031,-0.00125,661.00031,-0.00168,660.99451,0.01146,660.99451,0.0119,661.00787,0.00377,661.00787,6.46E-04,661.00031,-0.00101,661.00031,-0.00148,660.99451,0.01021,660.99451,0.01069
660.49829,0.00274,660.49829,-2.67E-04,660.49054,-0.00103,660.49054,-0.00175,660.48511,0.01146,660.48511,0.0119,660.49829,0.00133,660.49829,-1.30E-04,660.49054,-0.00123,660.49054,-0.00182,660.48511,0.01022,660.48511,0.0106
659.98871,-1.19E-04,659.98871,-5.80E-04,660.01703,-0.00103,660.01703,-0.00185,660.01202,0.01146,660.01202,0.0119,659.98871,0.0018,659.98871,-2.82E-04,660.01703,0.00239,660.01703,-0.00149,660.01202,0.01122,660.01202,0.01088
659.51526,-1.19E-04,659.51526,-5.85E-04,659.5072,1.19E-04,659.5072,-0.00185,659.50238,0.01146,659.50238,0.01161,659.51526,-5.77E-05,659.51526,0.00373,659.5072,0.00589,659.5072,-0.00172,659.50238,0.0112,659.50238,0.01086
659.00543,-1.19E-04,659.00543,-0.00122,658.99719,1.19E-04,658.99719,-0.00175,658.99274,0.01191,658.99274,0.01161,659.00543,-1.02E-04,659.00543,-2.84E-04,658.99719,0.00497,658.99719,-0.0026,658.99274,0.01063,658.99274,0.01019
658.49561,-1.19E-04,658.49561,-0.00156,658.48712,-0.00163,658.48712,-0.00219,658.48297,0.01191,658.48297,0.01161,658.49561,4.63E-04,658.49561,-7.59E-04,658.48712,1.18E-04,658.48712,-0.00151,658.48297,0.00994,658.48297,0.01035
657.9856,3.01E-04,657.9856,-0.00156,658.01349,-0.00168,658.01349,-0.00264,658.00952,0.01191,658.00952,0.01161,657.9856,1.46E-04,657.9856,-5.95E-04,658.01349,-0.00189,658.01349,-0.00162,658.00952,0.01062,658.00952,0.01089
657.5119,4.86E-04,657.5119,-0.00156,657.50323,-0.00192,657.50323,-0.00219,657.49963,0.01172,657.49963,0.01161,657.5119,2.36E-04,657.5119,-0.00118,657.50323,-0.00161,657.50323,-0.00216,657.49963,0.0115,657.49963,0.01083
657.00189,3.01E-04,657.00189,-0.00122,656.99292,-0.00192,656.99292,-0.00219,656.98975,0.01172,656.98975,0.01159,657.00189,5.65E-04,657.00189,-4.19E-04,656.99292,-0.00165,656.99292,-0.00262,656.98975,0.01077,656.98975,0.01075
656.49164,4.86E-04,656.49164,-0.00108,656.48261,-0.00168,656.48261,-0.00251,656.51605,0.01058,656.51605,0.01132,656.49164,0.00112,656.49164,-5.24E-04,656.48261,-0.00202,656.48261,-0.00149,656.51605,0.01045,656.51605,0.01009
656.01776,0.00108,656.01776,-9.68E-04,656.00861,-0.00168,656.00861,-0.00264,656.00592,0.01058,656.00592,0.01132,656.01776,-4.82E-04,656.01776,-4.71E-04,656.00861,-6.98E-04,656.00861,-0.00116,656.00592,0.00941,656.00592,0.01033
655.50739,-3.41E-04,655.50739,-0.00108,655.49811,-0.00152,655.49811,-0.00251,655.49573,0.01058,655.49573,0.01132,655.50739,5.27E-04,655.50739,-4.34E-04,655.49811,-0.00116,655.49811,-0.00247,655.49573,0.00943,655.49573,0.00997
654.99695,-3.41E-04,654.99695,-9.68E-04,654.98749,-0.00152,654.98749,-0.00251,654.98547,0.01058,654.98547,0.0113,654.99695,9.26E-04,654.99695,5.98E-04,654.98749,-0.0015,654.98749,-0.0026,654.98547,0.0102,654.98547,0.01084
654.48645,8.20E-04,654.48645,-8.91E-04,654.51337,-0.00158,654.51337,-0.00251,654.51154,0.01134,654.51154,0.0113,654.48645,-1.66E-04,654.48645,-0.00147,654.51337,-0.00117,654.51337,-0.00116,654.51154,0.01011,654.51154,0.0104
654.01239,-1.58E-04,654.01239,-0.00185,654.00262,-0.0019,654.00262,-0.00243,654.0011,0.01144,654.0011,0.01167,654.01239,3.99E-04,654.01239,8.83E-05,654.00262,-0.00187,654.00262,-0.00239,654.0011,0.01046,654.0011,0.01007
653.50171,-1.58E-04,653.50171,-0.00185,653.49176,-0.0019,653.49176,-0.00221,653.4906,0.01174,653.4906,0.01167,653.50171,6.23E-04,653.50171,-3.98E-04,653.49176,-0.00156,653.49176,-0.00218,653.4906,0.01052,653.4906,0.01073
652.99091,-1.58E-04,652.99091,-0.00185,653.01739,-0.0024,653.01739,-0.00243,653.01648,0.01174,653.01648,0.01164,652.99091,-7.69E-05,652.99091,-8.99E-04,653.01739,-0.00267,653.01739,-0.00197,653.01648,0.01054,653.01648,0.01117
652.51654,-1.58E-04,652.51654,-0.00185,652.50641,-0.0024,652.50641,-0.00221,652.5058,0.01161,652.5058,0.01204,652.51654,0.00772,652.51654,1.30E-04,652.50641,-0.00129,652.50641,-0.00182,652.5058,0.01229,652.5058,0.01098
652.00568,-1.58E-04,652.00568,-0.00185,651.99542,-0.0024,651.99542,-0.00208,651.99506,0.01161,651.99506,0.01204,652.00568,-1.19E-04,652.00568,-0.00122,651.99542,-0.00236,651.99542,-0.00292,651.99506,0.01002,651.99506,0.01038
651.49475,5.85E-04,651.49475,-0.00103,651.48425,-0.00233,651.48425,-0.00223,651.48425,0.01161,651.48425,0.01204,651.49475,6.07E-04,651.49475,-5.01E-04,651.48425,-0.00163,651.48425,-0.00205,651.48425,0.01035,651.48425,0.01094
650.9837,5.85E-04,650.9837,-0.00186,651.00958,-0.00233,651.00958,-0.00223,651.00989,0.01161,651.00989,0.01204,650.9837,0.00106,650.9837,-2.53E-04,651.00958,-0.00197,651.00958,-0.00188,651.00989,0.01085,651.00989,0.01073
650.50909,7.72E-04,650.50909,-0.00103,650.49835,-0.002,650.49835,-0.00221,650.4989,0.01188,650.4989,0.01204,650.50909,2.85E-04,650.50909,-1.02E-04,650.49835,-0.00229,650.49835,-0.0022,650.4989,0.01059,650.4989,0.01093
649.99792,5.85E-04,649.99792,-0.00154,649.98694,-0.00233,649.98694,-0.00223,649.98792,0.01188,649.98792,0.01204,649.99792,3.76E-04,649.99792,-9.03E-04,649.98694,-0.00174,649.98694,-0.00218,649.98792,0.01088,649.98792,0.01093
649.48663,-1.56E-04,649.48663,-0.00186,649.51208,-0.00239,649.51208,-0.00223,649.51324,0.0118,649.51324,0.01161,649.48663,7.01E-04,649.48663,-8.84E-05,649.51208,-0.0017,649.51208,-0.00147,649.51324,0.01064,649.51324,0.01035
649.01172,-1.56E-04,649.01172,-0.00186,649.00061,-0.00239,649.00061,-0.00221,649.00208,0.01155,649.00208,0.01136,649.01172,-4.46E-04,649.01172,-7.50E-04,649.00061,-0.00314,649.00061,-0.00287,649.00208,0.01029,649.00208,0.01132
648.50043,-1.56E-04,648.50043,-0.00154,648.48907,-0.00239,648.48907,-0.00269,648.49084,0.01122,648.49084,0.01136,648.50043,-7.61E-05,648.50043,-9.53E-04,648.48907,-0.00236,648.48907,-0.00167,648.49084,0.01052,648.49084,0.0101
647.98889,-1.56E-04,647.98889,-0.00154,648.01392,-0.00239,648.01392,-0.00269,648.01605,0.01103,648.01605,0.01136,647.98889,4.02E-04,647.98889,-5.85E-04,648.01392,-8.59E-04,648.01392,-0.00193,648.01605,0.01,648.01605,0.01012
647.51386,8.27E-04,647.51386,-0.00196,647.50226,-8.72E-04,647.50226,-0.00197,647.50464,0.01103,647.50464,0.01133,647.51386,9.79E-04,647.51386,4.38E-04,647.50226,-1.52E-04,647.50226,-0.00265,647.50464,0.00983,647.50464,0.01097
647.0022,8.86E-04,647.0022,-0.0012,646.99042,-1.54E-04,646.99042,-0.00197,646.99316,0.01103,646.99316,0.01136,647.0022,0.0012,647.0022,-2.12E-04,646.99042,0.00255,646.99042,-0.00101,646.99316,0.00959,646.99316,0.0104
646.49048,0.001,646.49048,-0.00189,646.5152,-1.54E-04,646.5152,-0.00197,646.51813,0.01103,646.51813,0.01153,646.49048,6.71E-04,646.49048,-0.00117,646.5152,0.00239,646.5152,-0.00194,646.51813,0.01048,646.51813,0.00972
646.01526,0.001,646.01526,-0.00189,646.00323,-0.00113,646.00323,-0.00197,646.00641,0.01144,646.00641,0.01145,646.01526,4.31E-04,646.01526,-1.54E-04,646.00323,0.00101,646.00323,-0.0018,646.00641,0.01036,646.00641,0.01076
645.50342,0.001,645.50342,-0.00189,645.49121,-0.00152,645.49121,-0.00198,645.49475,0.01144,645.49475,0.01145,645.50342,4.88E-04,645.50342,-9.18E-04,645.49121,-0.00111,645.49121,-0.0019,645.49475,0.01099,645.49475,0.01028
644.99146,9.19E-04,644.99146,-8.82E-04,645.01563,-0.00152,645.01563,-0.00198,644.98297,0.011,644.98297,0.01153,644.99146,0.00136,644.99146,2.73E-04,645.01563,-0.00152,645.01563,-0.00212,644.98297,0.0102,644.98297,0.01021
644.51599,0.001,644.51599,-0.00177,644.50348,-0.00152,644.50348,-0.00198,644.50769,0.011,644.50769,0.01146,644.51599,6.65E-04,644.51599,-1.19E-04,644.50348,-0.0015,644.50348,-0.00196,644.50769,0.00975,644.50769,0.01033
644.00397,0.00137,644.00397,-8.82E-04,643.99127,-0.00154,643.99127,-0.00198,643.99573,0.011,643.99573,0.01145,644.00397,4.47E-04,644.00397,-4.29E-04,643.99127,-0.00101,643.99127,-2.38E-04,643.99573,0.0098,643.99573,0.01095
643.49182,9.19E-04,643.49182,-0.00148,643.51556,-0.0017,643.51556,-7.90E-04,643.4837,0.011,643.4837,0.01137,643.49182,0.0011,643.49182,-8.62E-04,643.51556,-0.00142,643.51556,-5.78E-04,643.4837,0.01009,643.4837,0.01022
643.01611,3.17E-04,643.01611,-0.00148,643.00317,-0.0017,643.00317,-7.40E-04,643.00818,0.0112,643.00818,0.01136,643.01611,7.79E-04,643.01611,-2.76E-04,643.00317,-0.00176,643.00317,-5.89E-04,643.00818,0.01019,643.00818,0.01013
642.50372,3.17E-04,642.50372,-0.00148,642.49072,-0.00174,642.49072,-7.90E-04,642.49603,0.01132,642.49603,0.01136,642.50372,1.54E-04,642.50372,-7.19E-04,642.49072,-0.00168,642.49072,-7.79E-04,642.49603,0.00998,642.49603,0.01013
641.99139,3.17E-04,641.99139,-0.00139,642.01477,-0.00179,642.01477,-0.00163,641.98383,0.01144,641.98383,0.01136,641.99139,-3.18E-04,641.99139,-6.75E-04,642.01477,-7.85E-04,642.01477,-7.30E-04,641.98383,0.01032,641.98383,0.0101
641.51556,3.17E-04,641.51556,-0.00139,641.5022,-0.00181,641.5022,-0.00193,641.50812,0.01158,641.50812,0.01136,641.51556,3.57E-04,641.51556,-5.68E-04,641.5022,-0.00172,641.5022,-0.00161,641.50812,0.01045,641.50812,0.0105
641.00299,7.34E-04,641.00299,-0.00117,640.9895,-0.0019,640.9895,-0.00211,640.99573,0.01158,640.99573,0.01178,641.00299,0.00382,641.00299,-5.21E-04,640.9895,-0.00178,640.9895,-0.00191,640.99573,0.01039,640.99573,0.01104
640.49048,0.00103,640.49048,-0.00107,640.51337,-0.00231,640.51337,-0.00246,640.48328,0.0115,640.48328,0.01178,640.49048,0.00285,640.49048,-3.38E-04,640.51337,-0.00187,640.51337,-0.00208,640.48328,0.01102,640.48328,0.01078
640.01434,0.00152,640.01434,-0.00107,640.00055,-0.00231,640.00055,-0.00246,640.00732,0.0115,640.00732,0.01188,640.01434,7.42E-04,640.01434,-2.53E-04,640.00055,-0.00228,640.00055,-0.00242,640.00732,0.01017,640.00732,0.01088
639.50159,0.00103,639.50159,-6.95E-04,639.48767,-0.00231,639.48767,-0.00248,639.49475,0.0115,639.49475,0.01177,639.50159,5.00E-04,639.50159,-5.22E-04,639.48767,-0.00291,639.48767,-0.00247,639.49475,0.01025,639.49475,0.01029
638.98883,9.42E-04,638.98883,-5.20E-04,639.01129,-0.00231,639.01129,-0.00248,638.98212,0.01141,638.98212,0.01177,638.98883,9.18E-04,638.98883,3.01E-05,639.01129,-0.00204,639.01129,-0.002,638.98212,0.01132,638.98212,0.01058
638.51251,9.42E-04,638.51251,-3.96E-04,638.49823,-0.0021,638.49823,-0.00251,638.50598,0.0115,638.50598,0.01177,638.51251,4.40E-04,638.51251,3.40E-05,638.49823,-0.00189,638.49823,-0.00244,638.50598,0.01042,638.50598,0.01049
637.99951,9.05E-04,637.99951,-3.96E-04,637.98511,-0.0021,637.98511,-0.00248,637.9931,0.01168,637.9931,0.01188,637.99951,4.58E-04,637.99951,1.60E-04,637.98511,-0.00194,637.98511,-0.00198,637.9931,0.0101,637.9931,0.01091
637.48651,9.05E-04,637.48651,-3.96E-04,637.50861,-0.0021,637.50861,-0.00251,637.51685,0.01168,637.51685,0.01181,637.48651,7.54E-04,637.48651,-1.93E-04,637.50861,-0.00207,637.50861,-0.00267,637.51685,0.01041,637.51685,0.01174
637.00995,7.81E-04,637.00995,-3.96E-04,636.9953,-0.0021,636.9953,-0.00251,637.00391,0.01168,637.00391,0.0119,637.00995,1.58E-04,637.00995,-0.001,636.9953,-0.00217,636.9953,-0.00129,637.00391,0.01064,637.00391,0.01061
636.49683,7.81E-04,636.49683,-0.00143,636.48199,-0.0021,636.48199,-0.00251,636.49084,0.01185,636.49084,0.0119,636.49683,5.66E-04,636.49683,-1.46E-04,636.48199,-8.49E-04,636.48199,-0.00247,636.49084,0.01057,636.49084,0.01053
635.98358,7.81E-04,635.98358,-0.00143,636.00525,-0.00154,636.00525,-0.00251,636.0144,0.01186,636.0144,0.01181,635.98358,3.80E-04,635.98358,1.01E-04,636.00525,-0.0015,636.00525,-0.00191,636.0144,0.01111,636.0144,0.01094
635.50684,0.00116,635.50684,-0.00143,635.49176,-0.00152,635.49176,-0.00251,635.50122,0.01186,635.50122,0.01181,635.50684,7.39E-04,635.50684,-6.97E-04,635.49176,-0.00151,635.49176,-0.00151,635.50122,0.01056,635.50122,0.01083
634.99341,7.81E-04,634.99341,-0.00143,635.01489,-0.00152,635.01489,-0.00197,634.98798,0.01206,634.98798,0.01171,634.99341,0.00118,634.99341,-7.74E-05,635.01489,-8.83E-04,635.01489,-0.00275,634.98798,0.01076,634.98798,0.01014
634.51666,7.63E-04,634.51666,-0.00237,634.50122,-0.00154,634.50122,-0.00197,634.51129,0.01206,634.51129,0.01171,634.51666,7.26E-04,634.51666,-0.00115,634.50122,0.00137,634.50122,-0.00117,634.51129,0.01075,634.51129,0.01055
634.00305,2.39E-04,634.00305,-0.00396,633.98749,-0.00116,633.98749,-0.00197,633.99786,0.01208,633.99786,0.01171,634.00305,3.71E-04,634.00305,-6.26E-04,633.98749,-7.02E-04,633.98749,-0.00194,633.99786,0.01094,633.99786,0.01044
633.4895,-8.01E-04,633.4895,-0.00396,633.51044,-0.00116,633.51044,-0.00194,633.48444,0.01218,633.48444,0.01184,633.4895,1.16E-04,633.4895,-0.00192,633.51044,-0.00159,633.51044,-0.00191,633.48444,0.0114,633.48444,0.01128
633.01245,-0.00109,633.01245,-0.00396,632.99658,-0.00116,632.99658,-0.00197,633.00757,0.01228,633.00757,0.01196,633.01245,-0.0013,633.01245,-0.00205,632.99658,-0.00114,632.99658,-0.00181,633.00757,0.01104,633.00757,0.01159
632.49872,-0.00109,632.49872,-0.00396,632.48267,-0.00161,632.48267,-0.00216,632.49396,0.01218,632.49396,0.01214,632.49872,-3.90E-04,632.49872,-0.00116,632.48267,-9.17E-04,632.48267,-0.00191,632.49396,0.01086,632.49396,0.01082
631.9848,-0.00109,631.9848,-0.00391,632.00537,-0.00142,632.00537,-0.00216,632.01691,0.01211,632.01691,0.01214,631.9848,-5.30E-04,631.9848,-0.0019,632.00537,-8.41E-04,632.00537,-0.00218,632.01691,0.01104,632.01691,0.01066
631.50757,-0.00109,631.50757,-0.00361,631.49133,-0.00173,631.49133,-0.00216,631.50311,0.01211,631.50311,0.01214,631.50757,-2.97E-04,631.50757,-0.00152,631.49133,-0.00197,631.49133,-0.00213,631.50311,0.01059,631.50311,0.01118
630.99365,-0.00109,630.99365,-0.00361,631.01392,-0.00173,631.01392,-0.00216,630.98932,0.01188,630.98932,0.01196,630.99365,-4.88E-04,630.99365,-0.00141,631.01392,-0.0014,631.01392,-0.00195,630.98932,0.01079,630.98932,0.01131
630.51624,-0.001,630.51624,-0.00313,630.49969,-0.00176,630.49969,-0.00216,630.51208,0.0117,630.51208,0.01242,630.51624,-8.38E-04,630.51624,-0.00176,630.49969,-0.00171,630.49969,-0.00212,630.51208,0.01098,630.51208,0.01139
630.00214,-0.001,630.00214,-0.0029,629.98541,-0.00176,629.98541,-0.00222,629.99811,0.01138,629.99811,0.01242,630.00214,-4.20E-04,630.00214,-0.00137,629.98541,-0.00115,629.98541,-0.00189,629.99811,0.01043,629.99811,0.01051
629.48792,-9.20E-04,629.48792,-0.00281,629.50775,-0.00176,629.50775,-0.00222,629.48407,0.01138,629.48407,0.01207,629.48792,6.37E-04,629.48792,-9.50E-04,629.50775,-0.00173,629.50775,-0.00219,629.48407,0.00987,629.48407,0.01107
629.01031,-9.20E-04,629.01031,-0.00212,628.99335,-0.00176,628.99335,-0.00226,629.00659,0.01138,629.00659,0.01207,629.01031,-4.47E-04,629.01031,-9.19E-04,628.99335,-0.0024,628.99335,-0.0032,629.00659,0.01014,629.00659,0.01114
628.49591,-9.20E-04,628.49591,-0.00204,628.51556,-0.00176,628.51556,-0.00226,628.49243,0.01138,628.49243,0.01242,628.49591,4.51E-04,628.49591,-0.00103,628.51556,-0.00141,628.51556,-0.00197,628.49243,0.01105,628.49243,0.01076
628.01831,-9.20E-04,628.01831,-0.00204,628.00098,-0.00224,628.00098,-0.00226,628.01489,0.01177,628.01489,0.0125,628.01831,-7.63E-04,628.01831,-9.92E-04,628.00098,-0.00167,628.00098,-0.00223,628.01489,0.01049,628.01489,0.01123
627.50378,-2.41E-04,627.50378,-0.00204,627.48633,-0.00194,627.48633,-0.00225,627.50055,0.01187,627.50055,0.01257,627.50378,-1.17E-04,627.50378,-1.03E-04,627.48633,-0.00146,627.48633,-0.00185,627.50055,0.01097,627.50055,0.01144
626.9892,-2.41E-04,626.9892,-2.25E-04,627.00842,-0.00201,627.00842,-0.00226,626.98614,0.01187,626.98614,0.01257,626.9892,-6.19E-05,626.9892,7.83E-05,627.00842,-0.0022,627.00842,-0.00222,626.98614,0.01058,626.98614,0.0112
626.51135,-1.27E-04,626.51135,-2.25E-04,626.49359,-0.00201,626.49359,-0.00225,626.50836,0.01213,626.50836,0.0123,626.51135,2.53E-04,626.51135,2.89E-04,626.49359,-0.00191,626.49359,-0.00204,626.50836,0.01081,626.50836,0.0115
625.99658,5.19E-04,625.99658,-2.25E-04,626.0155,-0.00201,626.0155,-0.00225,625.99377,0.01187,625.99377,0.0123,625.99658,5.62E-04,625.99658,-1.10E-04,626.0155,-0.00198,626.0155,-0.00252,625.99377,0.011,625.99377,0.01096
625.48181,5.19E-04,625.48181,-0.00106,625.50055,-0.00194,625.50055,-0.00207,625.51599,0.01107,625.51599,0.0123,625.48181,2.64E-04,625.48181,-5.49E-04,625.50055,-0.00156,625.50055,-0.00184,625.51599,0.01104,625.51599,0.01095
625.00378,5.43E-04,625.00378,-0.00113,624.98553,-0.00186,624.98553,-0.00205,625.00128,0.01104,625.00128,0.01228,625.00378,7.59E-04,625.00378,-5.07E-06,624.98553,-0.00164,624.98553,-0.00194,625.00128,0.00987,625.00128,0.01104
624.48877,-1.21E-04,624.48877,-0.00136,624.50732,-0.00183,624.50732,-0.00197,624.48645,0.01104,624.48645,0.01228,624.48877,-1.47E-04,624.48877,-5.16E-04,624.50732,-0.00183,624.50732,-0.00202,624.48645,0.00984,624.48645,0.01143
624.01056,-1.21E-04,624.01056,-0.00136,623.99213,-0.00186,623.99213,-0.00197,624.00836,0.01104,624.00836,0.01239,624.01056,9.63E-04,624.01056,-9.23E-04,623.99213,-0.00181,623.99213,-0.00118,624.00836,0.00969,624.00836,0.01046
623.49548,-1.21E-04,623.49548,-0.00136,623.51367,-0.00186,623.51367,-0.00173,623.49347,0.01104,623.49347,0.01244,623.49548,-5.91E-05,623.49548,-6.64E-04,623.51367,-0.00102,623.51367,-4.78E-04,623.49347,0.01055,623.49347,0.01108
623.01715,0.0011,623.01715,-0.00136,622.99841,-0.00191,622.99841,-0.00173,623.01526,0.01184,623.01526,0.01244,623.01715,0.00114,623.01715,-6.48E-04,622.99841,-0.00189,622.99841,-0.00153,623.01526,0.01071,623.01526,0.0114
622.50195,0.0011,622.50195,-0.00133,622.48303,-0.00191,622.48303,-0.00209,622.50018,0.01184,622.50018,0.01276,622.50195,0.00133,622.50195,3.33E-04,622.48303,-0.00149,622.48303,-0.00171,622.50018,0.01097,622.50018,0.01165
621.98669,0.00224,621.98669,-6.36E-04,622.00446,-0.00218,622.00446,-0.00274,621.98511,0.01146,621.98511,0.01276,621.98669,5.33E-04,621.98669,-1.32E-04,622.00446,-0.00215,622.00446,-0.0027,621.98511,0.01105,621.98511,0.01198
621.50812,0.0011,621.50812,-6.36E-04,621.48895,-0.00218,621.48895,-0.00274,621.50659,0.01136,621.50659,0.01211,621.50812,0.00111,621.50812,-2.47E-04,621.48895,-0.00117,621.48895,-0.00206,621.50659,0.01012,621.50659,0.01137
620.99261,1.50E-04,620.99261,-6.36E-04,621.01019,-0.00218,621.01019,-0.00274,620.99133,0.01136,620.99133,0.01192,620.99261,0.00109,620.99261,-3.10E-04,621.01019,-0.00218,621.01019,-0.00278,620.99133,0.01022,620.99133,0.01079
620.51398,1.50E-04,620.51398,-6.36E-04,620.49451,-0.00133,620.49451,-0.00273,620.51282,0.01136,620.51282,0.01192,620.51398,7.28E-05,620.51398,-5.55E-04,620.49451,-8.39E-04,620.49451,-0.00237,620.51282,0.01013,620.51282,0.01062
619.99841,1.38E-04,619.99841,-0.00114,620.01563,-0.00219,620.01563,-0.00282,619.99738,0.01146,619.99738,0.01162,619.99841,-1.31E-04,619.99841,6.89E-04,620.01563,-4.49E-04,620.01563,-0.0013,619.99738,0.0104,619.99738,0.01035
619.48273,1.38E-04,619.48273,-0.00114,619.49982,-0.00219,619.49982,-0.00273,619.48193,0.01145,619.48193,0.01162,619.48273,4.90E-04,619.48273,9.54E-05,619.49982,-0.00131,619.49982,-0.00269,619.48193,0.01031,619.48193,0.0108
619.00385,-2.70E-04,619.00385,-0.00141,618.98401,-0.00219,618.98401,-0.00273,619.00317,0.01154,619.00317,0.01162,619.00385,6.72E-05,619.00385,-6.86E-04,618.98401,-0.00215,618.98401,-0.00277,619.00317,0.01028,619.00317,0.01023
618.4881,1.38E-04,618.4881,-0.00141,618.50488,-0.00219,618.50488,-0.00273,618.48749,0.01154,618.48749,0.01212,618.4881,0.00104,618.4881,-1.92E-05,618.50488,-0.00225,618.50488,-0.00194,618.48749,0.01021,618.48749,0.01108
618.00909,1.38E-04,618.00909,-0.00141,617.98889,-0.00219,617.98889,-0.00223,618.00867,0.01154,618.00867,0.01214,618.00909,-3.78E-04,618.00909,-0.00113,617.98889,-0.00195,617.98889,-0.0022,618.00867,0.01039,618.00867,0.01128
617.49316,8.74E-04,617.49316,-0.00124,617.50964,-0.00197,617.50964,-0.00223,617.49292,0.01166,617.49292,0.01214,617.49316,4.25E-04,617.49316,-1.45E-04,617.50964,-0.00176,617.50964,-0.00218,617.49292,0.01045,617.49292,0.01082
617.01398,5.47E-04,617.01398,-0.00124,616.99347,-0.00178,616.99347,-0.00223,617.01386,0.01173,617.01386,0.01214,617.01398,6.98E-04,617.01398,2.19E-04,616.99347,-0.00171,616.99347,-0.00177,617.01386,0.01112,617.01386,0.01123
616.49792,5.47E-04,616.49792,-0.00113,616.51416,-0.00174,616.51416,-0.00221,616.49792,0.0119,616.49792,0.01214,616.49792,4.42E-04,616.49792,-6.02E-04,616.51416,-0.00147,616.51416,-0.00241,616.49792,0.0113,616.49792,0.01066
615.98181,4.75E-04,615.98181,-0.00113,615.99786,-0.00174,615.99786,-0.00233,615.98193,0.01202,615.98193,0.01233,615.98181,2.66E-04,615.98181,-5.48E-04,615.99786,-0.00124,615.99786,-0.00201,615.98193,0.0106,615.98193,0.01185
615.50244,4.75E-04,615.50244,-0.00113,615.51837,-0.00232,615.51837,-0.00244,615.50281,0.0119,615.50281,0.01233,615.50244,2.31E-04,615.50244,-3.64E-04,615.51837,-0.00112,615.51837,-0.00134,615.50281,0.01081,615.50281,0.01119
614.98621,4.75E-04,614.98621,-0.00113,615.00201,-0.00232,615.00201,-0.00233,614.98663,0.01168,614.98663,0.01256,614.98621,-4.30E-06,614.98621,-3.31E-04,615.00201,-0.00235,615.00201,-0.0023,614.98663,0.01072,614.98663,0.01099
614.50671,4.75E-04,614.50671,-8.78E-04,614.48547,-0.00232,614.48547,-0.00233,614.50732,0.01168,614.50732,0.01256,614.50671,3.80E-04,614.50671,-4.27E-04,614.48547,-0.00228,614.48547,-0.00295,614.50732,0.01038,614.50732,0.01159
613.9903,5.49E-04,613.9903,-0.001,614.00586,-0.00232,614.00586,-0.00233,613.99103,0.01168,613.99103,0.01264,613.9903,6.66E-04,613.9903,-8.43E-04,614.00586,-0.00207,614.00586,-0.00146,613.99103,0.01041,613.99103,0.01172
613.51074,7.81E-04,613.51074,-0.001,613.4892,-0.0021,613.4892,-0.002,613.5116,0.01168,613.5116,0.01264,613.51074,0.00111,613.51074,2.37E-04,613.4892,-0.00155,613.4892,-0.00177,613.5116,0.01102,613.5116,0.01185
612.99414,0.00111,612.99414,-0.001,613.0094,-0.0021,613.0094,-0.002,612.99524,0.01215,612.99524,0.01264,612.99414,2.67E-04,612.99414,-4.89E-04,613.0094,-0.00118,613.0094,-0.00189,612.99524,0.01082,612.99524,0.01126
612.51434,8.38E-04,612.51434,-6.64E-04,612.49261,-0.00196,612.49261,-0.00203,612.51556,0.01228,612.51556,0.01264,612.51434,5.39E-04,612.51434,-3.23E-04,612.49261,-0.00193,612.49261,-0.00197,612.51556,0.01121,612.51556,0.01058
611.99768,8.38E-04,611.99768,-6.64E-04,612.0127,-0.00196,612.0127,-0.00203,611.99908,0.01228,611.99908,0.01264,611.99768,9.54E-04,611.99768,6.93E-05,612.0127,-0.00241,612.0127,-0.00254,611.99908,0.01095,611.99908,0.01169
611.51782,0.00107,611.51782,-5.89E-04,611.49579,-0.00196,611.49579,-0.00203,611.48242,0.01257,611.48242,0.01263,611.51782,4.08E-04,611.51782,-2.86E-04,611.49579,-6.23E-04,611.49579,-0.002,611.48242,0.01138,611.48242,0.0116
611.00092,8.38E-04,611.00092,-5.89E-04,611.01569,-0.00171,611.01569,-0.00203,611.00262,0.01228,611.00262,0.01302,611.00092,6.71E-04,611.00092,2.55E-04,611.01569,-0.00117,611.01569,-0.00126,611.00262,0.01149,611.00262,0.01189
610.48413,8.38E-04,610.48413,-5.89E-04,610.49866,-0.00166,610.49866,-0.00203,610.4859,0.01259,610.4859,0.01302,610.48413,5.21E-04,610.48413,2.51E-04,610.49866,-0.00168,610.49866,-0.00188,610.4859,0.01124,610.4859,0.01125
610.00403,6.30E-04,610.00403,-7.56E-04,610.01849,-0.00166,610.01849,-0.00191,610.00598,0.01255,610.00598,0.01303,610.00403,2.72E-04,610.00403,-3.68E-04,610.01849,-0.00158,610.01849,-0.00183,610.00598,0.01085,610.00598,0.01161
609.48694,6.30E-04,609.48694,-7.56E-04,609.50128,-0.00171,609.50128,-0.00191,609.48907,0.01255,609.48907,0.01303,609.48694,8.77E-04,609.48694,1.36E-04,609.50128,-0.00164,609.50128,-0.00213,609.48907,0.01122,609.48907,0.01199
609.00671,6.30E-04,609.00671,-7.81E-04,608.98401,-0.00168,608.98401,-0.00185,609.00903,0.0124,609.00903,0.01303,609.00671,3.06E-04,609.00671,-4.39E-04,608.98401,-9.38E-04,608.98401,-9.09E-04,609.00903,0.01119,609.00903,0.01184
608.48956,6.30E-04,608.48956,-8.34E-04,608.5036,-0.00186,608.5036,-0.00209,608.492,0.0124,608.492,0.01293,608.48956,0.00103,608.48956,-1.04E-04,608.5036,-0.00186,608.5036,0.00299,608.492,0.01123,608.492,0.01217
608.00928,6.30E-04,608.00928,-8.34E-04,607.98621,-0.00186,607.98621,-0.00195,608.01178,0.0117,608.01178,0.01278,608.00928,5.79E-04,608.00928,-3.80E-04,607.98621,-0.00166,607.98621,-1.09E-04,608.01178,0.01106,608.01178,0.01152
607.49194,0.00119,607.49194,-7.81E-04,607.50568,-0.00186,607.50568,-0.00204,607.49469,0.0117,607.49469,0.01278,607.49194,2.69E-04,607.49194,-4.06E-04,607.50568,-0.00183,607.50568,-0.00206,607.49469,0.01043,607.49469,0.01137
607.01147,0.00119,607.01147,-7.81E-04,606.98822,-0.00175,606.98822,-0.00204,607.01434,0.0117,607.01434,0.01278,607.01147,8.18E-04,607.01147,1.06E-05,606.98822,-0.00161,606.98822,-0.00192,607.01434,0.01026,607.01434,0.01139
606.49402,9.03E-04,606.49402,-8.34E-04,606.50751,-0.00175,606.50751,-0.00204,606.49701,0.0117,606.49701,0.01278,606.49402,6.08E-04,606.49402,3.80E-04,606.50751,-0.00173,606.50751,-0.00201,606.49701,0.01148,606.49701,0.01142
606.01349,9.03E-04,606.01349,-8.67E-04,605.98981,-0.00166,605.98981,-0.00195,606.0166,0.01261,606.0166,0.01281,606.01349,6.02E-04,606.01349,-1.51E-05,605.98981,-0.00163,605.98981,-0.00185,606.0166,0.01157,606.0166,0.01207
605.49585,9.03E-04,605.49585,-8.67E-04,605.50903,-0.00175,605.50903,-0.00197,605.49915,0.01261,605.49915,0.01344,605.49585,4.39E-04,605.49585,-4.22E-04,605.50903,-0.00147,605.50903,-0.00167,605.49915,0.01124,605.49915,0.01223
605.01514,9.03E-04,605.01514,-9.79E-04,604.99115,-0.00176,604.99115,-0.00197,604.98163,0.01238,604.98163,0.01344,605.01514,1.43E-04,605.01514,-8.89E-04,604.99115,-0.00146,604.99115,-0.00179,604.98163,0.01173,604.98163,0.01198
604.49738,9.03E-04,604.49738,-9.79E-04,604.51038,-0.00176,604.51038,-0.00197,604.50104,0.01237,604.50104,0.01274,604.49738,0.00102,604.49738,-1.48E-04,604.51038,-0.00174,604.51038,-0.00194,604.50104,0.01104,604.50104,0.01219
604.0166,0.00171,604.0166,-9.79E-04,603.99243,-0.00176,603.99243,-0.00197,603.98334,0.01237,603.98334,0.01274,604.0166,8.31E-04,604.0166,-4.76E-04,603.99243,-0.00191,603.99243,-0.00226,603.98334,0.01051,603.98334,0.01123
603.49872,0.00171,603.49872,-6.86E-04,603.51135,-0.00176,603.51135,-0.00197,603.50262,0.01185,603.50262,0.01274,603.49872,0.00927,603.49872,-3.34E-04,603.51135,-0.00141,603.51135,-0.00176,603.50262,0.01102,603.50262,0.01136
603.01776,0.00159,603.01776,-6.86E-04,602.99323,-0.00145,602.99323,-0.00211,602.9848,0.01185,602.9848,0.0126,603.01776,0.00308,603.01776,-7.25E-05,602.99323,-0.00132,602.99323,-9.43E-04,602.9848,0.01147,602.9848,0.01167
602.49969,0.00159,602.49969,-5.05E-04,602.51215,-0.00143,602.51215,-0.00191,602.50391,0.01203,602.50391,0.0126,602.49969,7.72E-04,602.49969,5.09E-04,602.51215,-0.00143,602.51215,-0.00124,602.50391,0.01056,602.50391,0.01148
601.98163,5.97E-04,601.98163,-5.05E-04,601.99384,-0.00134,601.99384,-0.00191,601.98596,0.01203,601.98596,0.0126,601.98163,2.90E-04,601.98163,0.00173,601.99384,-7.65E-04,601.99384,-0.00208,601.98596,0.01072,601.98596,0.01093
601.50049,5.97E-04,601.50049,-0.00107,601.51257,-7.76E-04,601.51257,-0.00191,601.50494,0.01203,601.50494,0.0126,601.50049,8.03E-04,601.50049,-2.46E-04,601.51257,5.70E-04,601.51257,-0.00188,601.50494,0.01078,601.50494,0.01123
600.9823,5.97E-04,600.9823,-0.00107,600.9942,-7.76E-04,600.9942,-0.00192,600.98688,0.0121,600.98688,0.0126,600.9823,2.51E-04,600.9823,-5.22E-04,600.9942,0.00182,600.9942,-0.00169,600.98688,0.01081,600.98688,0.0118
600.50098,9.61E-04,600.50098,-0.00107,600.51282,-0.00148,600.51282,-0.00192,600.5058,0.01213,600.5058,0.0131,600.50098,7.89E-04,600.50098,-7.16E-04,600.51282,1.02E-04,600.51282,-0.00178,600.5058,0.01089,600.5058,0.01168
599.98261,9.61E-04,599.98261,-0.00107,599.99432,-0.00192,599.99432,-0.00192,599.98755,0.01221,599.98755,0.0131,599.98261,0.00104,599.98261,-1.36E-04,599.99432,-0.00146,599.99432,-0.00189,599.98755,0.01114,599.98755,0.01181
599.50122,9.61E-04,599.50122,-0.00106,599.51276,-0.00192,599.51276,-0.00192,599.50629,0.01223,599.50629,0.0131,599.50122,4.67E-04,599.50122,-7.63E-05,599.51276,-0.00235,599.51276,-0.00209,599.50629,0.01095,599.50629,0.01206
598.98273,7.88E-04,598.98273,-8.27E-04,598.99408,-0.00192,598.99408,-0.00192,598.98792,0.01228,598.98792,0.01325,598.98273,4.68E-04,598.98273,-4.02E-04,598.99408,-0.0019,598.99408,-0.00181,598.98792,0.01104,598.98792,0.01163
598.50116,4.57E-04,598.50116,-9.81E-04,598.51245,-0.00192,598.51245,-0.00183,598.50653,0.01228,598.50653,0.01305,598.50116,1.51E-04,598.50116,-5.14E-04,598.51245,-0.00127,598.51245,-0.00141,598.50653,0.0109,598.50653,0.0121
597.98254,4.57E-04,597.98254,-9.81E-04,597.99371,-0.00179,597.99371,-0.00143,597.9881,0.01223,597.9881,0.01305,597.98254,3.83E-04,597.98254,-2.34E-05,597.99371,-0.00141,597.99371,-5.01E-04,597.9881,0.01155,597.9881,0.01231
597.50085,4.57E-04,597.50085,-9.81E-04,597.5119,-0.00148,597.5119,-0.00143,597.50653,0.01204,597.50653,0.01294,597.50085,2.22E-04,597.50085,-4.77E-04,597.5119,-9.83E-04,597.5119,8.15E-05,597.50653,0.01097,597.50653,0.01154
596.98206,7.76E-04,596.98206,-3.01E-04,596.99298,-0.00163,596.99298,-0.00134,596.98792,0.01204,596.98792,0.01294,596.98206,4.85E-04,596.98206,-8.58E-05,596.99298,-0.00176,596.99298,-0.00132,596.98792,0.01057,596.98792,0.01163
596.50037,7.76E-04,596.50037,-6.73E-04,596.51099,-0.00163,596.51099,-0.00141,596.50635,0.01187,596.50635,0.01292,596.50037,3.78E-04,596.50037,-1.46E-04,596.51099,-0.00146,596.51099,-0.00164,596.50635,0.01073,596.50635,0.01152
596.01849,9.13E-04,596.01849,-6.73E-04,595.992,-0.00179,595.992,-0.00166,595.98755,0.01187,595.98755,0.01283,596.01849,4.80E-04,596.01849,-5.15E-05,595.992,-0.0016,595.992,-0.0013,595.98755,0.01097,595.98755,0.01164
595.49951,9.13E-04,595.49951,-6.73E-04,595.50995,-0.00165,595.50995,-0.00166,595.5058,0.01196,595.5058,0.01271,595.49951,4.44E-04,595.49951,-3.28E-04,595.50995,-0.00126,595.50995,-0.00139,595.5058,0.01058,595.5058,0.01144
595.01758,9.87E-04,595.01758,-7.12E-04,594.99078,-0.00178,594.99078,-0.00181,594.98694,0.01196,594.98694,0.01271,595.01758,4.92E-04,595.01758,-5.02E-04,594.99078,-0.00208,594.99078,-0.00259,594.98694,0.01066,594.98694,0.01128
594.49847,0.00101,594.49847,-7.12E-04,594.50861,-0.00178,594.50861,-0.00181,594.50507,0.01196,594.50507,0.01271,594.49847,4.92E-04,594.49847,-1.60E-05,594.50861,-0.00162,594.50861,-0.00159,594.50507,0.01091,594.50507,0.01133
594.01642,0.00101,594.01642,-0.00103,593.98926,-0.00178,593.98926,-0.00184,593.98596,0.01219,593.98596,0.01271,594.01642,5.84E-04,594.01642,-3.46E-04,593.98926,-0.00175,593.98926,-0.00179,593.98596,0.01106,593.98596,0.01149
593.49713,0.00101,593.49713,-7.12E-04,593.50702,-0.00178,593.50702,-0.00181,593.50397,0.01219,593.50397,0.01289,593.49713,6.61E-04,593.49713,1.01E-05,593.50702,-0.00104,593.50702,-0.00159,593.50397,0.01087,593.50397,0.0123
593.01483,0.0012,593.01483,-7.12E-04,592.98755,-0.00178,592.98755,-0.00184,592.9848,0.01175,592.9848,0.01308,593.01483,-7.07E-04,593.01483,-0.00103,592.98755,-0.00176,592.98755,-0.00181,592.9848,0.01093,592.9848,0.01174
592.49554,7.65E-04,592.49554,-8.82E-05,592.50513,-0.00178,592.50513,-0.00193,592.50262,0.01175,592.50262,0.01308,592.49554,7.60E-04,592.49554,5.37E-04,592.50513,-0.00133,592.50513,-0.00143,592.50262,0.01042,592.50262,0.01199
592.01318,7.65E-04,592.01318,-8.82E-05,591.98547,-0.00178,591.98547,-0.00193,591.9834,0.01175,591.9834,0.01308,592.01318,9.43E-04,592.01318,5.04E-04,591.98547,-8.92E-04,591.98547,-0.00191,591.9834,0.01048,591.9834,0.01166
591.49365,7.70E-04,591.49365,-8.82E-05,591.50299,-0.00169,591.50299,-0.00202,591.5011,0.01175,591.5011,0.01308,591.49365,3.72E-04,591.49365,-4.29E-05,591.50299,-0.00178,591.50299,-0.00238,591.5011,0.01097,591.5011,0.01144
591.01117,7.70E-04,591.01117,-1.92E-04,590.98328,-0.00181,590.98328,-0.00242,590.98163,0.01215,590.98163,0.01308,591.01117,6.10E-04,591.01117,-1.57E-05,590.98328,-0.00151,590.98328,-0.00169,590.98163,0.01159,590.98163,0.01195
590.49152,7.70E-04,590.49152,-7.85E-04,590.50061,-0.00181,590.50061,-0.00242,590.49927,0.0123,590.49927,0.01341,590.49152,3.75E-04,590.49152,-3.82E-04,590.50061,-0.00166,590.50061,-0.00199,590.49927,0.01083,590.49927,0.012
590.00897,9.57E-04,590.00897,-7.85E-04,590.01782,-0.00169,590.01782,-0.00228,590.01678,0.01217,590.01678,0.01346,590.00897,7.49E-04,590.00897,-9.35E-05,590.01782,-0.00193,590.01782,-0.00238,590.01678,0.01172,590.01678,0.01218
589.4892,7.70E-04,589.4892,-7.99E-04,589.49792,-0.00169,589.49792,-0.00228,589.49719,0.01217,589.49719,0.01367,589.4892,7.96E-04,589.4892,-3.96E-04,589.49792,-0.00126,589.49792,-0.002,589.49719,0.01125,589.49719,0.01432
589.00641,9.57E-04,589.00641,-8.14E-04,589.01514,-0.0015,589.01514,-0.00228,589.01459,0.01217,589.01459,0.01367,589.00641,4.65E-04,589.00641,0.00236,589.01514,1.51E-04,589.01514,-0.00225,589.01459,0.01085,589.01459,0.0133
588.48645,5.84E-04,588.48645,-8.14E-04,588.49506,-0.00128,588.49506,-0.00209,588.49481,0.01217,588.49481,0.01361,588.48645,2.84E-04,588.48645,-3.89E-04,588.49506,-0.00148,588.49506,-0.00206,588.49481,0.0111,588.49481,0.01256
588.00366,5.84E-04,588.00366,-7.99E-04,588.01208,-0.00121,588.01208,-0.00209,588.01221,0.0121,588.01221,0.01326,588.00366,0.00146,588.00366,-6.67E-04,588.01208,-7.46E-04,588.01208,-0.0012,588.01221,0.01078,588.01221,0.01213
587.48364,5.49E-04,587.48364,-7.99E-04,587.49188,-0.00128,587.49188,-0.00181,587.49231,0.0121,587.49231,0.01325,587.48364,2.67E-04,587.48364,-2.05E-04,587.49188,-0.00119,587.49188,-6.93E-04,587.49231,0.01088,587.49231,0.01164
587.00067,5.49E-04,587.00067,-7.54E-04,587.00873,-0.00128,587.00873,-0.00122,587.00946,0.01208,587.00946,0.01306,587.00067,6.92E-04,587.00067,-3.66E-04,587.00873,-7.27E-04,587.00873,-9.41E-04,587.00946,0.01076,587.00946,0.01182
586.51758,5.49E-04,586.51758,-4.83E-04,586.48846,-0.00163,586.48846,-0.00181,586.48944,0.01208,586.48944,0.01306,586.51758,2.34E-04,586.51758,6.13E-04,586.48846,-0.00126,586.48846,-0.00179,586.48944,0.01095,586.48944,0.01181
585.99738,6.96E-04,585.99738,-4.83E-04,586.00519,-0.00185,586.00519,-0.00208,586.00641,0.01208,586.00641,0.01325,585.99738,4.43E-04,585.99738,-2.35E-04,586.00519,-0.00161,586.00519,3.18E-04,586.00641,0.01076,586.00641,0.01164
585.51428,4.81E-04,585.51428,-4.83E-04,585.48474,-0.00185,585.48474,-0.00208,585.48633,0.01229,585.48633,0.01325,585.51428,6.66E-04,585.51428,9.06E-05,585.48474,-0.00183,585.48474,-0.00213,585.48633,0.01108,585.48633,0.01222
584.99384,6.96E-04,584.99384,-4.83E-04,585.0014,-0.00185,585.0014,-0.00208,585.00317,0.01243,585.00317,0.01371,584.99384,3.39E-04,584.99384,2.39E-04,585.0014,-0.00207,585.0014,-0.00205,585.00317,0.01373,585.00317,0.01235
584.51056,5.23E-04,584.51056,-6.62E-04,584.51801,-0.00185,584.51801,-0.00208,584.48291,0.01273,584.48291,0.01371,584.51056,2.05E-04,584.51056,-4.00E-04,584.51801,-0.00175,584.51801,-0.0016,584.48291,0.01218,584.48291,0.01239
583.99005,5.23E-04,583.99005,-8.23E-04,583.99731,-0.00177,583.99731,-0.00205,583.99969,0.01273,583.99969,0.01369,583.99005,0.00101,583.99005,-1.21E-04,583.99731,-9.66E-04,583.99731,-0.00101,583.99969,0.01135,583.99969,0.01232
583.50665,5.23E-04,583.50665,-9.17E-04,583.51379,-0.0017,583.51379,-0.00163,583.51648,0.01273,583.51648,0.01353,583.50665,2.54E-04,583.50665,-3.22E-04,583.51379,-0.00168,583.51379,-0.00202,583.51648,0.01167,583.51648,0.01206
582.98602,0.00133,582.98602,-0.00102,582.99298,-0.0017,582.99298,-0.00205,582.99597,0.01273,582.99597,0.01342,582.98602,6.45E-04,582.98602,-6.00E-04,582.99298,-0.00153,582.99298,-0.00159,582.99597,0.01102,582.99597,0.0122
582.5025,0.00115,582.5025,-0.00102,582.50934,-0.00171,582.50934,-0.00219,582.51257,0.01236,582.51257,0.01342,582.5025,6.61E-04,582.5025,-4.46E-04,582.50934,-7.49E-04,582.50934,-6.75E-04,582.51257,0.0116,582.51257,0.01196
581.98169,0.00115,581.98169,-0.00123,581.98846,-0.00171,581.98846,-0.00219,581.99194,0.01224,581.99194,0.01342,581.98169,0.00375,581.98169,-4.98E-04,581.98846,-0.00203,581.98846,-0.00235,581.99194,0.01158,581.99194,0.01196
581.49811,0.00115,581.49811,-0.00102,581.50464,-0.00187,581.50464,-0.00234,581.50848,0.01224,581.50848,0.01342,581.49811,5.59E-04,581.49811,4.68E-05,581.50464,-0.00169,581.50464,-0.00216,581.50848,0.01074,581.50848,0.01248
581.01434,7.71E-04,581.01434,-0.00102,580.98358,-0.00187,580.98358,-0.00234,580.98773,0.01224,580.98773,0.01342,581.01434,3.06E-04,581.01434,-9.48E-04,580.98358,-0.00159,580.98358,-0.00164,580.98773,0.01091,580.98773,0.01227
580.49335,7.71E-04,580.49335,-2.22E-04,580.49969,-0.00187,580.49969,-0.00219,580.50403,0.01224,580.50403,0.01377,580.49335,7.33E-04,580.49335,5.23E-04,580.49969,-0.00184,580.49969,-0.00231,580.50403,0.01125,580.50403,0.01233
580.00952,7.71E-04,580.00952,-4.48E-04,580.01575,-0.00187,580.01575,-0.00199,579.98322,0.01225,579.98322,0.0133,580.00952,3.75E-04,580.00952,-1.08E-04,580.01575,-0.00161,580.01575,-0.00196,579.98322,0.01092,579.98322,0.01186
579.48846,7.71E-04,579.48846,-4.48E-04,579.49451,-0.00216,579.49451,-0.002,579.49939,0.0123,579.49939,0.0133,579.48846,4.94E-04,579.48846,-1.22E-05,579.49451,-0.00234,579.49451,-0.00187,579.49939,0.01097,579.49939,0.01227
579.00452,7.71E-04,579.00452,-5.00E-04,579.01038,-0.00216,579.01038,-0.00199,579.01563,0.0123,579.01563,0.0133,579.00452,9.51E-04,579.00452,-2.18E-04,579.01038,-0.00116,579.01038,-0.0012,579.01563,0.01144,579.01563,0.01169
578.48328,8.04E-04,578.48328,-5.00E-04,578.48907,-0.00216,578.48907,-0.00189,578.49457,0.01269,578.49457,0.01335,578.48328,7.54E-05,578.48328,-2.67E-04,578.48907,-0.00213,578.48907,-0.00197,578.49457,0.01131,578.49457,0.0119
577.99915,8.04E-04,577.99915,-5.49E-04,578.00482,-0.00176,578.00482,-0.00181,578.01056,0.01277,578.01056,0.01335,577.99915,7.42E-04,577.99915,-2.43E-04,578.00482,-0.00173,578.00482,-0.00178,578.01056,0.01143,578.01056,0.01235
577.51508,8.04E-04,577.51508,-7.39E-04,577.48328,-0.00176,577.48328,-0.00196,577.48938,0.01277,577.48938,0.01386,577.51508,3.91E-04,577.51508,-1.93E-04,577.48328,-0.00125,577.48328,-0.00173,577.48938,0.01138,577.48938,0.01235
576.99365,8.04E-04,576.99365,-7.39E-04,576.99896,-0.00176,576.99896,-0.00191,577.00531,0.01281,577.00531,0.01386,576.99365,5.59E-04,576.99365,-6.41E-04,576.99896,-0.00158,576.99896,-0.00155,577.00531,0.01141,577.00531,0.0124
576.5094,8.04E-04,576.5094,-7.99E-04,576.51459,-0.00187,576.51459,-0.00191,576.48395,0.01281,576.48395,0.0139,576.5094,4.85E-04,576.5094,-3.59E-04,576.51459,-0.0016,576.51459,-0.00194,576.48395,0.0115,576.48395,0.01266
575.98779,9.97E-04,575.98779,-7.99E-04,575.99292,-0.00191,575.99292,-0.00191,575.99982,0.01281,575.99982,0.01391,575.98779,1.44E-04,575.98779,-5.45E-05,575.99292,-0.00184,575.99292,-0.00188,575.99982,0.0115,575.99982,0.01264
575.50342,9.97E-04,575.50342,-7.39E-04,575.50836,-0.00191,575.50836,-0.00191,575.51556,0.0126,575.51556,0.01419,575.50342,0.00333,575.50342,-3.89E-04,575.50836,-0.00188,575.50836,-0.00142,575.51556,0.01189,575.51556,0.01239
574.98175,9.77E-04,574.98175,-2.74E-04,574.98651,-0.00191,574.98651,-0.00144,574.99408,0.0126,574.99408,0.01399,574.98175,5.30E-04,574.98175,-1.33E-04,574.98651,-0.00209,574.98651,-0.00112,574.99408,0.01114,574.99408,0.01294
574.49725,9.77E-04,574.49725,-2.74E-04,574.50195,-0.00191,574.50195,-0.00144,574.5097,0.0126,574.5097,0.01399,574.49725,6.52E-04,574.49725,9.06E-06,574.50195,-0.0018,574.50195,0.00418,574.5097,0.01123,574.5097,0.01292
574.01263,9.77E-04,574.01263,-2.74E-04,574.01721,-0.00182,574.01721,-0.00158,573.98798,0.0126,573.98798,0.01399,574.01263,4.75E-04,574.01263,1.22E-04,574.01721,-5.49E-04,574.01721,0.00104,573.98798,0.01158,573.98798,0.01247
573.49078,7.33E-04,573.49078,-1.16E-04,573.49512,-0.00182,573.49512,-0.00166,573.50348,0.01285,573.50348,0.01395,573.49078,1.81E-04,573.49078,3.07E-05,573.49512,-0.00117,573.49512,-0.00156,573.50348,0.01146,573.50348,0.01273
573.0061,5.37E-04,573.0061,-9.56E-04,573.01031,-0.00167,573.01031,-0.00175,572.98169,0.01292,572.98169,0.01395,573.0061,5.25E-04,573.0061,-4.65E-04,573.01031,-0.0014,573.01031,-0.00164,572.98169,0.01151,572.98169,0.01236
572.48407,5.37E-04,572.48407,-9.56E-04,572.48816,-0.00167,572.48816,-0.00207,572.49707,0.01292,572.49707,0.01395,572.48407,3.56E-04,572.48407,-5.64E-05,572.48816,-0.00234,572.48816,-0.00225,572.49707,0.01157,572.49707,0.01243
571.99927,5.37E-04,571.99927,-9.56E-04,572.0033,-0.00167,572.0033,-0.00207,572.01245,0.01292,572.01245,0.01395,571.99927,2.61E-04,571.99927,-4.66E-04,572.0033,-0.00164,572.0033,-0.00173,572.01245,0.01169,572.01245,0.0128
571.51447,5.37E-04,571.51447,-6.22E-04,571.51825,-0.00167,571.51825,-0.00207,571.49042,0.01273,571.49042,0.01411,571.51447,5.64E-04,571.51447,-2.83E-04,571.51825,-0.00165,571.51825,-0.00204,571.49042,0.01203,571.49042,0.01258
570.99225,5.37E-04,570.99225,-6.22E-04,570.99591,-0.00167,570.99591,-0.00207,571.00574,0.01273,571.00574,0.01415,570.99225,1.10E-04,570.99225,-3.03E-04,570.99591,-0.00155,570.99591,-0.00183,571.00574,0.01096,571.00574,0.01262
570.5072,4.84E-04,570.5072,-5.81E-04,570.5108,-0.00167,570.5108,-0.00207,570.48358,0.01273,570.48358,0.01412,570.5072,9.70E-04,570.5072,7.35E-05,570.5108,-0.00125,570.5108,-0.0017,570.48358,0.01135,570.48358,0.01261
569.98486,4.84E-04,569.98486,-5.32E-04,569.98834,-0.00183,569.98834,-0.00186,569.9986,0.01243,569.9986,0.01415,569.98486,0.0011,569.98486,4.74E-04,569.98834,-0.00254,569.98834,-0.00217,569.9986,0.01164,569.9986,0.01309
569.49976,0.00156,569.49976,-5.32E-04,569.50311,-0.0025,569.50311,-0.0022,569.51367,0.01243,569.51367,0.01412,569.49976,2.35E-04,569.49976,-2.59E-04,569.50311,-0.00141,569.50311,-0.00118,569.51367,0.01181,569.51367,0.01259
569.01465,0.00156,569.01465,-5.32E-04,569.01782,-0.0025,569.01782,-0.0022,568.99139,0.01243,568.99139,0.01394,569.01465,7.83E-04,569.01465,-8.02E-06,569.01782,-0.0018,569.01782,-0.00158,568.99139,0.01108,568.99139,0.01307
568.49213,0.00106,568.49213,-5.32E-04,568.49512,-0.00233,568.49512,-0.00218,568.50635,0.01243,568.50635,0.01382,568.49213,7.59E-04,568.49213,-3.74E-04,568.49512,-0.00247,568.49512,-0.00226,568.50635,0.01084,568.50635,0.01242
568.00684,0.00156,568.00684,-1.65E-05,568.00977,-0.00233,568.00977,-0.00218,567.98389,0.01243,567.98389,0.01382,568.00684,0.00185,568.00684,2.69E-04,568.00977,-0.00229,568.00977,-0.00215,567.98389,0.01132,567.98389,0.01152
567.48413,0.00149,567.48413,9.54E-05,567.48688,-0.00233,567.48688,-0.00225,567.4986,0.0127,567.4986,0.01382,567.48413,5.17E-04,567.48413,4.64E-05,567.48688,-0.0013,567.48688,-0.00161,567.4986,0.01162,567.4986,0.01232
566.99878,0.0011,566.99878,9.54E-05,567.00134,-0.00204,567.00134,-0.00218,567.01343,0.0127,567.01343,0.01382,566.99878,0.00102,566.99878,0.00721,567.00134,-0.00136,567.00134,-0.00156,567.01343,0.01176,567.01343,0.01275
566.51331,0.0011,566.51331,-1.07E-04,566.51581,-0.00159,566.51581,-0.00163,566.49078,0.01264,566.49078,0.01431,566.51331,7.26E-04,566.51331,0.00426,566.51581,-0.00201,566.51581,-0.00222,566.49078,0.01151,566.49078,0.01291
565.99048,0.00123,565.99048,-1.07E-04,565.9928,-0.00166,565.9928,-0.00159,566.00531,0.01264,566.00531,0.01432,565.99048,5.33E-04,565.99048,-5.22E-05,565.9928,-0.00135,565.9928,-9.28E-04,566.00531,0.01127,566.00531,0.01277
565.50488,0.00123,565.50488,-1.10E-04,565.50714,-0.00166,565.50714,-0.00204,565.48261,0.01264,565.48261,0.01439,565.50488,5.96E-04,565.50488,-1.62E-04,565.50714,-0.00157,565.50714,-0.0012,565.48261,0.01126,565.48261,0.01286
564.98187,0.00123,564.98187,-1.10E-04,564.98395,-0.00166,564.98395,-0.00204,564.99713,0.01264,564.99713,0.01439,564.98187,7.60E-04,564.98187,6.16E-04,564.98395,-0.00164,564.98395,-0.00126,564.99713,0.01169,564.99713,0.01282
564.49622,0.00139,564.49622,-2.23E-04,564.49817,-0.00166,564.49817,-0.00204,564.5116,0.01286,564.5116,0.01439,564.49622,6.78E-04,564.49622,-5.34E-05,564.49817,-0.00136,564.49817,-0.00201,564.5116,0.01195,564.5116,0.01297
564.01038,0.00149,564.01038,-1.10E-04,564.01227,-0.00173,564.01227,-0.00204,563.98859,0.01289,563.98859,0.01439,564.01038,9.48E-04,564.01038,2.03E-05,564.01227,-0.00171,564.01227,-0.00227,563.98859,0.01146,563.98859,0.01315
563.48724,0.00139,563.48724,-2.23E-04,563.48889,-0.00244,563.48889,-0.00231,563.50287,0.01286,563.50287,0.01419,563.48724,7.49E-04,563.48724,-1.09E-04,563.48889,-0.00163,563.48889,-0.00128,563.50287,0.01149,563.50287,0.01265
563.0014,0.00149,563.0014,-2.23E-04,563.00293,-0.00244,563.00293,-0.00231,563.01721,0.01286,563.01721,0.01419,563.0014,7.25E-04,563.0014,4.39E-04,563.00293,-0.0024,563.00293,-0.00194,563.01721,0.0116,563.01721,0.01282
562.5155,0.00149,562.5155,-2.23E-04,562.51691,-0.00244,562.51691,-0.00196,562.49408,0.01289,562.49408,0.01419,562.5155,4.03E-04,562.5155,-4.75E-04,562.51691,-0.00254,562.51691,-0.00259,562.49408,0.01146,562.49408,0.01251
561.99213,0.00106,561.99213,4.43E-04,561.99335,-0.00244,561.99335,-0.00196,562.00824,0.01302,562.00824,0.01427,561.99213,0.0014,561.99213,2.35E-04,561.99335,-0.00103,561.99335,-0.00123,562.00824,0.01202,562.00824,0.01346
561.5061,0.00103,561.5061,-1.31E-04,561.5072,-0.00232,561.5072,-0.00205,561.48492,0.01304,561.48492,0.01427,561.5061,0.00109,561.5061,3.92E-04,561.5072,-0.00229,561.5072,-0.0018,561.48492,0.01189,561.48492,0.01272
560.98261,0.00106,560.98261,-1.31E-04,560.98352,-0.00205,560.98352,-0.00195,560.99896,0.01304,560.99896,0.01427,560.98261,5.16E-04,560.98261,2.15E-04,560.98352,-0.00202,560.98352,-0.00192,560.99896,0.01179,560.99896,0.01302
560.4964,0.00103,560.4964,-1.31E-04,560.49725,-0.00205,560.49725,-0.00195,560.51294,0.01304,560.51294,0.01405,560.4964,5.03E-04,560.4964,-6.37E-05,560.49725,-0.00148,560.49725,-0.00202,560.51294,0.01163,560.51294,0.01277
560.01019,0.00103,560.01019,-2.84E-04,560.01086,-0.00181,560.01086,-0.00205,559.98944,0.0129,559.98944,0.01405,560.01019,7.45E-04,560.01019,-2.77E-04,560.01086,-0.00121,560.01086,-0.00118,559.98944,0.01149,559.98944,0.01252
559.48651,0.00103,559.48651,-2.84E-04,559.48706,-0.00179,559.48706,-0.00213,559.5033,0.0129,559.5033,0.01405,559.48651,4.39E-04,559.48651,1.21E-04,559.48706,-0.00179,559.48706,-0.0018,559.5033,0.01165,559.5033,0.01249
559.00018,0.00135,559.00018,-2.84E-04,559.00061,-0.00179,559.00061,-0.00213,559.01715,0.0129,559.01715,0.01405,559.00018,6.61E-04,559.00018,-1.38E-04,559.00061,-0.00177,559.00061,-0.0021,559.01715,0.01134,559.01715,0.01271
558.51379,0.00135,558.51379,-1.57E-04,558.51404,-0.00179,558.51404,-0.00213,558.49347,0.01272,558.49347,0.01426,558.51379,6.55E-04,558.51379,-7.64E-05,558.51404,-0.00101,558.51404,-0.0021,558.49347,0.01156,558.49347,0.01285
557.98987,0.00136,557.98987,-1.57E-04,557.99011,-0.00179,557.99011,-0.00213,558.00714,0.01237,558.00714,0.01426,557.98987,8.69E-04,557.98987,4.59E-04,557.99011,-0.00159,557.99011,-0.00233,558.00714,0.01185,558.00714,0.01291
557.50336,0.00179,557.50336,-3.81E-05,557.50336,-0.00172,557.50336,-0.00213,557.48334,0.01237,557.48334,0.01442,557.50336,9.10E-04,557.50336,3.43E-04,557.50336,-0.00169,557.50336,-0.00209,557.48334,0.01097,557.48334,0.01324
557.01678,0.00179,557.01678,-3.81E-05,557.01672,-0.00172,557.01672,-0.00212,556.99695,0.01237,556.99695,0.01449,557.01678,0.00296,557.01678,4.88E-05,557.01672,-0.00214,557.01672,-0.00181,556.99695,0.01103,556.99695,0.01265
556.49274,0.00162,556.49274,-7.34E-05,556.49255,-0.00172,556.49255,-0.00183,556.51044,0.01237,556.51044,0.01463,556.49274,9.50E-04,556.49274,-1.85E-05,556.49255,-0.00162,556.49255,-0.00173,556.51044,0.01122,556.51044,0.01304
556.00604,0.00151,556.00604,-7.34E-05,556.00568,-0.00211,556.00568,-0.00175,555.98645,0.01259,555.98645,0.01463,556.00604,4.96E-04,556.00604,-2.88E-04,556.00568,-0.00162,556.00568,-0.00139,555.98645,0.01194,555.98645,0.01322
555.48187,0.00151,555.48187,-7.34E-05,555.48132,-0.00197,555.48132,-0.00175,555.49982,0.01311,555.49982,0.01484,555.48187,7.88E-04,555.48187,-3.57E-05,555.48132,-0.00167,555.48132,-0.00143,555.49982,0.01168,555.49982,0.01337
554.99506,0.00113,554.99506,-7.34E-05,554.99445,-0.00197,554.99445,-0.00168,555.01318,0.01339,555.01318,0.015,554.99506,7.34E-04,554.99506,2.76E-04,554.99445,-0.00208,554.99445,-0.00166,555.01318,0.01197,555.01318,0.01388
554.50824,0.00133,554.50824,5.68E-04,554.50739,-0.00197,554.50739,-0.00168,554.48901,0.01311,554.48901,0.01532,554.50824,9.37E-04,554.50824,5.49E-04,554.50739,-0.00194,554.50739,-0.00175,554.48901,0.01232,554.48901,0.0137
553.98383,0.00133,553.98383,7.37E-04,553.98291,-0.00207,553.98291,-0.00178,554.0022,0.01317,554.0022,0.01532,553.98383,5.49E-04,553.98383,3.58E-04,553.98291,-0.00171,553.98291,-0.0014,554.0022,0.01206,554.0022,0.0139
553.49689,0.00113,553.49689,7.37E-04,553.49579,-0.00197,553.49579,-0.00178,553.51544,0.01317,553.51544,0.015,553.49689,6.48E-04,553.49689,0.00618,553.49579,-0.00189,553.49579,-0.00123,553.51544,0.01161,553.51544,0.01366
553.00983,0.00112,553.00983,-2.36E-04,553.00867,-0.00192,553.00867,-0.00161,552.99109,0.01302,552.99109,0.01491,553.00983,0.00106,553.00983,0.00301,553.00867,-0.00204,553.00867,-0.002,552.99109,0.01173,552.99109,0.0129
552.48523,0.00112,552.48523,-2.36E-04,552.48395,-0.00192,552.48395,-0.00161,552.50409,0.01302,552.50409,0.01491,552.48523,3.91E-04,552.48523,-2.09E-04,552.48395,-0.00166,552.48395,-0.00123,552.50409,0.01178,552.50409,0.01337
551.99811,0.00112,551.99811,-2.36E-04,551.99658,-0.00189,551.99658,-0.00161,552.01709,0.01283,552.01709,0.01491,551.99811,5.47E-04,551.99811,-1.15E-04,551.99658,-0.00183,551.99658,-0.00158,552.01709,0.0112,552.01709,0.01329
551.51086,0.00112,551.51086,-2.36E-04,551.50928,-0.00189,551.50928,-0.00143,551.49255,0.01283,551.49255,0.01494,551.51086,5.98E-04,551.51086,-4.70E-05,551.50928,-0.00186,551.50928,-0.00141,551.49255,0.01198,551.49255,0.01331
550.98614,0.00123,550.98614,-9.65E-05,550.98444,-0.00189,550.98444,-0.00143,551.00543,0.01283,551.00543,0.01494,550.98614,0.00308,550.98614,4.36E-04,550.98444,-0.00182,550.98444,-9.92E-04,551.00543,0.01144,551.00543,0.01337
550.49884,0.00123,550.49884,6.08E-04,550.49695,-0.00197,550.49695,-0.00143,550.51825,0.01294,550.51825,0.01498,550.49884,0.00242,550.49884,4.02E-04,550.49695,-0.00195,550.49695,-6.65E-04,550.51825,0.01164,550.51825,0.01414
550.01147,0.00179,550.01147,6.08E-04,550.0094,-0.00197,550.0094,-0.00163,549.99353,0.01283,549.99353,0.01498,550.01147,0.00113,550.01147,3.01E-04,550.0094,-0.00176,550.0094,-9.09E-04,549.99353,0.01185,549.99353,0.01335
549.48657,0.00121,549.48657,-8.07E-05,549.48431,-0.00197,549.48431,-0.00163,549.50629,0.01294,549.50629,0.01498,549.48657,5.88E-04,549.48657,2.96E-04,549.48431,-0.00196,549.48431,-0.0016,549.50629,0.01153,549.50629,0.01365
548.99902,0.00121,548.99902,-8.07E-05,548.99677,-0.0019,548.99677,-0.00164,548.98138,0.01281,548.98138,0.01482,548.99902,8.73E-04,548.99902,-1.78E-04,548.99677,-0.00187,548.99677,-0.00161,548.98138,0.01132,548.98138,0.01321
548.51147,0.00121,548.51147,-8.07E-05,548.50903,-0.00199,548.50903,-0.00188,548.4939,0.01277,548.4939,0.01482,548.51147,5.63E-04,548.51147,-3.92E-05,548.50903,-0.00181,548.50903,-0.00127,548.4939,0.01191,548.4939,0.01335
547.98639,0.00116,547.98639,-8.07E-05,547.98376,-0.00205,547.98376,-0.00188,548.00647,0.01277,548.00647,0.01477,547.98639,8.72E-04,547.98639,5.71E-04,547.98376,-0.00186,547.98376,-0.00185,548.00647,0.01142,548.00647,0.01286
547.49866,0.00116,547.49866,3.49E-05,547.49597,-0.00205,547.49597,-0.00188,547.48151,0.01281,547.48151,0.0147,547.49866,8.84E-04,547.49866,1.70E-05,547.49597,-0.00202,547.49597,-0.00201,547.48151,0.01138,547.48151,0.01359
547.01099,0.00179,547.01099,1.60E-04,547.00812,-0.00205,547.00812,-0.00188,546.9939,0.01281,546.9939,0.0147,547.01099,4.22E-04,547.01099,7.80E-05,547.00812,-0.00203,547.00812,-0.00103,546.9939,0.01166,546.9939,0.01317
546.48566,0.00152,546.48566,3.49E-05,546.48273,-0.00205,546.48273,-0.00202,546.50616,0.01308,546.50616,0.01477,546.48566,0.00102,546.48566,2.43E-04,546.48273,-0.00183,546.48273,-0.00145,546.50616,0.01209,546.50616,0.0131
545.99786,0.00152,545.99786,1.60E-04,545.99469,-0.00206,545.99469,-0.00179,546.01855,0.01313,546.01855,0.01477,545.99786,9.32E-04,545.99786,2.61E-04,545.99469,-0.00157,545.99469,-0.00121,546.01855,0.01178,546.01855,0.01362
545.50989,0.00192,545.50989,5.00E-04,545.50671,-0.00196,545.50671,-0.00179,545.49329,0.01313,545.49329,0.01513,545.50989,7.40E-04,545.50989,-9.24E-05,545.50671,-0.00182,545.50671,-0.00199,545.49329,0.01207,545.49329,0.014
544.98444,0.00192,544.98444,4.90E-04,545.01862,-0.00196,545.01862,-0.00179,545.00537,0.01313,545.00537,0.01529,544.98444,0.00133,544.98444,5.19E-04,545.01862,-0.00218,545.01862,-0.00176,545.00537,0.0117,545.00537,0.01389
544.4964,0.00193,544.4964,4.90E-04,544.49292,-0.00196,544.49292,-0.00179,544.51752,0.01313,544.51752,0.0155,544.4964,9.38E-04,544.4964,4.13E-04,544.49292,-0.00193,544.49292,-0.00147,544.51752,0.01164,544.51752,0.01348
544.00836,0.00198,544.00836,6.59E-04,544.00464,-0.00196,544.00464,-0.00168,543.99213,0.01313,543.99213,0.0155,544.00836,0.0011,544.00836,2.38E-04,544.00464,-0.0014,544.00464,-0.00147,543.99213,0.01233,543.99213,0.01382
543.48267,0.00198,543.48267,6.59E-04,543.51642,-0.00176,543.51642,-0.00165,543.50409,0.01351,543.50409,0.0155,543.48267,9.63E-04,543.48267,3.20E-04,543.51642,-0.00127,543.51642,-0.00145,543.50409,0.01204,543.50409,0.01396
542.99445,0.00199,542.99445,6.59E-04,542.9906,-0.00176,542.9906,-0.00167,543.01605,0.01361,543.01605,0.0155,542.99445,0.0014,542.99445,4.16E-04,542.9906,-0.00135,542.9906,-0.00166,543.01605,0.01217,543.01605,0.01384
542.50629,0.00199,542.50629,7.58E-04,542.5022,-0.00184,542.5022,-0.00167,542.49042,0.01361,542.49042,0.01553,542.50629,0.00165,542.50629,8.33E-04,542.5022,-0.00173,542.5022,-0.00163,542.49042,0.01232,542.49042,0.01382
542.01794,0.00202,542.01794,8.55E-04,542.01379,-0.00184,542.01379,-0.00167,542.00232,0.01365,542.00232,0.01553,542.01794,9.68E-04,542.01794,6.21E-04,542.01379,-0.00187,542.01379,-0.00165,542.00232,0.01213,542.00232,0.01392
541.492,0.00202,541.492,0.00107,541.48779,-0.00184,541.48779,-0.00165,541.51404,0.01361,541.51404,0.01562,541.492,9.84E-04,541.492,3.69E-04,541.48779,-0.00182,541.48779,-0.00157,541.51404,0.01232,541.51404,0.01418
541.0036,0.00199,541.0036,0.00103,540.99915,-0.00184,540.99915,-0.00167,540.98822,0.01361,540.98822,0.01562,541.0036,0.00134,541.0036,5.96E-04,540.99915,-0.00143,540.99915,-0.00152,540.98822,0.01233,540.98822,0.0143
540.51514,0.00193,540.51514,7.58E-04,540.51056,-0.00147,540.51056,-0.0016,540.49988,0.01358,540.49988,0.01569,540.51514,0.00132,540.51514,5.21E-04,540.51056,-6.33E-04,540.51056,-0.00101,540.49988,0.0121,540.49988,0.01398
539.98907,0.00193,539.98907,0.00103,539.98431,-0.00147,539.98431,-0.00178,540.01154,0.01358,540.01154,0.01563,539.98907,9.41E-04,539.98907,4.99E-04,539.98431,-0.00144,539.98431,-0.00175,540.01154,0.01214,540.01154,0.01354
539.50049,0.00193,539.50049,0.00103,539.49567,-0.00181,539.49567,-0.00178,539.48553,0.01346,539.48553,0.01563,539.50049,7.32E-04,539.50049,3.20E-04,539.49567,-0.00138,539.49567,-0.00124,539.48553,0.012,539.48553,0.01399
539.0119,0.00193,539.0119,0.00103,539.0069,-0.00202,539.0069,-0.00178,538.99701,0.01346,538.99701,0.01563,539.0119,0.00121,539.0119,6.82E-04,539.0069,-0.002,539.0069,-0.00184,538.99701,0.01212,538.99701,0.01393
538.48566,0.00249,538.48566,0.0014,538.51813,-0.00202,538.51813,-0.00171,538.50848,0.01346,538.50848,0.01568,538.48566,0.00346,538.48566,7.57E-04,538.51813,-0.00179,538.51813,-0.00119,538.50848,0.01193,538.50848,0.01401
537.99683,0.00249,537.99683,0.0014,537.99158,-0.00202,537.99158,-0.00171,537.9823,0.01356,537.9823,0.01568,537.99683,0.0014,537.99683,0.00112,537.99158,-0.00199,537.99158,-0.00155,537.9823,0.01208,537.9823,0.01414
537.50806,0.00233,537.50806,0.00134,537.50262,-0.00202,537.50262,-0.00171,537.49359,0.01356,537.49359,0.01571,537.50806,0.00141,537.50806,8.26E-04,537.50262,-0.00185,537.50262,-0.00168,537.49359,0.01237,537.49359,0.01398
536.98157,0.00165,536.98157,7.99E-04,537.01367,-0.00207,537.01367,-0.00171,537.00488,0.01382,537.00488,0.01573,536.98157,0.00113,536.98157,6.52E-04,537.01367,-0.00188,537.01367,-0.0015,537.00488,0.01234,537.00488,0.01403
536.49268,0.00165,536.49268,7.99E-04,536.487,-0.00207,536.487,-0.00192,536.51611,0.01384,536.51611,0.01568,536.49268,8.01E-04,536.49268,3.47E-04,536.487,-0.00207,536.487,-0.00189,536.51611,0.01232,536.51611,0.01432
536.00372,0.00165,536.00372,7.99E-04,535.99792,-0.00209,535.99792,-0.00192,535.98975,0.01382,535.98975,0.01573,536.00372,7.33E-04,536.00372,3.88E-04,535.99792,-0.00204,535.99792,-0.00137,535.98975,0.01243,535.98975,0.01402
535.51471,0.00165,535.51471,7.99E-04,535.50873,-0.00209,535.50873,-0.00192,535.50085,0.01374,535.50085,0.01573,535.51471,0.0013,535.51471,6.84E-04,535.50873,-0.00172,535.50873,-0.00189,535.50085,0.01259,535.50085,0.01394
534.98798,0.00247,534.98798,0.00141,534.98187,-0.00207,534.98187,-0.00178,535.0119,0.01374,535.0119,0.01573,534.98798,0.0012,534.98798,8.41E-04,534.98187,-0.00206,534.98187,-0.00157,535.0119,0.01224,535.0119,0.01404
534.49884,0.00247,534.49884,0.00141,534.49268,-0.00205,534.49268,-0.00178,534.48529,0.0137,534.48529,0.01575,534.49884,0.00831,534.49884,9.63E-04,534.49268,-0.00177,534.49268,-0.00143,534.48529,0.01204,534.48529,0.01415
534.0097,0.00198,534.0097,0.00138,534.00336,-0.00205,534.00336,-0.00176,533.99622,0.0137,533.99622,0.01588,534.0097,0.00123,534.0097,8.73E-04,534.00336,-0.0019,534.00336,-0.00175,533.99622,0.01241,533.99622,0.0142
533.48279,0.00198,533.48279,0.00138,533.51392,-0.00192,533.51392,-0.00176,533.50708,0.01366,533.50708,0.01593,533.48279,8.60E-04,533.48279,4.74E-04,533.51392,-0.00202,533.51392,-0.00164,533.50708,0.01221,533.50708,0.0145
532.99347,0.00198,532.99347,0.00138,532.98682,-0.00192,532.98682,-0.00176,533.01794,0.0137,533.01794,0.01596,532.99347,9.65E-04,532.99347,6.70E-04,532.98682,-0.00146,532.98682,-0.00174,533.01794,0.01243,533.01794,0.0143
532.50415,0.00177,532.50415,9.75E-04,532.49738,-0.00168,532.49738,-0.00167,532.49109,0.0137,532.49109,0.01597,532.50415,0.00122,532.50415,0.00106,532.49738,-0.00158,532.49738,-0.00153,532.49109,0.01217,532.49109,0.01422
532.01471,0.00198,532.01471,0.00138,532.00781,-0.0016,532.00781,-0.0016,532.00177,0.01374,532.00177,0.01597,532.01471,0.00123,532.01471,8.20E-04,532.00781,-0.00165,532.00781,-0.00152,532.00177,0.01245,532.00177,0.01423
531.48767,0.00239,531.48767,0.00169,531.51819,-0.00168,531.51819,-0.0016,531.51245,0.01374,531.51245,0.01597,531.48767,6.90E-04,531.48767,3.13E-04,531.51819,-0.00105,531.51819,-0.00125,531.51245,0.01225,531.51245,0.01431
530.99805,0.00239,530.99805,0.00169,530.99097,-0.00168,530.99097,-0.0016,530.98547,0.01374,530.98547,0.01605,530.99805,0.00116,530.99805,0.00106,530.99097,-0.00122,530.99097,-0.00158,530.98547,0.01256,530.98547,0.01464
530.50848,0.00239,530.50848,0.00196,530.50122,-0.00168,530.50122,-0.00161,530.49603,0.01374,530.49603,0.01615,530.50848,0.00134,530.50848,9.54E-04,530.50122,-0.00166,530.50122,-0.0017,530.49603,0.01232,530.49603,0.01439
529.9812,0.00239,529.9812,0.00196,530.01141,-0.00178,530.01141,-0.00172,530.00653,0.01383,530.00653,0.01642,529.9812,0.00152,529.9812,0.00109,530.01141,-0.00161,530.01141,-0.00155,530.00653,0.01217,530.00653,0.01484
529.49152,0.00184,529.49152,0.00142,529.48395,-0.00185,529.48395,-0.00172,529.51703,0.01383,529.51703,0.01626,529.49152,0.00143,529.49152,0.0012,529.48395,-0.00175,529.48395,-0.00159,529.51703,0.01264,529.51703,0.01487
529.00177,0.00181,529.00177,0.00142,528.99408,-0.00187,528.99408,-0.00166,528.98969,0.01365,528.98969,0.01631,529.00177,8.93E-04,529.00177,6.92E-04,528.99408,-0.00194,528.99408,-0.00185,528.98969,0.01257,528.98969,0.01468
528.51196,0.00181,528.51196,0.00135,528.50415,-0.00197,528.50415,-0.00166,528.50006,0.01383,528.50006,0.01626,528.51196,8.05E-04,528.51196,6.59E-04,528.50415,-0.00182,528.50415,-0.00152,528.50006,0.01236,528.50006,0.01449
527.98444,0.00181,527.98444,0.00135,528.0141,-0.00197,528.0141,-0.00166,528.01038,0.01383,528.01038,0.01617,527.98444,8.82E-04,527.98444,7.76E-04,528.0141,-0.00184,528.0141,-0.00164,528.01038,0.01214,528.01038,0.01454
527.49451,0.00181,527.49451,0.00135,527.48645,-0.00211,527.48645,-0.00154,527.48291,0.01383,527.48291,0.01617,527.49451,0.00109,527.49451,4.40E-04,527.48645,-0.00211,527.48645,-0.00143,527.48291,0.01233,527.48291,0.01431
527.00452,0.00202,527.00452,0.00137,526.99634,-0.00211,526.99634,-0.00145,526.9931,0.01383,526.9931,0.01617,527.00452,9.84E-04,527.00452,6.65E-04,526.99634,-0.00172,526.99634,-0.00122,526.9931,0.01232,526.9931,0.01442
526.51459,0.00223,526.51459,0.00137,526.50623,-0.00211,526.50623,-0.00124,526.50317,0.01383,526.50317,0.01614,526.51459,0.00146,526.51459,0.00104,526.50623,-0.00208,526.50623,-0.00104,526.50317,0.01277,526.50317,0.01445
525.98682,0.00202,525.98682,0.00137,526.01599,-0.00197,526.01599,-0.00105,526.01331,0.01411,526.01331,0.01617,525.98682,0.00124,525.98682,9.04E-04,526.01599,-0.00195,526.01599,-2.37E-04,526.01331,0.01278,526.01331,0.01455
525.49664,0.00251,525.49664,0.00186,525.48804,-0.00197,525.48804,-2.41E-04,525.48553,0.01411,525.48553,0.01614,525.49664,0.0013,525.49664,0.00281,525.48804,-0.00187,525.48804,1.48E-04,525.48553,0.01278,525.48553,0.01438
525.00647,0.00223,525.00647,0.00145,524.99774,-0.00197,524.99774,-1.90E-04,524.99554,0.01381,524.99554,0.01614,525.00647,8.54E-04,525.00647,5.99E-04,524.99774,-0.00194,524.99774,2.05E-05,524.99554,0.01257,524.99554,0.01448
524.51624,0.00182,524.51624,0.00145,524.50732,-0.00213,524.50732,-1.90E-04,524.50537,0.01376,524.50537,0.01614,524.51624,0.00122,524.51624,0.00107,524.50732,-0.00133,524.50732,9.05E-04,524.50537,0.01215,524.50537,0.01431
523.98828,0.00176,523.98828,0.00145,524.01697,-0.00213,524.01697,-4.82E-04,524.01526,0.01376,524.01526,0.01624,523.98828,0.00108,523.98828,7.07E-04,524.01697,-0.0022,524.01697,-1.87E-04,524.01526,0.0123,524.01526,0.01455
523.49786,0.00182,523.49786,0.00147,523.48871,-0.00213,523.48871,-4.82E-04,523.48737,0.01376,523.48737,0.01624,523.49786,8.88E-04,523.49786,7.17E-04,523.48871,-0.0021,523.48871,-0.00161,523.48737,0.01227,523.48737,0.01448
523.00751,0.00182,523.00751,0.00147,522.99811,-0.00213,522.99811,-0.00144,522.99701,0.01381,522.99701,0.01624,523.00751,6.99E-04,523.00751,7.15E-04,522.99811,-0.00201,522.99811,-4.75E-04,522.99701,0.01261,522.99701,0.01478
522.51703,0.00182,522.51703,0.00148,522.50763,-0.00211,522.50763,-0.00149,522.50677,0.01376,522.50677,0.01605,522.51703,9.75E-04,522.51703,0.0011,522.50763,-0.00192,522.50763,0.00105,522.50677,0.01238,522.50677,0.01454
521.98883,0.00184,521.98883,0.00149,522.01691,-0.00204,522.01691,-0.00144,522.01636,0.01344,522.01636,0.01604,521.98883,8.96E-04,521.98883,8.79E-04,522.01691,-0.00196,522.01691,-0.00142,522.01636,0.01239,522.01636,0.0143
521.49823,0.00201,521.49823,0.00181,521.48853,-0.00199,521.48853,-0.00149,521.48828,0.01344,521.48828,0.01604,521.49823,0.00102,521.49823,0.00103,521.48853,-0.00208,521.48853,-0.00147,521.48828,0.01198,521.48828,0.01429
521.00769,0.00184,521.00769,0.00181,520.99774,-0.00206,520.99774,-0.00149,520.99774,0.01344,520.99774,0.01603,521.00769,0.00113,521.00769,7.24E-04,520.99774,-0.0016,520.99774,-0.00137,520.99774,0.0118,520.99774,0.01429
520.51697,0.00209,520.51697,0.00212,520.50696,-0.00206,520.50696,-0.00149,520.50726,0.01344,520.50726,0.01603,520.51697,0.00102,520.51697,0.00123,520.50696,-0.00192,520.50696,-0.00147,520.50726,0.01222,520.50726,0.01436
519.98846,0.00209,519.98846,0.00241,520.01611,-0.00195,520.01611,-0.00139,520.01666,0.01371,520.01666,0.01603,519.98846,8.58E-04,519.98846,0.00168,520.01611,-0.00203,520.01611,-7.96E-04,520.01666,0.01262,520.01666,0.01429
519.49774,0.00176,519.49774,0.00241,519.48743,-0.00206,519.48743,-0.00149,519.48822,0.01372,519.48822,0.01606,519.49774,0.00117,519.49774,0.00122,519.48743,-0.00188,519.48743,-6.70E-04,519.48822,0.01268,519.48822,0.01431
519.00684,0.00176,519.00684,0.0021,518.99652,-0.00206,518.99652,-0.00173,518.99762,0.01372,518.99762,0.01606,519.00684,0.00127,519.00684,0.00117,518.99652,-0.00151,518.99652,-0.00132,518.99762,0.01271,518.99762,0.01455
518.51599,0.00184,518.51599,0.0021,518.50549,-0.00191,518.50549,-0.00173,518.50677,0.01372,518.50677,0.01606,518.51599,7.80E-04,518.51599,9.43E-04,518.50549,-0.00204,518.50549,-0.00187,518.50677,0.01222,518.50677,0.01484
517.98724,0.0016,517.98724,0.0021,518.0144,-0.00205,518.0144,-0.00173,518.01605,0.01372,518.01605,0.01614,517.98724,8.95E-04,517.98724,0.00102,518.0144,-0.00175,518.0144,-0.0017,518.01605,0.0122,518.01605,0.01498
517.49634,0.0016,517.49634,0.00194,517.48547,-0.00207,517.48547,-0.00173,517.48737,0.01372,517.48737,0.01614,517.49634,0.00112,517.49634,0.0011,517.48547,-0.0018,517.48547,-0.00151,517.48737,0.01224,517.48737,0.01426
517.00525,0.00184,517.00525,0.0021,516.99438,-0.00205,516.99438,-0.00165,516.99652,0.01373,516.99652,0.01614,517.00525,7.07E-04,517.00525,0.00128,516.99438,-0.00202,516.99438,-0.00162,516.99652,0.01263,516.99652,0.01439
516.5141,0.0023,516.5141,0.00226,516.50305,-0.00205,516.50305,-0.00153,516.50555,0.01373,516.50555,0.01614,516.5141,0.00358,516.5141,5.07E-04,516.50305,-0.00207,516.50305,-0.00139,516.50555,0.01248,516.50555,0.01508
515.98523,0.0026,515.98523,0.00205,516.01178,-0.00208,516.01178,-0.00141,516.01459,0.01394,516.01459,0.01649,515.98523,0.00159,515.98523,0.00141,516.01178,-0.00122,516.01178,-9.44E-04,516.01459,0.01224,516.01459,0.01474
515.49402,0.0026,515.49402,0.00205,515.48267,-0.0021,515.48267,-0.00134,515.48572,0.01394,515.48572,0.01653,515.49402,0.0014,515.49402,0.00128,515.48267,-0.00189,515.48267,-0.00132,515.48572,0.01243,515.48572,0.01474
515.00275,0.00244,515.00275,0.0022,514.99127,-0.00208,514.99127,-0.00106,514.99457,0.01394,514.99457,0.01653,515.00275,0.00127,515.00275,9.99E-04,514.99127,-0.00205,514.99127,-0.00105,514.99457,0.01297,514.99457,0.0147
514.51141,0.00244,514.51141,0.0022,514.49982,-0.00208,514.49982,-0.00106,514.50336,0.01416,514.50336,0.01653,514.51141,8.69E-04,514.51141,0.00138,514.49982,-0.00212,514.49982,-9.33E-04,514.50336,0.01265,514.50336,0.01487
513.9823,0.00244,513.9823,0.0022,514.00836,-0.00215,514.00836,-0.00106,514.01215,0.01419,514.01215,0.01668,513.9823,0.00119,513.9823,0.00107,514.00836,-0.00182,514.00836,-1.92E-04,514.01215,0.01262,514.01215,0.01487
513.49084,0.00241,513.49084,0.00284,513.51685,-0.00216,513.51685,-0.00172,513.48315,0.01419,513.48315,0.01668,513.49084,0.00128,513.49084,0.00163,513.51685,-0.0014,513.51685,-9.04E-04,513.48315,0.01272,513.48315,0.0151
512.99933,0.00241,512.99933,0.00335,512.98737,-0.00216,512.98737,-0.00172,512.99176,0.01427,512.99176,0.01675,512.99933,0.00156,512.99933,0.00416,512.98737,-0.00212,512.98737,-0.00195,512.99176,0.01289,512.99176,0.01517
512.50787,0.00241,512.50787,0.00361,512.49567,-0.00216,512.49567,-0.00172,512.50037,0.01427,512.50037,0.01675,512.50787,0.00117,512.50787,0.0027,512.49567,-0.00225,512.49567,-0.00169,512.50037,0.01272,512.50037,0.01493
512.01624,0.00241,512.01624,0.00361,512.00403,-0.00216,512.00403,-0.00172,512.00897,0.01427,512.00897,0.01675,512.01624,0.0011,512.01624,0.00175,512.00403,-0.00174,512.00403,-0.0017,512.00897,0.01601,512.00897,0.01525
511.48682,0.00241,511.48682,0.00336,511.51227,-0.00215,511.51227,-0.00172,511.5174,0.01427,511.5174,0.01675,511.48682,0.00132,511.48682,0.00184,511.51227,-0.00189,511.51227,-0.00155,511.5174,0.01267,511.5174,0.01493
510.99515,0.00264,510.99515,0.00322,510.9826,-0.00191,510.9826,-0.00165,510.98807,0.01436,510.98807,0.01693,510.99515,0.00143,510.99515,0.00145,510.9826,-0.00212,510.9826,-0.0012,510.98807,0.01282,510.98807,0.01612
510.50342,0.00265,510.50342,0.00309,510.49075,-0.00191,510.49075,-0.00157,510.49649,0.01433,510.49649,0.0169,510.50342,0.0015,510.50342,0.00164,510.49075,-0.00181,510.49075,-0.00163,510.49649,0.01279,510.49649,0.01532
510.01157,0.00264,510.01157,0.00309,509.99884,-0.00183,509.99884,-0.00153,510.00479,0.01436,510.00479,0.0169,510.01157,0.00128,510.01157,0.00157,509.99884,-0.00135,509.99884,-0.00144,510.00479,0.01283,510.00479,0.01509
509.48187,0.00255,509.48187,0.00309,509.50684,-0.00171,509.50684,-0.00153,509.51306,0.01433,509.51306,0.01658,509.48187,0.00129,509.48187,0.0015,509.50684,-0.00168,509.50684,-0.00151,509.51306,0.01277,509.51306,0.01506
508.99005,0.00209,508.99005,0.00309,509.01483,-0.00137,509.01483,-0.00153,508.98346,0.01433,508.98346,0.01658,508.99005,0.00124,508.99005,0.00175,509.01483,-0.00126,509.01483,-0.00145,508.98346,0.01288,508.98346,0.01478
508.49805,0.00196,508.49805,0.00302,508.48486,-0.00129,508.48486,-0.00153,508.49173,0.01433,508.49173,0.01658,508.49805,0.00102,508.49805,0.00147,508.48486,-2.25E-04,508.48486,-0.00127,508.49173,0.01251,508.49173,0.01474
508.00604,0.00196,508.00604,0.00302,507.99271,-0.00128,507.99271,-0.00151,507.99979,0.01445,507.99979,0.01658,508.00604,6.85E-04,508.00604,0.00152,507.99271,-7.39E-04,507.99271,-0.00156,507.99979,0.01296,507.99979,0.01527
507.51401,0.00184,507.51401,0.00287,507.50052,-0.00129,507.50052,-0.00159,507.5079,0.01423,507.5079,0.01709,507.51401,9.54E-04,507.51401,0.0014,507.50052,-0.00127,507.50052,-0.00146,507.5079,0.01292,507.5079,0.01523
506.9841,0.00184,506.9841,0.00267,507.00833,-0.00129,507.00833,-0.00159,507.01593,0.01438,507.01593,0.01709,506.9841,0.00101,506.9841,0.00148,507.00833,-9.96E-04,507.00833,-0.00149,507.01593,0.01307,507.01593,0.01574
506.49191,0.00196,506.49191,0.00267,506.51602,-0.00134,506.51602,-0.00169,506.48608,0.01438,506.48608,0.01709,506.49191,8.94E-04,506.49191,0.00107,506.51602,-0.00127,506.51602,-0.00188,506.48608,0.01269,506.48608,0.01534
505.99973,0.00209,505.99973,0.00267,505.98578,-0.00134,505.98578,-0.00169,505.99396,0.01423,505.99396,0.01694,505.99973,0.00118,505.99973,0.0013,505.98578,-0.00132,505.98578,-0.00152,505.99396,0.01282,505.99396,0.01509
505.50745,0.00242,505.50745,0.00267,505.49344,-0.00142,505.49344,-0.00169,505.50189,0.01423,505.50189,0.01694,505.50745,0.00146,505.50745,0.00191,505.49344,-0.0014,505.49344,-0.00166,505.50189,0.01348,505.50189,0.0157
505.01505,0.0027,505.01505,0.00374,505.00095,-0.00169,505.00095,-0.00163,505.00967,0.01438,505.00967,0.01692,505.01505,0.00149,505.01505,0.00215,505.00095,-8.84E-04,505.00095,-0.00152,505.00967,0.01249,505.00967,0.01445
504.48483,0.0027,504.48483,0.00374,504.50845,-0.00169,504.50845,-0.00169,504.51746,0.01446,504.51746,0.01679,504.48483,0.00131,504.48483,0.00182,504.50845,-0.00167,504.50845,-0.00161,504.51746,0.01289,504.51746,0.01543
503.99246,0.0027,503.99246,0.00374,504.01593,-0.00169,504.01593,-0.00178,503.9873,0.01446,503.9873,0.01679,503.99246,0.00163,503.99246,0.00268,504.01593,-0.00177,504.01593,-0.0015,503.9873,0.01297,503.9873,0.01508
503.5,0.0027,503.5,0.00374,503.48544,-0.00169,503.48544,-0.00178,503.49496,0.01453,503.49496,0.01692,503.5,0.00124,503.5,0.00178,503.48544,-0.00124,503.48544,-0.00176,503.49496,0.01323,503.49496,0.01497
503.00748,0.00255,503.00748,0.00372,502.99277,-0.00168,502.99277,-0.00178,503.00259,0.01453,503.00259,0.01679,503.00748,0.00176,503.00748,0.00266,502.99277,-0.00157,502.99277,-0.00176,503.00259,0.01295,503.00259,0.01508
502.51489,0.00255,502.51489,0.00372,502.50003,-0.00168,502.50003,-0.00179,502.51013,0.01445,502.51013,0.01679,502.51489,0.0018,502.51489,0.0021,502.50003,-0.00163,502.50003,-0.00136,502.51013,0.01319,502.51013,0.01556
501.98434,0.00314,501.98434,0.00408,502.00732,-0.00182,502.00732,-0.00179,502.01767,0.01404,502.01767,0.01692,501.98434,0.00117,501.98434,0.00181,502.00732,-0.00165,502.00732,-0.00162,502.01767,0.01234,502.01767,0.01479
501.49161,0.00314,501.49161,0.00408,501.51447,-0.00186,501.51447,-0.00187,501.48724,0.01404,501.48724,0.01697,501.49161,0.00153,501.49161,0.00207,501.51447,-0.00187,501.51447,-0.00188,501.48724,0.01288,501.48724,0.01515
500.99896,0.00302,500.99896,0.00408,500.98373,-0.00186,500.98373,-0.00187,500.99457,0.01404,500.99457,0.01697,500.99896,0.00157,500.99896,0.00198,500.98373,-0.00179,500.98373,-0.00144,500.99457,0.01251,500.99457,0.01528
500.50613,0.00314,500.50613,0.00425,500.49081,-0.0019,500.49081,-0.00187,500.50198,0.01442,500.50198,0.017,500.50613,0.0019,500.50613,0.00263,500.49081,-0.00183,500.49081,-0.00185,500.50198,0.01332,500.50198,0.01513
500.01334,0.00302,500.01334,0.00441,499.99789,-0.00186,499.99789,-0.00146,500.00928,0.01442,500.00928,0.01715,500.01334,0.00147,500.01334,0.00252,499.99789,-0.00174,499.99789,-9.29E-04,500.00928,0.01302,500.00928,0.01538
499.48248,0.00286,499.48248,0.00441,499.50482,-0.00191,499.50482,-0.00131,499.51651,0.01455,499.51651,0.01725,499.48248,0.00153,499.48248,0.00214,499.50482,-0.00188,499.50482,-0.00112,499.51651,0.01285,499.51651,0.0155
498.98962,0.00286,498.98962,0.00422,499.01178,-0.00191,499.01178,-0.00114,498.98584,0.01455,498.98584,0.01725,498.98962,0.00139,498.98962,0.00218,499.01178,-0.00144,499.01178,-0.00129,498.98584,0.01297,498.98584,0.01543
498.49655,0.00286,498.49655,0.00422,498.51862,-0.00191,498.51862,-0.00114,498.49295,0.01455,498.49295,0.01731,498.49655,0.00133,498.49655,0.00205,498.51862,-0.00193,498.51862,-0.00111,498.49295,0.01323,498.49295,0.01538
498.0036,0.00275,498.0036,0.00422,497.98752,-0.00147,497.98752,-0.00131,498,0.0146,498,0.01731,498.0036,0.00155,498.0036,0.00199,497.98752,-0.00135,497.98752,0.00561,498,0.01327,498,0.0155
497.51047,0.00275,497.51047,0.0041,497.49435,-0.00153,497.49435,-0.00157,497.50711,0.01463,497.50711,0.01725,497.51047,0.00152,497.51047,0.00238,497.49435,-0.00134,497.49435,0.00109,497.50711,0.01302,497.50711,0.01549
497.0173,0.00275,497.0173,0.0041,497.00104,-0.00153,497.00104,-0.00157,497.01407,0.0146,497.01407,0.01734,497.0173,0.00134,497.0173,0.00226,497.00104,-0.00144,497.00104,-0.00189,497.01407,0.01322,497.01407,0.01558
496.48618,0.00275,496.48618,0.0045,496.50772,-0.00188,496.50772,-0.00157,496.48306,0.0146,496.48306,0.01734,496.48618,0.00144,496.48618,0.00199,496.50772,-0.00151,496.50772,-0.00154,496.48306,0.01304,496.48306,0.01536
495.99292,0.00275,495.99292,0.0045,496.01434,-0.00191,496.01434,-0.00157,495.98996,0.01426,495.98996,0.01734,495.99292,0.00125,495.99292,0.00219,496.01434,-0.00186,496.01434,-0.0013,495.98996,0.01267,495.98996,0.01546
495.4996,0.00296,495.4996,0.0045,495.48294,-0.00198,495.48294,-0.00131,495.49683,0.01426,495.49683,0.01734,495.4996,0.00178,495.4996,0.00243,495.48294,-0.00195,495.48294,-9.49E-04,495.49683,0.01431,495.49683,0.01564
495.00623,0.00341,495.00623,0.00495,494.98944,-0.00198,494.98944,-9.63E-04,495.0036,0.01426,495.0036,0.01737,495.00623,0.00166,495.00623,0.00288,494.98944,-0.00188,494.98944,-8.68E-04,495.0036,0.01271,495.0036,0.01582
494.51288,0.00341,494.51288,0.00495,494.49588,-0.00198,494.49588,-8.80E-04,494.51031,0.01448,494.51031,0.01754,494.51288,0.00205,494.51288,0.00241,494.49588,-0.002,494.49588,-4.54E-04,494.51031,0.01291,494.51031,0.01548
493.98151,0.00341,493.98151,0.00495,494.00238,-0.00191,494.00238,-4.60E-04,494.01703,0.01448,494.01703,0.01775,493.98151,0.00206,493.98151,0.00261,494.00238,-8.85E-04,494.00238,-1.33E-04,494.01703,0.01327,494.01703,0.01586
493.48791,0.0034,493.48791,0.00495,493.5087,-8.98E-04,493.5087,-1.35E-04,493.48572,0.01471,493.48572,0.0178,493.48791,0.00164,493.48791,0.00238,493.5087,0.00551,493.5087,5.09E-04,493.48572,0.01311,493.48572,0.01612
492.99442,0.00338,492.99442,0.00536,493.01505,-8.98E-04,493.01505,3.38E-05,492.99231,0.01477,492.99231,0.01796,492.99442,0.00188,492.99442,0.00278,493.01505,0.0054,493.01505,5.71E-04,492.99231,0.0137,492.99231,0.01625
492.50082,0.0032,492.50082,0.00519,492.48334,-0.00123,492.48334,3.38E-05,492.49884,0.01471,492.49884,0.01808,492.50082,0.00165,492.50082,0.00269,492.48334,1.83E-04,492.48334,4.16E-04,492.49884,0.01317,492.49884,0.01601
492.00714,0.00292,492.00714,0.00547,491.98953,-0.00133,491.98953,-1.95E-04,492.00531,0.01476,492.00531,0.01819,492.00714,0.00142,492.00714,0.00266,491.98953,-0.00122,491.98953,3.33E-05,492.00531,0.01316,492.00531,0.01626
491.51352,0.00292,491.51352,0.00519,491.4957,-0.00159,491.4957,-2.84E-04,491.51172,0.01476,491.51172,0.01819,491.51352,0.00156,491.51352,0.00252,491.4957,-0.00175,491.4957,-1.92E-04,491.51172,0.01302,491.51172,0.01621
490.98175,0.00292,490.98175,0.00519,491.00186,-0.00163,491.00186,-2.84E-04,491.01816,0.01476,491.01816,0.01819,490.98175,0.00126,490.98175,0.00374,491.00186,-0.00131,491.00186,-2.80E-04,491.01816,0.01315,491.01816,0.01626
490.48785,0.0032,490.48785,0.00519,490.50787,-0.00174,490.50787,-3.44E-04,490.48648,0.01476,490.48648,0.01819,490.48785,0.00198,490.48785,0.00247,490.50787,-0.00157,490.50787,-3.39E-04,490.48648,0.01321,490.48648,0.01622
489.99405,0.00358,489.99405,0.00521,490.01389,-0.0017,490.01389,-3.44E-04,489.99274,0.01482,489.99274,0.01824,489.99405,0.00924,489.99405,0.00269,490.01389,-0.00161,490.01389,-2.19E-04,489.99274,0.01425,489.99274,0.01642
489.50012,0.00406,489.50012,0.00521,489.48184,-0.00174,489.48184,-3.44E-04,489.49899,0.01498,489.49899,0.01828,489.50012,0.00174,489.50012,0.00253,489.48184,-0.00171,489.48184,-3.84E-04,489.49899,0.01351,489.49899,0.01631
489.0062,0.00358,489.0062,0.00553,488.98776,-0.0018,488.98776,-3.90E-04,489.00513,0.01516,489.00513,0.0183,489.0062,0.00212,489.0062,0.00292,488.98776,-0.00168,488.98776,-4.13E-05,489.00513,0.01355,489.00513,0.01629
488.51218,0.00335,488.51218,0.00567,488.49362,-0.0018,488.49362,-3.90E-04,488.51126,0.01501,488.51126,0.0183,488.51218,0.00207,488.51218,0.00313,488.49362,-0.00196,488.49362,-8.62E-05,488.51126,0.01335,488.51126,0.0165
488.01813,0.00335,488.01813,0.00571,487.99942,-0.0018,487.99942,-8.75E-05,488.01733,0.01501,488.01733,0.01837,488.01813,0.00163,488.01813,0.00276,487.99942,-0.00177,487.99942,-0.001,488.01733,0.0137,488.01733,0.01657
487.48599,0.00335,487.48599,0.00571,487.50519,-0.0018,487.50519,-3.24E-04,487.48541,0.01501,487.48541,0.01851,487.48599,0.00162,487.48599,0.00278,487.50519,-0.00149,487.50519,1.87E-04,487.48541,0.01338,487.48541,0.0166
486.99182,0.00335,486.99182,0.00571,487.01086,-0.00151,487.01086,-9.70E-04,486.99136,0.01501,486.99136,0.01843,486.99182,0.00181,486.99182,0.00283,487.01086,-7.59E-04,487.01086,0.00188,486.99136,0.01346,486.99136,0.01637
486.49765,0.00373,486.49765,0.00581,486.5166,-8.20E-04,486.5166,-9.70E-04,486.49725,0.01501,486.49725,0.01843,486.49765,0.00254,486.49765,0.00347,486.5166,-8.09E-04,486.5166,-3.19E-04,486.49725,0.01344,486.49725,0.01663
486.00333,0.00391,486.00333,0.00657,485.98416,-7.70E-04,485.98416,-0.00106,486.00314,0.01508,486.00314,0.01843,486.00333,0.00209,486.00333,0.00319,485.98416,-7.02E-04,485.98416,-9.56E-04,486.00314,0.01326,486.00314,0.01643
485.50903,0.00391,485.50903,0.00657,485.48975,-8.20E-04,485.48975,-0.00106,485.50894,0.01508,485.50894,0.01861,485.50903,0.00261,485.50903,0.00371,485.48975,-6.60E-04,485.48975,-0.00106,485.50894,0.01356,485.50894,0.01658
485.01471,0.00378,485.01471,0.00649,484.99518,-0.00118,484.99518,-0.00106,485.01474,0.01521,485.01474,0.01861,485.01471,0.0019,485.01471,0.00328,484.99518,-7.02E-04,484.99518,-0.00105,485.01474,0.01527,485.01474,0.01693
484.48227,0.0036,484.48227,0.00634,484.5007,-0.00147,484.5007,-0.00107,484.48248,0.01521,484.48248,0.01874,484.48227,0.00184,484.48227,0.00315,484.5007,-0.00117,484.5007,-7.92E-04,484.48248,0.0137,484.48248,0.01687
483.98776,0.0036,483.98776,0.00625,484.00607,-0.00158,484.00607,-0.00106,483.98816,0.01509,483.98816,0.01882,483.98776,0.0017,483.98776,0.00309,484.00607,-0.00173,484.00607,-0.00103,483.98816,0.01398,483.98816,0.01693
483.49329,0.0036,483.49329,0.00625,483.51141,-0.00166,483.51141,-0.00121,483.49374,0.01509,483.49374,0.01882,483.49329,0.00175,483.49329,0.003,483.51141,-0.00145,483.51141,-0.00119,483.49374,0.01345,483.49374,0.0167
482.99875,0.0036,482.99875,0.00625,483.01678,-0.00166,483.01678,-0.00123,482.99939,0.01507,482.99939,0.01882,482.99875,0.00184,482.99875,0.00304,483.01678,-0.00155,483.01678,-0.00102,482.99939,0.01329,482.99939,0.01677
482.50415,0.00379,482.50415,0.00625,482.48395,-0.00166,482.48395,-0.00133,482.50485,0.01507,482.50485,0.01882,482.50415,0.00204,482.50415,0.00441,482.48395,-0.00164,482.48395,-0.00122,482.50485,0.01357,482.50485,0.01716
482.00949,0.00397,482.00949,0.0064,481.98917,-0.00191,481.98917,-0.00133,482.01035,0.01507,482.01035,0.01891,482.00949,0.00209,482.00949,0.00311,481.98917,-0.0016,481.98917,-0.00131,482.01035,0.01343,482.01035,0.01687
481.5148,0.00419,481.5148,0.00685,481.49435,-0.00191,481.49435,-0.00133,481.51578,0.01522,481.51578,0.01893,481.5148,0.00193,481.5148,0.00333,481.49435,-0.00204,481.49435,-0.00141,481.51578,0.01357,481.51578,0.01685
480.98196,0.00429,480.98196,0.00685,480.99945,-0.00202,480.99945,-0.00133,480.98309,0.01522,480.98309,0.01893,480.98196,0.00234,480.98196,0.00445,480.99945,-0.00189,480.99945,-0.00115,480.98309,0.0139,480.98309,0.01694
480.48712,0.00429,480.48712,0.00726,480.50449,-0.00202,480.50449,-0.00125,480.48843,0.0153,480.48843,0.01891,480.48712,0.00214,480.48712,0.00353,480.50449,-0.00158,480.50449,-0.00124,480.48843,0.0138,480.48843,0.0172
479.99228,0.00429,479.99228,0.00777,480.00958,-0.00191,480.00958,-0.00125,479.99368,0.01548,479.99368,0.019,479.99228,0.00209,479.99228,0.00378,480.00958,-0.00199,480.00958,-5.69E-04,479.99368,0.01363,479.99368,0.01724
479.49731,0.00423,479.49731,0.00777,479.51447,-0.00167,479.51447,-0.00131,479.49896,0.01548,479.49896,0.01904,479.49731,0.00237,479.49731,0.00394,479.51447,-0.00151,479.51447,-7.79E-04,479.49896,0.01448,479.49896,0.01674
479.00244,0.00423,479.00244,0.00811,478.98129,-0.00167,478.98129,-0.00131,479.00409,0.0153,479.00409,0.01894,479.00244,0.00204,479.00244,0.00395,478.98129,-0.0016,478.98129,-0.00129,479.00409,0.01508,479.00409,0.01711
478.50739,0.00423,478.50739,0.00812,478.48624,-0.00163,478.48624,-0.00131,478.50931,0.0151,478.50931,0.01894,478.50739,0.00206,478.50739,0.00409,478.48624,-0.00164,478.48624,-0.00132,478.50931,0.01381,478.50931,0.01697
478.01236,0.0042,478.01236,0.00836,477.991,-0.00163,477.991,-0.00131,478.01431,0.0151,478.01431,0.01896,478.01236,0.00258,478.01236,0.00431,477.991,-0.00157,477.991,-0.00108,478.01431,0.01322,478.01431,0.01688
477.51727,0.00423,477.51727,0.00841,477.49579,-0.00167,477.49579,-0.00117,477.48132,0.0151,477.48132,0.01894,477.51727,0.00237,477.51727,0.00437,477.49579,-0.0014,477.49579,-6.29E-04,477.48132,0.01346,477.48132,0.0169
476.98404,0.00488,476.98404,0.00887,477.00049,-0.00179,477.00049,-0.00117,476.98624,0.0151,476.98624,0.01894,476.98404,0.00202,476.98404,0.00407,477.00049,-0.00152,477.00049,-7.72E-04,476.98624,0.01356,476.98624,0.01773
476.4888,0.00488,476.4888,0.00891,476.50519,-0.00179,476.50519,-0.00117,476.49121,0.01522,476.49121,0.01896,476.4888,0.00272,476.4888,0.00433,476.50519,-0.00176,476.50519,-0.00116,476.49121,0.01407,476.49121,0.01678
475.99353,0.00493,475.99353,0.00891,476.00974,-0.00179,476.00974,-0.00117,475.99606,0.01541,475.99606,0.01897,475.99353,0.00265,475.99353,0.00441,476.00974,-0.00176,476.00974,-0.00123,475.99606,0.01378,475.99606,0.01745
475.49826,0.00545,475.49826,0.00906,475.5144,-0.00179,475.5144,-0.00118,475.50095,0.01541,475.50095,0.01897,475.49826,0.0024,475.49826,0.00457,475.5144,-0.00178,475.5144,-9.53E-04,475.50095,0.01373,475.50095,0.01767
475.00287,0.00545,475.00287,0.00939,475.01886,-0.00179,475.01886,-0.00118,475.00571,0.01541,475.00571,0.01914,475.00287,0.0028,475.00287,0.00484,475.01886,-0.0017,475.01886,-9.33E-04,475.00571,0.01395,475.00571,0.0169
474.50754,0.00498,474.50754,0.00981,474.48529,-0.00172,474.48529,-9.76E-04,474.51044,0.0154,474.51044,0.01914,474.50754,0.00335,474.50754,0.00477,474.48529,-4.72E-04,474.48529,-0.00116,474.51044,0.01337,474.51044,0.01731
474.01205,0.00512,474.01205,0.00985,473.98965,-0.00167,473.98965,-9.76E-04,474.01514,0.0154,474.01514,0.01914,474.01205,0.00274,474.01205,0.00479,473.98965,-0.00135,473.98965,-9.62E-04,474.01514,0.0138,474.01514,0.01706
473.51654,0.00512,473.51654,0.00981,473.49405,-0.00165,473.49405,-9.76E-04,473.48166,0.0154,473.48166,0.01943,473.51654,0.00242,473.51654,0.00496,473.49405,-0.00146,473.49405,-4.92E-04,473.48166,0.01373,473.48166,0.01739
472.98288,0.00498,472.98288,0.00985,472.99838,-0.00165,472.99838,-8.58E-04,472.9863,0.01549,472.9863,0.01951,472.98288,0.00249,472.98288,0.00496,472.99838,-0.00165,472.99838,-8.46E-04,472.9863,0.01403,472.9863,0.01771
472.48737,0.00491,472.48737,0.01001,472.50269,-0.00165,472.50269,-5.01E-04,472.49078,0.0154,472.49078,0.01983,472.48737,0.00251,472.48737,0.00477,472.50269,-0.00163,472.50269,-4.94E-04,472.49078,0.01391,472.49078,0.01768
471.99164,0.00491,471.99164,0.01001,472.0069,-0.00165,472.0069,-5.01E-04,471.99533,0.01553,471.99533,0.01983,471.99164,0.00239,471.99164,0.00487,472.0069,-0.00163,472.0069,-1.88E-04,471.99533,0.01416,471.99533,0.01794
471.49597,0.00491,471.49597,0.01001,471.51108,-0.00165,471.51108,-5.01E-04,471.49973,0.0153,471.49973,0.01983,471.49597,0.00235,471.49597,0.00504,471.51108,-0.00157,471.51108,5.97E-04,471.49973,0.01356,471.49973,0.01769
471.00027,0.00491,471.00027,0.01037,471.0152,-0.00163,471.0152,-6.35E-04,471.00412,0.01521,471.00412,0.01983,471.00027,0.00265,471.00027,0.00531,471.0152,-0.00161,471.0152,3.95E-04,471.00412,0.01384,471.00412,0.0175
470.50452,0.00544,470.50452,0.01091,470.48114,-0.00159,470.48114,-6.63E-04,470.50851,0.01521,470.50851,0.01964,470.50452,0.00267,470.50452,0.00549,470.48114,-0.00107,470.48114,-6.26E-04,470.50851,0.01364,470.50851,0.01768
470.00861,0.00549,470.00861,0.01128,469.9852,-0.00109,469.9852,-7.11E-04,470.01282,0.0153,470.01282,0.01964,470.00861,0.00298,470.00861,0.00561,469.9852,0.00372,469.9852,-6.53E-04,470.01282,0.01349,470.01282,0.01783
469.51279,0.00556,469.51279,0.01136,469.48914,-8.75E-04,469.48914,-7.11E-04,469.51706,0.0153,469.51706,0.01964,469.51279,0.00295,469.51279,0.00553,469.48914,0.00653,469.48914,-0.00116,469.51706,0.01399,469.51706,0.0171
469.01682,0.00559,469.01682,0.0114,468.9931,-6.40E-04,468.9931,-8.58E-04,468.98315,0.01541,468.98315,0.0196,469.01682,0.00272,469.01682,0.00554,468.9931,0.00179,468.9931,-7.00E-04,468.98315,0.01472,468.98315,0.0175
468.4827,0.00559,468.4827,0.0114,468.49701,-6.40E-04,468.49701,-8.58E-04,468.48724,0.01541,468.48724,0.0196,468.4827,0.0027,468.4827,0.00558,468.49701,-8.62E-04,468.49701,-5.27E-04,468.48724,0.01388,468.48724,0.01772
467.98666,0.00559,467.98666,0.01147,468.00088,-6.40E-04,468.00088,-7.11E-04,467.99136,0.01526,467.99136,0.0196,467.98666,0.00298,467.98666,0.00601,468.00088,-6.31E-04,468.00088,-8.45E-04,467.99136,0.01374,467.99136,0.01747
467.49057,0.00563,467.49057,0.01153,467.50467,-6.40E-04,467.50467,-8.33E-04,467.49545,0.01509,467.49545,0.01953,467.49057,0.00274,467.49057,0.00577,467.50467,-1.46E-05,467.50467,-5.45E-04,467.49545,0.0136,467.49545,0.01765
466.99448,0.00613,466.99448,0.01186,467.00839,-6.40E-04,467.00839,-8.33E-04,466.99942,0.01509,466.99942,0.01953,466.99448,0.00306,466.99448,0.00561,467.00839,1.67E-04,467.00839,-6.88E-04,466.99942,0.01345,466.99942,0.0174
466.49832,0.00571,466.49832,0.01186,466.51212,-9.68E-04,466.51212,-8.31E-04,466.50339,0.01509,466.50339,0.01953,466.49832,0.00344,466.49832,0.00617,466.51212,-4.22E-04,466.51212,-8.21E-04,466.50339,0.01331,466.50339,0.01741
466.00211,0.00629,466.00211,0.01235,466.01578,-9.68E-04,466.01578,-8.33E-04,466.00735,0.01509,466.00735,0.01953,466.00211,0.00329,466.00211,0.00696,466.01578,-0.00117,466.01578,-8.19E-04,466.00735,0.01395,466.00735,0.01769
465.50577,0.00676,465.50577,0.01269,465.48117,-9.68E-04,465.48117,-0.00102,465.5112,0.01543,465.5112,0.01961,465.50577,0.00278,465.50577,0.00601,465.48117,-9.54E-04,465.48117,-6.79E-04,465.5112,0.01379,465.5112,0.01748
465.00952,0.00676,465.00952,0.01296,464.98471,-9.68E-04,464.98471,-0.00102,465.01501,0.01547,465.01501,0.01966,465.00952,0.00348,465.00952,0.00632,464.98471,-4.80E-04,464.98471,-0.001,465.01501,0.01375,465.01501,0.01778
464.51312,0.00699,464.51312,0.01296,464.48825,-4.87E-04,464.48825,-0.00105,464.5188,0.01547,464.5188,0.01966,464.51312,0.00357,464.51312,0.0063,464.48825,-2.44E-04,464.48825,-0.00104,464.5188,0.01387,464.5188,0.01752
464.01678,0.00707,464.01678,0.01299,463.9917,-4.87E-04,463.9917,-0.00105,463.98434,0.01543,463.98434,0.01966,464.01678,0.0034,464.01678,0.00672,463.9917,9.55E-04,463.9917,-6.55E-04,463.98434,0.01394,463.98434,0.01807
463.48212,0.00707,463.48212,0.01346,463.49515,-2.47E-04,463.49515,-0.00105,463.48801,0.01549,463.48801,0.01966,463.48212,0.00344,463.48212,0.00655,463.49515,5.83E-04,463.49515,-0.00124,463.48801,0.01381,463.48801,0.0176
462.98563,0.00707,462.98563,0.01381,462.99847,-2.43E-04,462.99847,-9.61E-04,462.99167,0.01549,462.99167,0.01975,462.98563,0.00366,462.98563,0.00702,462.99847,-4.86E-04,462.99847,-9.47E-04,462.99167,0.0137,462.99167,0.01751
462.48904,0.00752,462.48904,0.01421,462.5018,-2.43E-04,462.5018,-9.61E-04,462.49527,0.01549,462.49527,0.01975,462.48904,0.00367,462.48904,0.00697,462.5018,-2.39E-04,462.5018,-9.39E-04,462.49527,0.01381,462.49527,0.01774
461.99249,0.00756,461.99249,0.01433,462.0051,-2.51E-04,462.0051,-9.53E-04,461.99872,0.0155,461.99872,0.0199,461.99249,0.00385,461.99249,0.00691,462.0051,2.08E-04,462.0051,-5.48E-04,461.99872,0.01433,461.99872,0.01797
461.49582,0.00793,461.49582,0.01433,461.5083,-2.51E-04,461.5083,-9.53E-04,461.50232,0.01562,461.50232,0.02017,461.49582,0.004,461.49582,0.00735,461.5083,9.74E-05,461.5083,-5.56E-04,461.50232,0.01392,461.50232,0.01809
460.99908,0.00823,460.99908,0.0145,461.01144,-3.71E-04,461.01144,-9.41E-04,461.00568,0.01562,461.00568,0.02017,460.99908,0.00421,460.99908,0.00727,461.01144,-2.47E-04,461.01144,-6.72E-04,461.00568,0.01414,461.00568,0.01815
460.50238,0.00823,460.50238,0.01494,460.51465,-5.42E-04,460.51465,-9.41E-04,460.50912,0.01562,460.50912,0.0203,460.50238,0.00404,460.50238,0.00727,460.51465,-3.66E-04,460.51465,-9.94E-04,460.50912,0.01444,460.50912,0.01797
460.00555,0.00832,460.00555,0.01494,460.0177,-6.06E-04,460.0177,-9.41E-04,460.01245,0.01568,460.01245,0.02036,460.00555,0.00406,460.00555,0.00705,460.0177,-5.34E-04,460.0177,-9.27E-04,460.01245,0.01392,460.01245,0.01818
459.50879,0.00823,459.50879,0.01494,459.48251,-6.86E-04,459.48251,-9.41E-04,459.51578,0.01568,459.51578,0.02039,459.50879,0.0037,459.50879,0.00741,459.48251,-6.76E-04,459.48251,-8.96E-04,459.51578,0.01431,459.51578,0.01821
459.01184,0.00823,459.01184,0.01524,458.98547,-6.86E-04,458.98547,-9.09E-04,459.01901,0.01568,459.01901,0.02044,459.01184,0.00424,459.01184,0.00766,458.98547,-5.98E-04,458.98547,-6.18E-04,459.01901,0.01397,459.01901,0.01825
458.51492,0.00818,458.51492,0.0155,458.48843,-6.86E-04,458.48843,-7.54E-04,458.48398,0.01576,458.48398,0.02044,458.51492,0.004,458.51492,0.00754,458.48843,-8.08E-04,458.48843,-5.43E-04,458.48398,0.01413,458.48398,0.01826
458.01801,0.00823,458.01801,0.01551,457.9913,-6.06E-04,457.9913,-7.54E-04,457.98715,0.01576,457.98715,0.02048,458.01801,0.00406,458.01801,0.00777,457.9913,5.28E-04,457.9913,-7.43E-04,457.98715,0.01404,457.98715,0.01822
457.48276,0.00823,457.48276,0.01551,457.49423,-8.20E-04,457.49423,-9.45E-04,457.4902,0.01577,457.4902,0.02044,457.48276,0.00398,457.48276,0.00754,457.49423,-1.34E-04,457.49423,-5.21E-04,457.4902,0.01405,457.4902,0.01838
456.98563,0.00827,456.98563,0.01597,456.99698,-6.03E-04,456.99698,-9.45E-04,456.99335,0.01577,456.99335,0.02044,456.98563,0.00402,456.98563,0.00779,456.99698,-5.95E-04,456.99698,-9.31E-04,456.99335,0.01444,456.99335,0.01829
456.48853,0.00827,456.48853,0.01603,456.49976,-6.27E-04,456.49976,-9.45E-04,456.49634,0.01592,456.49634,0.02052,456.48853,0.00421,456.48853,0.00791,456.49976,-8.12E-04,456.49976,-0.00104,456.49634,0.01419,456.49634,0.01805
455.99133,0.00866,455.99133,0.01627,456.00247,-6.27E-04,456.00247,-9.45E-04,455.9993,0.01592,455.9993,0.0204,455.99133,0.00449,455.99133,0.0085,456.00247,-3.98E-04,456.00247,-3.99E-04,455.9993,0.01422,455.9993,0.0183
455.49417,0.00923,455.49417,0.01667,455.50516,-7.20E-04,455.50516,-5.81E-04,455.50223,0.01592,455.50223,0.0204,455.49417,0.00454,455.49417,0.00814,455.50516,-6.18E-04,455.50516,-5.73E-04,455.50223,0.0143,455.50223,0.01831
454.99686,0.00929,454.99686,0.01674,455.00772,-7.20E-04,455.00772,-5.76E-04,455.00513,0.01595,455.00513,0.02054,454.99686,0.00452,454.99686,0.00811,455.00772,-5.83E-04,455.00772,-4.41E-04,455.00513,0.01405,455.00513,0.01818
454.4996,0.00933,454.4996,0.01674,454.51035,-7.20E-04,454.51035,-5.76E-04,454.50797,0.01595,454.50797,0.02054,454.4996,0.00512,454.4996,0.00892,454.51035,-7.10E-04,454.51035,-5.68E-04,454.50797,0.01431,454.50797,0.01886
454.00223,0.00986,454.00223,0.01776,454.01282,-7.20E-04,454.01282,-4.47E-04,454.01077,0.01595,454.01077,0.02096,454.00223,0.00492,454.00223,0.00883,454.01282,-9.04E-04,454.01282,-2.98E-04,454.01077,0.01422,454.01077,0.01906
453.50488,0.01012,453.50488,0.01777,453.51529,-7.20E-04,453.51529,-3.03E-04,453.51343,0.01605,453.51343,0.02096,453.50488,0.00575,453.50488,0.00864,453.51529,1.57E-04,453.51529,0.00142,453.51343,0.01431,453.51343,0.01878
453.00742,0.0101,453.00742,0.01776,453.01773,-6.26E-04,453.01773,-3.03E-04,453.01617,0.01605,453.01617,0.02096,453.00742,0.0048,453.00742,0.00864,453.01773,0.0038,453.01773,4.64E-04,453.01617,0.01457,453.01617,0.01868
452.50992,0.0101,452.50992,0.01776,452.48181,-6.26E-04,452.48181,-4.19E-04,452.51877,0.01635,452.51877,0.02096,452.50992,0.00591,452.50992,0.0088,452.48181,0.00285,452.48181,-3.72E-05,452.51877,0.01457,452.51877,0.01829
452.01239,0.0101,452.01239,0.01777,451.98419,-0.00126,451.98419,-4.19E-04,451.98312,0.01635,451.98312,0.02096,452.01239,0.00491,452.01239,0.00856,451.98419,-6.17E-04,451.98419,-4.13E-04,451.98312,0.01461,451.98312,0.01872
451.5148,0.01127,451.5148,0.01809,451.48648,-0.00126,451.48648,-4.19E-04,451.48569,0.01635,451.48569,0.021,451.5148,0.00553,451.5148,0.00896,451.48648,-0.00124,451.48648,-6.47E-04,451.48569,0.01465,451.48569,0.01903
451.01715,0.01127,451.01715,0.01841,450.98871,-0.00126,450.98871,-4.19E-04,450.98825,0.01639,450.98825,0.02124,451.01715,0.00551,451.01715,0.00913,450.98871,-0.00131,450.98871,7.20E-04,450.98825,0.01461,450.98825,0.01897
450.48117,0.01133,450.48117,0.01875,450.49091,-0.00126,450.49091,7.30E-04,450.49066,0.01639,450.49066,0.02128,450.48117,0.00548,450.48117,0.00912,450.49091,-0.00124,450.49091,0.00446,450.49066,0.01442,450.49066,0.01936
449.98352,0.01133,449.98352,0.01877,449.9931,-0.00126,449.9931,7.30E-04,449.99301,0.01639,449.99301,0.02128,449.98352,0.00565,449.98352,0.00979,449.9931,-8.90E-04,449.9931,0.00777,449.99301,0.01478,449.99301,0.01893
449.48572,0.01162,449.48572,0.02013,449.49512,-0.00126,449.49512,3.55E-04,449.49548,0.01634,449.49548,0.02151,449.48572,0.00616,449.48572,0.01007,449.49512,-0.00118,449.49512,0.00539,449.49548,0.01466,449.49548,0.01917
448.98798,0.01268,448.98798,0.02059,448.99722,-0.00163,448.99722,-9.51E-06,448.99774,0.01645,448.99774,0.02151,448.98798,0.00619,448.98798,0.01039,448.99722,-0.00125,448.99722,3.49E-04,448.99774,0.01472,448.99774,0.01936
448.49008,0.01273,448.49008,0.0207,448.49927,-0.00166,448.49927,-1.43E-04,448.50006,0.01645,448.50006,0.02161,448.49008,0.00634,448.49008,0.01001,448.49927,-0.0017,448.49927,-2.83E-04,448.50006,0.01456,448.50006,0.01926
447.99213,0.01291,447.99213,0.02137,448.00119,-0.0017,448.00119,-2.87E-04,448.00229,0.01652,448.00229,0.02172,447.99213,0.00628,447.99213,0.01054,448.00119,-0.0016,448.00119,-9.37E-06,448.00229,0.01482,448.00229,0.01966
447.4942,0.01304,447.4942,0.02159,447.50314,-0.0017,447.50314,-2.87E-04,447.50446,0.01656,447.50446,0.02195,447.4942,0.00652,447.4942,0.01055,447.50314,-0.00163,447.50314,-1.41E-04,447.50446,0.01476,447.50446,0.01957
446.99625,0.0134,446.99625,0.02167,447.00504,-0.00166,447.00504,-2.19E-04,447.00662,0.01663,447.00662,0.02206,446.99625,0.00683,446.99625,0.01057,447.00504,-0.00168,447.00504,-5.22E-04,447.00662,0.0153,447.00662,0.01967
446.4982,0.01377,446.4982,0.02168,446.50684,-0.00168,446.50684,-5.30E-04,446.5087,0.01656,446.5087,0.02207,446.4982,0.0067,446.4982,0.0105,446.50684,-0.00129,446.50684,-1.61E-04,446.5087,0.01524,446.5087,0.01971
446.00006,0.01377,446.00006,0.02174,446.00861,-0.00168,446.00861,-5.30E-04,446.01077,0.01657,446.01077,0.02207,446.00006,0.0067,446.00006,0.01061,446.00861,-0.00148,446.00861,-2.16E-04,446.01077,0.01485,446.01077,0.01971
445.50192,0.01377,445.50192,0.02182,445.51035,-0.0015,445.51035,-4.18E-04,445.5127,0.01656,445.5127,0.02193,445.50192,0.00714,445.50192,0.01096,445.51035,-0.00166,445.51035,-6.49E-04,445.5127,0.01458,445.5127,0.01971
445.00375,0.01414,445.00375,0.02254,445.01205,-0.0015,445.01205,-4.18E-04,445.01468,0.01656,445.01468,0.02193,445.00375,0.00688,445.00375,0.01105,445.01205,-0.00148,445.01205,-4.12E-04,445.01468,0.01477,445.01468,0.01954
444.50555,0.01468,444.50555,0.02272,444.51373,-0.0015,444.51373,-4.18E-04,444.5166,0.01656,444.5166,0.02193,444.50555,0.0073,444.50555,0.0115,444.51373,-0.00109,444.51373,6.46E-05,444.5166,0.01476,444.5166,0.01954
444.00729,0.015,444.00729,0.02313,444.01535,-0.0012,444.01535,-3.11E-04,444.01849,0.01657,444.01849,0.02192,444.00729,0.00748,444.00729,0.01145,444.01535,-0.00118,444.01535,-3.07E-04,444.01849,0.01516,444.01849,0.01984
443.509,0.01538,443.509,0.02354,443.51691,-0.00119,443.51691,-1.90E-04,443.48199,0.01701,443.48199,0.02192,443.509,0.00769,443.509,0.01125,443.51691,-0.00112,443.51691,4.47E-05,443.48199,0.01517,443.48199,0.01959
443.01062,0.01554,443.01062,0.02354,443.01837,-0.00119,443.01837,-1.90E-04,442.98373,0.01702,442.98373,0.02198,443.01062,0.00772,443.01062,0.01145,443.01837,-0.00119,443.01837,-2.25E-05,442.98373,0.01567,442.98373,0.01948
442.51221,0.01573,442.51221,0.02354,442.48154,-0.00114,442.48154,-2.28E-05,442.48547,0.01702,442.48547,0.02198,442.51221,0.00756,442.51221,0.01173,442.48154,-0.00104,442.48154,-1.87E-04,442.48547,0.01536,442.48547,0.0198
442.01376,0.01573,442.01376,0.02392,441.98291,-0.00105,441.98291,-1.43E-04,441.98715,0.01674,441.98715,0.02198,442.01376,0.00765,442.01376,0.01174,441.98291,-7.37E-04,441.98291,3.89E-04,441.98715,0.01522,441.98715,0.02007
441.51526,0.01573,441.51526,0.02401,441.48428,-9.96E-04,441.48428,-1.43E-04,441.4888,0.01674,441.4888,0.02221,441.51526,0.00774,441.51526,0.01163,441.48428,-8.47E-04,441.48428,5.25E-04,441.4888,0.01492,441.4888,0.01959
441.01672,0.0159,441.01672,0.02401,440.98563,-9.96E-04,440.98563,-5.41E-06,440.99039,0.01674,440.99039,0.02223,441.01672,0.00778,441.01672,0.01168,440.98563,-8.81E-04,440.98563,-1.41E-04,440.99039,0.0147,440.99039,0.0199
440.51816,0.01591,440.51816,0.02401,440.48694,-0.00135,440.48694,-5.41E-06,440.49197,0.01674,440.49197,0.02223,440.51816,0.00773,440.51816,0.01175,440.48694,-9.81E-04,440.48694,-5.33E-06,440.49197,0.01493,440.49197,0.01982
439.98117,0.01599,439.98117,0.02417,439.98816,-0.00135,439.98816,-5.41E-06,439.99347,0.01675,439.99347,0.02233,439.98117,0.00866,439.98117,0.0122,439.98816,-0.00136,439.98816,7.24E-05,439.99347,0.01517,439.99347,0.02009
439.48248,0.01674,439.48248,0.02489,439.48938,-0.00135,439.48938,-3.89E-06,439.4949,0.01676,439.4949,0.02223,439.48248,0.0083,439.48248,0.01211,439.48938,-0.00133,439.48938,1.03E-04,439.4949,0.01494,439.4949,0.01992
438.98376,0.01675,438.98376,0.02496,438.99057,-0.00135,438.99057,7.35E-05,438.99631,0.01692,438.99631,0.02236,438.98376,0.00814,438.98376,0.01214,438.99057,-0.00118,438.99057,-3.83E-06,438.99631,0.01518,438.99631,0.02021
438.48502,0.01675,438.48502,0.02496,438.49164,-0.00135,438.49164,1.04E-04,438.49771,0.01692,438.49771,0.02236,438.48502,0.00815,438.48502,0.01253,438.49164,-0.00133,438.49164,1.03E-04,438.49771,0.01508,438.49771,0.01981
437.98615,0.01675,437.98615,0.02502,437.99271,-0.00135,437.99271,-3.89E-06,437.99899,0.01692,437.99899,0.02268,437.98615,0.00843,437.98615,0.01217,437.99271,-0.00115,437.99271,3.30E-04,437.99899,0.01594,437.99899,0.02026
437.48734,0.01728,437.48734,0.0257,437.49371,-0.00135,437.49371,6.95E-05,437.50031,0.01692,437.50031,0.02268,437.48734,0.0084,437.48734,0.01253,437.49371,-9.45E-04,437.49371,2.90E-04,437.50031,0.01541,437.50031,0.02055
436.98843,0.01733,436.98843,0.0257,436.99469,-0.00135,436.99469,6.19E-05,437.00156,0.01711,437.00156,0.02271,436.98843,0.0087,436.98843,0.0125,436.99469,-0.00144,436.99469,-1.44E-04,437.00156,0.01508,437.00156,0.02022
436.4895,0.01789,436.4895,0.02576,436.49564,-0.00135,436.49564,5.12E-05,436.50275,0.01711,436.50275,0.02271,436.4895,0.0087,436.4895,0.01292,436.49564,-0.00122,436.49564,6.85E-05,436.50275,0.01545,436.50275,0.02024
435.99051,0.0179,435.99051,0.02657,435.99652,-0.00147,435.99652,5.12E-05,436.00391,0.01692,436.00391,0.02271,435.99051,0.00895,435.99051,0.01324,435.99652,-0.00133,435.99652,6.10E-05,436.00391,0.01525,436.00391,0.02036
435.49152,0.01839,435.49152,0.02721,435.49735,-0.00135,435.49735,6.19E-05,435.50497,0.01711,435.50497,0.02285,435.49152,0.009,435.49152,0.01326,435.49735,-0.00103,435.49735,5.04E-05,435.50497,0.01552,435.50497,0.0206
434.99243,0.01851,434.99243,0.02727,434.99814,-0.00135,434.99814,6.19E-05,435.00604,0.01711,435.00604,0.02288,434.99243,0.0092,434.99243,0.01362,434.99814,-0.00149,434.99814,1.11E-04,435.00604,0.0149,435.00604,0.02078
434.49326,0.01892,434.49326,0.02801,434.49887,-0.0012,434.49887,9.73E-05,434.50705,0.0173,434.50705,0.02306,434.49326,0.00948,434.49326,0.01388,434.49887,-0.00118,434.49887,9.59E-05,434.50705,0.01542,434.50705,0.02039
433.99408,0.01925,433.99408,0.02808,433.9996,-0.0012,433.9996,1.13E-04,434.00797,0.0173,434.00797,0.02306,433.99408,0.00945,433.99408,0.01366,433.9996,-0.001,433.9996,2.31E-04,434.00797,0.01542,434.00797,0.02055
433.4949,0.01944,433.4949,0.02836,433.50027,-0.00113,433.50027,2.35E-04,433.50891,0.0173,433.50891,0.02306,433.4949,0.00936,433.4949,0.01403,433.50027,-0.00111,433.50027,3.65E-04,433.50891,0.01547,433.50891,0.02081
432.99564,0.01944,432.99564,0.02836,433.00085,-0.00113,433.00085,3.70E-04,433.00983,0.01735,433.00983,0.02322,432.99564,0.00962,432.99564,0.01379,433.00085,-0.00109,433.00085,0.00129,433.00983,0.0155,433.00983,0.0207
432.49634,0.01977,432.49634,0.0285,432.50146,-0.00113,432.50146,6.29E-04,432.51068,0.0174,432.51068,0.02334,432.49634,0.00982,432.49634,0.01386,432.50146,-9.43E-04,432.50146,0.00126,432.51068,0.01567,432.51068,0.02091
431.99704,0.02013,431.99704,0.0285,432.00198,-0.0011,432.00198,6.29E-04,432.01147,0.01751,432.01147,0.02346,431.99704,0.00979,431.99704,0.01426,432.00198,-0.0013,432.00198,6.20E-04,432.01147,0.01561,432.01147,0.02113
431.49765,0.0202,431.49765,0.02913,431.50244,-9.56E-04,431.50244,6.29E-04,431.51218,0.01751,431.51218,0.02362,431.49765,0.01011,431.49765,0.01445,431.50244,-3.25E-04,431.50244,8.17E-04,431.51218,0.01575,431.51218,0.02106
430.99817,0.02055,430.99817,0.02931,431.00293,-7.70E-04,431.00293,6.29E-04,431.01291,0.01751,431.01291,0.02363,430.99817,0.01,430.99817,0.01417,431.00293,0.00105,431.00293,3.35E-04,431.01291,0.01573,431.01291,0.02154
430.49872,0.0208,430.49872,0.02971,430.50333,-7.70E-04,430.50333,4.84E-04,430.51358,0.01765,430.51358,0.02363,430.49872,0.01019,430.49872,0.01466,430.50333,2.95E-04,430.50333,8.24E-04,430.51358,0.01559,430.51358,0.02105
429.99924,0.02092,429.99924,0.03014,430.00366,-0.00111,430.00366,4.57E-04,430.01413,0.01765,430.01413,0.02417,429.99924,0.01019,429.99924,0.0147,430.00366,-7.59E-04,430.00366,8.84E-04,430.01413,0.0158,430.01413,0.02156
429.49963,0.02094,429.49963,0.03021,429.50403,-0.00111,429.50403,4.84E-04,429.51471,0.01764,429.51471,0.02419,429.49963,0.01017,429.49963,0.01507,429.50403,-0.0011,429.50403,4.77E-04,429.51471,0.01577,429.51471,0.02172
429.00006,0.02095,429.00006,0.03098,429.00427,-0.00111,429.00427,4.84E-04,429.01526,0.01769,429.01526,0.02435,429.00006,0.01134,429.00006,0.01518,429.00427,-0.00117,429.00427,4.50E-04,429.01526,0.01607,429.01526,0.02186
428.50043,0.02183,428.50043,0.03122,428.50452,-0.00111,428.50452,4.84E-04,428.51578,0.01769,428.51578,0.02435,428.50043,0.01065,428.50043,0.01527,428.50452,-8.26E-04,428.50452,7.18E-04,428.51578,0.01572,428.51578,0.02195
428.00073,0.0219,428.00073,0.0314,428.00467,-8.38E-04,428.00467,7.28E-04,428.0162,0.01772,428.0162,0.02435,428.00073,0.01109,428.00073,0.01573,428.00467,-7.78E-04,428.00467,8.72E-04,428.0162,0.01608,428.0162,0.0217
427.50095,0.0219,427.50095,0.03178,427.50479,-8.38E-04,427.50479,8.85E-04,427.51663,0.01772,427.51663,0.02435,427.50095,0.01062,427.50095,0.01546,427.50479,-7.12E-04,427.50479,0.00113,427.51663,0.01616,427.51663,0.02165
427.00116,0.02271,427.00116,0.03234,427.00488,-7.89E-04,427.00488,8.85E-04,427.01697,0.01772,427.01697,0.02435,427.00116,0.01105,427.00116,0.01591,427.00488,-7.77E-04,427.00488,0.00113,427.01697,0.0158,427.01697,0.02175
426.5014,0.02271,426.5014,0.03272,426.50494,-7.89E-04,426.50494,9.49E-04,426.51724,0.01772,426.51724,0.02436,426.5014,0.01137,426.5014,0.01595,426.50494,-9.66E-04,426.50494,9.78E-04,426.51724,0.01581,426.51724,0.02173
426.00153,0.02337,426.00153,0.0328,426.00494,-7.89E-04,426.00494,7.91E-04,426.01752,0.01772,426.01752,0.02438,426.00153,0.01159,426.00153,0.01651,426.00494,-6.61E-04,426.00494,6.34E-04,426.01752,0.01562,426.01752,0.02171
425.50165,0.02374,425.50165,0.03374,425.50497,-6.71E-04,425.50497,6.44E-04,425.51776,0.01774,425.51776,0.02438,425.50165,0.01155,425.50165,0.01641,425.50497,-4.10E-04,425.50497,9.35E-04,425.51776,0.01593,425.51776,0.02216
425.00165,0.02384,425.00165,0.03395,425.00488,-6.71E-04,425.00488,6.44E-04,425.01794,0.01784,425.01794,0.02487,425.00165,0.01169,425.00165,0.0167,425.00488,5.93E-04,425.00488,7.79E-04,425.01794,0.0159,425.01794,0.02218
424.50168,0.02404,424.50168,0.03427,424.50473,-4.59E-04,424.50473,7.91E-04,424.5181,0.01784,424.5181,0.02487,424.50168,0.01209,424.50168,0.01667,424.50473,-4.28E-05,424.50473,6.05E-04,424.5181,0.01592,424.5181,0.02241
424.00165,0.02453,424.00165,0.03434,424.00455,-4.59E-04,424.00455,7.91E-04,424.01819,0.01784,424.01819,0.02489,424.00165,0.01193,424.00165,0.01681,424.00455,-7.06E-04,424.00455,9.72E-04,424.01819,0.01611,424.01819,0.02236
423.50153,0.02486,423.50153,0.03457,423.50436,-4.77E-04,423.50436,9.87E-04,423.51828,0.01786,423.51828,0.02509,423.50153,0.01258,423.50153,0.01712,423.50436,-4.53E-04,423.50436,0.00148,423.51828,0.01587,423.51828,0.02193
423.00143,0.02564,423.00143,0.0352,423.00409,-4.77E-04,423.00409,0.0015,423.01822,0.01807,423.01822,0.02509,423.00143,0.01247,423.00143,0.01727,423.00409,1.61E-04,423.00409,0.01344,423.01822,0.01615,423.01822,0.02236
422.50125,0.02586,422.50125,0.03551,422.50378,-4.59E-04,422.50378,0.00298,422.51822,0.01812,422.51822,0.02509,422.50125,0.01298,422.50125,0.01745,422.50378,-4.70E-04,422.50378,0.02903,422.51822,0.01633,422.51822,0.02253
422.00104,0.02624,422.00104,0.03588,422.00348,-2.53E-04,422.00348,0.00298,422.0181,0.01832,422.0181,0.02528,422.00104,0.0128,422.00104,0.0177,422.00348,-2.50E-04,422.00348,0.01411,422.0181,0.01641,422.0181,0.02264
421.50076,0.02633,421.50076,0.03599,421.50308,-4.77E-04,421.50308,0.00155,421.51801,0.01841,421.51801,0.0254,421.50076,0.01276,421.50076,0.0175,421.50308,-9.80E-05,421.50308,0.00294,421.51801,0.01642,421.51801,0.02291
421.00052,0.02633,421.00052,0.03639,421.00272,-4.97E-04,421.00272,0.00154,421.01785,0.01842,421.01785,0.02542,421.00052,0.01316,421.00052,0.01773,421.00272,-1.63E-04,421.00272,0.0015,421.01785,0.01648,421.01785,0.02265
420.50018,0.02705,420.50018,0.03646,420.5022,-4.97E-04,420.5022,0.00152,420.51764,0.01849,420.51764,0.02542,420.50018,0.01367,420.50018,0.01791,420.5022,-8.16E-04,420.5022,0.00153,420.51764,0.01721,420.51764,0.02283
419.99973,0.02812,419.99973,0.03682,420.00165,-4.97E-04,420.00165,0.00128,420.0174,0.01849,420.0174,0.02542,419.99973,0.0143,419.99973,0.01842,420.00165,-4.90E-04,420.00165,0.00152,420.0174,0.01651,420.0174,0.02276
419.49933,0.02912,419.49933,0.03787,419.50113,-4.97E-04,419.50113,0.00128,419.51706,0.01835,419.51706,0.02553,419.49933,0.01416,419.49933,0.01859,419.50113,-4.37E-04,419.50113,0.00126,419.51706,0.01687,419.51706,0.02263
418.99887,0.02936,418.99887,0.03794,419.00058,-4.97E-04,419.00058,0.00128,419.01675,0.01819,419.01675,0.02539,418.99887,0.01428,418.99887,0.01882,419.00058,-4.25E-04,419.00058,0.00115,419.01675,0.01621,419.01675,0.02278
418.49835,0.02936,418.49835,0.03822,418.49991,-4.43E-04,418.49991,0.00128,418.51636,0.01819,418.51636,0.02539,418.49835,0.01443,418.49835,0.01845,418.49991,-3.45E-04,418.49991,0.00172,418.51636,0.01635,418.51636,0.02313
417.9978,0.02966,417.9978,0.0387,417.99924,-4.31E-04,417.99924,0.00145,418.01596,0.01816,418.01596,0.02556,417.9978,0.01481,417.9978,0.01893,417.99924,-6.78E-04,417.99924,0.00143,418.01596,0.01619,418.01596,0.02251
417.49725,0.03044,417.49725,0.03893,417.4985,-3.50E-04,417.4985,0.00159,417.51547,0.01816,417.51547,0.02543,417.49725,0.01535,417.49725,0.01923,417.4985,-1.59E-04,417.4985,0.0019,417.51547,0.01651,417.51547,0.02285
416.99658,0.03107,416.99658,0.03924,416.99774,-4.60E-04,416.99774,0.00159,417.01498,0.01816,417.01498,0.02543,416.99658,0.01511,416.99658,0.01908,416.99774,-1.57E-04,416.99774,0.00157,417.01498,0.01617,417.01498,0.02296
416.49588,0.03155,416.49588,0.03946,416.49692,-4.60E-04,416.49692,0.00164,416.51447,0.01816,416.51447,0.02564,416.49588,0.0159,416.49588,0.01954,416.49692,-2.84E-04,416.49692,0.00162,416.51447,0.0173,416.51447,0.02266
415.99515,0.0327,415.99515,0.03946,415.99606,-4.60E-04,415.99606,0.00164,416.01382,0.01816,416.01382,0.02576,415.99515,0.01639,415.99515,0.01919,415.99606,-4.53E-04,415.99606,0.00169,416.01382,0.01649,416.01382,0.02305
415.49438,0.03333,415.49438,0.04018,415.49521,-4.60E-04,415.49521,0.00171,415.51324,0.01816,415.51324,0.02574,415.49438,0.01621,415.49438,0.01996,415.49521,-8.41E-04,415.49521,0.00173,415.51324,0.01619,415.51324,0.02302
414.99359,0.03369,414.99359,0.04104,414.99423,-4.60E-04,414.99423,0.00171,415.01254,0.01815,415.01254,0.02579,414.99359,0.01649,414.99359,0.02013,414.99423,-2.95E-04,414.99423,0.00168,415.01254,0.01625,415.01254,0.02353
414.49274,0.0339,414.49274,0.0414,414.49329,-4.77E-04,414.49329,0.00162,414.51181,0.01815,414.51181,0.02579,414.49274,0.01668,414.49274,0.02064,414.49329,-1.06E-04,414.49329,0.00176,414.51181,0.01618,414.51181,0.02294
413.99185,0.03431,413.99185,0.04243,413.99228,-3.00E-04,413.99228,0.00162,414.01108,0.01815,414.01108,0.02579,413.99185,0.01739,413.99185,0.02108,413.99228,-1.58E-04,413.99228,0.0016,414.01108,0.01603,414.01108,0.02298
413.49097,0.03575,413.49097,0.04307,413.49118,-3.06E-04,413.49118,0.00162,413.51031,0.01815,413.51031,0.02579,413.49097,0.01771,413.49097,0.02095,413.49118,-4.70E-04,413.49118,0.00154,413.51031,0.01618,413.51031,0.02305
412.98993,0.03642,412.98993,0.04319,412.99005,-3.06E-04,412.99005,0.00162,413.00949,0.01815,413.00949,0.02586,412.98993,0.01796,412.98993,0.021,412.99005,-2.93E-04,412.99005,0.00192,413.00949,0.01659,413.00949,0.02333
412.48892,0.03687,412.48892,0.04319,412.48895,-3.06E-04,412.48895,0.00194,412.50854,0.01821,412.50854,0.02617,412.48892,0.01793,412.48892,0.0211,412.48895,-3.02E-04,412.48895,0.00193,412.50854,0.01633,412.50854,0.02365
411.98785,0.03692,411.98785,0.04338,411.98776,-2.97E-04,411.98776,0.00195,412.00763,0.01821,412.00763,0.02654,411.98785,0.01881,411.98785,0.02181,411.98776,6.81E-05,411.98776,0.00246,412.00763,0.01623,412.00763,0.02379
411.48676,0.03867,411.48676,0.04401,411.48654,9.46E-07,411.48654,0.00232,411.50665,0.01821,411.50665,0.02669,411.48676,0.01944,411.48676,0.02222,411.48654,4.47E-04,411.48654,0.00283,411.50665,0.01659,411.50665,0.02396
410.98563,0.03944,410.98563,0.04484,410.98526,6.91E-05,410.98526,0.00249,411.00565,0.01821,411.00565,0.02685,410.98563,0.01918,410.98563,0.0219,410.98526,9.32E-07,410.98526,0.00229,411.00565,0.01615,411.00565,0.02476
410.48444,0.0399,410.48444,0.04484,410.48395,1.65E-04,410.48395,0.00251,410.50461,0.01861,410.50461,0.02687,410.48444,0.01941,410.48444,0.02141,410.48395,1.70E-04,410.48395,0.00247,410.50461,0.0167,410.50461,0.02412
409.98325,0.0399,409.98325,0.04484,409.98257,1.65E-04,409.98257,0.00236,410.00348,0.01866,410.00348,0.02687,409.98325,0.01971,409.98325,0.02181,409.98257,1.62E-04,409.98257,0.00418,410.00348,0.01679,410.00348,0.02393
409.48193,0.04052,409.48193,0.04484,409.48117,1.72E-04,409.48117,0.00251,409.50238,0.01874,409.50238,0.02687,409.48193,0.02026,409.48193,0.02324,409.48117,3.58E-04,409.48117,0.00257,409.50238,0.01687,409.50238,0.02395
409.0192,0.04166,409.0192,0.04645,409.01831,1.65E-04,409.01831,0.00261,409.00119,0.01884,409.00119,0.02687,409.0192,0.02052,409.0192,0.02259,409.01831,4.17E-04,409.01831,0.00233,409.00119,0.01663,409.00119,0.02431
408.51782,0.04219,408.51782,0.04704,408.51685,2.91E-04,408.51685,0.00261,408.49994,0.01892,408.49994,0.02725,408.51782,0.0206,408.51782,0.02288,408.51685,2.87E-04,408.51685,0.0028,408.49994,0.01694,408.49994,0.02441
408.01645,0.04235,408.01645,0.04704,408.01532,2.01E-04,408.01532,0.00261,407.99869,0.01892,407.99869,0.02727,408.01645,0.02075,408.01645,0.02296,408.01532,-3.24E-05,408.01532,0.00257,407.99869,0.01698,407.99869,0.02445
407.51501,0.04266,407.51501,0.04718,407.51376,1.35E-04,407.51376,0.00284,407.49741,0.01901,407.49741,0.02738,407.51501,0.02093,407.51501,0.02294,407.51376,3.60E-04,407.51376,0.00295,407.49741,0.01686,407.49741,0.02429
407.01355,0.04304,407.01355,0.04722,407.01218,1.35E-04,407.01218,0.00299,406.99606,0.01901,406.99606,0.02743,407.01355,0.02136,407.01355,0.02362,407.01218,1.98E-04,407.01218,0.00359,406.99606,0.01694,406.99606,0.02484
406.51202,0.04392,406.51202,0.04856,406.51056,2.01E-04,406.51056,0.00299,406.49469,0.01901,406.49469,0.02765,406.51202,0.02172,406.51202,0.02392,406.51056,1.33E-04,406.51056,0.00381,406.49469,0.01734,406.49469,0.02464
406.0105,0.04449,406.0105,0.04917,406.00885,2.01E-04,406.00885,0.00287,405.99329,0.01922,405.99329,0.02788,406.0105,0.02164,406.0105,0.02427,406.00885,3.25E-04,406.00885,0.00315,405.99329,0.01713,405.99329,0.02488
405.50888,0.04466,405.50888,0.04974,405.50714,2.26E-04,405.50714,0.00282,405.49179,0.01922,405.49179,0.02792,405.50888,0.02193,405.50888,0.02419,405.50714,2.23E-04,405.50714,0.00271,405.49179,0.01753,405.49179,0.02508
405.0072,0.04508,405.0072,0.04979,405.00534,3.05E-04,405.00534,0.00282,404.99023,0.01922,404.99023,0.02814,405.0072,0.02193,405.0072,0.02421,405.00534,8.00E-04,405.00534,0.00283,404.99023,0.01739,404.99023,0.02538
404.50555,0.0451,404.50555,0.04979,404.50354,3.05E-04,404.50354,0.00282,404.48871,0.01925,404.48871,0.02848,404.50555,0.02196,404.50555,0.02451,404.50354,3.01E-04,404.50354,0.00278,404.48871,0.017,404.48871,0.0254
404.00381,0.04515,404.00381,0.0504,404.00171,4.55E-04,404.00171,0.00287,403.98712,0.01925,403.98712,0.02848,404.00381,0.02207,404.00381,0.02487,404.00171,4.49E-04,404.00171,0.00308,403.98712,0.01716,403.98712,0.02568
403.50208,0.04532,403.50208,0.05113,403.49982,4.55E-04,403.49982,0.00312,403.4855,0.01925,403.4855,0.0285,403.50208,0.02204,403.50208,0.02555,403.49982,9.17E-04,403.49982,0.00342,403.4855,0.01723,403.4855,0.02538
403.00027,0.04537,403.00027,0.0517,402.99789,9.31E-04,402.99789,0.00347,402.98383,0.01933,402.98383,0.02881,403.00027,0.02218,403.00027,0.02603,402.99789,0.00288,402.99789,0.00692,402.98383,0.01734,402.98383,0.02586
402.49844,0.04532,402.49844,0.05245,402.49591,0.00207,402.49591,0.00374,402.48215,0.01933,402.48215,0.02889,402.49844,0.02233,402.49844,0.02514,402.49591,0.00204,402.49591,0.00629,402.48215,0.0176,402.48215,0.02575
401.99655,0.04544,401.99655,0.05245,401.99393,0.00207,401.99393,0.00395,402.01895,0.0191,402.01895,0.02901,401.99655,0.0221,401.99655,0.02551,401.99393,0.00228,401.99393,0.00369,402.01895,0.01748,402.01895,0.02611
401.49463,0.04532,401.49463,0.05245,401.49182,0.00144,401.49182,0.00374,401.51718,0.0191,401.51718,0.02901,401.49463,0.0219,401.49463,0.02579,401.49182,0.00316,401.49182,0.00389,401.51718,0.01685,401.51718,0.02585
400.99265,0.04516,400.99265,0.05303,400.98972,0.0012,400.98972,0.00374,401.01532,0.0191,401.01532,0.02921,400.99265,0.02217,400.99265,0.02583,400.98972,0.00142,400.98972,0.00389,401.01532,0.01702,401.01532,0.0261
400.49066,0.04516,400.49066,0.05311,400.48761,0.00101,400.48761,0.00356,400.51343,0.0191,400.51343,0.02921,400.49066,0.02204,400.49066,0.02586,400.48761,3.18E-04,400.48761,0.00331,400.51343,0.01747,400.51343,0.02603
399.98859,0.04516,399.98859,0.05317,399.98541,0.00101,399.98541,0.00356,400.01154,0.0192,400.01154,0.02928,399.98859,0.02197,399.98859,0.02643,399.98541,0.00118,399.98541,0.00385,400.01154,0.01711,400.01154,0.02653
399.48648,0.04516,399.48648,0.05435,399.48322,0.00101,399.48322,0.00356,399.50958,0.01938,399.50958,0.02957,399.48648,0.02243,399.48648,0.02685,399.48322,9.95E-04,399.48322,0.00351,399.50958,0.01734,399.50958,0.02635
398.98434,0.04506,398.98434,0.05445,398.98096,0.00101,398.98096,0.00363,399.00757,0.01936,399.00757,0.02957,398.98434,0.02186,398.98434,0.02648,398.98096,0.00119,398.98096,0.00358,399.00757,0.0177,399.00757,0.02652
398.48221,0.04506,398.48221,0.05521,398.5173,9.73E-04,398.5173,0.00363,398.50552,0.01938,398.50552,0.02957,398.48221,0.02218,398.48221,0.02769,398.5173,0.00102,398.5173,0.00383,398.50552,0.01727,398.50552,0.02661
398.01859,0.04506,398.01859,0.05569,398.01495,7.05E-04,398.01495,0.00367,398.00345,0.01938,398.00345,0.02976,398.01859,0.02191,398.01859,0.02709,398.01495,4.80E-04,398.01495,0.00362,398.00345,0.01726,398.00345,0.0261
397.51636,0.0451,397.51636,0.05681,397.5126,7.05E-04,397.5126,0.00389,397.50134,0.01938,397.50134,0.02986,397.51636,0.02193,397.51636,0.02763,397.5126,9.59E-04,397.5126,0.004,397.50134,0.01738,397.50134,0.02679
397.01407,0.0451,397.01407,0.05681,397.01016,7.05E-04,397.01016,0.00406,396.99918,0.01946,396.99918,0.02996,397.01407,0.02221,397.01407,0.02796,397.01016,6.95E-04,397.01016,0.00435,396.99918,0.01735,396.99918,0.0267
396.51172,0.04535,396.51172,0.05749,396.50772,9.48E-04,396.50772,0.00434,396.49698,0.0195,396.49698,0.03006,396.51172,0.02205,396.51172,0.02816,396.50772,9.34E-04,396.50772,0.00427,396.49698,0.0176,396.49698,0.02693
396.00937,0.04558,396.00937,0.0579,396.00522,8.88E-04,396.00522,0.00434,395.99475,0.01974,395.99475,0.03021,396.00937,0.02219,396.00937,0.02885,396.00522,9.99E-04,396.00522,0.00429,395.99475,0.0186,395.99475,0.02722
395.50696,0.04535,395.50696,0.05931,395.50266,9.48E-04,395.50266,0.00434,395.49246,0.01998,395.49246,0.03054,395.50696,0.02217,395.50696,0.02902,395.50266,0.00104,395.50266,0.00433,395.49246,0.01803,395.49246,0.02774
395.00449,0.04558,395.00449,0.05966,395.00012,0.00101,395.00012,0.00435,394.99014,0.02,394.99014,0.03091,395.00449,0.02219,395.00449,0.02903,395.00012,8.76E-04,395.00012,0.00407,394.99014,0.0178,394.99014,0.0278
394.50201,0.04558,394.50201,0.05968,394.4975,0.00106,394.4975,0.0044,394.48776,0.02,394.48776,0.03112,394.50201,0.02195,394.50201,0.02911,394.4975,0.00139,394.4975,0.00471,394.48776,0.01782,394.48776,0.02755
393.99948,0.04562,393.99948,0.05986,393.99484,0.00108,393.99484,0.00478,393.98538,0.02,393.98538,0.03115,393.99948,0.0222,393.99948,0.02965,393.99484,0.00106,393.99484,0.00494,393.98538,0.018,393.98538,0.02776
393.49692,0.04566,393.49692,0.06097,393.49213,0.00142,393.49213,0.00487,393.48291,0.0202,393.48291,0.03115,393.49692,0.0226,393.49692,0.02995,393.49213,0.00142,393.49213,0.00518,393.48291,0.01833,393.48291,0.02875
392.99429,0.0458,392.99429,0.06158,392.98941,0.00144,392.98941,0.00501,393.0191,0.0202,393.0191,0.03185,392.99429,0.0226,392.99429,0.03036,392.98941,0.00173,392.98941,0.00525,393.0191,0.01863,393.0191,0.02839
392.49164,0.0458,392.49164,0.06242,392.48663,0.00175,392.48663,0.00513,392.51657,0.02057,392.51657,0.03189,392.49164,0.02234,392.49164,0.03053,392.48663,0.00555,392.48663,0.0048,392.51657,0.01856,392.51657,0.02863
391.98898,0.04553,391.98898,0.06278,391.98383,0.00563,391.98383,0.00513,392.01401,0.01998,392.01401,0.03189,391.98898,0.02228,391.98898,0.03099,391.98383,0.01918,391.98383,0.00519,392.01401,0.01781,392.01401,0.02856
391.48624,0.04553,391.48624,0.06303,391.48093,0.00938,391.48093,0.00513,391.51144,0.01998,391.51144,0.03205,391.48624,0.02215,391.48624,0.03065,391.48093,0.01375,391.48093,0.00505,391.51144,0.01844,391.51144,0.02843
390.98346,0.04553,390.98346,0.06325,391.01672,0.00938,391.01672,0.00527,391.00879,0.01998,391.00879,0.03205,390.98346,0.02208,390.98346,0.03076,391.01672,0.01029,391.01672,0.00543,391.00879,0.01766,391.00879,0.02865
390.51935,0.04553,390.51935,0.06325,390.51379,0.00283,390.51379,0.00551,390.5061,0.02069,390.5061,0.03215,390.51935,0.0224,390.51935,0.03144,390.51379,0.00925,390.51379,0.00578,390.5061,0.0188,390.5061,0.02876
390.01645,0.04606,390.01645,0.06464,390.0108,0.00163,390.0108,0.00555,390.00339,0.02096,390.00339,0.03227,390.01645,0.02246,390.01645,0.03181,390.0108,0.00279,390.0108,0.00586,390.00339,0.02023,390.00339,0.02916
389.51358,0.04619,389.51358,0.0654,389.50781,0.00149,389.50781,0.00587,389.50061,0.02096,389.50061,0.03246,389.51358,0.02248,389.51358,0.03193,389.50781,0.00102,389.50781,0.00547,389.50061,0.01868,389.50061,0.02893
389.01065,0.04622,389.01065,0.06564,389.00473,0.00149,389.00473,0.00595,388.9978,0.0208,388.9978,0.03261,389.01065,0.02272,389.01065,0.03232,389.00473,0.00161,389.00473,0.00668,388.9978,0.01874,388.9978,0.02906
388.50769,0.04634,388.50769,0.06645,388.50165,0.00149,388.50165,0.00647,388.495,0.02065,388.495,0.03261,388.50769,0.02254,388.50769,0.03328,388.50165,0.00147,388.50165,0.00641,388.495,0.01828,388.495,0.0293
388.00467,0.04634,388.00467,0.06706,387.99854,0.00159,387.99854,0.0065,387.9921,0.02065,387.9921,0.03287,388.00467,0.02254,388.00467,0.03261,387.99854,0.00163,387.99854,0.00638,387.9921,0.01854,387.9921,0.02976
387.50162,0.04613,387.50162,0.06798,387.49533,0.00159,387.49533,0.0065,387.4892,0.02057,387.4892,0.03321,387.50162,0.02267,387.50162,0.03306,387.49533,0.00183,387.49533,0.00643,387.4892,0.0184,387.4892,0.0296
386.99857,0.04613,386.99857,0.06798,386.99213,0.00164,386.99213,0.00652,386.98624,0.02057,386.98624,0.03324,386.99857,0.02243,386.99857,0.03318,386.99213,0.00157,386.99213,0.00672,386.98624,0.01846,386.98624,0.0299
386.49542,0.04613,386.49542,0.06814,386.48889,0.00164,386.48889,0.00681,386.48325,0.01996,386.48325,0.03324,386.49542,0.02237,386.49542,0.03314,386.48889,0.0017,386.48889,0.00753,386.48325,0.01833,386.48325,0.02962
385.99228,0.04613,385.99228,0.06823,385.9856,0.00164,385.9856,0.00761,386.01892,0.01996,386.01892,0.03329,385.99228,0.02276,385.99228,0.03379,385.9856,0.00162,385.9856,0.00804,386.01892,0.01764,386.01892,0.02967
385.48904,0.04651,385.48904,0.06948,385.48227,0.00172,385.48227,0.00764,385.51584,0.01996,385.51584,0.03329,385.48904,0.02262,385.48904,0.03437,385.48227,0.00181,385.48227,0.00756,385.51584,0.01779,385.51584,0.02992
384.98581,0.04679,384.98581,0.07063,385.01764,0.00164,385.01764,0.00767,385.01276,0.01996,385.01276,0.03357,384.98581,0.02282,384.98581,0.03435,385.01764,0.00237,385.01764,0.0075,385.01276,0.01801,385.01276,0.02995
384.48251,0.04692,384.48251,0.07066,384.51422,0.00184,384.51422,0.00767,384.50961,0.02005,384.50961,0.0336,384.48251,0.02299,384.48251,0.03515,384.51422,0.00193,384.51422,0.00796,384.50961,0.01787,384.50961,0.02998
384.01794,0.04704,384.01794,0.07156,384.01077,0.00188,384.01077,0.00808,384.00641,0.02017,384.00641,0.03364,384.01794,0.02345,384.01794,0.0348,384.01077,0.00159,384.01077,0.00897,384.00641,0.01807,384.00641,0.03047
383.51459,0.04719,383.51459,0.07181,383.50729,0.00188,383.50729,0.00837,383.50317,0.02017,383.50317,0.03419,383.51459,0.02288,383.51459,0.03492,383.50729,0.00188,383.50729,0.00846,383.50317,0.0182,383.50317,0.03069
383.0112,0.04719,383.0112,0.07181,383.00378,0.00188,383.00378,0.00844,382.99991,0.02028,382.99991,0.03444,383.0112,0.02295,383.0112,0.03567,383.00378,0.00185,383.00378,0.00825,382.99991,0.01798,382.99991,0.03113
382.50775,0.04719,382.50775,0.07334,382.50018,0.00191,382.50018,0.00844,382.49655,0.02017,382.49655,0.03493,382.50775,0.02346,382.50775,0.03601,382.50018,0.00204,382.50018,0.00832,382.49655,0.01811,382.49655,0.03126
382.00427,0.04758,382.00427,0.07404,381.99661,0.00207,381.99661,0.00844,381.99326,0.02014,381.99326,0.03507,382.00427,0.02323,382.00427,0.03628,381.99661,0.00217,381.99661,0.0089,381.99326,0.01808,381.99326,0.03125
381.50076,0.04776,381.50076,0.07459,381.49298,0.00207,381.49298,0.00895,381.48987,0.02014,381.48987,0.03507,381.50076,0.02375,381.50076,0.03674,381.49298,0.00244,381.49298,0.00883,381.48987,0.01791,381.48987,0.03136
380.99722,0.04776,380.99722,0.07554,380.98932,0.0022,380.98932,0.00903,380.98645,0.02014,380.98645,0.03519,380.99722,0.02314,380.99722,0.03706,380.98932,0.00226,380.98932,0.00898,380.98645,0.01795,380.98645,0.03169
380.49362,0.04842,380.49362,0.0762,380.48557,0.00229,380.48557,0.00907,380.48297,0.02014,380.48297,0.03555,380.49362,0.02355,380.49362,0.03755,380.48557,0.00164,380.48557,0.00907,380.48297,0.01818,380.48297,0.03198
379.98999,0.04842,379.98999,0.07721,379.98181,0.00229,379.98181,0.00911,380.01822,0.0204,380.01822,0.03588,379.98999,0.02363,379.98999,0.03807,379.98181,0.00315,379.98181,0.00894,380.01822,0.01936,380.01822,0.03259
379.48633,0.04858,379.48633,0.07828,379.51678,0.00253,379.51678,0.0092,379.51468,0.02084,379.51468,0.03657,379.48633,0.02458,379.48633,0.03919,379.51678,0.00409,379.51678,0.00923,379.51468,0.01899,379.51468,0.03324
378.98264,0.05055,378.98264,0.08058,379.01297,0.00265,379.01297,0.00936,379.01111,0.0213,379.01111,0.03729,378.98264,0.02484,378.98264,0.03973,379.01297,0.003,379.01297,0.01048,379.01111,0.01857,379.01111,0.03344
378.51761,0.05055,378.51761,0.08169,378.50909,0.00253,378.50909,0.0105,378.50751,0.0213,378.50751,0.03752,378.51761,0.02462,378.51761,0.04014,378.50909,0.00249,378.50909,0.01035,378.50751,0.01906,378.50751,0.03421
378.01385,0.05036,378.01385,0.08234,378.00516,0.00253,378.00516,0.01063,378.00385,0.02113,378.00385,0.03838,378.01385,0.02469,378.01385,0.04069,378.00516,0.00262,378.00516,0.01058,378.00385,0.01932,378.00385,0.03466
377.51001,0.04955,377.51001,0.08253,377.50122,0.00253,377.50122,0.0105,377.50015,0.02119,377.50015,0.03848,377.51001,0.0241,377.51001,0.04005,377.50122,0.00247,377.50122,0.0106,377.50015,0.01913,377.50015,0.03453
377.00613,0.04951,377.00613,0.08333,376.99722,0.00262,376.99722,0.01015,376.99643,0.02119,376.99643,0.03874,377.00613,0.02449,377.00613,0.04053,376.99722,0.00285,376.99722,0.01058,376.99643,0.01883,376.99643,0.03429
376.50229,0.04951,376.50229,0.08333,376.49323,0.00262,376.49323,0.01015,376.49268,0.02119,376.49268,0.03874,376.50229,0.02408,376.50229,0.04061,376.49323,0.00269,376.49323,0.00983,376.49268,0.01889,376.49268,0.03452
375.99832,0.04951,375.99832,0.08349,375.98914,0.00273,375.98914,0.01015,375.98883,0.02113,375.98883,0.03874,375.99832,0.02377,375.99832,0.04109,375.98914,0.00259,375.98914,0.01,375.98883,0.01898,375.98883,0.03577
375.49435,0.04951,375.49435,0.0845,375.48508,0.00273,375.48508,0.01015,375.48502,0.02069,375.48502,0.03962,375.49435,0.02456,375.49435,0.04183,375.48508,0.00273,375.48508,0.01056,375.48502,0.01913,375.48502,0.03531
374.99036,0.04976,374.99036,0.086,374.98093,0.00277,374.98093,0.01041,374.98114,0.02069,374.98114,0.03968,374.99036,0.02452,374.99036,0.04234,374.98093,0.00416,374.98093,0.01026,374.98114,0.01844,374.98114,0.03541
374.48633,0.05041,374.48633,0.08705,374.51553,0.00318,374.51553,0.01071,374.51596,0.02064,374.51596,0.03968,374.48633,0.02456,374.48633,0.04279,374.51553,0.00421,374.51553,0.01119,374.51596,0.0184,374.51596,0.03536
373.98221,0.05041,373.98221,0.08797,374.01135,0.00359,374.01135,0.01066,374.01199,0.02041,374.01199,0.03973,373.98221,0.0242,373.98221,0.0442,374.01135,0.00313,374.01135,0.01125,374.01199,0.01918,374.01199,0.03604
373.51691,0.0505,373.51691,0.08941,373.50705,0.00326,373.50705,0.01073,373.508,0.02041,373.508,0.04044,373.51691,0.02504,373.51691,0.04349,373.50705,0.00354,373.50705,0.01058,373.508,0.01819,373.508,0.03627
373.01273,0.05093,373.01273,0.09017,373.00281,0.00318,373.00281,0.01073,373.004,0.02041,373.004,0.0407,373.01273,0.02496,373.01273,0.04385,373.00281,0.00382,373.00281,0.0105,373.004,0.01807,373.004,0.03648
372.50851,0.05132,372.50851,0.09017,372.49847,0.00283,372.49847,0.01073,372.49991,0.02041,372.49991,0.04093,372.50851,0.02477,372.50851,0.04436,372.49847,0.00321,372.49847,0.01105,372.49991,0.01843,372.49991,0.03741
372.0043,0.05132,372.0043,0.0912,371.99411,0.00253,371.99411,0.01107,371.99582,0.02067,371.99582,0.04198,372.0043,0.02554,372.0043,0.04484,371.99411,0.00279,371.99411,0.01091,371.99582,0.01843,371.99582,0.03791
371.5,0.05093,371.5,0.0922,371.48969,0.00253,371.48969,0.01121,371.49167,0.02068,371.49167,0.04254,371.5,0.02533,371.5,0.04557,371.48969,0.00248,371.48969,0.01118,371.49167,0.01876,371.49167,0.03842
370.9957,0.05142,370.9957,0.09353,370.98526,0.00253,370.98526,0.01134,370.98749,0.02094,370.98749,0.0431,370.9957,0.02501,370.9957,0.04593,370.98526,0.0025,370.98526,0.01136,370.98749,0.01866,370.98749,0.03895
370.49136,0.05142,370.49136,0.09371,370.4808,0.00253,370.4808,0.01152,370.48328,0.02105,370.48328,0.0437,370.49136,0.02464,370.49136,0.04549,370.4808,0.00355,370.4808,0.01155,370.48328,0.01916,370.48328,0.03945
369.98697,0.05142,369.98697,0.09443,370.01508,0.00343,370.01508,0.01172,370.01782,0.02149,370.01782,0.04426,369.98697,0.02503,369.98697,0.04667,370.01508,0.00346,370.01508,0.01196,370.01782,0.01983,370.01782,0.04019
369.48251,0.05147,369.48251,0.09595,369.51056,0.00343,369.51056,0.01213,369.51352,0.02162,369.51352,0.0449,369.48251,0.02551,369.48251,0.04717,369.51056,0.0039,369.51056,0.01229,369.51352,0.01947,369.51352,0.04001
369.01688,0.05204,369.01688,0.09699,369.00595,0.00341,369.00595,0.0123,369.00919,0.02164,369.00919,0.0451,369.01688,0.02531,369.01688,0.04781,369.00595,0.00338,369.00595,0.01212,369.00919,0.01927,369.00919,0.04077
368.51236,0.05244,368.51236,0.09831,368.50131,0.00341,368.50131,0.01234,368.50479,0.02164,368.50479,0.04575,368.51236,0.02558,368.51236,0.04861,368.50131,0.00309,368.50131,0.01274,368.50479,0.01929,368.50479,0.04144
368.00784,0.05259,368.00784,0.09996,367.99664,0.00341,367.99664,0.01234,368.00043,0.02164,368.00043,0.04634,368.00784,0.02607,368.00784,0.04909,367.99664,0.00336,367.99664,0.01216,368.00043,0.01944,368.00043,0.0413
367.50327,0.05303,367.50327,0.10033,367.49197,0.00341,367.49197,0.01287,367.49597,0.02182,367.49597,0.0465,367.50327,0.02579,367.50327,0.0488,367.49197,0.00395,367.49197,0.01293,367.49597,0.01959,367.49597,0.04194
366.99866,0.05359,366.99866,0.10094,366.98724,0.00387,366.98724,0.01287,366.99149,0.02185,366.99149,0.04706,366.99866,0.02621,366.99866,0.04911,366.98724,0.0042,366.98724,0.01286,366.99149,0.01998,366.99149,0.04273
366.49399,0.05359,366.49399,0.10097,366.48245,0.00392,366.48245,0.01305,366.48697,0.02198,366.48697,0.04794,366.49399,0.02606,366.49399,0.04979,366.48245,0.00396,366.48245,0.01269,366.48697,0.01948,366.48697,0.04343
365.98932,0.0539,365.98932,0.10237,366.01645,0.00387,366.01645,0.01305,365.98242,0.02217,365.98242,0.04873,365.98932,0.02632,365.98932,0.05062,366.01645,0.00382,366.01645,0.01292,365.98242,0.0198,365.98242,0.04365
365.48462,0.05412,365.48462,0.10409,365.51163,0.00387,365.51163,0.01311,365.5166,0.02217,365.5166,0.04897,365.48462,0.02652,365.48462,0.05109,365.51163,0.00386,365.51163,0.01293,365.5166,0.01976,365.5166,0.04418
365.01868,0.05453,365.01868,0.10504,365.00674,0.00387,365.00674,0.01312,365.01202,0.02222,365.01202,0.04957,365.01868,0.02678,365.01868,0.05176,365.00674,0.0035,365.00674,0.01326,365.01202,0.01987,365.01202,0.04464
364.51392,0.05507,364.51392,0.10642,364.50183,0.00392,364.50183,0.01341,364.50732,0.02225,364.50732,0.05009,364.51392,0.02698,364.51392,0.05228,364.50183,0.00403,364.50183,0.01322,364.50732,0.02013,364.50732,0.04479
364.00906,0.05548,364.00906,0.1075,363.99686,0.00408,363.99686,0.01345,364.00266,0.0223,364.00266,0.05026,364.00906,0.02724,364.00906,0.0528,363.99686,0.00534,363.99686,0.0139,364.00266,0.01983,364.00266,0.04557
363.50418,0.056,363.50418,0.10856,363.49188,0.00421,363.49188,0.0141,363.49789,0.02259,363.49789,0.05113,363.50418,0.02818,363.50418,0.05425,363.49188,0.0057,363.49188,0.01408,363.49789,0.02029,363.49789,0.04626
362.9993,0.05708,362.9993,0.11155,362.98688,0.00421,362.98688,0.01426,362.99313,0.02277,362.99313,0.0519,362.9993,0.02852,362.9993,0.05585,362.98688,0.0048,362.98688,0.01406,362.99313,0.02073,362.99313,0.04662
362.49435,0.05743,362.49435,0.1122,362.48178,0.0042,362.48178,0.01428,362.48831,0.02277,362.48831,0.05231,362.49435,0.02828,362.49435,0.05475,362.48178,0.00414,362.48178,0.01507,362.48831,0.02132,362.48831,0.04738
361.98935,0.05727,361.98935,0.11257,362.01556,0.0042,362.01556,0.01471,361.98346,0.02312,361.98346,0.05316,361.98935,0.02776,361.98935,0.05457,362.01556,0.00378,362.01556,0.0145,361.98346,0.02064,361.98346,0.0475
361.48434,0.05727,361.48434,0.11257,361.51038,0.00417,361.51038,0.01529,361.51743,0.02312,361.51743,0.0533,361.48434,0.02793,361.48434,0.05492,361.51038,0.00414,361.51038,0.01612,361.51743,0.02026,361.51743,0.04795
361.01816,0.05708,361.01816,0.11292,361.00522,0.00384,361.00522,0.01474,361.01248,0.02296,361.01248,0.0538,361.01816,0.02785,361.01816,0.05653,361.00522,0.00425,361.00522,0.02361,361.01248,0.0206,361.01248,0.04804
360.51306,0.05727,360.51306,0.11431,360.50003,0.00417,360.50003,0.01563,360.50757,0.02296,360.50757,0.0539,360.51306,0.02816,360.51306,0.05566,360.50003,0.00411,360.50003,0.01637,360.50757,0.02069,360.50757,0.04878
360.00793,0.05727,360.00793,0.11444,359.99478,0.00417,359.99478,0.01552,360.00256,0.02297,360.00256,0.05473,360.00793,0.02746,360.00793,0.05559,359.99478,0.00374,359.99478,0.01453,360.00256,0.02046,360.00256,0.0488
359.50281,0.05782,359.50281,0.11444,359.4895,0.00417,359.4895,0.01552,359.49753,0.02296,359.49753,0.05475,359.50281,0.02812,359.50281,0.05691,359.4895,0.00453,359.4895,0.0154,359.49753,0.02047,359.49753,0.04925
358.99759,0.05782,358.99759,0.11701,358.98416,0.00417,358.98416,0.01552,358.99246,0.02296,358.99246,0.05526,358.99759,0.0287,358.99759,0.05762,358.98416,0.00444,358.98416,0.0153,358.99246,0.02078,358.99246,0.0497
358.49237,0.05878,358.49237,0.11848,358.51767,0.00417,358.51767,0.01552,358.48737,0.02297,358.48737,0.05561,358.49237,0.02906,358.49237,0.06076,358.51767,0.00484,358.51767,0.01619,358.48737,0.02032,358.48737,0.04957
357.98709,0.05901,357.98709,0.11981,358.0123,0.00417,358.0123,0.01552,357.98224,0.02325,357.98224,0.05576,357.98709,0.03025,357.98709,0.05827,358.0123,0.00411,358.0123,0.016,357.98224,0.02095,357.98224,0.05063
357.48178,0.05971,357.48178,0.11999,357.50684,0.00417,357.50684,0.0162,357.5159,0.02325,357.5159,0.05681,357.48178,0.02859,357.48178,0.05836,357.50684,0.00404,357.50684,0.01504,357.5159,0.02072,357.5159,0.05124
357.01532,0.05971,357.01532,0.11999,357.00137,0.00417,357.00137,0.0162,357.01071,0.02325,357.01071,0.0575,357.01532,0.02907,357.01532,0.05895,357.00137,0.00505,357.00137,0.01596,357.01071,0.02113,357.01071,0.05144
356.50995,0.05971,356.50995,0.12121,356.49588,0.00471,356.49588,0.0162,356.50546,0.02303,356.50546,0.05772,356.50995,0.02904,356.50995,0.05962,356.49588,0.00507,356.49588,0.01619,356.50546,0.02075,356.50546,0.05223
356.00452,0.05978,356.00452,0.12258,355.99036,0.00476,355.99036,0.01643,356.00018,0.02303,356.00018,0.05848,356.00452,0.03022,356.00452,0.06063,355.99036,0.00464,355.99036,0.01647,356.00018,0.02053,356.00018,0.05212
355.49908,0.06062,355.49908,0.12467,355.48477,0.00476,355.48477,0.01671,355.49484,0.02303,355.49484,0.0586,355.49908,0.02948,355.49908,0.0611,355.48477,0.00469,355.48477,0.01718,355.49484,0.02027,355.49484,0.05255
354.99362,0.0609,354.99362,0.12563,355.01807,0.00476,355.01807,0.01679,354.9895,0.02303,354.9895,0.05896,354.99362,0.02979,354.99362,0.06227,355.01807,0.00492,355.01807,0.01654,354.9895,0.02068,354.9895,0.0533
354.48807,0.0609,354.48807,0.12804,354.51245,0.00487,354.51245,0.0174,354.4841,0.02308,354.4841,0.05981,354.48807,0.02966,354.48807,0.06251,354.51245,0.00551,354.51245,0.01725,354.4841,0.02117,354.4841,0.05457
353.98254,0.0609,353.98254,0.12853,354.00674,0.00499,354.00674,0.0174,354.01755,0.02321,354.01755,0.06123,353.98254,0.02962,353.98254,0.06329,354.00674,0.0048,354.00674,0.01715,354.01755,0.02148,354.01755,0.05472
353.51581,0.0609,353.51581,0.13014,353.50104,0.00541,353.50104,0.0175,353.51212,0.02308,353.51212,0.06139,353.51581,0.0297,353.51581,0.06377,353.50104,0.00533,353.50104,0.01825,353.51212,0.02057,353.51212,0.05514
353.01022,0.0609,353.01022,0.13112,352.99527,0.00523,352.99527,0.01851,353.00662,0.02308,353.00662,0.06187,353.01022,0.0294,353.01022,0.06414,352.99527,0.00575,352.99527,0.01834,353.00662,0.02073,353.00662,0.05534
352.50455,0.06106,352.50455,0.13188,352.4895,0.00541,352.4895,0.01855,352.5011,0.02308,352.5011,0.06209,352.50455,0.02971,352.50455,0.06547,352.4895,0.00603,352.4895,0.01829,352.5011,0.02057,352.5011,0.05654
351.99884,0.06108,351.99884,0.13461,351.98367,0.00583,351.98367,0.0186,351.99548,0.02308,351.99548,0.06343,351.99884,0.03006,351.99884,0.06684,351.98367,0.00516,351.98367,0.01849,351.99548,0.02043,351.99548,0.05709
351.4931,0.06176,351.4931,0.13743,351.51672,0.00583,351.51672,0.01876,351.4899,0.02308,351.4899,0.06405,351.4931,0.03051,351.4931,0.06736,351.51672,0.00574,351.51672,0.01901,351.4899,0.02125,351.4899,0.05845
350.98734,0.0618,350.98734,0.13851,351.01083,0.00583,351.01083,0.01929,350.98425,0.02332,350.98425,0.06558,350.98734,0.03004,350.98734,0.06881,351.01083,0.00587,351.01083,0.02184,350.98425,0.02117,350.98425,0.05915
350.48157,0.06244,350.48157,0.14149,350.50491,0.00595,350.50491,0.02216,350.51749,0.02332,350.51749,0.06637,350.48157,0.03037,350.48157,0.06992,350.50491,0.00596,350.50491,0.02353,350.51749,0.02088,350.51749,0.06011
350.01462,0.06244,350.01462,0.14377,349.99896,0.00605,349.99896,0.0233,350.01178,0.02322,350.01178,0.06744,350.01462,0.03065,350.01462,0.07139,349.99896,0.00645,349.99896,0.0242,350.01178,0.02079,350.01178,0.06038
349.50873,0.06272,349.50873,0.1468,349.49295,0.00637,349.49295,0.02369,349.50601,0.02312,349.50601,0.06775,349.50873,0.0305,349.50873,0.07269,349.49295,0.00664,349.49295,0.0248,349.50601,0.02046,349.50601,0.06124
349.00281,0.06302,349.00281,0.14946,348.98691,0.00655,348.98691,0.02369,349.00024,0.02312,349.00024,0.06871,349.00281,0.031,349.00281,0.07416,348.98691,0.00628,348.98691,0.02297,349.00024,0.02069,349.00024,0.06203
348.49689,0.06355,348.49689,0.15247,348.48084,0.00673,348.48084,0.02369,348.49445,0.02312,348.49445,0.06959,348.49689,0.03091,348.49689,0.07644,348.48084,0.00745,348.48084,0.02335,348.49445,0.02061,348.49445,0.0633
347.99091,0.06373,347.99091,0.15717,348.01367,0.00661,348.01367,0.02369,347.98862,0.02322,347.98862,0.07102,347.99091,0.0311,347.99091,0.07818,348.01367,0.00734,348.01367,0.02409,347.98862,0.02086,347.98862,0.06492
347.48492,0.06394,347.48492,0.16076,347.50754,0.00736,347.50754,0.02444,347.4827,0.0234,347.4827,0.07284,347.48492,0.03137,347.48492,0.08062,347.50754,0.00749,347.50754,0.02509,347.4827,0.02128,347.4827,0.06683
347.01779,0.06449,347.01779,0.16576,347.00137,0.00724,347.00137,0.02546,347.01572,0.02387,347.01572,0.07498,347.01779,0.03161,347.01779,0.08289,347.00137,0.00651,347.00137,0.02614,347.01572,0.02141,347.01572,0.06803
346.51172,0.065,346.51172,0.17043,346.49515,0.00724,346.49515,0.02652,346.50974,0.02402,346.50974,0.07633,346.51172,0.03199,346.51172,0.0856,346.49515,0.00726,346.49515,0.02728,346.50974,0.02155,346.50974,0.06975
346.00558,0.06528,346.00558,0.176,345.98892,0.00724,345.98892,0.02768,346.00375,0.02415,346.00375,0.07826,346.00558,0.03203,346.00558,0.08901,345.98892,0.00714,345.98892,0.02862,346.00375,0.02186,346.00375,0.0716
345.49942,0.06528,345.49942,0.18302,345.48267,0.00736,345.48267,0.02903,345.49774,0.02418,345.49774,0.08034,345.49942,0.03175,345.49942,0.09211,345.48267,0.00774,345.48267,0.03016,345.49774,0.02187,345.49774,0.07408
344.99323,0.06528,344.99323,0.1894,345.01526,0.00744,345.01526,0.0306,344.9917,0.02452,344.9917,0.08312,344.99323,0.0319,344.99323,0.0964,345.01526,0.00733,345.01526,0.03158,344.9917,0.02152,344.9917,0.07609
344.487,0.06528,344.487,0.1982,344.50891,0.00786,344.50891,0.03204,344.4856,0.02453,344.4856,0.08537,344.487,0.03152,344.487,0.09922,344.50891,0.00785,344.50891,0.03394,344.4856,0.02204,344.4856,0.07893
343.98074,0.06558,343.98074,0.204,344.00253,0.00796,344.00253,0.03444,344.0184,0.02443,344.0184,0.08856,343.98074,0.03205,343.98074,0.10459,344.00253,0.00828,344.00253,0.03529,344.0184,0.02189,344.0184,0.0832
343.5134,0.0659,343.5134,0.21506,343.49612,0.0084,343.49612,0.03581,343.51221,0.02449,343.51221,0.09335,343.5134,0.03216,343.5134,0.10729,343.49612,0.00831,343.49612,0.03836,343.51221,0.02198,343.51221,0.08364
343.00708,0.06612,343.00708,0.2206,342.98965,0.00843,342.98965,0.03892,343.00601,0.02443,343.00601,0.09384,343.00708,0.03307,343.00708,0.1127,342.98965,0.00836,342.98965,0.04075,343.00601,0.02178,343.00601,0.08693
342.50073,0.06627,342.50073,0.23173,342.48318,0.00848,342.48318,0.04135,342.49982,0.02443,342.49982,0.09754,342.50073,0.03247,342.50073,0.11939,342.48318,0.00876,342.48318,0.04349,342.49982,0.02183,342.49982,0.09139
341.99432,0.06676,341.99432,0.24548,342.01566,0.00881,342.01566,0.04412,341.9935,0.02443,341.9935,0.10254,341.99432,0.03223,341.99432,0.12482,342.01566,0.00868,342.01566,0.04674,341.9935,0.02168,341.9935,0.09491
341.48788,0.06676,341.48788,0.25665,341.50909,0.00889,341.50909,0.04743,341.48721,0.02449,341.48721,0.10649,341.48788,0.03265,341.48788,0.13258,341.50909,0.00921,341.50909,0.05086,341.48721,0.02214,341.48721,0.10139
340.98141,0.06681,340.98141,0.27261,341.0025,0.00934,341.0025,0.0516,340.9809,0.02459,340.9809,0.11376,340.98141,0.03249,340.98141,0.13958,341.0025,0.00996,341.0025,0.05596,340.9809,0.02237,340.9809,0.10674
340.51389,0.06713,340.51389,0.287,340.49588,0.0101,340.49588,0.05678,340.51346,0.02485,340.51346,0.11976,340.51389,0.03329,340.51389,0.147,340.49588,0.01005,340.49588,0.06033,340.51346,0.02224,340.51346,0.11449
340.00739,0.06844,340.00739,0.30225,339.98923,0.0102,339.98923,0.06121,340.00708,0.02495,340.00708,0.12846,340.00739,0.03346,340.00739,0.15715,339.98923,0.01025,339.98923,0.06705,340.00708,0.02191,340.00708,0.12069
339.50082,0.06879,339.50082,0.32313,339.48254,0.0104,339.48254,0.06803,339.50064,0.02495,339.50064,0.13541,339.50082,0.03381,339.50082,0.16648,339.48254,0.01063,339.48254,0.07393,339.50064,0.02235,339.50064,0.12675
338.9942,0.06952,338.9942,0.3423,339.01477,0.01074,339.01477,0.07501,338.99411,0.02507,338.99411,0.14221,338.9942,0.03392,338.9942,0.17484,339.01477,0.01086,339.01477,0.07862,338.99411,0.0227,338.99411,0.13679
338.48758,0.06975,338.48758,0.3595,338.508,0.01078,338.508,0.07977,338.48764,0.02538,338.48764,0.15348,338.48758,0.03431,338.48758,0.18455,338.508,0.01059,338.508,0.08807,338.48764,0.02262,338.48764,0.14393
337.98093,0.07054,337.98093,0.37946,338.00122,0.01102,338.00122,0.08936,337.98111,0.02547,337.98111,0.16149,337.98093,0.03473,337.98093,0.19281,338.00122,0.01101,338.00122,0.1001,337.98111,0.02277,337.98111,0.15429
337.51315,0.0714,337.51315,0.39644,337.49438,0.01117,337.49438,0.10156,337.51349,0.02554,337.51349,0.17311,337.51315,0.03513,337.51315,0.20452,337.49438,0.01166,337.49438,0.12269,337.51349,0.02318,337.51349,0.16551
337.00644,0.0722,337.00644,0.42053,336.98755,0.01184,336.98755,0.12449,337.0069,0.02601,337.0069,0.1857,337.00644,0.03511,337.00644,0.21431,336.98755,0.01191,336.98755,0.14376,337.0069,0.02352,337.0069,0.17564
336.49966,0.07224,336.49966,0.44066,336.48062,0.01208,336.48062,0.14586,336.50024,0.02639,336.50024,0.19707,336.49966,0.03516,336.49966,0.22537,336.48062,0.01662,336.48062,0.14865,336.50024,0.02375,336.50024,0.19237
335.99286,0.0723,335.99286,0.46338,336.01273,0.01329,336.01273,0.14948,335.99359,0.02665,335.99359,0.21584,335.99286,0.03625,335.99286,0.23719,336.01273,0.02479,336.01273,0.14732,335.99359,0.0242,335.99359,0.2042
335.48602,0.07453,335.48602,0.48769,335.50574,0.01344,335.50574,0.15077,335.48688,0.02716,335.48688,0.22911,335.48602,0.03816,335.48602,0.24617,335.50574,0.01685,335.50574,0.1486,335.48688,0.0248,335.48688,0.22286
335.01813,0.0754,335.01813,0.50616,334.99875,0.01344,334.99875,0.15077,335.01907,0.02756,335.01907,0.25005,335.01813,0.03667,335.01813,0.25631,334.99875,0.0131,334.99875,0.16638,335.01907,0.02456,335.01907,0.23641
334.51123,0.07657,334.51123,0.52701,334.4917,0.01344,334.4917,0.16881,334.5123,0.02783,334.5123,0.26525,334.51123,0.03724,334.51123,0.26622,334.4917,0.01324,334.4917,0.1797,334.5123,0.02531,334.5123,0.25311
334.0043,0.07657,334.0043,0.54738,333.98465,0.01344,333.98465,0.18233,334.00552,0.0284,334.00552,0.284,334.0043,0.03761,334.0043,0.27502,333.98465,0.01374,333.98465,0.19551,334.00552,0.02567,334.00552,0.27188
333.49735,0.07732,333.49735,0.56547,333.51657,0.01394,333.51657,0.19837,333.49866,0.0288,333.49866,0.30505,333.49735,0.03813,333.49735,0.28314,333.51657,0.01437,333.51657,0.21368,333.49866,0.02574,333.49866,0.28791
332.9903,0.0783,332.9903,0.58217,333.00943,0.01458,333.00943,0.2168,332.99176,0.02888,332.99176,0.32303,332.9903,0.03808,332.9903,0.28949,333.00943,0.01458,333.00943,0.22812,332.99176,0.02593,332.99176,0.30475
332.48331,0.07841,332.48331,0.59524,332.50226,0.0148,332.50226,0.23146,332.48486,0.02909,332.48486,0.34193,332.48331,0.0383,332.48331,0.29796,332.50226,0.01531,332.50226,0.24821,332.48486,0.0263,332.48486,0.32585
332.0152,0.07876,332.0152,0.61265,331.99506,0.01553,331.99506,0.25184,332.01694,0.02951,332.01694,0.36561,332.0152,0.03915,332.0152,0.30454,331.99506,0.01671,331.99506,0.26883,332.01694,0.02644,332.01694,0.34451
331.50809,0.0805,331.50809,0.62617,331.48785,0.01687,331.48785,0.27276,331.50998,0.02966,331.50998,0.38655,331.50809,0.03975,331.50809,0.31259,331.48785,0.01667,331.48785,0.28837,331.50998,0.02714,331.50998,0.36639
331.00095,0.08169,331.00095,0.64273,330.98056,0.01691,330.98056,0.29259,331.00296,0.03046,331.00296,0.4111,331.00095,0.04048,331.00095,0.32032,330.98056,0.01663,330.98056,0.31576,331.00296,0.02752,331.00296,0.37974
330.49377,0.08174,330.49377,0.65861,330.51233,0.01691,330.51233,0.32038,330.49591,0.03079,330.49591,0.42607,330.49377,0.03973,330.49377,0.32677,330.51233,0.01717,330.51233,0.33751,330.49591,0.02744,330.49591,0.40889
329.9866,0.08322,329.9866,0.67189,330.00497,0.01742,330.00497,0.34245,329.98883,0.03088,329.98883,0.45877,329.9866,0.04088,329.9866,0.33554,330.00497,0.01796,330.00497,0.36471,329.98883,0.0282,329.98883,0.43204
329.51837,0.08406,329.51837,0.68992,329.49759,0.01822,329.49759,0.37005,329.48172,0.03111,329.48172,0.48475,329.51837,0.04101,329.51837,0.34018,329.49759,0.01823,329.49759,0.39423,329.48172,0.02773,329.48172,0.45159
329.01111,0.08433,329.01111,0.69945,328.99023,0.01849,328.99023,0.39999,329.01355,0.03164,329.01355,0.50669,329.01111,0.04132,329.01111,0.34718,328.99023,0.01845,328.99023,0.41316,329.01355,0.02851,329.01355,0.47349
328.50378,0.08496,328.50378,0.71386,328.48282,0.01872,328.48282,0.4192,328.50641,0.03199,328.50641,0.53126,328.50378,0.04236,328.50378,0.35512,328.48282,0.01944,328.48282,0.44899,328.50641,0.02884,328.50641,0.49168
327.99646,0.0871,327.99646,0.73017,328.01434,0.01972,328.01434,0.45555,327.99918,0.03236,327.99918,0.55167,327.99646,0.04275,327.99646,0.36099,328.01434,0.01985,328.01434,0.46622,327.99918,0.02937,327.99918,0.51522
327.48907,0.08791,327.48907,0.74225,327.50687,0.02014,327.50687,0.47304,327.49194,0.03295,327.49194,0.57808,327.48907,0.04396,327.48907,0.37148,327.50687,0.0202,327.50687,0.49712,327.49194,0.02973,327.49194,0.53845
326.98169,0.09039,326.98169,0.76381,326.9993,0.0205,326.9993,0.50438,326.98465,0.03335,326.98465,0.60415,326.98169,0.04442,326.98169,0.37697,326.9993,0.02071,326.9993,0.52237,326.98465,0.03002,326.98465,0.55667
326.51324,0.09133,326.51324,0.77511,326.49176,0.02102,326.49176,0.53001,326.51639,0.03368,326.51639,0.62459,326.51324,0.04485,326.51324,0.38495,326.49176,0.02144,326.49176,0.54293,326.51639,0.03022,326.51639,0.5766
326.0058,0.09222,326.0058,0.79151,325.98419,0.02176,325.98419,0.55087,326.00906,0.03391,326.00906,0.64695,326.0058,0.04553,326.0058,0.3921,325.98419,0.02171,325.98419,0.57457,326.00906,0.03048,326.00906,0.59102
325.49832,0.09362,325.49832,0.8062,325.51559,0.02203,325.51559,0.58297,325.50168,0.03419,325.50168,0.66312,325.49832,0.04608,325.49832,0.40031,325.51559,0.02227,325.51559,0.59443,325.50168,0.03089,325.50168,0.60933
324.99075,0.09475,324.99075,0.8231,325.00797,0.0226,325.00797,0.60312,324.99426,0.03466,324.99426,0.68367,324.99075,0.04779,324.99075,0.4121,325.00797,0.02279,325.00797,0.62251,324.99426,0.03122,324.99426,0.62896
324.48318,0.09823,324.48318,0.84732,324.50027,0.02313,324.50027,0.63161,324.48682,0.03503,324.48682,0.7057,324.48318,0.0478,324.48318,0.41696,324.50027,0.02299,324.50027,0.63955,324.48682,0.03165,324.48682,0.64005
324.01465,0.09826,324.01465,0.85733,323.99252,0.02328,323.99252,0.6489,324.0184,0.03551,324.0184,0.71814,324.01465,0.04796,324.01465,0.423,323.99252,0.02294,323.99252,0.65401,324.0184,0.032,324.0184,0.65282
323.50702,0.09828,323.50702,0.86974,323.48477,0.02332,323.48477,0.66357,323.51089,0.03564,323.51089,0.73247,323.50702,0.04777,323.50702,0.42936,323.48477,0.02391,323.48477,0.67766,323.51089,0.03177,323.51089,0.66501
322.99939,0.09861,322.99939,0.88281,323.01602,0.02426,323.01602,0.68757,323.00336,0.0359,323.00336,0.74614,322.99939,0.04854,322.99939,0.43645,323.01602,0.02434,323.01602,0.69021,323.00336,0.03237,323.00336,0.67952
322.4917,0.09981,322.4917,0.89741,322.50821,0.0247,322.50821,0.70031,322.49579,0.036,322.49579,0.76243,322.4917,0.0495,322.4917,0.44509,322.50821,0.02471,322.50821,0.70954,322.49579,0.03209,322.49579,0.69441
321.98395,0.10177,321.98395,0.91516,322.0004,0.02507,322.0004,0.71992,321.98819,0.03632,321.98819,0.77914,321.98395,0.04983,321.98395,0.45072,322.0004,0.02526,322.0004,0.72824,321.98819,0.03258,321.98819,0.70648
321.51523,0.10245,321.51523,0.92673,321.49249,0.02563,321.49249,0.73888,321.48056,0.03656,321.48056,0.79267,321.51523,0.05058,321.51523,0.45671,321.49249,0.02576,321.49249,0.74513,321.48056,0.03291,321.48056,0.72187
321.00745,0.104,321.00745,0.93905,320.98456,0.02614,320.98456,0.75602,321.01193,0.03693,321.01193,0.80994,321.00745,0.0515,321.00745,0.46406,320.98456,0.02585,320.98456,0.7652,321.01193,0.03317,321.01193,0.73396
320.4996,0.1059,320.4996,0.95418,320.51566,0.02623,320.51566,0.77639,320.50424,0.03722,320.50424,0.8235,320.4996,0.05214,320.4996,0.46815,320.51566,0.02631,320.51566,0.77812,320.50424,0.03417,320.50424,0.74809
319.99176,0.10721,319.99176,0.96258,320.00772,0.0267,320.00772,0.7895,319.99652,0.03826,319.99652,0.83936,319.99176,0.05272,319.99176,0.47451,320.00772,0.02667,320.00772,0.79616,319.99652,0.03412,319.99652,0.76127
319.48389,0.1084,319.48389,0.97566,319.49969,0.02706,319.49969,0.8078,319.48874,0.03828,319.48874,0.85415,319.48389,0.05286,319.48389,0.4769,319.49969,0.02708,319.49969,0.80956,319.48874,0.0341,319.48874,0.76961
319.01505,0.10869,319.01505,0.98057,318.99167,0.02723,318.99167,0.82139,318.98096,0.03828,318.98096,0.8635,319.01505,0.0529,319.01505,0.47943,318.99167,0.02683,318.99167,0.82451,318.98096,0.03446,318.98096,0.78195
318.50708,0.10877,318.50708,0.98577,318.48355,0.02748,318.48355,0.83657,318.51218,0.03867,318.51218,0.87735,318.50708,0.05345,318.50708,0.48229,318.48355,0.02734,318.48355,0.85688,318.51218,0.03451,318.51218,0.79093
317.99908,0.10989,317.99908,0.99166,318.01456,0.02774,318.01456,0.86941,318.00433,0.03872,318.00433,0.88743,317.99908,0.05424,317.99908,0.48408,318.01456,0.02768,318.01456,0.86025,318.00433,0.03497,318.00433,0.80284
317.49106,0.11153,317.49106,0.99533,317.50638,0.02809,317.50638,0.87283,317.49643,0.03924,317.49643,0.90079,317.49106,0.05433,317.49106,0.48527,317.50638,0.02892,317.50638,0.86782,317.49643,0.03512,317.49643,0.81588
316.98303,0.11171,316.98303,0.99778,316.99823,0.02935,316.99823,0.88051,316.98849,0.0394,316.98849,0.91543,316.98303,0.05505,316.98303,0.48635,316.99823,0.0299,316.99823,0.88044,316.98849,0.03547,316.98849,0.82893
316.51401,0.11319,316.51401,1.00001,316.49002,0.02956,316.49002,0.89332,316.48056,0.0398,316.48056,0.93007,316.51401,0.05533,316.51401,0.48734,316.49002,0.02993,316.49002,0.89917,316.48056,0.03574,316.48056,0.841
316.00589,0.11376,316.00589,1.00001,315.98178,0.03006,315.98178,0.91231,316.01166,0.0401,316.01166,0.94361,316.00589,0.0562,316.00589,0.48707,315.98178,0.02983,315.98178,0.91645,316.01166,0.03636,316.01166,0.84775
315.49774,0.11441,315.49774,0.99884,315.51263,0.03006,315.51263,0.92985,315.50363,0.0408,315.50363,0.95118,315.49774,0.05591,315.49774,0.4869,315.51263,0.02914,315.51263,0.92319,315.50363,0.03723,315.50363,0.86013
314.98956,0.11497,314.98956,0.99861,315.0043,0.03006,315.0043,0.93669,314.99561,0.04118,314.99561,0.96507,314.98956,0.0561,314.98956,0.48579,315.0043,0.02963,315.0043,0.93696,314.99561,0.03676,314.99561,0.86583
314.48135,0.11497,314.48135,0.99691,314.49597,0.03006,314.49597,0.95066,314.48752,0.04125,314.48752,0.97147,314.48135,0.05564,314.48135,0.48568,314.49597,0.03274,314.49597,0.94792,314.48752,0.0367,314.48752,0.87133
314.01224,0.11534,314.01224,0.99458,313.98761,0.03066,313.98761,0.96178,314.01846,0.04125,314.01846,0.97764,314.01224,0.05618,314.01224,0.48485,313.98761,0.03319,313.98761,0.95595,314.01846,0.03694,314.01846,0.87822
313.50397,0.11534,313.50397,0.99381,313.51834,0.03077,313.51834,0.96993,313.51035,0.04144,313.51035,0.98537,313.50397,0.0561,313.50397,0.48371,313.51834,0.03065,313.51834,0.96643,313.51035,0.03696,313.51035,0.88216
312.99567,0.11552,312.99567,0.98942,313.00992,0.03066,313.00992,0.98056,313.00217,0.04147,313.00217,0.98979,312.99567,0.05658,312.99567,0.48334,313.00992,0.03022,313.00992,0.97207,313.00217,0.03726,313.00217,0.88661
312.48734,0.11633,312.48734,0.98778,312.50146,0.03066,312.50146,0.98629,312.49396,0.04181,312.49396,0.99478,312.48734,0.05689,312.48734,0.4812,312.50146,0.03032,312.50146,0.9824,312.49396,0.03754,312.49396,0.88907
312.01807,0.11633,312.01807,0.98486,311.99295,0.03066,311.99295,0.99676,311.98572,0.04212,311.98572,0.99754,312.01807,0.05666,312.01807,0.48041,311.99295,0.03008,311.99295,0.98559,311.98572,0.0377,311.98572,0.89126
311.50964,0.1165,311.50964,0.98041,311.48444,0.03069,311.48444,1,311.51657,0.0423,311.51657,1,311.50964,0.05687,311.50964,0.47899,311.48444,0.03025,311.48444,0.99079,311.51657,0.0379,311.51657,0.89288
311.00125,0.11615,311.00125,0.97538,311.01498,0.03069,311.01498,1.00527,311.00827,0.04251,311.00827,1,311.00125,0.05649,311.00125,0.47682,311.01498,0.03058,311.01498,0.99456,311.00827,0.03789,311.00827,0.89344
310.4928,0.11606,310.4928,0.97005,310.50644,0.03092,310.50644,1.0091,310.49997,0.04253,310.49997,0.99952,310.4928,0.05668,310.4928,0.47438,310.50644,0.03048,310.50644,0.99849,310.49997,0.03833,310.49997,0.89316
309.98428,0.11606,309.98428,0.9664,309.99783,0.03102,309.99783,1.01309,309.99155,0.04261,309.99155,0.99821,309.98428,0.0564,309.98428,0.47178,309.99783,0.03068,309.99783,1.00033,309.99155,0.03797,309.99155,0.89083
309.51492,0.11596,309.51492,0.96243,309.48914,0.03112,309.48914,1.01309,309.48318,0.043,309.48318,0.99562,309.51492,0.05645,309.51492,0.47001,309.48914,0.03072,309.48914,1.00157,309.48318,0.03835,309.48318,0.88966
309.00635,0.11571,309.00635,0.95642,308.9805,0.03113,308.9805,1.01294,309.01385,0.04303,309.01385,0.99202,309.00635,0.05654,309.00635,0.46808,308.9805,0.03091,308.9805,1.00041,309.01385,0.03902,309.01385,0.88735
308.49777,0.11557,308.49777,0.95044,308.51093,0.03117,308.51093,1.01232,308.5054,0.04328,308.5054,0.99007,308.49777,0.05627,308.49777,0.46515,308.51093,0.03067,308.51093,0.99774,308.5054,0.03858,308.5054,0.88414
307.98914,0.11557,307.98914,0.94287,308.0022,0.03132,308.0022,1.00919,307.99692,0.04378,307.99692,0.98328,307.98914,0.05566,307.98914,0.46225,308.0022,0.03094,308.0022,0.99835,307.99692,0.03934,307.99692,0.88241
307.4805,0.11557,307.4805,0.9346,307.49344,0.03132,307.49344,1.00693,307.48837,0.04381,307.48837,0.97786,307.4805,0.05621,307.4805,0.45856,307.49344,0.03087,307.49344,0.99465,307.48837,0.03929,307.48837,0.87636
307.01096,0.11557,307.01096,0.92738,306.98465,0.03135,306.98465,1.00352,307.01898,0.04409,307.01898,0.97316,307.01096,0.05629,307.01096,0.45455,306.98465,0.03111,306.98465,0.99242,307.01898,0.03905,307.01898,0.87153
306.50226,0.11567,306.50226,0.91956,306.51492,0.03135,306.51492,0.99695,306.51041,0.04409,306.51041,0.96931,306.50226,0.05655,306.50226,0.45103,306.51492,0.0309,306.51492,0.98906,306.51041,0.03954,306.51041,0.86734
305.9935,0.11575,305.9935,0.91331,306.00607,0.03135,306.00607,0.99296,306.00177,0.04436,306.00177,0.95996,305.9935,0.05626,305.9935,0.44723,306.00607,0.03089,306.00607,0.98258,306.00177,0.03963,306.00177,0.86391
305.48474,0.11627,305.48474,0.90284,305.49716,0.03135,305.49716,0.9862,305.49316,0.04436,305.49316,0.95678,305.48474,0.05668,305.48474,0.44419,305.49716,0.03107,305.49716,0.97865,305.49316,0.03967,305.49316,0.85558
305.01508,0.11653,305.01508,0.89546,304.98825,0.03153,304.98825,0.98078,304.9845,0.04447,304.9845,0.95095,305.01508,0.05667,305.01508,0.4391,304.98825,0.03153,304.98825,0.97199,304.9845,0.03984,304.9845,0.85274
304.50626,0.11654,304.50626,0.8858,304.51846,0.03155,304.51846,0.97744,304.51489,0.0445,304.51489,0.94407,304.50626,0.0628,304.50626,0.43551,304.51846,0.03113,304.51846,0.96665,304.51489,0.03929,304.51489,0.84754
303.99741,0.1169,303.99741,0.87579,304.00949,0.03158,304.00949,0.96854,304.0062,0.0445,304.0062,0.93658,303.99741,0.05788,303.99741,0.43081,304.00949,0.03126,304.00949,0.96336,304.0062,0.03966,304.0062,0.84141
303.48853,0.11725,303.48853,0.8682,303.50046,0.03158,303.50046,0.96162,303.49741,0.0445,303.49741,0.92836,303.48853,0.05685,303.48853,0.42594,303.50046,0.0311,303.50046,0.95458,303.49741,0.03975,303.49741,0.83474
303.01874,0.1169,303.01874,0.85552,302.99146,0.03155,302.99146,0.95609,302.98862,0.0446,302.98862,0.92076,303.01874,0.05707,303.01874,0.42225,302.99146,0.03125,302.99146,0.94776,302.98862,0.04056,302.98862,0.82741
302.5098,0.11675,302.5098,0.84618,302.48236,0.03155,302.48236,0.94649,302.51895,0.04548,302.51895,0.91266,302.5098,0.05703,302.5098,0.41608,302.48236,0.03123,302.48236,0.94231,302.51895,0.04083,302.51895,0.82064
302.00079,0.11675,302.00079,0.83292,302.01245,0.03154,302.01245,0.9375,302.0101,0.04551,302.0101,0.90358,302.00079,0.05651,302.00079,0.41154,302.01245,0.03108,302.01245,0.93285,302.0101,0.04053,302.0101,0.81342
301.49179,0.1166,301.49179,0.82237,301.50327,0.03151,301.50327,0.92718,301.50122,0.04553,301.50122,0.89496,301.49179,0.05678,301.49179,0.40509,301.50327,0.03109,301.50327,0.92399,301.50122,0.04074,301.50122,0.80532
300.98276,0.1166,300.98276,0.81375,300.99411,0.03138,300.99411,0.91862,300.99228,0.04553,300.99228,0.88106,300.98276,0.05741,300.98276,0.39996,300.99411,0.03106,300.99411,0.91382,300.99228,0.04058,300.99228,0.79764
300.51288,0.1166,300.51288,0.79891,300.48492,0.03138,300.48492,0.91006,300.48337,0.04571,300.48337,0.87568,300.51288,0.05671,300.51288,0.39577,300.48492,0.03093,300.48492,0.90538,300.48337,0.04133,300.48337,0.78525
300.00378,0.11498,300.00378,0.78621,300.01489,0.03138,300.01489,0.90515,300.01352,0.04637,300.01352,0.86169,300.00378,0.05677,300.00378,0.38855,300.01489,0.03088,300.01489,0.89695,300.01352,0.04163,300.01352,0.78045
299.49463,0.1132,299.49463,0.77563,299.50565,0.03133,299.50565,0.89355,299.50452,0.04653,299.50452,0.84989,299.49463,0.05592,299.49463,0.38237,299.50565,0.03098,299.50565,0.89211,299.50452,0.04147,299.50452,0.76799
298.98547,0.1127,298.98547,0.76189,298.99634,0.03133,298.99634,0.88016,298.99551,0.04671,298.99551,0.83881,298.98547,0.05506,298.98547,0.37723,298.99634,0.03094,298.99634,0.88068,298.99551,0.04182,298.99551,0.75747
298.51544,0.11085,298.51544,0.7517,298.48703,0.03139,298.48703,0.8693,298.48642,0.04687,298.48642,0.82793,298.51544,0.05481,298.51544,0.37055,298.48703,0.03085,298.48703,0.86748,298.48642,0.04178,298.48642,0.74759
298.00623,0.10923,298.00623,0.73631,298.01685,0.03139,298.01685,0.85094,298.01651,0.04692,298.01651,0.81558,298.00623,0.05391,298.00623,0.36559,298.01685,0.03109,298.01685,0.85677,298.01651,0.04214,298.01651,0.7379
297.49698,0.10782,297.49698,0.72483,297.50748,0.03134,297.50748,0.83596,297.50739,0.04728,297.50739,0.8043,297.49698,0.05313,297.49698,0.3581,297.50748,0.03196,297.50748,0.83867,297.50739,0.04256,297.50739,0.72689
296.9877,0.10392,296.9877,0.71336,296.99808,0.03134,296.99808,0.82367,296.99823,0.0475,296.99823,0.7914,296.9877,0.05244,296.9877,0.35252,296.99808,0.03259,296.99808,0.82391,296.99823,0.04234,296.99823,0.71684
296.51758,0.10114,296.51758,0.69711,296.48865,0.03134,296.48865,0.81228,296.48907,0.04775,296.48907,0.78219,296.51758,0.05054,296.51758,0.34694,296.48865,0.03089,296.48865,0.8118,296.48907,0.04419,296.48907,0.70534
296.00827,0.10013,296.00827,0.68476,296.01837,0.03134,296.01837,0.79967,296.01901,0.04888,296.01901,0.76411,296.00827,0.04919,296.00827,0.33904,296.01837,0.03053,296.01837,0.80058,296.01901,0.04382,296.01901,0.69713
295.49887,0.09739,295.49887,0.66826,295.50891,0.03134,295.50891,0.78489,295.50977,0.04888,295.50977,0.75051,295.49887,0.0487,295.49887,0.33303,295.50891,0.03092,295.50891,0.78815,295.50977,0.04402,295.50977,0.68102
294.98947,0.09739,294.98947,0.65648,294.99939,0.03138,294.99939,0.76894,295.00049,0.04888,295.00049,0.73909,294.98947,0.04737,294.98947,0.32501,294.99939,0.03173,294.99939,0.77358,295.00049,0.04356,295.00049,0.6689
294.51923,0.09355,294.51923,0.64625,294.48984,0.03145,294.48984,0.7585,294.49118,0.04888,294.49118,0.72624,294.51923,0.0455,294.51923,0.31928,294.48984,0.03307,294.48984,0.75786,294.49118,0.04302,294.49118,0.65872
294.00977,0.08701,294.00977,0.62939,294.01944,0.03145,294.01944,0.74446,293.98184,0.04888,293.98184,0.71522,294.00977,0.05708,294.00977,0.3143,294.01944,0.03155,294.01944,0.74757,293.98184,0.04368,293.98184,0.64727
293.50027,0.08547,293.50027,0.61929,293.50983,0.03145,293.50983,0.73353,293.51172,0.049,293.51172,0.70214,293.50027,0.04232,293.50027,0.3061,293.50983,0.031,293.50983,0.73373,293.51172,0.04379,293.51172,0.63745
292.99075,0.08097,292.99075,0.60315,293.00018,0.03145,293.00018,0.71732,293.00229,0.04914,293.00229,0.68948,292.99075,0.04157,292.99075,0.30119,293.00018,0.03093,293.00018,0.72296,293.00229,0.04436,293.00229,0.62579
292.4812,0.07878,292.4812,0.59092,292.49051,0.03145,292.49051,0.70235,292.49289,0.04977,292.49289,0.67678,292.4812,0.03938,292.4812,0.29334,292.49051,0.03129,292.49051,0.70699,292.49289,0.04465,292.49289,0.61451
292.01083,0.07641,292.01083,0.57967,291.9808,0.03159,291.9808,0.69109,291.98343,0.04977,291.98343,0.66496,292.01083,0.03831,292.01083,0.28739,291.9808,0.03123,291.9808,0.69222,291.98343,0.04443,291.98343,0.60319
291.50125,0.07212,291.50125,0.56497,291.51031,0.03159,291.51031,0.67907,291.51312,0.04985,291.51312,0.65651,291.50125,0.03716,291.50125,0.28192,291.51031,0.03113,291.51031,0.68113,291.51312,0.04492,291.51312,0.59265
290.99161,0.07075,290.99161,0.55621,291.00055,0.03159,291.00055,0.66875,291.00366,0.04985,291.00366,0.64259,290.99161,0.03508,290.99161,0.27478,291.00055,0.03119,291.00055,0.66928,291.00366,0.0443,291.00366,0.58512
290.48196,0.06977,290.48196,0.54622,290.49078,0.03159,290.49078,0.6513,290.49408,0.04995,290.49408,0.63225,290.48196,0.03441,290.48196,0.27051,290.49078,0.03097,290.49078,0.65911,290.49408,0.04494,290.49408,0.57271
290.01147,0.06801,290.01147,0.53444,289.98096,0.03165,289.98096,0.63733,289.98453,0.04995,289.98453,0.62249,290.01147,0.03393,290.01147,0.26565,289.98096,0.03126,289.98096,0.64191,289.98453,0.04493,289.98453,0.5635
289.50177,0.06705,289.50177,0.52442,289.51035,0.03172,289.51035,0.62812,289.51416,0.05041,289.51416,0.61159,289.50177,0.03308,289.50177,0.25993,289.51035,0.03135,289.51035,0.62814,289.51416,0.04451,289.51416,0.5548
288.99197,0.06705,288.99197,0.51338,289.00046,0.03181,289.00046,0.61396,289.00455,0.05041,289.00455,0.59997,288.99197,0.03261,288.99197,0.25505,289.00046,0.03286,289.00046,0.61907,289.00455,0.04519,289.00455,0.54509
288.48221,0.06638,288.48221,0.50729,288.49054,0.03334,288.49054,0.60343,288.49487,0.05071,288.49487,0.58849,288.48221,0.03228,288.48221,0.24968,288.49054,0.03427,288.49054,0.60512,288.49487,0.04534,288.49487,0.53473
288.0116,0.06494,288.0116,0.49719,287.98065,0.03478,287.98065,0.59168,287.98523,0.05087,287.98523,0.57797,288.0116,0.03286,288.0116,0.24672,287.98065,0.03614,287.98065,0.59473,287.98523,0.04615,287.98523,0.5245
287.5018,0.0639,287.5018,0.48976,287.50992,0.03667,287.50992,0.57996,287.51471,0.05178,287.51471,0.56893,287.5018,0.03108,287.5018,0.24181,287.50992,0.03653,287.50992,0.58316,287.51471,0.04709,287.51471,0.51512
286.99197,0.0639,286.99197,0.4804,286.99991,0.03706,286.99991,0.56837,287.00497,0.05252,287.00497,0.55882,286.99197,0.03158,286.99197,0.23819,286.99991,0.03688,286.99991,0.57161,287.00497,0.04681,287.00497,0.50706
286.48203,0.0639,286.48203,0.47708,286.4899,0.03706,286.4899,0.55659,286.49521,0.05284,286.49521,0.55034,286.48203,0.0306,286.48203,0.23364,286.4899,0.03751,286.4899,0.56018,286.49521,0.04771,286.49521,0.49806
286.01135,0.06494,286.01135,0.47197,286.0191,0.03665,286.0191,0.54894,285.98538,0.05305,285.98538,0.54076,286.01135,0.03254,286.01135,0.23203,286.0191,0.03719,286.0191,0.54857,285.98538,0.04728,285.98538,0.49049
285.50137,0.06513,285.50137,0.46129,285.50903,0.03471,285.50903,0.53698,285.5148,0.0535,285.5148,0.53083,285.50137,0.03221,285.50137,0.22954,285.50903,0.03612,285.50903,0.54103,285.5148,0.04768,285.5148,0.48196
284.99142,0.06622,284.99142,0.45524,284.99893,0.03377,284.99893,0.52417,285.00494,0.0535,285.00494,0.52271,284.99142,0.03282,284.99142,0.22435,284.99893,0.03421,284.99893,0.52924,285.00494,0.04886,285.00494,0.47311
284.48141,0.06622,284.48141,0.45013,284.48877,0.03323,284.48877,0.51793,284.49509,0.05392,284.49509,0.51256,284.48141,0.03168,284.48141,0.22141,284.48877,0.03276,284.48877,0.51662,284.49509,0.04805,284.49509,0.46587
284.01059,0.06749,284.01059,0.44821,284.01791,0.03323,284.01791,0.50473,283.98517,0.05483,283.98517,0.50664,284.01059,0.03303,284.01059,0.21892,284.01791,0.03329,284.01791,0.51047,283.98517,0.0489,283.98517,0.45682
283.50055,0.06791,283.50055,0.44043,283.50769,0.03323,283.50769,0.49582,283.51447,0.05486,283.51447,0.49741,283.50055,0.03471,283.50055,0.21799,283.50769,0.03212,283.50769,0.49746,283.51447,0.04943,283.51447,0.45155
282.99051,0.07137,282.99051,0.4358,282.9975,0.03325,282.9975,0.48756,283.00449,0.05546,283.00449,0.49082,282.99051,0.03509,282.99051,0.2142,282.9975,0.03351,282.9975,0.48867,283.00449,0.05072,283.00449,0.44332
282.51959,0.07215,282.51959,0.43044,282.48727,0.03325,282.48727,0.47749,282.49451,0.0569,282.49451,0.48264,282.51959,0.03581,282.51959,0.21195,282.48727,0.03411,282.48727,0.48053,282.49451,0.05136,282.49451,0.43745
282.00943,0.07363,282.00943,0.4266,282.0162,0.03363,282.0162,0.47113,281.98447,0.05763,281.98447,0.47614,282.00943,0.03644,282.00943,0.20934,282.0162,0.03277,282.0162,0.47061,281.98447,0.05169,281.98447,0.43016
281.49927,0.07492,281.49927,0.42184,281.50595,0.03363,281.50595,0.46032,281.51367,0.058,281.51367,0.46854,281.49927,0.03765,281.49927,0.20748,281.50595,0.03314,281.50595,0.46434,281.51367,0.05201,281.51367,0.42437
280.98907,0.07742,280.98907,0.41996,280.99557,0.03363,280.99557,0.45628,281.0036,0.05836,281.0036,0.46059,280.98907,0.03884,280.98907,0.20516,280.99557,0.03329,280.99557,0.45369,281.0036,0.05203,281.0036,0.41759
280.51807,0.07986,280.51807,0.41578,280.48523,0.03378,280.48523,0.45341,280.4935,0.05837,280.4935,0.45333,280.51807,0.03992,280.51807,0.20425,280.48523,0.03372,280.48523,0.44687,280.4935,0.05344,280.4935,0.41051
280.00781,0.08208,280.00781,0.41452,280.01413,0.03422,280.01413,0.4519,279.98337,0.05916,279.98337,0.44729,280.00781,0.04192,280.00781,0.20221,280.01413,0.03412,280.01413,0.44971,279.98337,0.0533,279.98337,0.40403
279.49756,0.0862,279.49756,0.41258,279.50372,0.03424,279.50372,0.43379,279.51245,0.0598,279.51245,0.44122,279.49756,0.04331,279.49756,0.2016,279.50372,0.03375,279.50372,0.44539,279.51245,0.05272,279.51245,0.39865
278.98724,0.08905,278.98724,0.41172,278.99329,0.03462,278.99329,0.42117,279.00223,0.0598,279.00223,0.43519,278.98724,0.04568,278.98724,0.20066,278.99329,0.03532,278.99329,0.42754,279.00223,0.05456,279.00223,0.39324
278.51614,0.09391,278.51614,0.41118,278.48282,0.03584,278.48282,0.41427,278.49203,0.06122,278.49203,0.43002,278.51614,0.0475,278.51614,0.19998,278.48282,0.03625,278.48282,0.4151,278.49203,0.05753,278.49203,0.38786
278.00577,0.09766,278.00577,0.41082,278.0116,0.03656,278.0116,0.40941,277.98178,0.06159,277.98178,0.42556,278.00577,0.04958,278.00577,0.20024,278.0116,0.03603,278.0116,0.4083,277.98178,0.05489,277.98178,0.38326
277.49536,0.10194,277.49536,0.40941,277.50107,0.03678,277.50107,0.40143,277.51077,0.06455,277.51077,0.42069,277.49536,0.05472,277.49536,0.19912,277.50107,0.03815,277.50107,0.40351,277.51077,0.05814,277.51077,0.37929
276.98495,0.11177,276.98495,0.40589,276.99051,0.03781,276.99051,0.39519,277.00046,0.06523,277.00046,0.41549,276.98495,0.05488,276.98495,0.1998,276.99051,0.03761,276.99051,0.39564,277.00046,0.05832,277.00046,0.37494
276.51373,0.11177,276.51373,0.4018,276.51923,0.03816,276.51923,0.39004,276.49017,0.06544,276.49017,0.41049,276.51373,0.05436,276.51373,0.19741,276.51923,0.03727,276.51923,0.38949,276.49017,0.05957,276.49017,0.37031
276.0033,0.11177,276.0033,0.40137,276.00861,0.03816,276.00861,0.38546,276.01904,0.06563,276.01904,0.40504,276.0033,0.05529,276.0033,0.19542,276.00861,0.03916,276.00861,0.38442,276.01904,0.05849,276.01904,0.36585
275.4928,0.11177,275.4928,0.40137,275.49802,0.03973,275.49802,0.37929,275.50867,0.06681,275.50867,0.40179,275.4928,0.05435,275.4928,0.19258,275.49802,0.03937,275.49802,0.37991,275.50867,0.05957,275.50867,0.361
274.98221,0.11369,274.98221,0.40103,274.98734,0.03995,274.98734,0.37391,274.99826,0.06681,274.99826,0.39356,274.98221,0.05961,274.98221,0.19521,274.98734,0.03976,274.98734,0.37383,274.99826,0.06252,274.99826,0.3581
274.51096,0.12256,274.51096,0.40103,274.51593,0.04034,274.51593,0.37107,274.48782,0.06683,274.48782,0.39243,274.51096,0.06372,274.51096,0.19562,274.51593,0.04155,274.51593,0.36852,274.48782,0.05954,274.48782,0.35076
274.00034,0.13102,274.00034,0.40137,274.00522,0.04215,274.00522,0.36524,274.0166,0.07015,274.0166,0.38511,274.00034,0.06552,274.00034,0.19504,274.00522,0.04386,274.00522,0.36572,274.0166,0.06396,274.0166,0.34975
273.48975,0.13472,273.48975,0.40222,273.49445,0.0445,273.49445,0.36054,273.50613,0.07176,273.50613,0.38472,273.48975,0.07385,273.48975,0.19757,273.49445,0.04544,273.49445,0.35997,273.50613,0.06409,273.50613,0.34323
273.01834,0.14839,273.01834,0.40103,272.9837,0.04587,272.9837,0.35817,272.99564,0.07191,272.99564,0.38368,273.01834,0.07217,273.01834,0.19625,272.9837,0.04521,272.9837,0.35534,272.99564,0.06542,272.99564,0.34288
272.50769,0.15122,272.50769,0.40351,272.51221,0.04611,272.51221,0.35258,272.48505,0.0734,272.48505,0.37676,272.50769,0.07355,272.50769,0.19681,272.51221,0.04726,272.51221,0.353,272.48505,0.07006,272.48505,0.34195
271.99704,0.15122,271.99704,0.39799,272.00137,0.04796,272.00137,0.35109,272.01376,0.07399,272.01376,0.37551,271.99704,0.08026,271.99704,0.19137,272.00137,0.05051,272.00137,0.3475,272.01376,0.06645,272.01376,0.33579
271.4863,0.16208,271.4863,0.39799,271.49054,0.05125,271.49054,0.35042,271.50314,0.07424,271.50314,0.37084,271.4863,0.08003,271.4863,0.20159,271.49054,0.05196,271.49054,0.34603,271.50314,0.07001,271.50314,0.33467
271.0148,0.16455,271.0148,0.39799,271.01892,0.05272,271.01892,0.35042,270.99252,0.07424,270.99252,0.36874,271.0148,0.07883,271.0148,0.19356,271.01892,0.05712,271.01892,0.34537,270.99252,0.06594,270.99252,0.33051
270.50406,0.16455,270.50406,0.40352,270.50806,0.05562,270.50806,0.35042,270.48187,0.07399,270.48187,0.36419,270.50406,0.08842,270.50406,0.19625,270.50806,0.05482,270.50806,0.34364,270.48187,0.06616,270.48187,0.32864
269.99319,0.1818,269.99319,0.40352,269.99713,0.05795,269.99713,0.35042,270.0105,0.07399,270.0105,0.35639,269.99319,0.09525,269.99319,0.20297,269.99713,0.05983,269.99713,0.34546,270.0105,0.07189,270.0105,0.32458
269.48239,0.19586,269.48239,0.41732,269.48615,0.06071,269.48615,0.35051,269.49979,0.07424,269.49979,0.35639,269.48239,0.10984,269.48239,0.21034,269.48615,0.07098,269.48615,0.35182,269.49979,0.0616,269.49979,0.3168
269.0108,0.20488,269.0108,0.42398,269.0145,0.07202,269.0145,0.35304,268.98904,0.07758,268.98904,0.35639,269.0108,0.09965,269.0108,0.20691,269.0145,0.074,269.0145,0.3516,268.98904,0.06915,268.98904,0.31764
268.49991,0.21469,268.49991,0.42543,268.50348,0.07508,268.50348,0.35674,268.51755,0.07758,268.51755,0.35639,268.49991,0.10442,268.49991,0.2062,268.50348,0.07751,268.50348,0.34795,268.51755,0.07949,268.51755,0.32624
267.98901,0.21469,267.98901,0.42543,267.99243,0.07865,267.99243,0.35674,268.00677,0.08919,268.00677,0.36065,267.98901,0.10445,267.98901,0.2095,267.99243,0.08068,267.99243,0.35327,268.00677,0.08566,268.00677,0.33781
267.5174,0.21477,267.5174,0.43076,267.48138,0.08186,267.48138,0.35844,267.49594,0.09221,267.49594,0.36604,267.5174,0.11634,267.5174,0.21014,267.48138,0.09218,267.48138,0.35586,267.49594,0.09429,267.49594,0.33783
267.00641,0.23921,267.00641,0.43208,267.00958,0.09353,267.00958,0.36107,266.98511,0.09611,266.98511,0.36065,267.00641,0.11903,267.00641,0.21945,267.00958,0.09237,267.00958,0.36151,266.98511,0.08218,266.98511,0.32143
266.49542,0.24474,266.49542,0.45122,266.49847,0.09353,266.49847,0.36679,266.51355,0.09748,266.51355,0.36065,266.49542,0.12877,266.49542,0.23462,266.49847,0.10138,266.49847,0.3626,266.51355,0.09203,266.51355,0.33121
265.98438,0.26476,265.98438,0.45359,265.98734,0.09372,265.98734,0.3679,266.00266,0.09748,266.00266,0.36065,265.98438,0.14666,265.98438,0.23072,265.98734,0.11099,265.98734,0.38079,266.00266,0.08688,266.00266,0.32025
265.51263,0.30155,265.51263,0.46261,265.5155,0.10287,265.5155,0.38552,265.49173,0.10154,265.49173,0.35932,265.51263,0.15233,265.51263,0.22636,265.5155,0.09164,265.5155,0.37996,265.49173,0.09544,265.49173,0.33702
265.00156,0.30609,265.00156,0.45359,265.0043,0.11261,265.0043,0.38635,264.98077,0.10154,264.98077,0.35932,265.00156,0.15064,265.00156,0.22061,265.0043,0.11455,265.0043,0.3839,264.98077,0.09049,264.98077,0.33499
264.49048,0.30973,264.49048,0.45359,264.49307,0.11622,264.49307,0.38951,264.50912,0.10709,264.50912,0.37587,264.49048,0.14887,264.49048,0.22499,264.49307,0.14445,264.49307,0.42272,264.50912,0.09643,264.50912,0.31504
264.01868,0.30973,264.01868,0.45359,263.98184,0.14304,263.98184,0.4289,263.99808,0.10819,263.99808,0.37587,264.01868,0.15092,264.01868,0.21718,263.98184,0.14098,263.98184,0.45474,263.99808,0.11794,263.99808,0.39441
263.50751,0.3103,263.50751,0.46261,263.50986,0.14656,263.50986,0.46139,263.48706,0.13233,263.48706,0.44253,263.50751,0.17202,263.50751,0.24847,263.50986,0.17478,263.50986,0.49046,263.48706,0.13616,263.48706,0.41673
262.99634,0.35369,262.99634,0.44656,262.99857,0.17733,262.99857,0.48994,263.01535,0.13512,263.01535,0.44389,262.99634,0.20256,262.99634,0.23643,262.99857,0.2075,262.99857,0.50597,263.01535,0.12617,263.01535,0.39562
262.48514,0.35369,262.48514,0.45851,262.48724,0.19833,262.48724,0.49763,262.50424,0.14156,262.50424,0.46757,262.48514,0.18681,262.48514,0.22752,262.48724,0.19547,262.48724,0.51115,262.50424,0.16394,262.50424,0.47484
262.01324,0.38411,262.01324,0.42208,262.01523,0.20913,262.01523,0.51336,261.99316,0.13512,261.99316,0.44389,262.01324,0.18736,262.01324,0.17739,262.01523,0.21604,262.01523,0.48288,261.99316,0.12043,261.99316,0.42101
261.50195,0.27331,261.50195,0.36473,261.50385,0.20913,261.50385,0.51863,261.48203,0.13512,261.48203,0.47238,261.50195,0.12126,261.50195,0.223,261.50385,0.20612,261.50385,0.60264,261.48203,0.2331,261.48203,0.46251
260.99069,0.27331,260.99069,0.36473,260.99243,0.2192,260.99243,0.5691,261.01019,0.10889,261.01019,0.40818,260.99069,0.2124,260.99069,0.20528,260.99243,0.26584,260.99243,0.5609,261.01019,0.09238,261.01019,0.36379
260.51871,0.24933,260.51871,0.40885,260.48099,0.20913,260.48099,0.5691,260.49899,0.10365,260.49899,0.36839,260.51871,0.13293,260.51871,0.14293,260.48099,0.28237,260.48099,0.65181,260.49899,0.21302,260.49899,0.45563
260.00739,0.27331,260.00739,0.40885,260.00888,0.25479,260.00888,0.5691,259.98776,0.10365,259.98776,0.31822,260.00739,0.21282,260.00739,0.19884,260.00888,0.33935,260.00888,0.62443,259.98776,0.09705,259.98776,0.28362
259.496,0.22755,259.496,0.29389,259.49741,0.25479,259.49741,0.45795,259.5159,0.10889,259.5159,0.31822,259.496,0.02712,259.496,0.22371,259.49741,0.11412,259.49741,0.45135,259.5159,0.03162,259.5159,0.32833
258.98465,0.09766,258.98465,0.40885,258.98587,0.25479,258.98587,0.34625,259.00461,0.03548,259.00461,0.28539,258.98465,0.2546,258.98465,0.2146,258.98587,0.25112,258.98587,0.71206,259.00461,0.31483,259.00461,0.25436
258.51257,0.09766,258.51257,0.44124,258.5137,0.11579,258.5137,0.33278,258.49332,-0.14312,258.49332,0.1869,258.51257,0.11067,258.51257,0.01789,258.5137,0.34001,258.5137,0.34126,258.49332,0.16594,258.49332,0.39846
258.00113,0.22755,258.00113,0.44124,258.00217,-0.02144,258.00217,0.33278,257.98203,-0.14312,257.98203,0.14458,258.00113,0.0475,258.00113,0.64284,258.00217,0.28241,258.00217,0.32799,257.98203,-0.19717,257.98203,0.16658
257.48962,0.09766,257.48962,0.03679,257.49057,-0.02144,257.49057,0.16955,257.51001,-0.14312,257.51001,0.05603,257.48962,0.38566,257.48962,0.54891,257.49057,-0.02113,257.49057,0.09702,257.51001,-0.12756,257.51001,0.12886
257.01752,-0.04329,257.01752,0.37428,257.01828,-0.12202,257.01828,0.09844,256.99866,-0.14312,256.99866,0.05603,257.01752,0.4216,257.01752,0.52587,257.01828,-0.12026,257.01828,10,256.99866,-0.05643,256.99866,-0.0048
256.50598,-0.04329,256.50598,0.37428,256.50665,-0.28497,256.50665,0.09734,256.48724,-0.06331,256.48724,0.03097,256.50598,-0.02106,256.50598,-0.14375,256.50665,0.10111,256.50665,0.1671,256.48724,-0.01499,256.48724,0.04994
255.99445,-0.04329,255.99445,0.20352,255.99498,-0.28497,255.99498,0.07911,256.01517,-0.03161,256.01517,0.03097,255.99445,-0.04828,255.99445,0.18203,255.99498,-0.61925,255.99498,-0.15483,256.01517,0.01911,256.01517,0.29151
255.48288,-0.04329,255.48288,0.20352,255.48331,-0.28497,255.48331,0.07911,255.50375,-0.01681,255.50375,0.05603,255.48288,0.35695,255.48288,0.65121,255.48331,-0.28087,255.48331,0.09593,255.50375,-0.02817,255.50375,0.0276
255.01065,0.01731,255.01065,0.37428,255.01094,-0.28497,255.01094,0.02528,254.99226,0.02144,254.99226,0.32708,255.01065,0.15309,255.01065,0.09898,255.01094,-0.22898,255.01094,0.07797,254.99226,0.26302,254.99226,0.38967
254.49904,0.29226,254.49904,0.20352,254.49922,-0.28497,254.49922,0.02528,254.48079,-7.77E-04,254.48079,0.03097,254.49904,0.00842,254.49904,0.47426,254.49922,-0.12514,254.49922,0.11914,254.48079,0.17746,254.48079,0.79982
253.98737,0.29226,253.98737,0.20352,253.98747,-0.28856,253.98747,0.01349,254.00861,-7.77E-04,254.00861,0.0196,253.98737,10,253.98737,10,253.98747,-0.05189,253.98747,0.02491,254.00861,0.06881,254.00861,0.35294
253.51509,0.01731,253.51509,0.25721,253.51501,-0.28856,253.51501,-0.00279,253.49706,-0.0602,253.49706,0.0196,253.51509,0.14214,253.51509,0.03734,253.51501,-0.2844,253.51501,0.0133,253.49706,-6.93E-04,253.49706,0.01747
253.00337,-0.05785,253.00337,0.09148,253.0032,-0.28856,253.0032,-0.00279,252.98549,-0.16831,252.98549,-0.00204,253.00337,0.56539,253.00337,0.45061,253.0032,-0.42323,253.0032,-0.59399,252.98549,-0.15001,252.98549,-0.11937
252.49167,-0.05785,252.49167,0.09148,252.49136,-0.28856,252.49136,-0.00279,252.51324,-0.16831,252.51324,-0.00204,252.49167,-0.15029,252.49167,0.12509,252.49136,0.00337,252.49136,-0.00275,252.51324,-0.05366,252.51324,0.20663
252.01927,-0.30901,252.01927,0.09148,252.01889,-0.12698,252.01889,-0.00279,252.00165,-0.16831,252.00165,-0.00204,252.01927,-0.02814,252.01927,0.04449,252.01889,0.16872,252.01889,0.66327,252.00165,-0.30729,252.00165,-0.00182
251.50749,-0.34652,251.50749,0.09148,251.50699,0.00342,251.50699,0.23942,251.48999,-0.0602,251.48999,0.01429,251.50749,0.25783,251.50749,0.08006,251.50699,0.18873,251.50699,0.23597,251.48999,-0.04023,251.48999,0.29984
250.99573,-0.34652,250.99573,0.09148,250.99507,0.12082,250.99507,0.3247,251.01768,-0.19335,251.01768,-0.00204,250.99573,-0.42626,250.99573,-0.26265,250.99507,-0.12515,250.99507,0.56343,251.01768,0.47054,251.01768,0.55115
250.48393,-0.34652,250.48393,0.11931,250.48314,0.12082,250.48314,0.23942,250.50597,-0.19335,250.50597,-0.4111,250.48393,-0.16853,250.48393,0.08496,250.48314,0.11908,250.48314,10,250.50597,-0.01113,250.50597,0.01274
250.01144,-0.34652,250.01144,0.11931,250.01054,0.12082,250.01054,0.14412,249.99425,-0.4665,249.99425,-0.4111,250.01144,0.03391,250.01144,0.05803,250.01054,0.91527,250.01054,0.32002,249.99425,-0.17233,249.99425,-0.41622
249.49959,-0.2241,249.49959,0.11931,249.49855,0.17447,249.49855,0.00625,249.48251,-0.4665,249.48251,-0.4111,249.49959,0.25416,249.49959,0.2225,249.49855,0.53763,249.49855,-0.00227,249.48251,-0.42556,249.48251,-0.3664
248.98766,-0.07166,248.98766,0.09865,248.98656,0.54549,248.98656,-0.0023,249.01013,-0.4665,249.01013,-0.4111,248.98766,10,248.98766,10,248.98656,0.17196,248.98656,0.14204,249.01013,-0.41577,249.01013,-0.20965
248.51514,-0.07166,248.51514,-0.33625,248.5139,0.54549,248.5139,-0.02286,248.49835,-0.4665,248.49835,-0.2936,248.51514,-0.10899,248.51514,0.04798,248.5139,2.11257,248.5139,0.00616,248.49835,1.79443,248.49835,0.31526
248.00317,-0.07166,248.00317,-0.33625,248.00185,0.17447,248.00185,-0.024,247.98654,-0.4665,247.98654,-0.2936,248.00317,-0.03485,248.00317,-0.31901,248.00185,10,248.00185,-0.02365,247.98654,0.3032,247.98654,-0.19982
247.49124,-0.2241,247.49124,-0.65592,247.48973,0.1034,247.48973,-0.25223,247.51404,-0.37552,247.51404,-0.2936,247.49124,0.34228,247.49124,-0.16353,247.48973,1.43646,247.48973,-0.02253,247.51404,-0.33468,247.51404,-0.26168
247.0186,-0.07166,247.0186,-0.65592,247.01701,-0.06027,247.01701,-0.25223,247.00217,-0.37552,247.00217,-0.2936,247.0186,-0.00571,247.0186,0.07169,247.01701,-0.06543,247.01701,-0.2486,247.00217,-0.49373,247.00217,-0.6311
246.50661,-0.01175,246.50661,-0.33625,246.50487,-0.06027,246.50487,-0.25223,246.49026,-0.37552,246.49026,-0.2936,246.50661,-0.71002,246.50661,-0.48076,246.50487,0.10191,246.50487,-0.29604,246.49026,-0.18026,246.49026,-0.20458
245.99455,-0.01175,245.99455,0.13859,245.99271,-0.06027,245.99271,-0.25223,246.01776,-0.20226,246.01776,-0.22954,245.99455,0.57183,245.99455,0.06741,245.99271,-0.0594,245.99271,-0.13618,246.01776,-0.08022,246.01776,-0.17607
245.48248,-0.07058,245.48248,-0.13807,245.48051,-0.03501,245.48051,-0.13817,245.5058,-0.13183,245.5058,-0.19755,245.48248,0.09573,245.48248,0.16675,245.48051,-0.03451,245.48051,-0.05191,245.5058,-0.1175,245.5058,0.0448
245.0098,0.05509,245.0098,0.07224,245.00772,-0.03501,245.00772,-0.05266,244.99385,-0.09001,244.99385,0.01219,245.0098,0.14329,245.0098,0.08162,245.00772,-0.02814,245.00772,0.14847,244.99385,0.03659,244.99385,0.0686
244.49767,0.01308,244.49767,0.07224,244.49548,-0.02855,244.49548,9.74E-04,244.48187,-0.07961,244.48187,0.01219,244.49767,-0.03433,244.49767,-0.06715,244.49548,-0.00719,244.49548,0.06966,244.48187,0.12042,244.48187,0.01459
243.98552,-0.07058,243.98552,-0.13807,243.98323,-0.0073,243.98323,0.07068,244.00922,0.04105,244.00922,-0.00999,243.98552,0.02679,243.98552,0.03513,243.98323,0.3174,243.98323,9.60E-04,244.00922,-0.07095,244.00922,0.01086
243.51276,-0.07058,243.51276,-0.13807,243.51033,-0.0073,243.51033,9.74E-04,243.49719,-0.0704,243.49719,-0.05746,243.51276,0.00636,243.51276,0.05979,243.51033,0.03545,243.51033,0.70934,243.49719,0.07699,243.49719,-0.14598
243.0006,-0.07462,243.0006,0.07224,242.99803,0.03597,242.99803,-0.07756,242.98512,-0.0704,242.98512,-0.16379,243.0006,-0.24925,243.0006,-0.21204,242.99803,0.3005,242.99803,0.71451,242.98512,0.09417,242.98512,-0.00891
242.48837,-0.07462,242.48837,-0.43599,242.48569,0.03597,242.48569,-0.07756,242.51245,-0.0704,242.51245,-0.16379,242.48837,0.27064,242.48837,0.189,242.48569,-0.24204,242.48569,-0.23097,242.51245,-0.06275,242.51245,-0.05121
242.01555,-0.07462,242.01555,-0.43599,242.01279,0.05254,242.01279,-0.14172,242.00032,-0.07474,242.00032,-0.11514,242.01555,-0.03629,242.01555,0.24454,242.01279,0.16315,242.01279,-0.07644,242.00032,-0.01096,242.00032,-0.23531
241.5033,-0.07462,241.5033,0.01003,241.50038,0.05254,241.50038,-0.14172,241.48819,-0.08861,241.48819,-0.21799,241.5033,10,241.5033,-0.61113,241.50038,0.16013,241.50038,0.04783,241.48819,-0.06661,241.48819,-0.10262
240.99101,-0.07462,240.99101,0.01003,240.98798,0.08195,240.98798,-0.14172,241.0154,-0.16564,241.0154,-0.21799,240.99101,0.06917,240.99101,10,240.98798,0.05178,240.98798,-0.13968,241.0154,-0.07897,241.0154,0.25766
240.51811,0.09837,240.51811,0.01003,240.51494,0.08195,240.51494,-0.14172,240.50322,-0.17371,240.50322,-0.11514,240.51811,-0.09349,240.51811,0.00488,240.51494,0.30973,240.51494,-0.01247,240.50322,-0.14763,240.50322,-0.19429
240.00577,-0.19223,240.00577,0.01003,240.0025,0.05254,240.0025,-0.15683,239.99103,-0.18954,239.99103,-0.01531,240.00577,0.09,240.00577,0.29777,240.0025,0.08077,240.0025,-0.15457,239.99103,-0.15482,239.99103,0.1173
239.49341,-0.61145,239.49341,-0.38781,239.49002,0.08195,239.49002,-0.15683,239.5182,-0.24226,239.5182,-0.21799,239.49341,0.04784,239.49341,0.09267,239.49002,0.1898,239.49002,-0.13325,239.5182,-0.16893,239.5182,0.47433
238.98105,-0.61145,238.98105,-0.38781,239.01694,0.05914,239.01694,-0.15683,239.00597,-0.24226,239.00597,-0.29071,238.98105,-0.53694,238.98105,-0.18861,239.01694,-0.56212,239.01694,-0.52622,239.00597,-0.21591,239.00597,-0.01365
238.50804,-0.61145,238.50804,-0.38781,238.50444,0.05914,238.50444,-0.53391,238.4937,-0.39058,238.4937,-0.29071,238.50804,-0.29738,238.50804,-0.74844,238.50444,1.25655,238.50444,0.01499,238.4937,-0.45194,238.4937,-0.2591
237.99564,-0.61145,237.99564,-0.38781,237.99187,0.05914,237.99187,-0.53391,237.98138,-0.39058,237.98138,-0.30009,237.99564,0.51712,237.99564,-0.04126,237.99187,0.05829,237.99187,0.2231,237.98138,-0.07284,237.98138,-0.51702
237.4832,-0.21303,237.4832,-1.05693,237.51874,0.19893,237.51874,-0.13772,237.50847,-0.39058,237.50847,-0.30009,237.4832,0.22719,237.4832,0.1579,237.51874,10,237.51874,-1.03739,237.50847,-0.34811,237.50847,0.05565
237.01013,-0.21303,237.01013,-0.08483,237.0061,0.19893,237.0061,-0.13772,236.99609,-0.3013,236.99609,-0.30009,237.01013,-0.10361,237.01013,0.25616,237.0061,0.19606,237.0061,-0.09875,236.99609,-0.13783,236.99609,-0.26746
236.49762,-0.21303,236.49762,0.32467,236.49352,0.19893,236.49352,-0.13772,236.48373,-0.3013,236.48373,-0.30009,236.49762,10,236.49762,-0.51404,236.49352,1.05432,236.49352,-0.13573,236.48373,-0.26854,236.48373,-0.01526
235.98512,-0.21303,235.98512,-0.35973,235.98087,0.19893,235.98087,-0.1002,236.01076,-0.17348,236.01076,-0.30009,235.98512,-0.11813,235.98512,0.21355,235.98087,10,235.98087,10,236.01076,-0.0727,236.01076,-0.15362
235.51199,0.0042,235.51199,-0.35973,235.50766,0.22879,235.50766,0.04983,235.49835,-0.17348,235.49835,-0.17237,235.51199,0.51029,235.51199,0.85558,235.50766,-0.22084,235.50766,0.14315,235.49835,-0.15461,235.49835,-0.37442
234.99944,0.0042,234.99944,0.4391,234.99496,0.22879,234.99496,0.04983,234.98592,-0.17348,234.98592,-0.34968,234.99944,0.00204,234.99944,-0.17495,234.99496,10,234.99496,10,234.98592,-0.01562,234.98592,0.10222
234.48683,0.0042,234.48683,-0.35973,234.48227,0.22879,234.48227,0.01979,234.51285,-0.17348,234.51285,-0.34968,234.48683,0.14182,234.48683,10,234.48227,0.2255,234.48227,0.04912,234.51285,0.60328,234.51285,0.43804
234.01367,0.0042,234.01367,-0.35973,234.00894,0.22879,234.00894,0.01979,234.00037,-0.61613,234.00037,-0.12704,234.01367,0.72314,234.01367,0.53881,234.00894,0.32828,234.00894,0.0195,234.00037,-0.54913,234.00037,-0.31165
233.50102,0.2916,233.50102,1.10786,233.4962,0.22879,233.4962,0.01979,233.48785,-0.77337,233.48785,-0.12704,233.50102,-0.1457,233.50102,-0.3072,233.4962,0.55885,233.4962,-0.04236,233.48785,0.57235,233.48785,-0.11323
232.98836,1.48687,232.98836,-0.63163,232.9834,0.33308,232.9834,0.01979,233.01474,-0.77337,233.01474,-0.12704,232.98836,10,232.98836,10,232.9834,0.13555,232.9834,0.1917,233.01474,-0.71025,233.01474,0.92561
232.51512,20.56132,232.51512,-0.63163,232.51006,0.13753,232.51006,-0.04298,232.50221,-0.77337,232.50221,0.37131,232.51512,10,232.51512,4.32723,232.51006,10,232.51006,0.52245,232.50221,-0.68927,232.50221,0.68859
232.00243,20.56132,232.00243,-1.05823,231.99722,0.13753,231.99722,0.09065,231.98959,-0.77337,231.98959,0.37131,232.00243,10,232.00243,-0.51467,231.99722,10,231.99722,0.08935,231.98959,-0.63625,231.98959,10
231.4897,-0.02041,231.4897,-1.05823,231.48438,-0.2156,231.48438,0.09065,231.51643,-0.71387,231.51643,0.16923,231.4897,10,231.4897,-0.15412,231.48438,-0.2125,231.48438,-0.33704,231.51643,-0.07034,231.51643,0.33093
231.01636,-2.25036,231.01636,-3.54581,231.01093,-0.2156,231.01093,0.09065,231.00378,-0.07893,231.00378,0.16923,231.01636,-1.09446,231.01636,-1.7245,231.01093,10,231.01093,10,231.00378,0.0877,231.00378,0.15083
230.50359,-2.25036,230.50359,-3.54581,230.49803,-0.2156,230.49803,0.16418,230.49115,0.01863,230.49115,0.00881,230.50359,-0.00993,230.50359,0.31948,230.49803,-0.38359,230.49803,0.75567,230.49115,0.0166,230.49115,0.00785
229.99078,-2.25036,229.99078,-3.54581,229.98512,-0.02114,229.98512,0.16418,230.0179,0.01863,230.0179,-0.32852,229.99078,-1.92028,229.99078,-1.91313,229.98512,-0.02084,229.98512,0.16181,230.0179,0.40162,230.0179,0.24605
229.51743,-2.01915,229.51743,-2.531,229.51166,-0.29189,229.51166,-0.04474,229.50522,0.01863,229.50522,-0.32852,229.51743,-0.98201,229.51743,-1.23095,229.51166,10,229.51166,10,229.50522,0.12214,229.50522,-0.2928
229.00458,-2.01915,229.00458,-2.531,228.99869,-0.02114,228.99869,-0.04474,228.99251,-0.12526,228.99251,-0.53317,229.00458,-0.15377,229.00458,-0.34474,228.99869,0.308,228.99869,-0.0441,228.99251,-0.67381,228.99251,-0.4752
228.49171,-0.51044,228.49171,-0.70883,228.48569,0.3125,228.48569,-0.04474,228.51918,-0.12526,228.51918,-0.53317,228.49171,-0.22131,228.49171,2.5926,228.48569,-0.28768,228.48569,-0.45352,228.51918,10,228.51918,10
228.01825,-0.45504,228.01825,-0.31528,228.01216,0.3125,228.01216,-0.04474,228.00642,-0.23982,228.00642,-0.53317,228.01825,0.46805,228.01825,10,228.01216,0.65926,228.01216,0.09023,228.00642,-0.11164,228.00642,-0.66316
227.50536,-0.45504,227.50536,-0.06779,227.4991,0.3761,227.4991,-0.03219,227.49362,-0.12526,227.49362,-0.18251,227.50536,-0.24825,227.50536,-0.15333,227.4991,0.37068,227.4991,0.20475,227.49362,0.43931,227.49362,-0.16266
226.99245,-0.0078,226.99245,-0.06779,226.98604,0.3761,226.98604,0.05821,226.98084,-0.14515,226.98084,-0.18251,226.99245,0.14354,226.99245,0.21464,226.98604,0.43105,226.98604,0.05738,226.98084,-0.21374,226.98084,0.01283
226.51894,-0.51044,226.51894,-0.31528,226.51244,0.3761,226.51244,0.05821,226.50745,-0.22116,226.50745,-0.01897,226.51894,-0.00379,226.51894,-0.03297,226.51244,0.46383,226.51244,-0.03172,226.50745,0.07947,226.50745,-0.01691
226.00597,-0.50262,226.00597,-0.37911,225.99934,0.23769,225.99934,-0.03219,225.9946,-0.22116,225.9946,-0.01897,226.00597,0.05934,226.00597,0.07259,225.99934,0.23426,225.99934,0.20004,225.9946,-0.12937,225.9946,0.12968
225.49295,-0.50262,225.49295,-0.37911,225.48624,0.1934,225.48624,-0.12385,225.48172,-0.19116,225.48172,-0.16748,225.49295,-0.52957,225.49295,-0.28474,225.48624,10,225.48624,10,225.48172,-0.19711,225.48172,0.23069
225.01939,-0.50262,225.01939,-0.37911,225.01253,-0.19823,225.01253,-0.15755,225.00825,-0.22116,225.00825,-0.31788,225.01939,-0.24445,225.01939,-0.18438,225.01253,-0.19537,225.01253,-0.12206,225.00825,0.16153,225.00825,-0.14927
224.50636,-0.50262,224.50636,-0.37911,224.49937,-0.19823,224.49937,-0.15755,224.49533,-0.22116,224.49533,-0.46455,224.50636,-0.00697,224.50636,0.23269,224.49937,0.19061,224.49937,-0.15528,224.49533,-0.17037,224.49533,-0.41403
223.99329,-0.13392,223.99329,-0.35341,223.98619,-0.19823,223.98619,-0.15755,223.98241,-0.23114,223.98241,-0.46455,223.99329,-0.06513,223.99329,-0.04504,223.98619,-0.37835,223.98619,-0.2522,223.98241,-0.53012,223.98241,-0.28332
223.51964,-0.04075,223.51964,-0.0926,223.51245,-0.06728,223.51245,-0.25588,223.50891,-0.23114,223.50891,-0.46455,223.51964,0.27101,223.51964,0.02646,223.51245,0.27259,223.51245,-0.00739,223.50891,-0.09775,223.50891,-0.44542
223.00655,-0.13392,223.00655,-0.0926,222.99921,-0.2467,222.99921,-0.30157,222.9959,-0.23114,222.9959,-0.31788,223.00655,-0.01982,223.00655,-0.17188,222.99921,0.17571,222.99921,-0.10482,222.9959,-0.20601,222.9959,0.32793
222.49342,-0.04075,222.49342,0.05441,222.48595,-0.2467,222.48595,-0.30157,222.48289,-0.10967,222.48289,-0.10968,222.49342,10,222.49342,10,222.48595,-0.06632,222.48595,-0.29722,222.48289,-0.00671,222.48289,-0.09737
221.98026,-0.19458,221.98026,-0.14638,222.01216,-0.2467,222.01216,-0.30157,222.00932,-0.23114,222.00932,-0.10968,221.98026,-0.21868,221.98026,0.39437,222.01216,-0.24314,222.01216,-0.68358,222.00932,-0.04037,222.00932,-0.01739
221.50653,-0.19458,221.50653,0.32146,221.49889,-0.25408,221.49889,-0.30157,221.49629,-0.21835,221.49629,-0.10968,221.50653,0.20496,221.50653,0.15634,221.49889,-0.25042,221.49889,-0.16473,221.49629,-0.07973,221.49629,-0.09775
220.99335,-0.19458,220.99335,-0.14638,220.98553,-0.25408,220.98553,-0.27748,220.9832,-0.21835,220.9832,-0.13389,220.99335,-0.09463,220.99335,-0.07119,220.98553,0.22474,220.98553,-0.00656,220.9832,-0.37778,220.9832,-0.37423
220.51959,-0.19458,220.51959,-0.1545,220.5117,-0.25408,220.5117,-0.16714,220.50955,-0.21835,220.50955,-0.19245,220.51959,-0.00624,220.51959,0.4164,220.5117,-0.47205,220.5117,-0.27348,220.50955,-0.19461,220.50955,-0.03969
220.00636,-0.19458,220.00636,-0.1545,219.99834,-0.34299,219.99834,-0.27748,219.99643,-0.42387,219.99643,-0.41989,220.00636,-0.01093,220.00636,-0.15865,219.99834,0.07801,219.99834,-0.08889,219.99643,0.09184,219.99643,-0.11933
219.49309,-0.02247,219.49309,-0.1545,219.48494,-0.34299,219.48494,-0.27748,219.48329,-0.3563,219.48329,-0.19245,219.49309,-0.17648,219.49309,-0.07514,219.48494,-0.02861,219.48494,-0.08258,219.48329,0.11858,219.48329,-0.17152
219.01929,-0.02247,219.01929,-0.3262,219.011,-0.18213,219.011,-0.35811,219.00961,-0.3563,219.00961,-0.19245,219.01929,-0.00671,219.01929,-0.04612,219.011,-0.33805,219.011,-0.35295,219.00961,-0.55238,219.00961,-0.50001
218.50598,-0.01379,218.50598,-0.41532,218.4976,-0.26452,218.4976,-0.35811,218.49641,-0.3563,218.49641,-0.22861,218.50598,0.04774,218.50598,0.08376,218.4976,0.01157,218.4976,-0.08461,218.49641,-0.31756,218.49641,10
217.99263,-0.01379,217.99263,-0.53978,217.98413,-0.26452,217.98413,-0.35811,217.98323,-0.45008,217.98323,-0.2494,217.99263,0.00819,217.99263,-0.20199,217.98413,-0.1795,217.98413,-0.4358,217.98323,0.03584,217.98323,0.12804
217.51878,-0.41108,217.51878,-0.53978,217.51016,-0.18213,217.51016,-0.08585,217.50945,-0.3563,217.50945,-0.2494,217.51878,10,217.51878,-0.31884,217.51016,-0.26071,217.51016,0.1414,217.50945,0.68861,217.50945,-0.20375
217.0054,-0.42327,217.0054,-0.53978,216.99666,-0.18213,216.99666,-0.08677,216.9962,-0.16533,216.9962,-0.2494,217.0054,-0.19993,217.0054,-0.26252,216.99666,0.22199,216.99666,0.17431,216.9962,-0.40114,216.9962,-0.22228
216.49202,-0.42327,216.49202,-0.53978,216.48317,-0.11253,216.48317,-0.06761,216.48294,-0.22999,216.48294,-0.2494,216.49202,-0.25964,216.49202,10,216.48317,-0.00187,216.48317,0.10929,216.48294,0.13898,216.48294,-0.35539
216.01808,-0.42327,216.01808,-0.25466,216.00911,-0.11253,216.00911,-0.06761,216.00914,-0.22999,216.00914,-0.2494,216.01808,-0.20586,216.01808,-0.12385,216.00911,-0.1109,216.00911,-0.08552,216.00914,-0.14736,216.00914,-0.12666
215.50462,-0.42327,215.50462,-0.02635,215.49554,-0.22004,215.49554,-0.08677,215.4958,-0.16533,215.4958,-0.14211,215.50462,0.31392,215.50462,0.2229,215.49554,-0.03994,215.49554,-0.06664,215.4958,-0.20498,215.4958,-0.07728
214.99118,0.2674,214.99118,-0.15313,214.98198,-0.22004,214.98198,-0.08677,214.98247,-0.16533,214.98247,-0.0867,214.99118,0.14294,214.99118,0.03134,214.98198,-0.3606,214.98198,0.26251,214.98247,-0.12928,214.98247,-0.06313
214.51721,0.2939,214.51721,-0.15313,214.50789,-0.22004,214.50789,-0.06761,214.50861,-0.14505,214.50861,-0.07083,214.51721,0.53177,214.51721,-0.01281,214.50789,-0.21687,214.50789,-0.39409,214.50861,0.09215,214.50861,-1.39E-04
214.00369,0.2939,214.00369,-0.15313,213.99425,-0.22004,213.99425,-0.00122,213.99525,0.10339,213.99525,-1.56E-04,214.00369,0.13005,214.00369,-0.07448,213.99425,-0.06812,213.99425,0.10214,213.99525,0.34992,213.99525,0.1729
213.49017,0.2674,213.49017,-0.15313,213.48058,-0.06911,213.48058,-0.00122,213.48181,0.10339,213.48181,0.11622,213.49017,10,213.49017,-0.34049,213.48058,0.17662,213.48058,-0.0012,213.48181,0.16571,213.48181,0.10358
213.01613,-0.00282,213.01613,-0.15313,213.00645,0.08839,213.00645,0.02114,213.00789,0.18593,213.00789,0.194,213.01613,0.57044,213.01613,0.0711,213.00645,0.08712,213.00645,0.02083,213.00789,0.3755,213.00789,0.2427
212.50258,-0.00282,212.50258,0.14619,212.49274,0.1792,212.49274,0.02114,212.49446,0.02472,212.49446,0.11622,212.50258,-0.00137,212.50258,0.29314,212.49274,10,212.49274,10,212.49446,-0.10854,212.49446,0.27108
211.98895,-0.00282,211.98895,0.16564,212.01857,0.42267,212.01857,0.02114,211.981,-0.04894,211.981,0.27231,211.98895,-0.18555,211.98895,0.08056,212.01857,0.41658,212.01857,0.26093,211.981,0.27527,211.981,0.45496
211.51488,-0.0904,211.51488,0.16564,211.50484,0.72301,211.50484,0.26474,211.50699,-0.04894,211.50699,0.22829,211.51488,0.04356,211.51488,0.1323,211.50484,10,211.50484,0.33348,211.50699,0.02203,211.50699,-0.15264
211.00125,-0.0904,211.00125,-0.18627,210.9911,0.42267,210.9911,0.04792,210.9935,-0.00611,210.9935,0.15539,211.00125,0.20595,211.00125,0.16311,210.9911,10,210.9911,-0.41716,210.9935,-0.04362,210.9935,0.49396
210.48761,0.01218,210.48761,-0.18627,210.51683,0.22215,210.51683,-0.03632,210.51949,-0.04894,210.51949,-0.13385,210.48761,-0.04396,210.48761,-0.09059,210.51683,0.71259,210.51683,0.85212,210.51949,0.43878,210.51949,0.20346
210.01343,-0.0904,210.01343,-0.18627,210.00305,0.15587,210.00305,-0.42326,210.00594,-0.04894,210.00594,-0.13385,210.01343,0.41967,210.01343,-0.38842,210.00305,0.21895,210.00305,0.04723,210.00594,-0.00545,210.00594,0.13849
209.49976,-0.5109,209.49976,-0.18627,209.48924,0.09522,209.48924,-0.0979,209.49236,-0.10412,209.49236,-0.17461,209.49976,0.00592,209.49976,0.08743,209.48924,0.15362,209.48924,-0.0358,209.49236,-0.0928,209.49236,-0.11929
208.98604,-0.5109,208.98604,-0.06848,209.01492,-0.12687,209.01492,-0.0979,209.01828,-0.10412,209.01828,-0.17461,208.98604,-0.24848,208.98604,0.09556,209.01492,-1.44362,209.01492,-1.3744,209.01828,-0.03923,209.01828,-0.15563
208.51183,-0.5109,208.51183,0.02252,208.50107,-0.12687,208.50107,-0.0979,208.50465,-0.10412,208.50465,-0.17461,208.51183,-0.44996,208.51183,0.01095,208.50107,0.09384,208.50107,-0.09649,208.50465,-0.36498,208.50465,-0.23061
207.99806,-0.92517,207.99806,-0.06848,207.98718,-0.12687,207.98718,-0.0979,207.99104,-0.04402,207.99104,-0.17461,207.99806,0.07695,207.99806,-0.03331,207.98718,-0.12505,207.98718,-0.06186,207.99104,10,207.99104,10
207.4843,-0.92517,207.4843,-0.06848,207.51283,0.08007,207.51283,-0.0979,207.51689,-0.39728,207.51689,-0.25875,207.4843,0.1051,207.4843,0.29996,207.51283,0.2019,207.51283,0.07569,207.51689,10,207.51689,10
207.01001,0.14104,207.01001,-0.06848,206.9989,0.08007,206.9989,-0.06277,207.00322,-0.10967,207.00322,0.12435,207.01001,-0.60432,207.01001,-0.54992,206.9989,0.15477,206.9989,-0.03402,207.00322,10,207.00322,10
206.4962,0.14104,206.4962,0.43777,206.48495,0.08915,206.48495,-0.03451,206.48955,-0.10967,206.48955,0.12435,206.4962,0.06859,206.4962,0.46792,206.48495,0.07892,206.48495,-0.1029,206.48955,-0.35408,206.48955,-0.28807
205.98236,-0.10431,205.98236,-0.4612,206.01054,0.08915,206.01054,-0.03451,206.01535,-0.15507,206.01535,0.12435,205.98236,10,205.98236,10,206.01054,0.08786,206.01054,0.03967,206.01535,-0.09774,206.01535,0.11083
205.50804,-0.04244,205.50804,-0.37249,205.49658,0.08007,205.49658,-0.10441,205.5016,-0.27645,205.5016,-0.23596,205.50804,0.18043,205.50804,0.21291,205.49658,0.10996,205.49658,0.06792,205.5016,-0.09762,205.5016,0.1854
204.99417,-0.04244,204.99417,-0.37249,204.98257,0.01544,204.98257,-0.02059,204.98785,-0.15507,204.98785,-0.06929,204.99417,-0.05073,204.99417,-0.2243,204.98257,0.19652,204.98257,-0.01503,204.98785,-0.13821,204.98785,0.16387
204.48024,-0.10431,204.48024,-0.37249,204.5081,-0.219,204.5081,-0.12027,204.51361,-0.15507,204.51361,-0.06929,204.48024,-0.02064,204.48024,-0.18116,204.5081,-0.25877,204.5081,-0.46108,204.51361,-0.24639,204.51361,-0.21031
204.00586,-0.12731,204.00586,-0.38757,203.99405,-0.219,203.99405,-0.12027,203.99979,-0.15507,203.99979,-0.06929,204.00586,0.18964,204.00586,0.04579,203.99405,0.01521,203.99405,-0.02029,203.99979,0.01074,203.99979,-0.06176
203.49193,-0.18345,203.49193,-0.38757,203.51953,-0.219,203.51953,-0.12027,203.48598,0.01205,203.48598,-0.06929,203.49193,-0.06192,203.49193,-0.02106,203.51953,-0.21585,203.51953,-0.11853,203.48598,0.09529,203.48598,0.22568
203.01752,-0.20074,203.01752,-0.38757,203.00546,-0.219,203.00546,-0.04208,203.01167,0.06221,203.01167,0.03213,203.01752,-0.08922,203.01752,-0.18849,203.00546,0.0632,203.00546,0.15663,203.01167,0.74249,203.01167,0.98845
202.50352,-0.20074,202.50352,-0.38757,202.49135,-0.219,202.49135,-0.08338,202.49782,0.10692,202.49782,0.03937,202.50352,-0.37722,202.50352,-0.21594,202.49135,0.09863,202.49135,0.03264,202.49782,0.43675,202.49782,0.02864
201.98953,-0.20074,201.98953,-0.38757,202.01678,-0.28902,202.01678,-0.06297,201.98395,0.13595,201.98395,0.03937,201.98953,-0.09763,201.98953,10,202.01678,-0.50954,202.01678,-0.04147,201.98395,0.05545,201.98395,0.13504
201.51505,-0.20074,201.51505,-0.17827,201.50264,-0.28902,201.50264,-0.06297,201.50958,0.13595,201.50958,0.03213,201.51505,0.07175,201.51505,0.09191,201.50264,-0.05037,201.50264,-0.08218,201.50958,0.12117,201.50958,0.03509
201.00102,0.14752,201.00102,-0.05905,200.98849,-0.28902,200.98849,-0.06297,200.99567,0.06221,200.99567,-0.07376,201.00102,0.70448,201.00102,-0.02872,200.98849,-0.28485,200.98849,-0.06207,200.99567,0.12585,200.99567,0.09008
200.48695,0.79441,200.48695,-0.05905,200.51386,-0.04442,200.51386,0.13832,200.48174,0.14121,200.48174,-0.07376,200.48695,0.38636,200.48695,-0.0867,200.51386,-0.02989,200.51386,0.32022,200.48174,0.1387,200.48174,-0.06574
200.01242,0.64805,200.01242,0.39505,199.99966,-0.04442,199.99966,0.13832,200.00731,-0.16314,200.00731,-0.10416,200.01242,0.31518,200.01242,0.19213,199.99966,-0.04378,199.99966,0.13633,200.00731,-0.1454,200.00731,-0.09283
