P-3_normalized_wavelength_nm,P-3_normalized_abs_au,D-3_310nm_normalized_wavelength_nm,D-3_310nm_normalized_abs_au,P-3_plus_2M_HCl_normalized_wavelength_nm,P-3_plus_2M_HCl_normalized_abs_au,P-3_sat_NaHCO3_normalized_wavelength_nm,P-3_sat_NaHCO3_normalized_abs_au,D-3_310nm_repeat_normalized_wavelength_nm,D-3_310nm_repeat_normalized_abs_au,P-3_plus_2M_HCl_repeat_normalized_wavelength_nm,P-3_plus_2M_HCl_repeat_normalized_abs_au,P-3_raw_wavelength_nm,P-3_raw_abs_au,D-3_310nm_raw_wavelength_nm,D-3_310nm_raw_abs_au,P-3_plus_2M_HCl_raw_wavelength_nm,P-3_plus_2M_HCl_raw_abs_au,P-3_sat_NaHCO3_raw_wavelength_nm,P-3_sat_NaHCO3_raw_abs_au,D-3_310nm_repeat_raw_wavelength_nm,D-3_310nm_repeat_raw_abs_au,P-3_plus_2M_HCl_repeat_raw_wavelength_nm,P-3_plus_2M_HCl_repeat_raw_abs_au
799.99896,0.00619,799.99896,-5.31E-04,799.99896,0.00834,799.99896,0.00806,799.99896,0.00742,799.99896,0.00439,799.99896,0.00104,799.99896,-8.95E-05,799.99896,0.0014,799.99896,0.00136,799.99896,0.00125,799.99896,7.40E-04
799.513,-0.00693,799.513,-0.00286,799.513,0.00258,799.513,6.24E-04,799.513,0.00355,799.513,-0.00573,799.513,-0.00117,799.513,-4.83E-04,799.513,4.34E-04,799.513,1.05E-04,799.513,5.97E-04,799.513,-9.65E-04
798.99219,-0.00358,798.99219,-0.00828,798.99219,-0.00469,798.99219,-0.0116,798.99219,-0.00597,798.99219,-0.00742,798.99219,-6.03E-04,798.99219,-0.0014,798.99219,-7.89E-04,798.99219,-0.00195,798.99219,-0.00101,798.99219,-0.00125
798.5061,0.00783,798.5061,0.00481,798.5061,0.00372,798.5061,-0.00205,798.5061,0.01215,798.5061,-0.00679,798.5061,0.00132,798.5061,8.10E-04,798.5061,6.26E-04,798.5061,-3.45E-04,798.5061,0.00205,798.5061,-0.00114
797.98511,0.00134,797.98511,0.00714,797.98511,0.0092,797.98511,0.01101,797.98511,0.01766,797.98511,0.00527,797.98511,2.25E-04,797.98511,0.0012,797.98511,0.00155,797.98511,0.00185,797.98511,0.00297,797.98511,8.87E-04
797.49872,0.00713,797.49872,0.00283,797.49872,9.17E-04,797.49872,0.01265,797.49872,0.00554,797.49872,0.0074,797.49872,0.0012,797.49872,4.77E-04,797.49872,1.55E-04,797.49872,0.00213,797.49872,9.32E-04,797.49872,0.00125
797.01227,0.00176,797.01227,-0.00128,797.01227,0.00176,797.01227,0.00797,797.01227,0.01895,797.01227,0.01311,797.01227,2.97E-04,797.01227,-2.15E-04,797.01227,2.96E-04,797.01227,0.00134,797.01227,0.00319,797.01227,0.00221
796.49103,5.64E-04,796.49103,0.01415,796.49103,0.01245,796.49103,0.01727,796.49103,0.0174,796.49103,0.00476,796.49103,9.50E-05,796.49103,0.00238,796.49103,0.0021,796.49103,0.00291,796.49103,0.00293,796.49103,8.02E-04
796.00439,-0.00768,796.00439,-0.00654,796.00439,-0.01255,796.00439,0.00227,796.00439,-0.00888,796.00439,-0.00379,796.00439,-0.00129,796.00439,-0.0011,796.00439,-0.00211,796.00439,3.82E-04,796.00439,-0.0015,796.00439,-6.38E-04
795.48285,0.0014,795.48285,-9.81E-04,795.48285,0.00124,795.48285,-0.00276,795.48285,0.00921,795.48285,0.00293,795.48285,2.36E-04,795.48285,-1.65E-04,795.48285,2.09E-04,795.48285,-4.65E-04,795.48285,0.00155,795.48285,4.93E-04
794.99603,0.01218,794.99603,0.00565,794.99603,0.00258,794.99603,-0.0031,794.99603,7.16E-04,794.99603,-0.0022,794.99603,0.00205,794.99603,9.52E-04,794.99603,4.34E-04,794.99603,-5.22E-04,794.99603,1.21E-04,794.99603,-3.71E-04
794.50916,-5.79E-04,794.50916,0.00993,794.50916,0.0028,794.50916,0.01264,794.50916,0.00898,794.50916,0.00163,794.50916,-9.75E-05,794.50916,0.00167,794.50916,4.72E-04,794.50916,0.00213,794.50916,0.00151,794.50916,2.74E-04
793.9873,-0.00906,793.9873,0.00937,793.9873,-0.00113,793.9873,-0.00571,793.9873,0.00305,793.9873,-0.0108,793.9873,-0.00153,793.9873,0.00158,793.9873,-1.90E-04,793.9873,-9.61E-04,793.9873,5.13E-04,793.9873,-0.00182
793.50018,0.00361,793.50018,-0.00237,793.50018,7.53E-04,793.50018,0.01635,793.50018,0.01155,793.50018,0.00375,793.50018,6.09E-04,793.50018,-3.99E-04,793.50018,1.27E-04,793.50018,0.00275,793.50018,0.00194,793.50018,6.31E-04
793.01294,0.00792,793.01294,0.00812,793.01294,0.0074,793.01294,0.01845,793.01294,0.01817,793.01294,0.00128,793.01294,0.00133,793.01294,0.00137,793.01294,0.00125,793.01294,0.00311,793.01294,0.00306,793.01294,2.16E-04
792.49091,-1.11E-04,792.49091,-0.01324,792.49091,-0.00123,792.49091,0.01293,792.49091,-0.00138,792.49091,0.00211,792.49091,-1.87E-05,792.49091,-0.00223,792.49091,-2.07E-04,792.49091,0.00218,792.49091,-2.32E-04,792.49091,3.55E-04
792.00348,-0.00674,792.00348,-0.00838,792.00348,0.00263,792.00348,0.00635,792.00348,-0.00102,792.00348,0.00719,792.00348,-0.00113,792.00348,-0.00141,792.00348,4.43E-04,792.00348,0.00107,792.00348,-1.72E-04,792.00348,0.00121
791.51599,-0.00933,791.51599,-0.00581,791.51599,-0.00906,791.51599,-0.0032,791.51599,0.00228,791.51599,0.00491,791.51599,-0.00157,791.51599,-9.78E-04,791.51599,-0.00153,791.51599,-5.38E-04,791.51599,3.84E-04,791.51599,8.26E-04
790.99347,0.00501,790.99347,-0.00726,790.99347,-0.00413,790.99347,0.00466,790.99347,0.0067,790.99347,0.00633,790.99347,8.43E-04,790.99347,-0.00122,790.99347,-6.96E-04,790.99347,7.85E-04,790.99347,0.00113,790.99347,0.00107
790.50586,-5.30E-04,790.50586,-0.01703,790.50586,-0.00103,790.50586,-0.00656,790.50586,0.00306,790.50586,-0.01492,790.50586,-8.92E-05,790.50586,-0.00287,790.50586,-1.73E-04,790.50586,-0.00111,790.50586,5.15E-04,790.50586,-0.00251
789.98322,0.00596,789.98322,0.00964,789.98322,0.01436,789.98322,0.00233,789.98322,0.00205,789.98322,-6.31E-04,789.98322,0.001,789.98322,0.00162,789.98322,0.00242,789.98322,3.92E-04,789.98322,3.45E-04,789.98322,-1.06E-04
789.4953,-0.00222,789.4953,-0.00267,789.4953,-0.00445,789.4953,-9.01E-04,789.4953,-8.55E-04,789.4953,-0.00467,789.4953,-3.75E-04,789.4953,-4.49E-04,789.4953,-7.49E-04,789.4953,-1.52E-04,789.4953,-1.44E-04,789.4953,-7.87E-04
789.00732,-0.00474,789.00732,0.00155,789.00732,0.00916,789.00732,0.02254,789.00732,0.01058,789.00732,0.00914,789.00732,-7.98E-04,789.00732,2.62E-04,789.00732,0.00154,789.00732,0.0038,789.00732,0.00178,789.00732,0.00154
788.48438,-3.14E-04,788.48438,-5.56E-04,788.48438,-0.00288,788.48438,0.00631,788.48438,-0.00275,788.48438,-0.00143,788.48438,-5.29E-05,788.48438,-9.36E-05,788.48438,-4.84E-04,788.48438,0.00106,788.48438,-4.63E-04,788.48438,-2.41E-04
787.99615,0.00906,787.99615,0.00711,787.99615,-0.00295,787.99615,0.0056,787.99615,0.00196,787.99615,0.01039,787.99615,0.00153,787.99615,0.0012,787.99615,-4.98E-04,787.99615,9.44E-04,787.99615,3.31E-04,787.99615,0.00175
787.50787,-0.00225,787.50787,0.00712,787.50787,-0.00325,787.50787,0.00704,787.50787,0.01513,787.50787,0.00102,787.50787,-3.78E-04,787.50787,0.0012,787.50787,-5.48E-04,787.50787,0.00119,787.50787,0.00255,787.50787,1.72E-04
786.98468,0.00825,786.98468,-0.01044,786.98468,0.00564,786.98468,-0.00165,786.98468,0.00471,786.98468,0.00874,786.98468,0.00139,786.98468,-0.00176,786.98468,9.50E-04,786.98468,-2.78E-04,786.98468,7.93E-04,786.98468,0.00147
786.49622,0.00235,786.49622,0.01723,786.49622,0.02254,786.49622,0.01265,786.49622,0.01792,786.49622,0.01533,786.49622,3.96E-04,786.49622,0.0029,786.49622,0.0038,786.49622,0.00213,786.49622,0.00302,786.49622,0.00258
786.00763,-0.00869,786.00763,-0.01211,786.00763,-0.01102,786.00763,-0.0085,786.00763,-0.00543,786.00763,-0.00772,786.00763,-0.00146,786.00763,-0.00204,786.00763,-0.00186,786.00763,-0.00143,786.00763,-9.15E-04,786.00763,-0.0013
785.48413,-0.00784,785.48413,-0.00678,785.48413,0.00517,785.48413,0.00775,785.48413,0.00887,785.48413,3.91E-04,785.48413,-0.00132,785.48413,-0.00114,785.48413,8.71E-04,785.48413,0.00131,785.48413,0.00149,785.48413,6.58E-05
784.99542,0.00542,784.99542,-8.97E-05,784.99542,0.02137,784.99542,0.00924,784.99542,0.02588,784.99542,0.01338,784.99542,9.13E-04,784.99542,-1.51E-05,784.99542,0.0036,784.99542,0.00156,784.99542,0.00436,784.99542,0.00225
784.50653,0.00196,784.50653,0.02096,784.50653,0.01637,784.50653,0.01354,784.50653,0.02174,784.50653,-4.38E-04,784.50653,3.30E-04,784.50653,0.00353,784.50653,0.00276,784.50653,0.00228,784.50653,0.00366,784.50653,-7.38E-05
783.98267,-0.00224,783.98267,-0.00489,783.98267,0.00832,783.98267,0.01571,783.98267,0.00121,783.98267,0.00284,783.98267,-3.77E-04,783.98267,-8.23E-04,783.98267,0.0014,783.98267,0.00265,783.98267,2.04E-04,783.98267,4.78E-04
783.49365,0.01526,783.49365,-0.0095,783.49365,0.01075,783.49365,0.01071,783.49365,0.0066,783.49365,0.00299,783.49365,0.00257,783.49365,-0.0016,783.49365,0.00181,783.49365,0.0018,783.49365,0.00111,783.49365,5.04E-04
783.00452,-9.49E-04,783.00452,0.00204,783.00452,0.02412,783.00452,0.00904,783.00452,0.00852,783.00452,4.98E-04,783.00452,-1.60E-04,783.00452,3.44E-04,783.00452,0.00406,783.00452,0.00152,783.00452,0.00143,783.00452,8.39E-05
782.51532,0.00163,782.51532,-0.00939,782.51532,0.00605,782.51532,0.0031,782.51532,-0.00727,782.51532,8.78E-04,782.51532,2.75E-04,782.51532,-0.00158,782.51532,0.00102,782.51532,5.22E-04,782.51532,-0.00122,782.51532,1.48E-04
781.99103,0.00136,781.99103,0.01449,781.99103,0.0207,781.99103,0.00862,781.99103,0.01321,781.99103,-5.33E-04,781.99103,2.30E-04,781.99103,0.00244,781.99103,0.00349,781.99103,0.00145,781.99103,0.00223,781.99103,-8.97E-05
781.50159,-0.00734,781.50159,0.0081,781.50159,0.02064,781.50159,0.01386,781.50159,0.01375,781.50159,0.00553,781.50159,-0.00124,781.50159,0.00136,781.50159,0.00348,781.50159,0.00233,781.50159,0.00232,781.50159,9.32E-04
781.01215,0.00361,781.01215,0.0038,781.01215,0.01148,781.01215,0.00895,781.01215,-0.00172,781.01215,0.002,781.01215,6.08E-04,781.01215,6.40E-04,781.01215,0.00193,781.01215,0.00151,781.01215,-2.90E-04,781.01215,3.36E-04
780.48761,0.0096,780.48761,-0.00222,780.48761,0.01094,780.48761,0.00554,780.48761,0.00739,780.48761,0.00549,780.48761,0.00162,780.48761,-3.74E-04,780.48761,0.00184,780.48761,9.32E-04,780.48761,0.00124,780.48761,9.25E-04
779.99792,-0.01116,779.99792,-0.00521,779.99792,0.01112,779.99792,0.00684,779.99792,0.0096,779.99792,0.00503,779.99792,-0.00188,779.99792,-8.77E-04,779.99792,0.00187,779.99792,0.00115,779.99792,0.00162,779.99792,8.47E-04
779.50812,0.00828,779.50812,-2.75E-04,779.50812,0.01752,779.50812,0.01106,779.50812,0.00802,779.50812,0.00757,779.50812,0.0014,779.50812,-4.63E-05,779.50812,0.00295,779.50812,0.00186,779.50812,0.00135,779.50812,0.00128
778.98328,-0.00914,778.98328,-0.00458,778.98328,0.00262,778.98328,-0.00727,778.98328,0.00247,778.98328,-0.00645,778.98328,-0.00154,778.98328,-7.72E-04,778.98328,4.42E-04,778.98328,-0.00122,778.98328,4.15E-04,778.98328,-0.00109
778.49329,-0.00755,778.49329,-0.00287,778.49329,0.01393,778.49329,0.00391,778.49329,0.00962,778.49329,-0.00851,778.49329,-0.00127,778.49329,-4.84E-04,778.49329,0.00235,778.49329,6.58E-04,778.49329,0.00162,778.49329,-0.00143
778.0033,-0.00334,778.0033,-0.00766,778.0033,0.018,778.0033,0.01283,778.0033,-6.21E-04,778.0033,7.34E-04,778.0033,-5.63E-04,778.0033,-0.00129,778.0033,0.00303,778.0033,0.00216,778.0033,-1.05E-04,778.0033,1.24E-04
777.51306,-0.00413,777.51306,0.00105,777.51306,0.00832,777.51306,0.00745,777.51306,0.00536,777.51306,-0.00376,777.51306,-6.95E-04,777.51306,1.77E-04,777.51306,0.0014,777.51306,0.00125,777.51306,9.02E-04,777.51306,-6.33E-04
776.98779,0.00834,776.98779,0.0022,776.98779,0.0105,776.98779,0.00317,776.98779,0.01359,776.98779,0.00166,776.98779,0.0014,776.98779,3.71E-04,776.98779,0.00177,776.98779,5.34E-04,776.98779,0.00229,776.98779,2.80E-04
776.4975,0.00252,776.4975,0.00121,776.4975,0.00964,776.4975,9.66E-04,776.4975,0.00488,776.4975,0.00212,776.4975,4.25E-04,776.4975,2.04E-04,776.4975,0.00162,776.4975,1.63E-04,776.4975,8.23E-04,776.4975,3.57E-04
776.00702,0.01419,776.00702,0.01338,776.00702,0.0292,776.00702,0.01943,776.00702,0.01914,776.00702,0.01801,776.00702,0.00239,776.00702,0.00225,776.00702,0.00492,776.00702,0.00327,776.00702,0.00322,776.00702,0.00303
775.51648,0.00655,775.51648,0.00855,775.51648,0.0091,775.51648,0.00384,775.51648,0.01052,775.51648,0.00968,775.51648,0.0011,775.51648,0.00144,775.51648,0.00153,775.51648,6.46E-04,775.51648,0.00177,775.51648,0.00163
774.99084,0.00544,774.99084,-0.00278,774.99084,0.00324,774.99084,0.01142,774.99084,-5.47E-04,774.99084,0.00595,774.99084,9.17E-04,774.99084,-4.69E-04,774.99084,5.45E-04,774.99084,0.00192,774.99084,-9.21E-05,774.99084,0.001
774.50012,-0.0037,774.50012,-0.00452,774.50012,-0.00529,774.50012,0.00431,774.50012,0.00531,774.50012,0.00689,774.50012,-6.23E-04,774.50012,-7.62E-04,774.50012,-8.90E-04,774.50012,7.25E-04,774.50012,8.94E-04,774.50012,0.00116
774.00934,-0.00292,774.00934,-0.00652,774.00934,0.00367,774.00934,0.0072,774.00934,0.00615,774.00934,-0.0131,774.00934,-4.92E-04,774.00934,-0.0011,774.00934,6.19E-04,774.00934,0.00121,774.00934,0.00104,774.00934,-0.00221
773.4834,-0.00688,773.4834,0.0189,773.4834,0.01494,773.4834,0.02255,773.4834,-0.00124,773.4834,-0.00799,773.4834,-0.00116,773.4834,0.00318,773.4834,0.00252,773.4834,0.0038,773.4834,-2.09E-04,773.4834,-0.00135
772.99237,0.01478,772.99237,-0.00304,772.99237,0.01455,772.99237,0.01292,772.99237,0.01045,772.99237,0.00522,772.99237,0.00249,772.99237,-5.11E-04,772.99237,0.00245,772.99237,0.00218,772.99237,0.00176,772.99237,8.78E-04
772.50122,-0.00194,772.50122,0.01074,772.50122,0.01155,772.50122,0.01501,772.50122,0.01283,772.50122,0.00927,772.50122,-3.27E-04,772.50122,0.00181,772.50122,0.00195,772.50122,0.00253,772.50122,0.00216,772.50122,0.00156
772.01001,-0.01196,772.01001,-0.00796,772.01001,-0.00555,772.01001,-0.00198,772.01001,-0.00791,772.01001,-0.01555,772.01001,-0.00201,772.01001,-0.00134,772.01001,-9.35E-04,772.01001,-3.33E-04,772.01001,-0.00133,772.01001,-0.00262
771.4837,-0.0024,771.4837,-0.00519,771.4837,-0.00218,771.4837,0.01629,771.4837,0.00304,771.4837,-0.00442,771.4837,-4.03E-04,771.4837,-8.74E-04,771.4837,-3.67E-04,771.4837,0.00274,771.4837,5.12E-04,771.4837,-7.45E-04
770.99237,-0.0103,770.99237,0.00896,770.99237,4.24E-04,770.99237,-0.00268,770.99237,0.00561,770.99237,6.27E-04,770.99237,-0.00174,770.99237,0.00151,770.99237,7.14E-05,770.99237,-4.51E-04,770.99237,9.45E-04,770.99237,1.06E-04
770.50092,-0.01152,770.50092,-0.01285,770.50092,-0.01447,770.50092,-0.00725,770.50092,-0.00915,770.50092,-0.013,770.50092,-0.00194,770.50092,-0.00216,770.50092,-0.00244,770.50092,-0.00122,770.50092,-0.00154,770.50092,-0.00219
770.00928,-0.00412,770.00928,-0.00451,770.00928,-0.00558,770.00928,1.21E-04,770.00928,-0.0048,770.00928,-0.00926,770.00928,-6.93E-04,770.00928,-7.60E-04,770.00928,-9.39E-04,770.00928,2.04E-05,770.00928,-8.09E-04,770.00928,-0.00156
769.48261,8.44E-04,769.48261,-0.00145,769.48261,0.00614,769.48261,0.00498,769.48261,0.00955,769.48261,0.00181,769.48261,1.42E-04,769.48261,-2.44E-04,769.48261,0.00103,769.48261,8.39E-04,769.48261,0.00161,769.48261,3.05E-04
768.99078,-0.0056,768.99078,-4.38E-04,768.99078,0.00604,768.99078,0.00676,768.99078,0.00888,768.99078,-6.27E-04,768.99078,-9.43E-04,768.99078,-7.37E-05,768.99078,0.00102,768.99078,0.00114,768.99078,0.0015,768.99078,-1.06E-04
768.49896,0.0012,768.49896,0.00301,768.49896,0.0161,768.49896,0.00944,768.49896,0.01368,768.49896,0.00139,768.49896,2.03E-04,768.49896,5.06E-04,768.49896,0.00271,768.49896,0.00159,768.49896,0.0023,768.49896,2.34E-04
768.00714,-0.00863,768.00714,-0.00369,768.00714,-0.00397,768.00714,0.0067,768.00714,-0.00176,768.00714,-0.0042,768.00714,-0.00145,768.00714,-6.22E-04,768.00714,-6.68E-04,768.00714,0.00113,768.00714,-2.97E-04,768.00714,-7.08E-04
767.51514,0.00466,767.51514,-0.00124,767.51514,-0.00113,767.51514,-0.00515,767.51514,0.00325,767.51514,-0.00589,767.51514,7.85E-04,767.51514,-2.09E-04,767.51514,-1.91E-04,767.51514,-8.67E-04,767.51514,5.47E-04,767.51514,-9.91E-04
766.98785,0.00958,766.98785,0.00938,766.98785,0.01214,766.98785,0.01366,766.98785,0.0146,766.98785,0.01068,766.98785,0.00161,766.98785,0.00158,766.98785,0.00204,766.98785,0.0023,766.98785,0.00246,766.98785,0.0018
766.49561,0.0114,766.49561,0.00878,766.49561,0.00569,766.49561,0.00942,766.49561,0.00464,766.49561,0.00696,766.49561,0.00192,766.49561,0.00148,766.49561,9.58E-04,766.49561,0.00159,766.49561,7.82E-04,766.49561,0.00117
766.00336,0.00126,766.00336,-0.00337,766.00336,0.00181,766.00336,0.00524,766.00336,0.00914,766.00336,0.00675,766.00336,2.12E-04,766.00336,-5.67E-04,766.00336,3.04E-04,766.00336,8.82E-04,766.00336,0.00154,766.00336,0.00114
765.51099,-0.0109,765.51099,-0.00875,765.51099,-0.00238,765.51099,-0.00561,765.51099,-0.00442,765.51099,-0.01086,765.51099,-0.00184,765.51099,-0.00147,765.51099,-4.02E-04,765.51099,-9.44E-04,765.51099,-7.44E-04,765.51099,-0.00183
764.98328,0.00234,764.98328,-0.00978,764.98328,-0.00281,764.98328,0.00434,764.98328,0.00203,764.98328,-0.00268,764.98328,3.93E-04,764.98328,-0.00165,764.98328,-4.73E-04,764.98328,7.31E-04,764.98328,3.42E-04,764.98328,-4.51E-04
764.49078,0.00237,764.49078,0.00342,764.49078,0.00562,764.49078,0.01042,764.49078,0.00691,764.49078,0.00187,764.49078,4.00E-04,764.49078,5.76E-04,764.49078,9.47E-04,764.49078,0.00176,764.49078,0.00116,764.49078,3.15E-04
763.99811,-0.00804,763.99811,-8.47E-04,763.99811,0.00324,763.99811,0.01002,763.99811,-0.00397,763.99811,-4.90E-04,763.99811,-0.00135,763.99811,-1.43E-04,763.99811,5.46E-04,763.99811,0.00169,763.99811,-6.68E-04,763.99811,-8.26E-05
763.50531,0.00513,763.50531,-0.00256,763.50531,0.00733,763.50531,0.00262,763.50531,0.00373,763.50531,0.00237,763.50531,8.64E-04,763.50531,-4.31E-04,763.50531,0.00123,763.50531,4.41E-04,763.50531,6.28E-04,763.50531,3.99E-04
763.01245,0.01076,763.01245,0.0035,763.01245,0.0113,763.01245,0.00495,763.01245,0.01481,763.01245,0.00828,763.01245,0.00181,763.01245,5.90E-04,763.01245,0.0019,763.01245,8.34E-04,763.01245,0.00249,763.01245,0.00139
762.48438,0.00746,762.48438,0.00614,762.48438,0.00549,762.48438,0.01431,762.48438,0.00365,762.48438,0.01161,762.48438,0.00126,762.48438,0.00103,762.48438,9.24E-04,762.48438,0.00241,762.48438,6.15E-04,762.48438,0.00196
761.99133,0.01322,761.99133,-5.66E-04,761.99133,0.00361,761.99133,0.01108,761.99133,0.0029,761.99133,0.00794,761.99133,0.00223,761.99133,-9.54E-05,761.99133,6.09E-04,761.99133,0.00187,761.99133,4.89E-04,761.99133,0.00134
761.49823,0.01131,761.49823,0.00628,761.49823,0.00303,761.49823,0.01447,761.49823,0.01209,761.49823,-0.00143,761.49823,0.0019,761.49823,0.00106,761.49823,5.10E-04,761.49823,0.00244,761.49823,0.00204,761.49823,-2.41E-04
761.005,0.01717,761.005,0.00519,761.005,0.00258,761.005,0.0199,761.005,0.01154,761.005,0.01063,761.005,0.00289,761.005,8.73E-04,761.005,4.35E-04,761.005,0.00335,761.005,0.00194,761.005,0.00179
760.51172,0.0082,760.51172,0.00295,760.51172,-0.0014,760.51172,0.01243,760.51172,0.00793,760.51172,-0.0011,760.51172,0.00138,760.51172,4.98E-04,760.51172,-2.36E-04,760.51172,0.00209,760.51172,0.00134,760.51172,-1.85E-04
759.98309,0.01335,759.98309,0.0094,759.98309,-0.0021,759.98309,0.00894,759.98309,0.00534,759.98309,-0.00622,759.98309,0.00225,759.98309,0.00158,759.98309,-3.53E-04,759.98309,0.00151,759.98309,8.99E-04,759.98309,-0.00105
759.48962,0.00181,759.48962,-0.00645,759.48962,-0.00302,759.48962,0.00107,759.48962,0.00673,759.48962,0.00251,759.48962,3.05E-04,759.48962,-0.00109,759.48962,-5.09E-04,759.48962,1.80E-04,759.48962,0.00113,759.48962,4.23E-04
758.99609,-0.00216,758.99609,0.01196,758.99609,0.00587,758.99609,0.01459,758.99609,0.02422,758.99609,4.98E-04,758.99609,-3.64E-04,758.99609,0.00201,758.99609,9.89E-04,758.99609,0.00246,758.99609,0.00408,758.99609,8.39E-05
758.50238,0.0036,758.50238,-0.0117,758.50238,-0.00283,758.50238,0.00566,758.50238,0.00636,758.50238,-0.00264,758.50238,6.07E-04,758.50238,-0.00197,758.50238,-4.76E-04,758.50238,9.53E-04,758.50238,0.00107,758.50238,-4.44E-04
758.00861,0.0055,758.00861,-0.0152,758.00861,-0.0036,758.00861,0.0039,758.00861,-0.00471,758.00861,-0.00999,758.00861,9.27E-04,758.00861,-0.00256,758.00861,-6.06E-04,758.00861,6.57E-04,758.00861,-7.93E-04,758.00861,-0.00168
757.51483,0.01265,757.51483,0.00362,757.51483,6.71E-04,757.51483,0.01739,757.51483,0.01107,757.51483,5.52E-04,757.51483,0.00213,757.51483,6.09E-04,757.51483,1.13E-04,757.51483,0.00293,757.51483,0.00186,757.51483,9.29E-05
756.9856,0.01048,756.9856,-5.49E-04,756.9856,0.00218,756.9856,0.01301,756.9856,0.00726,756.9856,-0.00136,756.9856,0.00176,756.9856,-9.24E-05,756.9856,3.68E-04,756.9856,0.00219,756.9856,0.00122,756.9856,-2.29E-04
756.49158,0.01478,756.49158,0.00535,756.49158,0.00673,756.49158,0.00785,756.49158,0.01121,756.49158,-7.44E-04,756.49158,0.00249,756.49158,9.01E-04,756.49158,0.00113,756.49158,0.00132,756.49158,0.00189,756.49158,-1.25E-04
755.9975,0.00169,755.9975,0.0059,755.9975,0.00991,755.9975,0.00889,755.9975,0.01051,755.9975,0.00322,755.9975,2.85E-04,755.9975,9.94E-04,755.9975,0.00167,755.9975,0.0015,755.9975,0.00177,755.9975,5.42E-04
755.5033,0.01375,755.5033,-0.00322,755.5033,0.01454,755.5033,0.01628,755.5033,0.00961,755.5033,0.00915,755.5033,0.00232,755.5033,-5.42E-04,755.5033,0.00245,755.5033,0.00274,755.5033,0.00162,755.5033,0.00154
755.00897,0.0136,755.00897,0.0111,755.00897,0.01106,755.00897,0.01379,755.00897,0.01064,755.00897,0.00309,755.00897,0.00229,755.00897,0.00187,755.00897,0.00186,755.00897,0.00232,755.00897,0.00179,755.00897,5.21E-04
754.51453,0.00165,754.51453,-0.00265,754.51453,-0.00166,754.51453,0.01138,754.51453,0.00554,754.51453,-0.00194,754.51453,2.77E-04,754.51453,-4.46E-04,754.51453,-2.80E-04,754.51453,0.00192,754.51453,9.33E-04,754.51453,-3.27E-04
753.9848,0.01224,753.9848,0.01106,753.9848,0.01461,753.9848,0.01017,753.9848,0.00576,753.9848,0.00408,753.9848,0.00206,753.9848,0.00186,753.9848,0.00246,753.9848,0.00171,753.9848,9.71E-04,753.9848,6.86E-04
753.49023,0.00153,753.49023,-0.00459,753.49023,-0.00205,753.49023,0.00293,753.49023,0.00462,753.49023,3.47E-04,753.49023,2.57E-04,753.49023,-7.72E-04,753.49023,-3.45E-04,753.49023,4.94E-04,753.49023,7.78E-04,753.49023,5.84E-05
752.99561,-1.56E-04,752.99561,0.00253,752.99561,4.57E-04,752.99561,0.00794,752.99561,0.00396,752.99561,1.73E-04,752.99561,-2.62E-05,752.99561,4.27E-04,752.99561,7.70E-05,752.99561,0.00134,752.99561,6.67E-04,752.99561,2.91E-05
752.50085,0.01471,752.50085,-1.92E-04,752.50085,0.00686,752.50085,0.00315,752.50085,0.00665,752.50085,0.00705,752.50085,0.00248,752.50085,-3.24E-05,752.50085,0.00116,752.50085,5.30E-04,752.50085,0.00112,752.50085,0.00119
752.00598,-0.00675,752.00598,-0.00567,752.00598,-0.00104,752.00598,0.00263,752.00598,-0.00119,752.00598,0.00113,752.00598,-0.00114,752.00598,-9.56E-04,752.00598,-1.76E-04,752.00598,4.43E-04,752.00598,-2.01E-04,752.00598,1.90E-04
751.51117,8.97E-04,751.51117,0.00235,751.51117,-0.0022,751.51117,0.00835,751.51117,0.00749,751.51117,0.00136,751.51117,1.51E-04,751.51117,3.96E-04,751.51117,-3.71E-04,751.51117,0.00141,751.51117,0.00126,751.51117,2.29E-04
751.01611,-4.29E-04,751.01611,0.00358,751.01611,-7.71E-04,751.01611,0.00994,751.01611,0.00512,751.01611,0.00179,751.01611,-7.23E-05,751.01611,6.03E-04,751.01611,-1.30E-04,751.01611,0.00167,751.01611,8.62E-04,751.01611,3.01E-04
750.48566,0.01097,750.48566,-0.00267,750.48566,0.01087,750.48566,0.00619,750.48566,0.00929,750.48566,-0.00178,750.48566,0.00185,750.48566,-4.50E-04,750.48566,0.00183,750.48566,0.00104,750.48566,0.00156,750.48566,-3.00E-04
749.99042,-0.00389,749.99042,-0.00954,749.99042,-0.00823,749.99042,9.13E-04,749.99042,-0.00144,749.99042,-0.00231,749.99042,-6.55E-04,749.99042,-0.00161,749.99042,-0.00139,749.99042,1.54E-04,749.99042,-2.42E-04,749.99042,-3.89E-04
749.49518,0.00404,749.49518,0.00518,749.49518,0.00654,749.49518,0.00851,749.49518,0.01213,749.49518,0.01106,749.49518,6.81E-04,749.49518,8.72E-04,749.49518,0.0011,749.49518,0.00143,749.49518,0.00204,749.49518,0.00186
748.99982,0.01044,748.99982,0.00108,748.99982,0.0029,748.99982,0.01567,748.99982,0.00195,748.99982,0.00542,748.99982,0.00176,748.99982,1.81E-04,748.99982,4.89E-04,748.99982,0.00264,748.99982,3.28E-04,748.99982,9.13E-04
748.50433,0.00113,748.50433,0.00602,748.50433,0.00598,748.50433,0.01287,748.50433,0.00891,748.50433,0.01703,748.50433,1.91E-04,748.50433,0.00101,748.50433,0.00101,748.50433,0.00217,748.50433,0.0015,748.50433,0.00287
748.00879,-0.00662,748.00879,-0.00118,748.00879,-0.00238,748.00879,0.00216,748.00879,0.01053,748.00879,0.00116,748.00879,-0.00111,748.00879,-1.99E-04,748.00879,-4.01E-04,748.00879,3.64E-04,748.00879,0.00177,748.00879,1.96E-04
747.51312,-0.00524,747.51312,-0.00358,747.51312,0.00629,747.51312,0.00631,747.51312,0.00347,747.51312,0.00227,747.51312,-8.83E-04,747.51312,-6.03E-04,747.51312,0.00106,747.51312,0.00106,747.51312,5.85E-04,747.51312,3.82E-04
747.01739,-1.05E-04,747.01739,0.00221,747.01739,0.00337,747.01739,0.00806,747.01739,0.01186,747.01739,0.00574,747.01739,-1.76E-05,747.01739,3.72E-04,747.01739,5.67E-04,747.01739,0.00136,747.01739,0.002,747.01739,9.66E-04
746.48621,-0.00149,746.48621,-0.00314,746.48621,-0.00279,746.48621,0.00294,746.48621,-0.00128,746.48621,-0.00433,746.48621,-2.51E-04,746.48621,-5.29E-04,746.48621,-4.70E-04,746.48621,4.95E-04,746.48621,-2.16E-04,746.48621,-7.30E-04
745.9903,-4.59E-04,745.9903,-2.34E-04,745.9903,-8.56E-04,745.9903,0.00749,745.9903,0.00818,745.9903,0.00319,745.9903,-7.73E-05,745.9903,-3.94E-05,745.9903,-1.44E-04,745.9903,0.00126,745.9903,0.00138,745.9903,5.37E-04
745.49426,-0.00266,745.49426,0.00663,745.49426,0.00379,745.49426,0.00933,745.49426,0.00556,745.49426,0.00649,745.49426,-4.49E-04,745.49426,0.00112,745.49426,6.39E-04,745.49426,0.00157,745.49426,9.36E-04,745.49426,0.00109
744.99823,-0.00313,744.99823,-4.55E-04,744.99823,0.00336,744.99823,0.00589,744.99823,0.00167,744.99823,-1.68E-04,744.99823,-5.27E-04,744.99823,-7.67E-05,744.99823,5.65E-04,744.99823,9.92E-04,744.99823,2.81E-04,744.99823,-2.83E-05
744.50201,0.00681,744.50201,-0.004,744.50201,0.00643,744.50201,0.01145,744.50201,0.01238,744.50201,-0.00568,744.50201,0.00115,744.50201,-6.74E-04,744.50201,0.00108,744.50201,0.00193,744.50201,0.00209,744.50201,-9.57E-04
744.0058,-0.00246,744.0058,0.00256,744.0058,0.00137,744.0058,-0.00163,744.0058,0.00434,744.0058,-0.00241,744.0058,-4.14E-04,744.0058,4.31E-04,744.0058,2.31E-04,744.0058,-2.74E-04,744.0058,7.31E-04,744.0058,-4.06E-04
743.50946,-0.0062,743.50946,0.00139,743.50946,-0.00534,743.50946,-0.00368,743.50946,-0.00298,743.50946,-0.00727,743.50946,-0.00104,743.50946,2.34E-04,743.50946,-9.00E-04,743.50946,-6.20E-04,743.50946,-5.02E-04,743.50946,-0.00122
743.013,-0.00152,743.013,-0.00224,743.013,-0.00145,743.013,0.00332,743.013,0.00942,743.013,-0.00141,743.013,-2.55E-04,743.013,-3.78E-04,743.013,-2.45E-04,743.013,5.60E-04,743.013,0.00159,743.013,-2.37E-04
742.51648,0.00306,742.51648,-0.00688,742.51648,-0.00186,742.51648,0.00947,742.51648,4.58E-04,742.51648,0.00202,742.51648,5.16E-04,742.51648,-0.00116,742.51648,-3.14E-04,742.51648,0.00159,742.51648,7.71E-05,742.51648,3.39E-04
741.98438,0.01848,741.98438,0.01058,741.98438,0.01082,741.98438,0.01275,741.98438,0.01899,741.98438,0.00995,741.98438,0.00311,741.98438,0.00178,741.98438,0.00182,741.98438,0.00215,741.98438,0.0032,741.98438,0.00167
741.48767,0.00416,741.48767,-0.00167,741.48767,0.0072,741.48767,0.00508,741.48767,0.00475,741.48767,0.002,741.48767,7.00E-04,741.48767,-2.81E-04,741.48767,0.00121,741.48767,8.56E-04,741.48767,8.00E-04,741.48767,3.36E-04
740.99084,-0.0072,740.99084,-0.00229,740.99084,-0.00837,740.99084,0.0011,740.99084,0.00245,740.99084,-0.00463,740.99084,-0.00121,740.99084,-3.86E-04,740.99084,-0.00141,740.99084,1.85E-04,740.99084,4.13E-04,740.99084,-7.79E-04
740.49402,1.89E-04,740.49402,-0.00746,740.49402,-0.00122,740.49402,0.00879,740.49402,7.45E-04,740.49402,-0.00232,740.49402,3.18E-05,740.49402,-0.00126,740.49402,-2.06E-04,740.49402,0.00148,740.49402,1.25E-04,740.49402,-3.91E-04
739.99707,0.00806,739.99707,0.00569,739.99707,0.00589,739.99707,0.00632,739.99707,0.00846,739.99707,0.00707,739.99707,0.00136,739.99707,9.58E-04,739.99707,9.92E-04,739.99707,0.00106,739.99707,0.00143,739.99707,0.00119
739.5,0.00583,739.5,-0.00642,739.5,-0.0011,739.5,0.00512,739.5,0.00677,739.5,-0.00123,739.5,9.81E-04,739.5,-0.00108,739.5,-1.86E-04,739.5,8.62E-04,739.5,0.00114,739.5,-2.08E-04
739.00287,0.00493,739.00287,-0.00369,739.00287,-0.00372,739.00287,0.00384,739.00287,0.01236,739.00287,-5.53E-04,739.00287,8.30E-04,739.00287,-6.21E-04,739.00287,-6.26E-04,739.00287,6.47E-04,739.00287,0.00208,739.00287,-9.32E-05
738.50568,0.00218,738.50568,0.00383,738.50568,5.64E-04,738.50568,0.00723,738.50568,0.01167,738.50568,-1.94E-04,738.50568,3.67E-04,738.50568,6.46E-04,738.50568,9.49E-05,738.50568,0.00122,738.50568,0.00197,738.50568,-3.27E-05
738.00836,0.00203,738.00836,0.00201,738.00836,0.00695,738.00836,0.00349,738.00836,0.00292,738.00836,0.00194,738.00836,3.42E-04,738.00836,3.38E-04,738.00836,0.00117,738.00836,5.88E-04,738.00836,4.91E-04,738.00836,3.27E-04
737.51099,0.00659,737.51099,-0.00404,737.51099,0.00259,737.51099,0.01065,737.51099,0.00794,737.51099,0.00296,737.51099,0.00111,737.51099,-6.81E-04,737.51099,4.37E-04,737.51099,0.00179,737.51099,0.00134,737.51099,4.98E-04
737.01343,0.00339,737.01343,0.0015,737.01343,-2.02E-04,737.01343,0.00969,737.01343,0.00535,737.01343,-0.00239,737.01343,5.71E-04,737.01343,2.52E-04,737.01343,-3.41E-05,737.01343,0.00163,737.01343,9.01E-04,737.01343,-4.03E-04
736.51587,0.00496,736.51587,6.78E-04,736.51587,-0.00239,736.51587,0.00457,736.51587,5.62E-04,736.51587,7.70E-04,736.51587,8.36E-04,736.51587,1.14E-04,736.51587,-4.02E-04,736.51587,7.70E-04,736.51587,9.47E-05,736.51587,1.30E-04
735.98267,0.00275,735.98267,0.00239,735.98267,0.00334,735.98267,0.0055,735.98267,0.00997,735.98267,0.00784,735.98267,4.63E-04,735.98267,4.02E-04,735.98267,5.63E-04,735.98267,9.26E-04,735.98267,0.00168,735.98267,0.00132
735.48492,3.85E-04,735.48492,-0.00117,735.48492,-0.00213,735.48492,-0.00115,735.48492,0.00126,735.48492,-0.00221,735.48492,6.49E-05,735.48492,-1.97E-04,735.48492,-3.58E-04,735.48492,-1.94E-04,735.48492,2.12E-04,735.48492,-3.73E-04
734.98706,-3.44E-04,734.98706,0.00553,734.98706,0.00502,734.98706,0.01018,734.98706,0.00116,734.98706,4.45E-04,734.98706,-5.80E-05,734.98706,9.32E-04,734.98706,8.46E-04,734.98706,0.00172,734.98706,1.95E-04,734.98706,7.50E-05
734.48914,-0.01505,734.48914,-0.01113,734.48914,-0.00564,734.48914,8.65E-04,734.48914,0.00232,734.48914,2.97E-04,734.48914,-0.00254,734.48914,-0.00187,734.48914,-9.50E-04,734.48914,1.46E-04,734.48914,3.92E-04,734.48914,5.00E-05
733.99115,9.19E-04,733.99115,0.00154,733.99115,0.0032,733.99115,0.00404,733.99115,0.00629,733.99115,-4.64E-05,733.99115,1.55E-04,733.99115,2.60E-04,733.99115,5.38E-04,733.99115,6.80E-04,733.99115,0.00106,733.99115,-7.82E-06
733.49304,-0.00303,733.49304,-0.00209,733.49304,-0.00162,733.49304,0.00176,733.49304,0.00692,733.49304,0.00236,733.49304,-5.10E-04,733.49304,-3.52E-04,733.49304,-2.72E-04,733.49304,2.96E-04,733.49304,0.00116,733.49304,3.98E-04
732.99487,0.00221,732.99487,0.00157,732.99487,9.71E-04,732.99487,0.00894,732.99487,0.00364,732.99487,0.00399,732.99487,3.72E-04,732.99487,2.65E-04,732.99487,1.64E-04,732.99487,0.00151,732.99487,6.14E-04,732.99487,6.71E-04
732.49658,-9.10E-04,732.49658,0.00702,732.49658,0.00755,732.49658,0.01212,732.49658,0.00691,732.49658,0.0105,732.49658,-1.53E-04,732.49658,0.00118,732.49658,0.00127,732.49658,0.00204,732.49658,0.00116,732.49658,0.00177
731.99823,-0.00309,731.99823,-0.00796,731.99823,-0.00569,731.99823,0.00407,731.99823,-0.00273,731.99823,-0.01051,731.99823,-5.21E-04,731.99823,-0.00134,731.99823,-9.58E-04,731.99823,6.86E-04,731.99823,-4.60E-04,731.99823,-0.00177
731.49976,0.00397,731.49976,0.00107,731.49976,-9.27E-04,731.49976,0.00545,731.49976,0.00829,731.49976,2.81E-04,731.49976,6.69E-04,731.49976,1.80E-04,731.49976,-1.56E-04,731.49976,9.17E-04,731.49976,0.0014,731.49976,4.73E-05
731.00122,-0.00823,731.00122,-0.00806,731.00122,-0.0027,731.00122,9.17E-04,731.00122,0.00242,731.00122,-0.00594,731.00122,-0.00139,731.00122,-0.00136,731.00122,-4.55E-04,731.00122,1.54E-04,731.00122,4.08E-04,731.00122,-0.001
730.50262,-0.00174,730.50262,-0.00511,730.50262,-0.0029,730.50262,0.00808,730.50262,0.00131,730.50262,0.00654,730.50262,-2.93E-04,730.50262,-8.61E-04,730.50262,-4.89E-04,730.50262,0.00136,730.50262,2.20E-04,730.50262,0.0011
730.00391,0.00105,730.00391,-0.00298,730.00391,0.00109,730.00391,0.00411,730.00391,0.0054,730.00391,-0.00677,730.00391,1.76E-04,730.00391,-5.01E-04,730.00391,1.84E-04,730.00391,6.93E-04,730.00391,9.10E-04,730.00391,-0.00114
729.50507,-0.01195,729.50507,-6.58E-04,729.50507,-0.01425,729.50507,3.01E-04,729.50507,-7.53E-04,729.50507,-0.00656,729.50507,-0.00201,729.50507,-1.11E-04,729.50507,-0.0024,729.50507,5.07E-05,729.50507,-1.27E-04,729.50507,-0.0011
729.00629,0.00123,729.00629,-0.01048,729.00629,-0.00488,729.00629,0.01039,729.00629,0.00268,729.00629,6.77E-05,729.00629,2.07E-04,729.00629,-0.00176,729.00629,-8.22E-04,729.00629,0.00175,729.00629,4.52E-04,729.00629,1.14E-05
728.50726,-0.00345,728.50726,-0.00415,728.50726,0.00687,728.50726,0.00767,728.50726,0.00919,728.50726,0.0092,728.50726,-5.82E-04,728.50726,-6.99E-04,728.50726,0.00116,728.50726,0.00129,728.50726,0.00155,728.50726,0.00155
728.00818,0.00508,728.00818,-0.00289,728.00818,0.00292,728.00818,0.00466,728.00818,0.00707,728.00818,0.0065,728.00818,8.55E-04,728.00818,-4.86E-04,728.00818,4.91E-04,728.00818,7.84E-04,728.00818,0.00119,728.00818,0.00109
727.50903,-0.00992,727.50903,-0.00643,727.50903,-0.00689,727.50903,0.004,727.50903,-0.00314,727.50903,-0.00444,727.50903,-0.00167,727.50903,-0.00108,727.50903,-0.00116,727.50903,6.74E-04,727.50903,-5.28E-04,727.50903,-7.49E-04
727.00977,0.00739,727.00977,-0.00404,727.00977,0.00185,727.00977,0.01063,727.00977,0.00814,727.00977,-5.85E-04,727.00977,0.00124,727.00977,-6.81E-04,727.00977,3.11E-04,727.00977,0.00179,727.00977,0.00137,727.00977,-9.86E-05
726.51056,-0.00294,726.51056,-0.00238,726.51056,0.0019,726.51056,0.00552,726.51056,0.00481,726.51056,5.64E-04,726.51056,-4.95E-04,726.51056,-4.01E-04,726.51056,3.20E-04,726.51056,9.29E-04,726.51056,8.10E-04,726.51056,9.50E-05
726.01117,0.00556,726.01117,6.11E-04,726.01117,-7.75E-04,726.01117,0.00513,726.01117,0.00671,726.01117,0.00251,726.01117,9.36E-04,726.01117,1.03E-04,726.01117,-1.31E-04,726.01117,8.63E-04,726.01117,0.00113,726.01117,4.23E-04
725.51172,3.90E-04,725.51172,0.00161,725.51172,0.00629,725.51172,0.00914,725.51172,0.00502,725.51172,6.57E-04,725.51172,6.57E-05,725.51172,2.71E-04,725.51172,0.00106,725.51172,0.00154,725.51172,8.46E-04,725.51172,1.11E-04
725.01208,-0.00144,725.01208,0.00291,725.01208,-0.00233,725.01208,0.00763,725.01208,0.00131,725.01208,-0.00289,725.01208,-2.43E-04,725.01208,4.91E-04,725.01208,-3.92E-04,725.01208,0.00129,725.01208,2.21E-04,725.01208,-4.86E-04
724.51245,-0.00462,724.51245,-0.00325,724.51245,0.0097,724.51245,0.01188,724.51245,0.00415,724.51245,6.24E-04,724.51245,-7.79E-04,724.51245,-5.47E-04,724.51245,0.00163,724.51245,0.002,724.51245,6.99E-04,724.51245,1.05E-04
724.01276,-0.00112,724.01276,-0.00648,724.01276,2.70E-04,724.01276,-0.00287,724.01276,-4.33E-04,724.01276,-0.00741,724.01276,-1.89E-04,724.01276,-0.00109,724.01276,4.54E-05,724.01276,-4.84E-04,724.01276,-7.29E-05,724.01276,-0.00125
723.51288,2.83E-04,723.51288,0.00761,723.51288,0.00281,723.51288,0.00831,723.51288,0.01001,723.51288,-0.00295,723.51288,4.77E-05,723.51288,0.00128,723.51288,4.72E-04,723.51288,0.0014,723.51288,0.00169,723.51288,-4.96E-04
723.013,-0.00301,723.013,-0.00233,723.013,-6.76E-04,723.013,4.07E-04,723.013,0.00277,723.013,-4.57E-04,723.013,-5.08E-04,723.013,-3.93E-04,723.013,-1.14E-04,723.013,6.86E-05,723.013,4.66E-04,723.013,-7.70E-05
722.51294,0.00273,722.51294,0.00103,722.51294,0.00417,722.51294,0.00946,722.51294,0.00754,722.51294,0.00273,722.51294,4.59E-04,722.51294,1.74E-04,722.51294,7.03E-04,722.51294,0.00159,722.51294,0.00127,722.51294,4.59E-04
722.01294,-0.00247,722.01294,-0.01113,722.01294,-0.00342,722.01294,0.00197,722.01294,-0.00604,722.01294,-0.00338,722.01294,-4.17E-04,722.01294,-0.00188,722.01294,-5.75E-04,722.01294,3.31E-04,722.01294,-0.00102,722.01294,-5.70E-04
721.51276,-0.00126,721.51276,-0.00397,721.51276,-0.00612,721.51276,0.00446,721.51276,0.00549,721.51276,-0.00411,721.51276,-2.11E-04,721.51276,-6.69E-04,721.51276,-0.00103,721.51276,7.50E-04,721.51276,9.25E-04,721.51276,-6.93E-04
721.01251,-1.88E-04,721.01251,0.0033,721.01251,1.29E-04,721.01251,0.00578,721.01251,0.00347,721.01251,-0.00227,721.01251,-3.17E-05,721.01251,5.56E-04,721.01251,2.17E-05,721.01251,9.73E-04,721.01251,5.85E-04,721.01251,-3.83E-04
720.51215,-0.00243,720.51215,9.19E-04,720.51215,0.00529,720.51215,0.00557,720.51215,0.00964,720.51215,-0.00147,720.51215,-4.10E-04,720.51215,1.55E-04,720.51215,8.91E-04,720.51215,9.38E-04,720.51215,0.00162,720.51215,-2.48E-04
720.01178,5.73E-04,720.01178,0.00384,720.01178,0.00618,720.01178,0.00735,720.01178,0.0123,720.01178,0.00934,720.01178,9.65E-05,720.01178,6.47E-04,720.01178,0.00104,720.01178,0.00124,720.01178,0.00207,720.01178,0.00157
719.51129,0.00112,719.51129,0.00351,719.51129,-0.00226,719.51129,0.00839,719.51129,0.00879,719.51129,0.00439,719.51129,1.88E-04,719.51129,5.90E-04,719.51129,-3.80E-04,719.51129,0.00141,719.51129,0.00148,719.51129,7.39E-04
719.01068,-8.97E-04,719.01068,-0.00243,719.01068,-5.47E-04,719.01068,0.00541,719.01068,0.00809,719.01068,-0.00875,719.01068,-1.51E-04,719.01068,-4.09E-04,719.01068,-9.22E-05,719.01068,9.10E-04,719.01068,0.00136,719.01068,-0.00147
718.51001,-0.00702,718.51001,-0.00756,718.51001,6.74E-04,718.51001,0.00644,718.51001,0.00515,718.51001,0.00163,718.51001,-0.00118,718.51001,-0.00127,718.51001,1.14E-04,718.51001,0.00108,718.51001,8.67E-04,718.51001,2.75E-04
718.00928,-1.58E-04,718.00928,-0.0018,718.00928,0.00825,718.00928,0.00294,718.00928,0.0094,718.00928,-0.0014,718.00928,-2.66E-05,718.00928,-3.03E-04,718.00928,0.00139,718.00928,4.95E-04,718.00928,0.00158,718.00928,-2.37E-04
717.50836,-4.27E-04,717.50836,0.00501,717.50836,-0.00308,717.50836,0.00868,717.50836,0.00619,717.50836,-0.00112,717.50836,-7.19E-05,717.50836,8.44E-04,717.50836,-5.18E-04,717.50836,0.00146,717.50836,0.00104,717.50836,-1.89E-04
717.00745,-0.00423,717.00745,1.14E-04,717.00745,-7.25E-04,717.00745,0.00224,717.00745,0.00251,717.00745,-0.00377,717.00745,-7.13E-04,717.00745,1.92E-05,717.00745,-1.22E-04,717.00745,3.77E-04,717.00745,4.23E-04,717.00745,-6.36E-04
716.50647,0.00663,716.50647,0.00686,716.50647,0.01148,716.50647,0.01497,716.50647,0.01127,716.50647,0.00379,716.50647,0.00112,716.50647,0.00116,716.50647,0.00193,716.50647,0.00252,716.50647,0.0019,716.50647,6.38E-04
716.00531,-0.00275,716.00531,-0.00211,716.00531,-0.00293,716.00531,0.00965,716.00531,0.00462,716.00531,-0.00284,716.00531,-4.64E-04,716.00531,-3.55E-04,716.00531,-4.93E-04,716.00531,0.00163,716.00531,7.79E-04,716.00531,-4.79E-04
715.50415,-0.00632,715.50415,5.98E-04,715.50415,7.91E-04,715.50415,0.00375,715.50415,6.70E-04,715.50415,-0.00175,715.50415,-0.00106,715.50415,1.01E-04,715.50415,1.33E-04,715.50415,6.32E-04,715.50415,1.13E-04,715.50415,-2.95E-04
715.00287,-0.00321,715.00287,-0.00445,715.00287,0.00452,715.00287,0.0105,715.00287,0.00531,715.00287,0.00225,715.00287,-5.41E-04,715.00287,-7.49E-04,715.00287,7.61E-04,715.00287,0.00177,715.00287,8.94E-04,715.00287,3.79E-04
714.50153,0.00773,714.50153,0.00514,714.50153,0.00426,714.50153,0.00933,714.50153,0.00993,714.50153,0.00724,714.50153,0.0013,714.50153,8.66E-04,714.50153,7.18E-04,714.50153,0.00157,714.50153,0.00167,714.50153,0.00122
714.00006,0.00128,714.00006,-0.0058,714.00006,0.0041,714.00006,0.0085,714.00006,0.01106,714.00006,0.00185,714.00006,2.15E-04,714.00006,-9.77E-04,714.00006,6.91E-04,714.00006,0.00143,714.00006,0.00186,714.00006,3.12E-04
713.49866,-0.00121,713.49866,0.00103,713.49866,0.00464,713.49866,0.01106,713.49866,0.01072,713.49866,0.00783,713.49866,-2.04E-04,713.49866,1.73E-04,713.49866,7.81E-04,713.49866,0.00186,713.49866,0.00181,713.49866,0.00132
712.99701,0.00809,712.99701,-0.0043,712.99701,0.00805,712.99701,0.00839,712.99701,0.0086,712.99701,0.00555,712.99701,0.00136,712.99701,-7.24E-04,712.99701,0.00136,712.99701,0.00141,712.99701,0.00145,712.99701,9.34E-04
712.49536,-0.00297,712.49536,-0.01199,712.49536,-0.00213,712.49536,0.00329,712.49536,0.00814,712.49536,-0.0013,712.49536,-5.00E-04,712.49536,-0.00202,712.49536,-3.58E-04,712.49536,5.54E-04,712.49536,0.00137,712.49536,-2.19E-04
711.99353,-0.00264,711.99353,0.0052,711.99353,0.00106,711.99353,0.00261,711.99353,0.00526,711.99353,-0.00142,711.99353,-4.45E-04,711.99353,8.76E-04,711.99353,1.78E-04,711.99353,4.40E-04,711.99353,8.86E-04,711.99353,-2.39E-04
711.49164,-0.00388,711.49164,-0.00301,711.49164,8.69E-04,711.49164,-3.34E-04,711.49164,0.01196,711.49164,-0.00262,711.49164,-6.54E-04,711.49164,-5.07E-04,711.49164,1.46E-04,711.49164,-5.62E-05,711.49164,0.00201,711.49164,-4.42E-04
710.98975,-0.00305,710.98975,-0.0048,710.98975,-0.00252,710.98975,-0.00142,710.98975,0.00183,710.98975,-0.00297,710.98975,-5.14E-04,710.98975,-8.09E-04,710.98975,-4.24E-04,710.98975,-2.39E-04,710.98975,3.08E-04,710.98975,-5.01E-04
710.48773,-0.00458,710.48773,-0.00627,710.48773,-0.00304,710.48773,9.56E-04,710.48773,-0.00477,710.48773,-0.00763,710.48773,-7.71E-04,710.48773,-0.00106,710.48773,-5.12E-04,710.48773,1.61E-04,710.48773,-8.04E-04,710.48773,-0.00129
709.9856,-8.80E-04,709.9856,-0.00135,709.9856,-0.00822,709.9856,0.00792,709.9856,0.00144,709.9856,0.00413,709.9856,-1.48E-04,709.9856,-2.27E-04,709.9856,-0.00138,709.9856,0.00133,709.9856,2.42E-04,709.9856,6.96E-04
709.4834,-0.00319,709.4834,-0.00436,709.4834,-0.00445,709.4834,0.00468,709.4834,0.00107,709.4834,4.04E-04,709.4834,-5.38E-04,709.4834,-7.34E-04,709.4834,-7.49E-04,709.4834,7.89E-04,709.4834,1.80E-04,709.4834,6.81E-05
709.01703,-0.00138,709.01703,3.69E-04,709.01703,0.00761,709.01703,0.0051,709.01703,0.00608,709.01703,-0.00227,709.01703,-2.32E-04,709.01703,6.22E-05,709.01703,0.00128,709.01703,8.59E-04,709.01703,0.00102,709.01703,-3.82E-04
708.51471,0.00724,708.51471,-0.00438,708.51471,-0.00489,708.51471,0.01085,708.51471,0.00793,708.51471,0.00155,708.51471,0.00122,708.51471,-7.38E-04,708.51471,-8.24E-04,708.51471,0.00183,708.51471,0.00134,708.51471,2.60E-04
708.01227,0.00281,708.01227,0.00493,708.01227,0.01087,708.01227,0.01265,708.01227,0.01501,708.01227,0.00524,708.01227,4.73E-04,708.01227,8.31E-04,708.01227,0.00183,708.01227,0.00213,708.01227,0.00253,708.01227,8.83E-04
707.50977,0.00314,707.50977,2.19E-04,707.50977,-0.00151,707.50977,0.00997,707.50977,0.0025,707.50977,0.0012,707.50977,5.30E-04,707.50977,3.69E-05,707.50977,-2.55E-04,707.50977,0.00168,707.50977,4.21E-04,707.50977,2.02E-04
707.00714,0.00408,707.00714,0.00232,707.00714,0.00327,707.00714,0.01042,707.00714,0.01162,707.00714,0.00718,707.00714,6.88E-04,707.00714,3.91E-04,707.00714,5.52E-04,707.00714,0.00175,707.00714,0.00196,707.00714,0.00121
706.50446,-0.002,706.50446,-0.0069,706.50446,-0.01364,706.50446,0.00245,706.50446,-0.00363,706.50446,-0.00866,706.50446,-3.36E-04,706.50446,-0.00116,706.50446,-0.0023,706.50446,4.12E-04,706.50446,-6.12E-04,706.50446,-0.00146
706.00165,0.01071,706.00165,0.00149,706.00165,0.00476,706.00165,0.01815,706.00165,0.0149,706.00165,0.00696,706.00165,0.0018,706.00165,2.50E-04,706.00165,8.02E-04,706.00165,0.00306,706.00165,0.00251,706.00165,0.00117
705.49878,-0.00644,705.49878,-0.0065,705.49878,0.00365,705.49878,0.00192,705.49878,0.00493,705.49878,-0.0027,705.49878,-0.00109,705.49878,-0.00109,705.49878,6.14E-04,705.49878,3.23E-04,705.49878,8.31E-04,705.49878,-4.55E-04
704.99585,0.00149,704.99585,5.63E-04,704.99585,-0.00487,704.99585,0.00531,704.99585,0.00329,704.99585,0.0049,704.99585,2.51E-04,704.99585,9.49E-05,704.99585,-8.20E-04,704.99585,8.94E-04,704.99585,5.54E-04,704.99585,8.25E-04
704.49286,0.00276,704.49286,0.00324,704.49286,0.00819,704.49286,0.01381,704.49286,0.01196,704.49286,0.00687,704.49286,4.65E-04,704.49286,5.45E-04,704.49286,0.00138,704.49286,0.00233,704.49286,0.00201,704.49286,0.00116
703.98975,-0.00894,703.98975,-0.00567,703.98975,-0.00555,703.98975,0.00544,703.98975,0.00303,703.98975,0.00222,703.98975,-0.00151,703.98975,-9.55E-04,703.98975,-9.35E-04,703.98975,9.17E-04,703.98975,5.11E-04,703.98975,3.74E-04
703.48651,-0.00446,703.48651,-0.00418,703.48651,0.00307,703.48651,0.01069,703.48651,0.00769,703.48651,-0.00247,703.48651,-7.51E-04,703.48651,-7.04E-04,703.48651,5.17E-04,703.48651,0.0018,703.48651,0.0013,703.48651,-4.17E-04
702.98322,-3.11E-04,702.98322,-0.00467,702.98322,-0.00772,702.98322,6.08E-04,702.98322,0.00687,702.98322,-0.00223,702.98322,-5.24E-05,702.98322,-7.87E-04,702.98322,-0.0013,702.98322,1.02E-04,702.98322,0.00116,702.98322,-3.75E-04
702.51587,0.00292,702.51587,0.00214,702.51587,0.00861,702.51587,0.01036,702.51587,0.00688,702.51587,0.00135,702.51587,4.92E-04,702.51587,3.61E-04,702.51587,0.00145,702.51587,0.00174,702.51587,0.00116,702.51587,2.27E-04
702.01245,-0.00271,702.01245,0.00287,702.01245,0.00281,702.01245,0.00873,702.01245,0.00537,702.01245,9.09E-04,702.01245,-4.56E-04,702.01245,4.84E-04,702.01245,4.74E-04,702.01245,0.00147,702.01245,9.05E-04,702.01245,1.53E-04
701.50891,0.00291,701.50891,-0.00174,701.50891,0.00663,701.50891,0.00268,701.50891,0.00667,701.50891,0.00239,701.50891,4.91E-04,701.50891,-2.93E-04,701.50891,0.00112,701.50891,4.51E-04,701.50891,0.00112,701.50891,4.03E-04
701.00537,0.00279,701.00537,-9.13E-04,701.00537,0.00281,701.00537,0.01096,701.00537,0.01394,701.00537,-0.00203,701.00537,4.69E-04,701.00537,-1.54E-04,701.00537,4.73E-04,701.00537,0.00185,701.00537,0.00235,701.00537,-3.42E-04
700.50165,0.00301,700.50165,-8.57E-04,700.50165,0.00389,700.50165,0.01105,700.50165,0.00653,700.50165,-0.00161,700.50165,5.07E-04,700.50165,-1.44E-04,700.50165,6.56E-04,700.50165,0.00186,700.50165,0.0011,700.50165,-2.72E-04
699.99786,0.00148,699.99786,0.00321,699.99786,0.00218,699.99786,0.00786,699.99786,0.00768,699.99786,0.00302,699.99786,2.49E-04,699.99786,5.40E-04,699.99786,3.68E-04,699.99786,0.00132,699.99786,0.00129,699.99786,5.08E-04
699.49402,0.00313,699.49402,-0.00327,699.49402,0.00643,699.49402,0.01271,699.49402,0.00787,699.49402,-0.00169,699.49402,5.27E-04,699.49402,-5.51E-04,699.49402,0.00108,699.49402,0.00214,699.49402,0.00133,699.49402,-2.84E-04
698.99011,0.00809,698.99011,0.00761,698.99011,0.00895,698.99011,0.01426,698.99011,0.01178,698.99011,0.01031,698.99011,0.00136,698.99011,0.00128,698.99011,0.00151,698.99011,0.0024,698.99011,0.00198,698.99011,0.00174
698.48608,-0.00348,698.48608,-8.78E-04,698.48608,-0.00457,698.48608,8.58E-04,698.48608,0.00266,698.48608,-0.00307,698.48608,-5.86E-04,698.48608,-1.48E-04,698.48608,-7.70E-04,698.48608,1.45E-04,698.48608,4.48E-04,698.48608,-5.17E-04
697.98206,-0.00148,697.98206,-0.00112,697.98206,-0.0037,697.98206,0.00603,697.98206,0.00965,697.98206,3.62E-04,697.98206,-2.50E-04,697.98206,-1.89E-04,697.98206,-6.23E-04,697.98206,0.00102,697.98206,0.00163,697.98206,6.10E-05
697.51392,0.00237,697.51392,-0.0016,697.51392,-0.00154,697.51392,0.00766,697.51392,0.00947,697.51392,2.93E-04,697.51392,4.00E-04,697.51392,-2.69E-04,697.51392,-2.59E-04,697.51392,0.00129,697.51392,0.0016,697.51392,4.93E-05
697.00964,0.0048,697.00964,0.00252,697.00964,0.00194,697.00964,0.00268,697.00964,0.00481,697.00964,-0.00217,697.00964,8.09E-04,697.00964,4.24E-04,697.00964,3.26E-04,697.00964,4.52E-04,697.00964,8.10E-04,697.00964,-3.65E-04
696.50531,0.0034,696.50531,0.00259,696.50531,-0.00162,696.50531,0.01282,696.50531,0.00512,696.50531,-0.00437,696.50531,5.73E-04,696.50531,4.37E-04,696.50531,-2.73E-04,696.50531,0.00216,696.50531,8.62E-04,696.50531,-7.37E-04
696.00085,0.01151,696.00085,0.0045,696.00085,0.01373,696.00085,0.00973,696.00085,0.01661,696.00085,0.00333,696.00085,0.00194,696.00085,7.57E-04,696.00085,0.00231,696.00085,0.00164,696.00085,0.0028,696.00085,5.61E-04
695.49634,0.0082,695.49634,0.00631,695.49634,0.00153,695.49634,0.01323,695.49634,0.01497,695.49634,9.39E-04,695.49634,0.00138,695.49634,0.00106,695.49634,2.58E-04,695.49634,0.00223,695.49634,0.00252,695.49634,1.58E-04
694.99182,-0.0065,694.99182,-0.01023,694.99182,-0.00151,694.99182,0.00103,694.99182,-0.00251,694.99182,-0.00411,694.99182,-0.00109,694.99182,-0.00172,694.99182,-2.54E-04,694.99182,1.73E-04,694.99182,-4.23E-04,694.99182,-6.93E-04
694.48712,-0.00346,694.48712,-0.00215,694.48712,0.00137,694.48712,0.00447,694.48712,0.00933,694.48712,0.00805,694.48712,-5.83E-04,694.48712,-3.63E-04,694.48712,2.30E-04,694.48712,7.53E-04,694.48712,0.00157,694.48712,0.00136
693.98236,-0.00291,693.98236,-0.00949,693.98236,-0.0117,693.98236,0.00258,693.98236,0.00785,693.98236,-0.01388,693.98236,-4.90E-04,693.98236,-0.0016,693.98236,-0.00197,693.98236,4.35E-04,693.98236,0.00132,693.98236,-0.00234
693.51367,0.00237,693.51367,0.00527,693.51367,0.00474,693.51367,0.00755,693.51367,0.01322,693.51367,0.00158,693.51367,3.99E-04,693.51367,8.88E-04,693.51367,7.98E-04,693.51367,0.00127,693.51367,0.00223,693.51367,2.66E-04
693.00879,-4.27E-05,693.00879,0.00196,693.00879,-0.00226,693.00879,0.00798,693.00879,0.00661,693.00879,0.00123,693.00879,-7.20E-06,693.00879,3.30E-04,693.00879,-3.80E-04,693.00879,0.00134,693.00879,0.00111,693.00879,2.08E-04
692.50372,0.0028,692.50372,-0.0012,692.50372,0.00411,692.50372,0.00799,692.50372,0.00621,692.50372,0.00495,692.50372,4.71E-04,692.50372,-2.01E-04,692.50372,6.93E-04,692.50372,0.00135,692.50372,0.00105,692.50372,8.34E-04
691.99872,0.00781,691.99872,0.0063,691.99872,0.00304,691.99872,0.01235,691.99872,0.00933,691.99872,0.0058,691.99872,0.00131,691.99872,0.00106,691.99872,5.12E-04,691.99872,0.00208,691.99872,0.00157,691.99872,9.77E-04
691.49353,0.0088,691.49353,7.46E-04,691.49353,0.00664,691.49353,0.02056,691.49353,0.01567,691.49353,0.00347,691.49353,0.00148,691.49353,1.26E-04,691.49353,0.00112,691.49353,0.00346,691.49353,0.00264,691.49353,5.85E-04
690.98834,0.00612,690.98834,0.00311,690.98834,0.00437,690.98834,0.00713,690.98834,0.00896,690.98834,0.00548,690.98834,0.00103,690.98834,5.24E-04,690.98834,7.36E-04,690.98834,0.0012,690.98834,0.00151,690.98834,9.23E-04
690.48303,8.96E-04,690.48303,-0.00507,690.48303,-0.00795,690.48303,0.00241,690.48303,-0.00272,690.48303,-0.00302,690.48303,1.51E-04,690.48303,-8.55E-04,690.48303,-0.00134,690.48303,4.06E-04,690.48303,-4.58E-04,690.48303,-5.08E-04
690.01373,0.00865,690.01373,0.00513,690.01373,0.01167,690.01373,0.01358,690.01373,0.01461,690.01373,0.01147,690.01373,0.00146,690.01373,8.63E-04,690.01373,0.00197,690.01373,0.00229,690.01373,0.00246,690.01373,0.00193
689.5083,-0.00115,689.5083,0.00424,689.5083,0.01442,689.5083,0.01278,689.5083,0.0059,689.5083,0.00983,689.5083,-1.93E-04,689.5083,7.15E-04,689.5083,0.00243,689.5083,0.00215,689.5083,9.93E-04,689.5083,0.00165
689.00275,0.00258,689.00275,-2.08E-04,689.00275,0.00804,689.00275,0.00688,689.00275,0.0052,689.00275,0.00573,689.00275,4.34E-04,689.00275,-3.50E-05,689.00275,0.00135,689.00275,0.00116,689.00275,8.75E-04,689.00275,9.65E-04
688.49713,-0.00191,688.49713,-0.01535,688.49713,-0.00401,688.49713,-0.00507,688.49713,-0.00448,688.49713,-0.01135,688.49713,-3.21E-04,688.49713,-0.00259,688.49713,-6.76E-04,688.49713,-8.54E-04,688.49713,-7.55E-04,688.49713,-0.00191
687.99139,-0.00166,687.99139,-0.00174,687.99139,0.00148,687.99139,-0.00213,687.99139,0.00308,687.99139,-0.00407,687.99139,-2.80E-04,687.99139,-2.94E-04,687.99139,2.50E-04,687.99139,-3.59E-04,687.99139,5.19E-04,687.99139,-6.85E-04
687.4856,0.00209,687.4856,0.00653,687.4856,0.00368,687.4856,0.0138,687.4856,0.00427,687.4856,0.01118,687.4856,3.51E-04,687.4856,0.0011,687.4856,6.19E-04,687.4856,0.00232,687.4856,7.19E-04,687.4856,0.00188
687.01581,0.00904,687.01581,0.00373,687.01581,0.01002,687.01581,0.01738,687.01581,0.01384,687.01581,0.0087,687.01581,0.00152,687.01581,6.29E-04,687.01581,0.00169,687.01581,0.00293,687.01581,0.00233,687.01581,0.00147
686.50995,0.00624,686.50995,0.00113,686.50995,0.00747,686.50995,0.01196,686.50995,0.00784,686.50995,0.00718,686.50995,0.00105,686.50995,1.91E-04,686.50995,0.00126,686.50995,0.00201,686.50995,0.00132,686.50995,0.00121
686.00391,-0.00179,686.00391,-0.00407,686.00391,0.0036,686.00391,0.01063,686.00391,0.00405,686.00391,0.00658,686.00391,-3.01E-04,686.00391,-6.85E-04,686.00391,6.07E-04,686.00391,0.00179,686.00391,6.82E-04,686.00391,0.00111
685.4978,0.00754,685.4978,0.00652,685.4978,0.00918,685.4978,0.01322,685.4978,0.01603,685.4978,0.01055,685.4978,0.00127,685.4978,0.0011,685.4978,0.00155,685.4978,0.00223,685.4978,0.0027,685.4978,0.00178
684.99158,0.00304,684.99158,-4.92E-04,684.99158,0.00358,684.99158,-0.00129,684.99158,7.37E-04,684.99158,0.0036,684.99158,5.12E-04,684.99158,-8.29E-05,684.99158,6.03E-04,684.99158,-2.18E-04,684.99158,1.24E-04,684.99158,6.05E-04
684.48529,0.01054,684.48529,0.01453,684.48529,0.01637,684.48529,0.01537,684.48529,0.02488,684.48529,0.015,684.48529,0.00178,684.48529,0.00245,684.48529,0.00276,684.48529,0.00259,684.48529,0.00419,684.48529,0.00253
684.01514,-3.87E-04,684.01514,-0.00846,684.01514,-0.00773,684.01514,-0.00357,684.01514,-0.00579,684.01514,-0.00434,684.01514,-6.52E-05,684.01514,-0.00143,684.01514,-0.0013,684.01514,-6.01E-04,684.01514,-9.75E-04,684.01514,-7.31E-04
683.50867,0.01119,683.50867,0.00655,683.50867,0.00897,683.50867,0.0142,683.50867,0.01124,683.50867,0.01124,683.50867,0.00188,683.50867,0.0011,683.50867,0.00151,683.50867,0.00239,683.50867,0.00189,683.50867,0.00189
683.00214,0.00422,683.00214,0.00902,683.00214,0.00154,683.00214,0.01036,683.00214,0.01082,683.00214,0.00621,683.00214,7.11E-04,683.00214,0.00152,683.00214,2.59E-04,683.00214,0.00174,683.00214,0.00182,683.00214,0.00105
682.49554,0.01102,682.49554,0.00223,682.49554,0.00612,682.49554,0.01412,682.49554,0.01504,682.49554,0.01032,682.49554,0.00186,682.49554,3.75E-04,682.49554,0.00103,682.49554,0.00238,682.49554,0.00253,682.49554,0.00174
681.98895,0.00215,681.98895,-0.00177,681.98895,0.00269,681.98895,0.00803,681.98895,0.00651,681.98895,0.00437,681.98895,3.62E-04,681.98895,-2.99E-04,681.98895,4.53E-04,681.98895,0.00135,681.98895,0.0011,681.98895,7.36E-04
681.48224,0.00602,681.48224,0.00388,681.48224,0.00398,681.48224,0.0152,681.48224,0.00706,681.48224,0.00193,681.48224,0.00101,681.48224,6.54E-04,681.48224,6.71E-04,681.48224,0.00256,681.48224,0.00119,681.48224,3.26E-04
681.01154,0.00319,681.01154,0.00499,681.01154,-8.08E-04,681.01154,0.00413,681.01154,0.00759,681.01154,0.00331,681.01154,5.37E-04,681.01154,8.40E-04,681.01154,-1.36E-04,681.01154,6.96E-04,681.01154,0.00128,681.01154,5.58E-04
680.5047,0.00637,680.5047,-0.00466,680.5047,-2.90E-04,680.5047,0.00669,680.5047,0.00673,680.5047,8.30E-04,680.5047,0.00107,680.5047,-7.85E-04,680.5047,-4.88E-05,680.5047,0.00113,680.5047,0.00113,680.5047,1.40E-04
679.99768,0.00724,679.99768,0.00272,679.99768,0.00664,679.99768,0.01037,679.99768,0.00916,679.99768,0.00203,679.99768,0.00122,679.99768,4.59E-04,679.99768,0.00112,679.99768,0.00175,679.99768,0.00154,679.99768,3.42E-04
679.4906,0.00985,679.4906,-0.00178,679.4906,6.46E-04,679.4906,2.58E-04,679.4906,0.00525,679.4906,0.00331,679.4906,0.00166,679.4906,-3.00E-04,679.4906,1.09E-04,679.4906,4.35E-05,679.4906,8.84E-04,679.4906,5.58E-04
678.98346,0.00334,678.98346,-0.00142,678.98346,0.00284,678.98346,0.00486,678.98346,-7.01E-05,678.98346,-6.01E-04,678.98346,5.62E-04,678.98346,-2.38E-04,678.98346,4.79E-04,678.98346,8.19E-04,678.98346,-1.18E-05,678.98346,-1.01E-04
678.51245,0.00589,678.51245,0.00622,678.51245,0.00163,678.51245,0.01113,678.51245,0.00663,678.51245,0.00718,678.51245,9.93E-04,678.51245,0.00105,678.51245,2.75E-04,678.51245,0.00187,678.51245,0.00112,678.51245,0.00121
678.00519,0.01213,678.00519,0.00673,678.00519,0.01175,678.00519,0.01072,678.00519,0.01649,678.00519,0.00754,678.00519,0.00204,678.00519,0.00113,678.00519,0.00198,678.00519,0.00181,678.00519,0.00278,678.00519,0.00127
677.4978,0.00473,677.4978,0.00859,677.4978,0.00662,677.4978,0.00147,677.4978,0.00654,677.4978,0.00462,677.4978,7.97E-04,677.4978,0.00145,677.4978,0.00112,677.4978,2.47E-04,677.4978,0.0011,677.4978,7.78E-04
676.9903,0.00706,676.9903,-2.80E-05,676.9903,0.00167,676.9903,0.01416,676.9903,0.00913,676.9903,5.27E-04,676.9903,0.00119,676.9903,-4.71E-06,676.9903,2.82E-04,676.9903,0.00238,676.9903,0.00154,676.9903,8.87E-05
676.48279,0.00206,676.48279,0.01036,676.48279,0.00127,676.48279,0.01739,676.48279,0.01403,676.48279,0.00516,676.48279,3.47E-04,676.48279,0.00175,676.48279,2.13E-04,676.48279,0.00293,676.48279,0.00236,676.48279,8.69E-04
676.01135,0.00804,676.01135,0.00635,676.01135,0.00459,676.01135,0.01133,676.01135,0.00837,676.01135,0.00343,676.01135,0.00135,676.01135,0.00107,676.01135,7.73E-04,676.01135,0.00191,676.01135,0.00141,676.01135,5.77E-04
675.50372,0.0088,675.50372,0.01518,675.50372,0.01115,675.50372,0.01818,675.50372,0.0193,675.50372,0.01302,675.50372,0.00148,675.50372,0.00256,675.50372,0.00188,675.50372,0.00306,675.50372,0.00325,675.50372,0.00219
674.99597,0.00781,674.99597,-0.00671,674.99597,0.00211,674.99597,0.01101,674.99597,0.01035,674.99597,-8.79E-04,674.99597,0.00132,674.99597,-0.00113,674.99597,3.55E-04,674.99597,0.00186,674.99597,0.00174,674.99597,-1.48E-04
674.4881,0.00252,674.4881,4.19E-04,674.4881,-0.00413,674.4881,6.50E-04,674.4881,0.00803,674.4881,0.00236,674.4881,4.24E-04,674.4881,7.06E-05,674.4881,-6.95E-04,674.4881,1.10E-04,674.4881,0.00135,674.4881,3.97E-04
674.01648,0.00352,674.01648,0.00367,674.01648,0.00418,674.01648,0.00385,674.01648,0.01384,674.01648,0.00593,674.01648,5.93E-04,674.01648,6.18E-04,674.01648,7.04E-04,674.01648,6.49E-04,674.01648,0.00233,674.01648,9.99E-04
673.50842,0.00347,673.50842,-0.00144,673.50842,0.00449,673.50842,0.01177,673.50842,0.00557,673.50842,-0.00111,673.50842,5.85E-04,673.50842,-2.43E-04,673.50842,7.56E-04,673.50842,0.00198,673.50842,9.38E-04,673.50842,-1.87E-04
673.00037,6.86E-04,673.00037,-0.00595,673.00037,-0.00215,673.00037,0.00585,673.00037,0.00273,673.00037,-1.86E-04,673.00037,1.16E-04,673.00037,-0.001,673.00037,-3.62E-04,673.00037,9.86E-04,673.00037,4.60E-04,673.00037,-3.13E-05
672.49219,0.00272,672.49219,-0.00118,672.49219,0.00254,672.49219,-0.00171,672.49219,0.00627,672.49219,-3.56E-04,672.49219,4.57E-04,672.49219,-1.99E-04,672.49219,4.28E-04,672.49219,-2.87E-04,672.49219,0.00106,672.49219,-5.99E-05
671.98389,-0.00238,671.98389,-0.00452,671.98389,-0.00251,671.98389,0.00872,671.98389,0.00828,671.98389,-0.00517,671.98389,-4.01E-04,671.98389,-7.60E-04,671.98389,-4.22E-04,671.98389,0.00147,671.98389,0.00139,671.98389,-8.70E-04
671.51196,-0.00172,671.51196,0.0034,671.51196,0.00155,671.51196,0.0105,671.51196,0.0054,671.51196,-0.00173,671.51196,-2.89E-04,671.51196,5.72E-04,671.51196,2.61E-04,671.51196,0.00177,671.51196,9.09E-04,671.51196,-2.91E-04
671.00354,-0.0032,671.00354,0.00199,671.00354,0.00101,671.00354,0.00593,671.00354,0.00101,671.00354,-0.00383,671.00354,-5.39E-04,671.00354,3.35E-04,671.00354,1.69E-04,671.00354,9.98E-04,671.00354,1.69E-04,671.00354,-6.45E-04
670.49506,2.74E-05,670.49506,1.60E-04,670.49506,9.16E-05,670.49506,0.00736,670.49506,0.00781,670.49506,-9.14E-05,670.49506,4.61E-06,670.49506,2.70E-05,670.49506,1.54E-05,670.49506,0.00124,670.49506,0.00132,670.49506,-1.54E-05
669.98645,-1.19E-04,669.98645,-0.00256,669.98645,0.00171,669.98645,0.00789,669.98645,0.00632,669.98645,0.00125,669.98645,-2.00E-05,669.98645,-4.31E-04,669.98645,2.88E-04,669.98645,0.00133,669.98645,0.00106,669.98645,2.11E-04
669.51416,0.00414,669.51416,-0.00421,669.51416,-0.00232,669.51416,0.00833,669.51416,0.00642,669.51416,0.00148,669.51416,6.98E-04,669.51416,-7.09E-04,669.51416,-3.90E-04,669.51416,0.0014,669.51416,0.00108,669.51416,2.48E-04
669.00543,0.00225,669.00543,0.00485,669.00543,7.86E-04,669.00543,0.01275,669.00543,2.44E-04,669.00543,-0.00118,669.00543,3.79E-04,669.00543,8.17E-04,669.00543,1.32E-04,669.00543,0.00215,669.00543,4.11E-05,669.00543,-1.99E-04
668.49664,-0.00527,668.49664,-0.01028,668.49664,-9.90E-05,668.49664,0.00751,668.49664,0.00469,668.49664,-5.04E-04,668.49664,-8.88E-04,668.49664,-0.00173,668.49664,-1.67E-05,668.49664,0.00127,668.49664,7.90E-04,668.49664,-8.49E-05
667.98779,-7.68E-04,667.98779,-8.29E-04,667.98779,0.00332,667.98779,0.01157,667.98779,0.0049,667.98779,-0.00596,667.98779,-1.29E-04,667.98779,-1.40E-04,667.98779,5.58E-04,667.98779,0.00195,667.98779,8.25E-04,667.98779,-0.001
667.51526,-0.00857,667.51526,-0.00627,667.51526,0.00319,667.51526,0.00625,667.51526,0.00149,667.51526,6.38E-04,667.51526,-0.00144,667.51526,-0.00106,667.51526,5.38E-04,667.51526,0.00105,667.51526,2.52E-04,667.51526,1.07E-04
667.00623,9.63E-04,667.00623,0.00466,667.00623,0.00576,667.00623,0.0061,667.00623,0.00638,667.00623,0.00469,667.00623,1.62E-04,667.00623,7.85E-04,667.00623,9.71E-04,667.00623,0.00103,667.00623,0.00107,667.00623,7.91E-04
666.49707,-0.00149,666.49707,0.00313,666.49707,-0.0024,666.49707,0.00343,666.49707,0.00576,666.49707,-0.00147,666.49707,-2.52E-04,666.49707,5.27E-04,666.49707,-4.04E-04,666.49707,5.77E-04,666.49707,9.69E-04,666.49707,-2.48E-04
665.98798,-9.20E-04,665.98798,0.00262,665.98798,0.00664,665.98798,0.00577,665.98798,0.00631,665.98798,0.00249,665.98798,-1.55E-04,665.98798,4.41E-04,665.98798,0.00112,665.98798,9.73E-04,665.98798,0.00106,665.98798,4.19E-04
665.51508,0.00503,665.51508,0.00217,665.51508,0.00681,665.51508,0.00919,665.51508,0.00829,665.51508,0.00746,665.51508,8.48E-04,665.51508,3.65E-04,665.51508,0.00115,665.51508,0.00155,665.51508,0.0014,665.51508,0.00126
665.00574,-0.00511,665.00574,-9.47E-04,665.00574,-0.00447,665.00574,0.00339,665.00574,0.00514,665.00574,0.00295,665.00574,-8.61E-04,665.00574,-1.59E-04,665.00574,-7.54E-04,665.00574,5.71E-04,665.00574,8.66E-04,665.00574,4.96E-04
664.49634,0.01408,664.49634,0.01285,664.49634,0.01489,664.49634,0.0303,664.49634,0.01993,664.49634,0.00793,664.49634,0.00237,664.49634,0.00216,664.49634,0.00251,664.49634,0.0051,664.49634,0.00336,664.49634,0.00134
663.98688,0.0057,663.98688,0.00396,663.98688,0.01153,663.98688,0.02058,663.98688,0.01057,663.98688,0.00194,663.98688,9.60E-04,663.98688,6.66E-04,663.98688,0.00194,663.98688,0.00347,663.98688,0.00178,663.98688,3.27E-04
663.51367,0.00135,663.51367,5.26E-04,663.51367,-0.00484,663.51367,0.01005,663.51367,0.0152,663.51367,0.00955,663.51367,2.27E-04,663.51367,8.86E-05,663.51367,-8.15E-04,663.51367,0.00169,663.51367,0.00256,663.51367,0.00161
663.00409,-0.00321,663.00409,-0.00675,663.00409,-2.35E-04,663.00409,-9.64E-04,663.00409,0.01151,663.00409,-0.00331,663.00409,-5.40E-04,663.00409,-0.00114,663.00409,-3.97E-05,663.00409,-1.62E-04,663.00409,0.00194,663.00409,-5.58E-04
662.49432,0.00149,662.49432,-0.0054,662.49432,0.00418,662.49432,0.01044,662.49432,0.0074,662.49432,0.00608,662.49432,2.51E-04,662.49432,-9.09E-04,662.49432,7.04E-04,662.49432,0.00176,662.49432,0.00125,662.49432,0.00102
661.9845,0.00365,661.9845,-1.67E-04,661.9845,0.00257,661.9845,0.0109,661.9845,0.00816,661.9845,0.01032,661.9845,6.14E-04,661.9845,-2.82E-05,661.9845,4.33E-04,661.9845,0.00184,661.9845,0.00137,661.9845,0.00174
661.51111,0.00372,661.51111,-4.64E-04,661.51111,0.00519,661.51111,0.01512,661.51111,0.00896,661.51111,0.01415,661.51111,6.26E-04,661.51111,-7.82E-05,661.51111,8.74E-04,661.51111,0.00255,661.51111,0.00151,661.51111,0.00238
661.00116,-0.00568,661.00116,-0.00403,661.00116,-0.00301,661.00116,0.00785,661.00116,0.00293,661.00116,0.00264,661.00116,-9.57E-04,661.00116,-6.78E-04,661.00116,-5.07E-04,661.00116,0.00132,661.00116,4.93E-04,661.00116,4.44E-04
660.49115,-0.00112,660.49115,-0.00478,660.49115,0.00405,660.49115,0.00819,660.49115,0.00533,660.49115,0.00145,660.49115,-1.89E-04,660.49115,-8.05E-04,660.49115,6.83E-04,660.49115,0.00138,660.49115,8.98E-04,660.49115,2.43E-04
660.01739,-0.00154,660.01739,-0.0012,660.01739,-0.00191,660.01739,0.00991,660.01739,0.01122,660.01739,-4.33E-04,660.01739,-2.60E-04,660.01739,-2.02E-04,660.01739,-3.22E-04,660.01739,0.00167,660.01739,0.00189,660.01739,-7.29E-05
659.50726,8.29E-04,659.50726,0.00399,659.50726,-6.83E-04,659.50726,0.01062,659.50726,0.00463,659.50726,9.86E-04,659.50726,1.40E-04,659.50726,6.72E-04,659.50726,-1.15E-04,659.50726,0.00179,659.50726,7.80E-04,659.50726,1.66E-04
658.99701,0.00343,658.99701,0.00496,658.99701,0.00307,658.99701,0.01225,658.99701,0.01236,658.99701,0.00626,658.99701,5.78E-04,658.99701,8.35E-04,658.99701,5.18E-04,658.99701,0.00206,658.99701,0.00208,658.99701,0.00105
658.48669,-0.00621,658.48669,0.00187,658.48669,0.00159,658.48669,0.00642,658.48669,0.00692,658.48669,3.41E-05,658.48669,-0.00105,658.48669,3.15E-04,658.48669,2.68E-04,658.48669,0.00108,658.48669,0.00117,658.48669,5.75E-06
658.01282,0.00507,658.01282,-0.00229,658.01282,0.00988,658.01282,0.01032,658.01282,0.01064,658.01282,0.00457,658.01282,8.54E-04,658.01282,-3.86E-04,658.01282,0.00166,658.01282,0.00174,658.01282,0.00179,658.01282,7.69E-04
657.50226,-0.00115,657.50226,-0.00194,657.50226,-4.48E-04,657.50226,0.00515,657.50226,0.01283,657.50226,4.13E-04,657.50226,-1.93E-04,657.50226,-3.26E-04,657.50226,-7.55E-05,657.50226,8.67E-04,657.50226,0.00216,657.50226,6.95E-05
656.99176,1.57E-04,656.99176,-0.00649,656.99176,-0.00498,656.99176,0.00572,656.99176,0.00646,656.99176,-0.00177,656.99176,2.64E-05,656.99176,-0.00109,656.99176,-8.39E-04,656.99176,9.63E-04,656.99176,0.00109,656.99176,-2.99E-04
656.51758,-1.40E-04,656.51758,-0.00327,656.51758,0.00153,656.51758,0.00478,656.51758,0.00555,656.51758,-0.0015,656.51758,-2.35E-05,656.51758,-5.51E-04,656.51758,2.58E-04,656.51758,8.05E-04,656.51758,9.34E-04,656.51758,-2.52E-04
656.00684,0.00889,656.00684,0.00299,656.00684,0.00923,656.00684,0.0154,656.00684,0.01302,656.00684,0.01167,656.00684,0.0015,656.00684,5.04E-04,656.00684,0.00156,656.00684,0.00259,656.00684,0.00219,656.00684,0.00197
655.49609,4.14E-04,655.49609,-0.00577,655.49609,0.00387,655.49609,0.00748,655.49609,0.00517,655.49609,0.00245,655.49609,6.97E-05,655.49609,-9.72E-04,655.49609,6.52E-04,655.49609,0.00126,655.49609,8.72E-04,655.49609,4.13E-04
654.98523,-0.00112,654.98523,-0.00543,654.98523,-0.00189,654.98523,0.00572,654.98523,0.00455,654.98523,-1.53E-04,654.98523,-1.88E-04,654.98523,-9.14E-04,654.98523,-3.18E-04,654.98523,9.63E-04,654.98523,7.66E-04,654.98523,-2.57E-05
654.5108,-0.00412,654.5108,-0.0109,654.5108,-7.00E-04,654.5108,-0.00461,654.5108,-0.00177,654.5108,-0.00457,654.5108,-6.94E-04,654.5108,-0.00184,654.5108,-1.18E-04,654.5108,-7.77E-04,654.5108,-2.98E-04,654.5108,-7.69E-04
653.99976,1.04E-04,653.99976,0.00883,653.99976,-0.0022,653.99976,0.01081,653.99976,0.00789,653.99976,0.00509,653.99976,1.75E-05,653.99976,0.00149,653.99976,-3.71E-04,653.99976,0.00182,653.99976,0.00133,653.99976,8.57E-04
653.48871,-0.00396,653.48871,3.89E-04,653.48871,-0.00679,653.48871,0.0101,653.48871,0.00951,653.48871,0.00304,653.48871,-6.67E-04,653.48871,6.55E-05,653.48871,-0.00114,653.48871,0.0017,653.48871,0.0016,653.48871,5.12E-04
653.01404,0.00427,653.01404,0.00552,653.01404,0.00264,653.01404,0.00195,653.01404,0.01162,653.01404,0.00462,653.01404,7.20E-04,653.01404,9.30E-04,653.01404,4.45E-04,653.01404,3.29E-04,653.01404,0.00196,653.01404,7.78E-04
652.50281,0.00337,652.50281,0.00221,652.50281,-0.00323,652.50281,0.01202,652.50281,0.0067,652.50281,0.00535,652.50281,5.67E-04,652.50281,3.72E-04,652.50281,-5.44E-04,652.50281,0.00203,652.50281,0.00113,652.50281,9.01E-04
651.99152,-4.62E-04,651.99152,0.00362,651.99152,-0.00472,651.99152,0.00999,651.99152,0.00432,651.99152,0.00515,651.99152,-7.78E-05,651.99152,6.10E-04,651.99152,-7.95E-04,651.99152,0.00168,651.99152,7.27E-04,651.99152,8.67E-04
651.51672,3.94E-04,651.51672,0.00467,651.51672,1.90E-04,651.51672,0.01205,651.51672,0.00865,651.51672,0.00612,651.51672,6.64E-05,651.51672,7.86E-04,651.51672,3.20E-05,651.51672,0.00203,651.51672,0.00146,651.51672,0.00103
651.00519,0.00353,651.00519,-7.33E-04,651.00519,6.65E-04,651.00519,0.01001,651.00519,0.00798,651.00519,-0.00433,651.00519,5.95E-04,651.00519,-1.24E-04,651.00519,1.12E-04,651.00519,0.00169,651.00519,0.00134,651.00519,-7.29E-04
650.49365,-3.67E-04,650.49365,-0.00622,650.49365,0.00312,650.49365,0.00895,650.49365,0.00235,650.49365,0.00256,650.49365,-6.18E-05,650.49365,-0.00105,650.49365,5.25E-04,650.49365,0.00151,650.49365,3.95E-04,650.49365,4.32E-04
649.98206,0.00756,649.98206,0.0048,649.98206,0.01356,649.98206,0.01123,649.98206,0.01628,649.98206,0.00277,649.98206,0.00127,649.98206,8.09E-04,649.98206,0.00228,649.98206,0.00189,649.98206,0.00274,649.98206,4.66E-04
649.50696,0.00111,649.50696,0.00303,649.50696,9.59E-04,649.50696,0.01044,649.50696,0.0068,649.50696,0.00113,649.50696,1.86E-04,649.50696,5.10E-04,649.50696,1.62E-04,649.50696,0.00176,649.50696,0.00115,649.50696,1.91E-04
648.99518,-5.97E-04,648.99518,0.00415,648.99518,0.00275,648.99518,0.01407,648.99518,0.01753,648.99518,0.00412,648.99518,-1.00E-04,648.99518,6.99E-04,648.99518,4.63E-04,648.99518,0.00237,648.99518,0.00295,648.99518,6.94E-04
648.48334,0.00288,648.48334,-0.00318,648.48334,0.00413,648.48334,0.01166,648.48334,0.00689,648.48334,0.00668,648.48334,4.85E-04,648.48334,-5.35E-04,648.48334,6.96E-04,648.48334,0.00196,648.48334,0.00116,648.48334,0.00113
648.008,-0.00122,648.008,0.00323,648.008,0.0071,648.008,0.01299,648.008,0.01523,648.008,-5.52E-04,648.008,-2.06E-04,648.008,5.44E-04,648.008,0.0012,648.008,0.00219,648.008,0.00256,648.008,-9.30E-05
647.49597,-0.00419,647.49597,-0.00129,647.49597,-0.00668,647.49597,0.00683,647.49597,0.01198,647.49597,7.93E-04,647.49597,-7.06E-04,647.49597,-2.17E-04,647.49597,-0.00113,647.49597,0.00115,647.49597,0.00202,647.49597,1.34E-04
646.98389,-0.00111,646.98389,-0.00319,646.98389,-0.00198,646.98389,0.01231,646.98389,-0.00279,646.98389,-0.00379,646.98389,-1.86E-04,646.98389,-5.37E-04,646.98389,-3.33E-04,646.98389,0.00207,646.98389,-4.70E-04,646.98389,-6.38E-04
646.50842,0.00268,646.50842,4.58E-04,646.50842,-1.79E-04,646.50842,0.0051,646.50842,0.0077,646.50842,0.00109,646.50842,4.52E-04,646.50842,7.72E-05,646.50842,-3.01E-05,646.50842,8.59E-04,646.50842,0.0013,646.50842,1.83E-04
645.99615,-0.00205,645.99615,-2.13E-04,645.99615,-0.00373,645.99615,0.00925,645.99615,0.00753,645.99615,7.09E-04,645.99615,-3.45E-04,645.99615,-3.58E-05,645.99615,-6.28E-04,645.99615,0.00156,645.99615,0.00127,645.99615,1.19E-04
645.48389,0.01035,645.48389,0.00647,645.48389,0.00531,645.48389,0.01694,645.48389,0.01608,645.48389,0.00372,645.48389,0.00174,645.48389,0.00109,645.48389,8.94E-04,645.48389,0.00285,645.48389,0.00271,645.48389,6.26E-04
645.00812,0.00524,645.00812,0.00381,645.00812,0.00167,645.00812,0.01272,645.00812,0.00875,645.00812,0.00215,645.00812,8.82E-04,645.00812,6.42E-04,645.00812,2.81E-04,645.00812,0.00214,645.00812,0.00147,645.00812,3.63E-04
644.49567,0.00101,644.49567,0.00324,644.49567,0.00472,644.49567,0.01218,644.49567,0.01042,644.49567,0.00153,644.49567,1.69E-04,644.49567,5.46E-04,644.49567,7.96E-04,644.49567,0.00205,644.49567,0.00175,644.49567,2.58E-04
643.98315,-0.01045,643.98315,-0.00143,643.98315,-0.00735,643.98315,0.00465,643.98315,-0.00264,643.98315,0.00153,643.98315,-0.00176,643.98315,-2.41E-04,643.98315,-0.00124,643.98315,7.83E-04,643.98315,-4.44E-04,643.98315,2.57E-04
643.5072,0.0029,643.5072,0.00701,643.5072,0.0074,643.5072,0.01232,643.5072,0.01211,643.5072,-0.00189,643.5072,4.88E-04,643.5072,0.00118,643.5072,0.00125,643.5072,0.00207,643.5072,0.00204,643.5072,-3.18E-04
642.99457,-0.00181,642.99457,-0.00446,642.99457,-0.0021,642.99457,0.00519,642.99457,0.01208,642.99457,-0.00134,642.99457,-3.04E-04,642.99457,-7.51E-04,642.99457,-3.54E-04,642.99457,8.74E-04,642.99457,0.00204,642.99457,-2.26E-04
642.48181,0.0021,642.48181,0.00122,642.48181,0.00489,642.48181,0.01646,642.48181,0.00684,642.48181,0.0013,642.48181,3.54E-04,642.48181,2.06E-04,642.48181,8.24E-04,642.48181,0.00277,642.48181,0.00115,642.48181,2.19E-04
642.00562,0.00593,642.00562,-0.00214,642.00562,0.00392,642.00562,0.0213,642.00562,0.01163,642.00562,0.00865,642.00562,9.99E-04,642.00562,-3.60E-04,642.00562,6.60E-04,642.00562,0.00359,642.00562,0.00196,642.00562,0.00146
641.49274,0.00443,641.49274,0.00482,641.49274,0.01211,641.49274,0.01827,641.49274,0.012,641.49274,0.00398,641.49274,7.46E-04,641.49274,8.11E-04,641.49274,0.00204,641.49274,0.00308,641.49274,0.00202,641.49274,6.71E-04
641.01642,-0.00528,641.01642,-3.50E-04,641.01642,0.0072,641.01642,0.00707,641.01642,0.00342,641.01642,-0.00121,641.01642,-8.90E-04,641.01642,-5.89E-05,641.01642,0.00121,641.01642,0.00119,641.01642,5.77E-04,641.01642,-2.04E-04
640.50342,-4.94E-04,640.50342,9.59E-04,640.50342,0.00386,640.50342,0.01178,640.50342,0.01191,640.50342,8.33E-04,640.50342,-8.32E-05,640.50342,1.62E-04,640.50342,6.50E-04,640.50342,0.00198,640.50342,0.00201,640.50342,1.40E-04
639.99036,0.00472,639.99036,-0.00264,639.99036,0.01018,639.99036,0.01139,639.99036,0.01053,639.99036,0.00306,639.99036,7.95E-04,639.99036,-4.45E-04,639.99036,0.00172,639.99036,0.00192,639.99036,0.00177,639.99036,5.15E-04
639.51379,0.00759,639.51379,0.00292,639.51379,0.00557,639.51379,0.0183,639.51379,0.0172,639.51379,0.00338,639.51379,0.00128,639.51379,4.92E-04,639.51379,9.39E-04,639.51379,0.00308,639.51379,0.0029,639.51379,5.69E-04
639.00055,0.00467,639.00055,0.0026,639.00055,0.00724,639.00055,0.01588,639.00055,0.0097,639.00055,0.00537,639.00055,7.87E-04,639.00055,4.38E-04,639.00055,0.00122,639.00055,0.00267,639.00055,0.00163,639.00055,9.05E-04
638.48724,-0.0064,638.48724,-0.00289,638.48724,-0.00417,638.48724,0.00675,638.48724,0.0059,638.48724,0.00211,638.48724,-0.00108,638.48724,-4.87E-04,638.48724,-7.02E-04,638.48724,0.00114,638.48724,9.94E-04,638.48724,3.55E-04
638.01056,-0.00546,638.01056,-0.00102,638.01056,9.19E-04,638.01056,0.00918,638.01056,0.00576,638.01056,6.68E-04,638.01056,-9.19E-04,638.01056,-1.71E-04,638.01056,1.55E-04,638.01056,0.00155,638.01056,9.70E-04,638.01056,1.12E-04
637.49707,0.00222,637.49707,-0.00368,637.49707,0.00134,637.49707,0.01126,637.49707,0.00387,637.49707,0.00344,637.49707,3.73E-04,637.49707,-6.19E-04,637.49707,2.25E-04,637.49707,0.0019,637.49707,6.51E-04,637.49707,5.80E-04
636.98358,0.00146,636.98358,0.0024,636.98358,0.00491,636.98358,0.01208,636.98358,0.00935,636.98358,0.004,636.98358,2.46E-04,636.98358,4.04E-04,636.98358,8.28E-04,636.98358,0.00203,636.98358,0.00158,636.98358,6.74E-04
636.50659,0.00527,636.50659,0.00575,636.50659,0.00955,636.50659,0.0174,636.50659,0.01691,636.50659,0.01057,636.50659,8.88E-04,636.50659,9.68E-04,636.50659,0.00161,636.50659,0.00293,636.50659,0.00285,636.50659,0.00178
635.99292,0.00424,635.99292,0.0053,635.99292,0.00933,635.99292,0.01257,635.99292,0.01505,635.99292,0.00529,635.99292,7.14E-04,635.99292,8.92E-04,635.99292,0.00157,635.99292,0.00212,635.99292,0.00254,635.99292,8.91E-04
635.51587,-0.00263,635.51587,-0.00248,635.51587,7.33E-04,635.51587,0.0095,635.51587,0.01231,635.51587,-4.55E-04,635.51587,-4.42E-04,635.51587,-4.18E-04,635.51587,1.23E-04,635.51587,0.0016,635.51587,0.00207,635.51587,-7.67E-05
635.00208,0.00182,635.00208,-0.00454,635.00208,-0.00375,635.00208,0.00969,635.00208,0.00991,635.00208,-1.00E-03,635.00208,3.07E-04,635.00208,-7.65E-04,635.00208,-6.31E-04,635.00208,0.00163,635.00208,0.00167,635.00208,-1.68E-04
634.4881,3.71E-04,634.4881,-0.00163,634.4881,0.00677,634.4881,0.0124,634.4881,0.01126,634.4881,0.00491,634.4881,6.24E-05,634.4881,-2.74E-04,634.4881,0.00114,634.4881,0.00209,634.4881,0.0019,634.4881,8.27E-04
634.01086,-5.43E-04,634.01086,-0.00167,634.01086,-7.81E-04,634.01086,0.0126,634.01086,0.00447,634.01086,-0.00244,634.01086,-9.15E-05,634.01086,-2.82E-04,634.01086,-1.32E-04,634.01086,0.00212,634.01086,7.52E-04,634.01086,-4.11E-04
633.49677,-0.0016,633.49677,-0.00448,633.49677,0.00241,633.49677,0.00828,633.49677,0.00886,633.49677,-8.43E-05,633.49677,-2.69E-04,633.49677,-7.54E-04,633.49677,4.06E-04,633.49677,0.00139,633.49677,0.00149,633.49677,-1.42E-05
632.98267,-0.00747,632.98267,-0.0027,632.98267,-3.31E-04,632.98267,0.00562,632.98267,0.00422,632.98267,-0.00679,632.98267,-0.00126,632.98267,-4.54E-04,632.98267,-5.57E-05,632.98267,9.47E-04,632.98267,7.11E-04,632.98267,-0.00114
632.50525,-0.00473,632.50525,-0.0032,632.50525,-0.00105,632.50525,0.00747,632.50525,0.01467,632.50525,-3.69E-04,632.50525,-7.96E-04,632.50525,-5.39E-04,632.50525,-1.77E-04,632.50525,0.00126,632.50525,0.00247,632.50525,-6.21E-05
631.99097,-0.00355,631.99097,0.00172,631.99097,0.00767,631.99097,0.01293,631.99097,0.00782,631.99097,0.00217,631.99097,-5.98E-04,631.99097,2.90E-04,631.99097,0.00129,631.99097,0.00218,631.99097,0.00132,631.99097,3.66E-04
631.51337,0.00752,631.51337,-8.41E-04,631.51337,0.00392,631.51337,0.01007,631.51337,0.01223,631.51337,5.14E-04,631.51337,0.00127,631.51337,-1.42E-04,631.51337,6.60E-04,631.51337,0.0017,631.51337,0.00206,631.51337,8.66E-05
630.99896,0.00286,630.99896,-0.00189,630.99896,0.00361,630.99896,0.01331,630.99896,0.01013,630.99896,0.00558,630.99896,4.82E-04,630.99896,-3.19E-04,630.99896,6.07E-04,630.99896,0.00224,630.99896,0.00171,630.99896,9.40E-04
630.48444,-0.00268,630.48444,-0.00216,630.48444,0.00409,630.48444,0.00958,630.48444,0.00292,630.48444,0.00136,630.48444,-4.51E-04,630.48444,-3.63E-04,630.48444,6.89E-04,630.48444,0.00161,630.48444,4.92E-04,630.48444,2.30E-04
630.00665,0.00249,630.00665,0.00214,630.00665,0.00919,630.00665,0.01352,630.00665,0.0123,630.00665,0.00915,630.00665,4.20E-04,630.00665,3.61E-04,630.00665,0.00155,630.00665,0.00228,630.00665,0.00207,630.00665,0.00154
629.492,0.00147,629.492,0.00881,629.492,0.00833,629.492,0.01609,629.492,0.01062,629.492,0.00429,629.492,2.47E-04,629.492,0.00148,629.492,0.0014,629.492,0.00271,629.492,0.00179,629.492,7.23E-04
629.0141,0.00641,629.0141,0.00175,629.0141,0.00839,629.0141,0.01204,629.0141,0.0121,629.0141,0.00634,629.0141,0.00108,629.0141,2.95E-04,629.0141,0.00141,629.0141,0.00203,629.0141,0.00204,629.0141,0.00107
628.49927,0.00508,628.49927,0.00186,628.49927,0.00923,628.49927,0.01042,628.49927,0.01336,628.49927,0.00847,628.49927,8.55E-04,628.49927,3.14E-04,628.49927,0.00155,628.49927,0.00175,628.49927,0.00225,628.49927,0.00143
627.98438,-0.00341,627.98438,9.49E-04,627.98438,0.00602,627.98438,0.01079,627.98438,0.00258,627.98438,0.00137,627.98438,-5.75E-04,627.98438,1.60E-04,627.98438,0.00101,627.98438,0.00182,627.98438,4.34E-04,627.98438,2.31E-04
627.50629,0.00269,627.50629,-0.00339,627.50629,0.00202,627.50629,0.00934,627.50629,0.00658,627.50629,-0.00337,627.50629,4.54E-04,627.50629,-5.70E-04,627.50629,3.39E-04,627.50629,0.00157,627.50629,0.00111,627.50629,-5.67E-04
626.99133,0.00191,626.99133,0.00118,626.99133,0.0028,626.99133,0.01076,626.99133,0.01038,626.99133,0.00227,626.99133,3.22E-04,626.99133,1.98E-04,626.99133,4.72E-04,626.99133,0.00181,626.99133,0.00175,626.99133,3.82E-04
626.51306,-6.91E-04,626.51306,-4.18E-05,626.51306,0.00657,626.51306,0.00869,626.51306,0.00842,626.51306,0.00336,626.51306,-1.16E-04,626.51306,-7.04E-06,626.51306,0.00111,626.51306,0.00146,626.51306,0.00142,626.51306,5.66E-04
625.99792,-0.00174,625.99792,0.00522,625.99792,0.0018,625.99792,0.0111,625.99792,0.0105,625.99792,4.78E-04,625.99792,-2.94E-04,625.99792,8.79E-04,625.99792,3.03E-04,625.99792,0.00187,625.99792,0.00177,625.99792,8.05E-05
625.48267,0.00969,625.48267,0.00766,625.48267,0.01201,625.48267,0.0146,625.48267,0.01717,625.48267,0.01266,625.48267,0.00163,625.48267,0.00129,625.48267,0.00202,625.48267,0.00246,625.48267,0.00289,625.48267,0.00213
625.00427,6.06E-04,625.00427,0.00139,625.00427,0.00309,625.00427,0.01077,625.00427,0.00985,625.00427,0.00566,625.00427,1.02E-04,625.00427,2.34E-04,625.00427,5.20E-04,625.00427,0.00181,625.00427,0.00166,625.00427,9.53E-04
624.48889,6.42E-04,624.48889,0.00467,624.48889,0.00581,624.48889,0.0118,624.48889,0.00804,624.48889,6.02E-04,624.48889,1.08E-04,624.48889,7.86E-04,624.48889,9.78E-04,624.48889,0.00199,624.48889,0.00135,624.48889,1.01E-04
624.01031,-5.58E-04,624.01031,0.00209,624.01031,0.00746,624.01031,0.01136,624.01031,0.01059,624.01031,0.00202,624.01031,-9.40E-05,624.01031,3.52E-04,624.01031,0.00126,624.01031,0.00191,624.01031,0.00178,624.01031,3.41E-04
623.49481,0.00153,623.49481,-0.00121,623.49481,0.00498,623.49481,0.01228,623.49481,0.00895,623.49481,0.0024,623.49481,2.58E-04,623.49481,-2.05E-04,623.49481,8.38E-04,623.49481,0.00207,623.49481,0.00151,623.49481,4.04E-04
623.01605,0.00207,623.01605,-0.00611,623.01605,0.00496,623.01605,0.00761,623.01605,0.00667,623.01605,0.00543,623.01605,3.49E-04,623.01605,-0.00103,623.01605,8.36E-04,623.01605,0.00128,623.01605,0.00112,623.01605,9.15E-04
622.50037,0.00144,622.50037,-0.00545,622.50037,0.00893,622.50037,0.01008,622.50037,0.00402,622.50037,9.38E-05,622.50037,2.43E-04,622.50037,-9.17E-04,622.50037,0.0015,622.50037,0.0017,622.50037,6.77E-04,622.50037,1.58E-05
621.98474,0.00735,621.98474,-0.00129,621.98474,0.00247,621.98474,0.00844,621.98474,0.01315,621.98474,0.00573,621.98474,0.00124,621.98474,-2.18E-04,621.98474,4.16E-04,621.98474,0.00142,621.98474,0.00222,621.98474,9.66E-04
621.5058,0.00198,621.5058,-0.00382,621.5058,0.00195,621.5058,0.00808,621.5058,0.00313,621.5058,-0.00239,621.5058,3.34E-04,621.5058,-6.43E-04,621.5058,3.28E-04,621.5058,0.00136,621.5058,5.27E-04,621.5058,-4.02E-04
620.98987,0.002,620.98987,0.00562,620.98987,0.00844,620.98987,0.01502,620.98987,0.01027,620.98987,0.00935,620.98987,3.37E-04,620.98987,9.46E-04,620.98987,0.00142,620.98987,0.00253,620.98987,0.00173,620.98987,0.00157
620.51086,0.00552,620.51086,0.00589,620.51086,0.0088,620.51086,0.01595,620.51086,0.0097,620.51086,0.00408,620.51086,9.30E-04,620.51086,9.92E-04,620.51086,0.00148,620.51086,0.00269,620.51086,0.00163,620.51086,6.88E-04
619.99481,0.0054,619.99481,-0.00148,619.99481,0.00292,619.99481,0.00852,619.99481,0.00473,619.99481,0.00174,619.99481,9.10E-04,619.99481,-2.48E-04,619.99481,4.92E-04,619.99481,0.00143,619.99481,7.96E-04,619.99481,2.92E-04
619.51575,-0.00175,619.51575,-0.00378,619.51575,-2.59E-04,619.51575,0.00651,619.51575,0.00645,619.51575,0.00164,619.51575,-2.95E-04,619.51575,-6.37E-04,619.51575,-4.37E-05,619.51575,0.0011,619.51575,0.00109,619.51575,2.76E-04
618.99957,0.00604,618.99957,0.00402,618.99957,0.00673,618.99957,0.01618,618.99957,0.01618,618.99957,0.00494,618.99957,0.00102,618.99957,6.77E-04,618.99957,0.00113,618.99957,0.00273,618.99957,0.00273,618.99957,8.32E-04
618.48334,0.00312,618.48334,0.01035,618.48334,0.01234,618.48334,0.01312,618.48334,0.0138,618.48334,0.00439,618.48334,5.26E-04,618.48334,0.00174,618.48334,0.00208,618.48334,0.00221,618.48334,0.00232,618.48334,7.39E-04
618.00391,0.00601,618.00391,0.00144,618.00391,0.00806,618.00391,0.01061,618.00391,0.0072,618.00391,0.00537,618.00391,0.00101,618.00391,2.43E-04,618.00391,0.00136,618.00391,0.00179,618.00391,0.00121,618.00391,9.05E-04
617.48761,0.00813,617.48761,0.00621,617.48761,0.00787,617.48761,0.01296,617.48761,0.01104,617.48761,0.0085,617.48761,0.00137,617.48761,0.00105,617.48761,0.00133,617.48761,0.00218,617.48761,0.00186,617.48761,0.00143
617.00812,3.11E-04,617.00812,0.00623,617.00812,0.0048,617.00812,0.0069,617.00812,0.0082,617.00812,0.00238,617.00812,5.24E-05,617.00812,0.00105,617.00812,8.08E-04,617.00812,0.00116,617.00812,0.00138,617.00812,4.01E-04
616.49158,0.0043,616.49158,0.00479,616.49158,0.00899,616.49158,0.01044,616.49158,0.01222,616.49158,0.01004,616.49158,7.24E-04,616.49158,8.07E-04,616.49158,0.00151,616.49158,0.00176,616.49158,0.00206,616.49158,0.00169
616.0119,0.00688,616.0119,-0.00121,616.0119,0.01048,616.0119,0.0216,616.0119,0.01156,616.0119,0.00542,616.0119,0.00116,616.0119,-2.03E-04,616.0119,0.00177,616.0119,0.00364,616.0119,0.00195,616.0119,9.13E-04
615.4953,0.00111,615.4953,-0.00124,615.4953,0.0028,615.4953,0.00768,615.4953,0.00996,615.4953,0.00361,615.4953,1.87E-04,615.4953,-2.08E-04,615.4953,4.72E-04,615.4953,0.00129,615.4953,0.00168,615.4953,6.07E-04
615.01556,0.01164,615.01556,0.00999,615.01556,0.01432,615.01556,0.01925,615.01556,0.01594,615.01556,0.0128,615.01556,0.00196,615.01556,0.00168,615.01556,0.00241,615.01556,0.00324,615.01556,0.00268,615.01556,0.00216
614.49878,0.0023,614.49878,-0.00226,614.49878,0.00428,614.49878,0.00501,614.49878,0.01097,614.49878,0.00354,614.49878,3.87E-04,614.49878,-3.80E-04,614.49878,7.21E-04,614.49878,8.44E-04,614.49878,0.00185,614.49878,5.97E-04
613.98193,-6.27E-04,613.98193,3.08E-04,613.98193,0.00289,613.98193,0.01492,613.98193,0.00342,613.98193,0.0019,613.98193,-1.06E-04,613.98193,5.18E-05,613.98193,4.86E-04,613.98193,0.00251,613.98193,5.76E-04,613.98193,3.21E-04
613.50195,0.00598,613.50195,0.00101,613.50195,0.00969,613.50195,0.0138,613.50195,0.01222,613.50195,0.00574,613.50195,0.00101,613.50195,1.70E-04,613.50195,0.00163,613.50195,0.00232,613.50195,0.00206,613.50195,9.67E-04
612.98492,0.00165,612.98492,0.00146,612.98492,0.0027,612.98492,0.00664,612.98492,0.0083,612.98492,-4.71E-04,612.98492,2.78E-04,612.98492,2.46E-04,612.98492,4.55E-04,612.98492,0.00112,612.98492,0.0014,612.98492,-7.94E-05
612.50488,0.00553,612.50488,0.00224,612.50488,2.97E-04,612.50488,0.0063,612.50488,0.01054,612.50488,0.00185,612.50488,9.31E-04,612.50488,3.77E-04,612.50488,5.00E-05,612.50488,0.00106,612.50488,0.00178,612.50488,3.11E-04
611.98773,0.0127,611.98773,0.00153,611.98773,0.00811,611.98773,0.0156,611.98773,0.01253,611.98773,0.00981,611.98773,0.00214,611.98773,2.57E-04,611.98773,0.00137,611.98773,0.00263,611.98773,0.00211,611.98773,0.00165
611.50745,0.00187,611.50745,0.00114,611.50745,0.00666,611.50745,0.01349,611.50745,0.01058,611.50745,0.00605,611.50745,3.15E-04,611.50745,1.91E-04,611.50745,0.00112,611.50745,0.00227,611.50745,0.00178,611.50745,0.00102
610.99023,0.00168,610.99023,-0.00252,610.99023,0.00129,610.99023,0.01016,610.99023,0.01016,610.99023,0.00368,610.99023,2.83E-04,610.99023,-4.25E-04,610.99023,2.17E-04,610.99023,0.00171,610.99023,0.00171,610.99023,6.19E-04
610.50983,0.00483,610.50983,8.17E-04,610.50983,0.00768,610.50983,0.01308,610.50983,0.01195,610.50983,0.00811,610.50983,8.14E-04,610.50983,1.38E-04,610.50983,0.00129,610.50983,0.0022,610.50983,0.00201,610.50983,0.00137
609.99249,0.0019,609.99249,-0.00159,609.99249,-1.89E-04,609.99249,0.01063,609.99249,0.00885,609.99249,0.00116,609.99249,3.20E-04,609.99249,-2.67E-04,609.99249,-3.18E-05,609.99249,0.00179,609.99249,0.00149,609.99249,1.95E-04
609.5119,-0.00183,609.5119,-0.00178,609.5119,0.00507,609.5119,0.0122,609.5119,0.01007,609.5119,0.00285,609.5119,-3.09E-04,609.5119,-3.00E-04,609.5119,8.54E-04,609.5119,0.00206,609.5119,0.0017,609.5119,4.79E-04
608.99438,0.00381,608.99438,0.00407,608.99438,0.00706,608.99438,0.01598,608.99438,0.0148,608.99438,0.00749,608.99438,6.41E-04,608.99438,6.86E-04,608.99438,0.00119,608.99438,0.00269,608.99438,0.00249,608.99438,0.00126
608.51373,0.00231,608.51373,0.00132,608.51373,0.0032,608.51373,0.00984,608.51373,0.01047,608.51373,0.00442,608.51373,3.89E-04,608.51373,2.23E-04,608.51373,5.39E-04,608.51373,0.00166,608.51373,0.00176,608.51373,7.44E-04
607.99603,0.00273,607.99603,0.00349,607.99603,0.00236,607.99603,0.01155,607.99603,0.00912,607.99603,0.00431,607.99603,4.61E-04,607.99603,5.88E-04,607.99603,3.98E-04,607.99603,0.00194,607.99603,0.00154,607.99603,7.27E-04
607.51532,0.00769,607.51532,0.00817,607.51532,0.01005,607.51532,0.01548,607.51532,0.01686,607.51532,0.01394,607.51532,0.0013,607.51532,0.00138,607.51532,0.00169,607.51532,0.00261,607.51532,0.00284,607.51532,0.00235
606.99756,-0.00199,606.99756,-0.00105,606.99756,0.00104,606.99756,0.00745,606.99756,0.00662,606.99756,0.00542,606.99756,-3.36E-04,606.99756,-1.76E-04,606.99756,1.75E-04,606.99756,0.00125,606.99756,0.00112,606.99756,9.13E-04
606.51666,-7.76E-04,606.51666,8.22E-04,606.51666,0.00746,606.51666,0.01423,606.51666,0.01126,606.51666,-1.20E-04,606.51666,-1.31E-04,606.51666,1.38E-04,606.51666,0.00126,606.51666,0.0024,606.51666,0.0019,606.51666,-2.02E-05
605.99866,0.00179,605.99866,-5.86E-04,605.99866,0.00753,605.99866,0.01504,605.99866,0.01266,605.99866,0.0019,605.99866,3.02E-04,605.99866,-9.87E-05,605.99866,0.00127,605.99866,0.00253,605.99866,0.00213,605.99866,3.19E-04
605.51764,0.00294,605.51764,0.00281,605.51764,0.0067,605.51764,0.01383,605.51764,0.0098,605.51764,0.00414,605.51764,4.96E-04,605.51764,4.74E-04,605.51764,0.00113,605.51764,0.00233,605.51764,0.00165,605.51764,6.97E-04
604.99963,0.00115,604.99963,9.41E-04,604.99963,0.00441,604.99963,0.01168,604.99963,0.01204,604.99963,0.0015,604.99963,1.93E-04,604.99963,1.58E-04,604.99963,7.43E-04,604.99963,0.00197,604.99963,0.00203,604.99963,2.52E-04
604.51843,-0.01246,604.51843,-0.00369,604.51843,0.00245,604.51843,0.00746,604.51843,0.00646,604.51843,-9.65E-04,604.51843,-0.0021,604.51843,-6.22E-04,604.51843,4.13E-04,604.51843,0.00126,604.51843,0.00109,604.51843,-1.63E-04
604.00018,0.00195,604.00018,0.00152,604.00018,0.00605,604.00018,0.00832,604.00018,0.0113,604.00018,0.00243,604.00018,3.28E-04,604.00018,2.56E-04,604.00018,0.00102,604.00018,0.0014,604.00018,0.0019,604.00018,4.09E-04
603.48187,0.00411,603.48187,-0.00179,603.48187,0.00673,603.48187,0.01061,603.48187,0.01054,603.48187,0.00432,603.48187,6.92E-04,603.48187,-3.02E-04,603.48187,0.00113,603.48187,0.00179,603.48187,0.00177,603.48187,7.27E-04
603.00061,0.00547,603.00061,0.00251,603.00061,0.00452,603.00061,0.01065,603.00061,0.0102,603.00061,4.66E-04,603.00061,9.22E-04,603.00061,4.23E-04,603.00061,7.60E-04,603.00061,0.00179,603.00061,0.00172,603.00061,7.85E-05
602.48218,0.00115,602.48218,-0.00111,602.48218,0.00543,602.48218,0.01498,602.48218,0.01523,602.48218,0.00643,602.48218,1.93E-04,602.48218,-1.88E-04,602.48218,9.15E-04,602.48218,0.00252,602.48218,0.00256,602.48218,0.00108
602.00067,0.00461,602.00067,0.0076,602.00067,0.00867,602.00067,0.01166,602.00067,0.01459,602.00067,0.00715,602.00067,7.77E-04,602.00067,0.00128,602.00067,0.00146,602.00067,0.00196,602.00067,0.00246,602.00067,0.0012
601.48212,0.00744,601.48212,0.00375,601.48212,0.00763,601.48212,0.01336,601.48212,0.01371,601.48212,0.00594,601.48212,0.00125,601.48212,6.31E-04,601.48212,0.00128,601.48212,0.00225,601.48212,0.00231,601.48212,0.001
601.00055,0.00224,601.00055,0.00431,601.00055,0.00767,601.00055,0.0073,601.00055,0.01136,601.00055,0.0053,601.00055,3.78E-04,601.00055,7.26E-04,601.00055,0.00129,601.00055,0.00123,601.00055,0.00191,601.00055,8.92E-04
600.48181,6.86E-05,600.48181,-0.00284,600.48181,0.00489,600.48181,0.01136,600.48181,0.01071,600.48181,0.0033,600.48181,1.15E-05,600.48181,-4.78E-04,600.48181,8.23E-04,600.48181,0.00191,600.48181,0.0018,600.48181,5.56E-04
600.00012,-0.00395,600.00012,-0.0019,600.00012,-0.0012,600.00012,0.0055,600.00012,0.00843,600.00012,-0.00119,600.00012,-6.65E-04,600.00012,-3.20E-04,600.00012,-2.02E-04,600.00012,9.27E-04,600.00012,0.00142,600.00012,-2.00E-04
599.51831,-0.00227,599.51831,7.42E-05,599.51831,0.00674,599.51831,0.0079,599.51831,0.00937,599.51831,0.00726,599.51831,-3.82E-04,599.51831,1.25E-05,599.51831,0.00113,599.51831,0.00133,599.51831,0.00158,599.51831,0.00122
598.99939,-8.15E-05,598.99939,6.23E-05,598.99939,0.0076,598.99939,0.01127,598.99939,0.01078,598.99939,0.00329,598.99939,-1.37E-05,598.99939,1.05E-05,598.99939,0.00128,598.99939,0.0019,598.99939,0.00182,598.99939,5.54E-04
598.51752,-0.00619,598.51752,-0.0039,598.51752,0.00306,598.51752,0.01399,598.51752,0.00713,598.51752,0.00404,598.51752,-0.00104,598.51752,-6.57E-04,598.51752,5.15E-04,598.51752,0.00236,598.51752,0.0012,598.51752,6.81E-04
597.99847,0.00292,597.99847,0.00176,597.99847,0.00403,597.99847,0.01446,597.99847,0.01411,597.99847,0.00497,597.99847,4.92E-04,597.99847,2.96E-04,597.99847,6.78E-04,597.99847,0.00244,597.99847,0.00238,597.99847,8.37E-04
597.51636,0.0025,597.51636,9.73E-04,597.51636,0.00471,597.51636,0.01209,597.51636,0.01416,597.51636,0.0023,597.51636,4.21E-04,597.51636,1.64E-04,597.51636,7.94E-04,597.51636,0.00204,597.51636,0.00239,597.51636,3.88E-04
596.99719,0.00366,596.99719,4.58E-04,596.99719,0.00522,596.99719,0.01057,596.99719,0.01587,596.99719,0.00507,596.99719,6.16E-04,596.99719,7.71E-05,596.99719,8.79E-04,596.99719,0.00178,596.99719,0.00267,596.99719,8.55E-04
596.51508,-9.62E-04,596.51508,-2.66E-04,596.51508,0.00363,596.51508,0.00733,596.51508,0.00833,596.51508,7.18E-04,596.51508,-1.62E-04,596.51508,-4.48E-05,596.51508,6.12E-04,596.51508,0.00123,596.51508,0.0014,596.51508,1.21E-04
595.99579,-9.00E-04,595.99579,6.90E-04,595.99579,0.00631,595.99579,0.01311,595.99579,0.01029,595.99579,0.00601,595.99579,-1.52E-04,595.99579,1.16E-04,595.99579,0.00106,595.99579,0.00221,595.99579,0.00173,595.99579,0.00101
595.51343,-5.93E-04,595.51343,0.00175,595.51343,0.00642,595.51343,0.00968,595.51343,0.00889,595.51343,0.00257,595.51343,-9.99E-05,595.51343,2.95E-04,595.51343,0.00108,595.51343,0.00163,595.51343,0.0015,595.51343,4.33E-04
594.99402,-0.00179,594.99402,-0.00135,594.99402,0.00215,594.99402,0.0049,594.99402,0.00837,594.99402,-6.29E-05,594.99402,-3.01E-04,594.99402,-2.28E-04,594.99402,3.62E-04,594.99402,8.25E-04,594.99402,0.00141,594.99402,-1.06E-05
594.5116,0.00327,594.5116,0.00181,594.5116,0.00542,594.5116,0.0088,594.5116,0.01056,594.5116,0.00471,594.5116,5.51E-04,594.5116,3.05E-04,594.5116,9.13E-04,594.5116,0.00148,594.5116,0.00178,594.5116,7.94E-04
593.992,0.00982,593.992,0.00383,593.992,0.00927,593.992,0.01486,593.992,0.01598,593.992,0.00668,593.992,0.00165,593.992,6.46E-04,593.992,0.00156,593.992,0.0025,593.992,0.00269,593.992,0.00112
593.50946,0.00551,593.50946,0.00583,593.50946,0.00805,593.50946,0.01653,593.50946,0.01382,593.50946,0.00995,593.50946,9.28E-04,593.50946,9.81E-04,593.50946,0.00136,593.50946,0.00278,593.50946,0.00233,593.50946,0.00168
592.98969,0.00314,592.98969,0.00258,592.98969,0.00953,592.98969,0.0141,592.98969,0.00915,592.98969,0.00456,592.98969,5.29E-04,592.98969,4.35E-04,592.98969,0.00161,592.98969,0.00237,592.98969,0.00154,592.98969,7.68E-04
592.50708,-2.19E-04,592.50708,-0.00287,592.50708,0.00552,592.50708,0.00792,592.50708,0.00851,592.50708,0.00144,592.50708,-3.69E-05,592.50708,-4.84E-04,592.50708,9.29E-04,592.50708,0.00133,592.50708,0.00143,592.50708,2.42E-04
591.98724,0.00857,591.98724,-4.96E-04,591.98724,0.0094,591.98724,0.0166,591.98724,0.01464,591.98724,0.00698,591.98724,0.00144,591.98724,-8.36E-05,591.98724,0.00158,591.98724,0.0028,591.98724,0.00246,591.98724,0.00117
591.50439,0.00457,591.50439,0.00112,591.50439,0.00792,591.50439,0.01462,591.50439,0.01383,591.50439,0.00619,591.50439,7.69E-04,591.50439,1.88E-04,591.50439,0.00133,591.50439,0.00246,591.50439,0.00233,591.50439,0.00104
590.98444,-4.12E-04,590.98444,-0.00583,590.98444,0.00448,590.98444,0.00937,590.98444,0.00613,590.98444,0.00166,590.98444,-6.93E-05,590.98444,-9.81E-04,590.98444,7.55E-04,590.98444,0.00158,590.98444,0.00103,590.98444,2.79E-04
590.50146,1.67E-04,590.50146,4.12E-04,590.50146,0.0013,590.50146,0.00559,590.50146,0.00346,590.50146,0.0024,590.50146,2.81E-05,590.50146,6.94E-05,590.50146,2.18E-04,590.50146,9.42E-04,590.50146,5.82E-04,590.50146,4.04E-04
590.01855,0.00567,590.01855,0.00768,590.01855,0.00751,590.01855,0.0143,590.01855,0.01321,590.01855,0.0115,590.01855,9.55E-04,590.01855,0.00129,590.01855,0.00126,590.01855,0.00241,590.01855,0.00223,590.01855,0.00194
589.49841,0.00606,589.49841,8.25E-04,589.49841,0.00807,589.49841,0.01274,589.49841,0.01235,589.49841,3.03E-04,589.49841,0.00102,589.49841,1.39E-04,589.49841,0.00136,589.49841,0.00215,589.49841,0.00208,589.49841,5.11E-05
589.0152,0.00191,589.0152,0.00164,589.0152,0.00649,589.0152,0.00881,589.0152,0.01289,589.0152,0.00224,589.0152,3.21E-04,589.0152,2.76E-04,589.0152,0.00109,589.0152,0.00148,589.0152,0.00217,589.0152,3.77E-04
588.49493,-0.00113,588.49493,0.00137,588.49493,0.003,588.49493,0.01026,588.49493,0.01009,588.49493,0.00629,588.49493,-1.91E-04,588.49493,2.31E-04,588.49493,5.06E-04,588.49493,0.00173,588.49493,0.0017,588.49493,0.00106
588.01172,0.00172,588.01172,1.17E-04,588.01172,0.00589,588.01172,0.01367,588.01172,0.01057,588.01172,0.00824,588.01172,2.90E-04,588.01172,1.97E-05,588.01172,9.91E-04,588.01172,0.0023,588.01172,0.00178,588.01172,0.00139
587.49121,0.00618,587.49121,0.00244,587.49121,0.00843,587.49121,0.01445,587.49121,0.01204,587.49121,0.00747,587.49121,0.00104,587.49121,4.10E-04,587.49121,0.00142,587.49121,0.00243,587.49121,0.00203,587.49121,0.00126
587.00787,6.58E-04,587.00787,7.13E-05,587.00787,0.00858,587.00787,0.00693,587.00787,0.00879,587.00787,-1.29E-04,587.00787,1.11E-04,587.00787,1.20E-05,587.00787,0.00144,587.00787,0.00117,587.00787,0.00148,587.00787,-2.18E-05
586.4873,8.97E-04,586.4873,0.0059,586.4873,0.00665,586.4873,0.01097,586.4873,0.01178,586.4873,0.00647,586.4873,1.51E-04,586.4873,9.94E-04,586.4873,0.00112,586.4873,0.00185,586.4873,0.00198,586.4873,0.00109
586.00378,-8.87E-04,586.00378,7.56E-04,586.00378,-0.0022,586.00378,0.01302,586.00378,0.00856,586.00378,0.00192,586.00378,-1.49E-04,586.00378,1.27E-04,586.00378,-3.71E-04,586.00378,0.00219,586.00378,0.00144,586.00378,3.23E-04
585.48315,0.00374,585.48315,0.00795,585.48315,0.0136,585.48315,0.01925,585.48315,0.02279,585.48315,0.01139,585.48315,6.30E-04,585.48315,0.00134,585.48315,0.00229,585.48315,0.00324,585.48315,0.00384,585.48315,0.00192
584.99951,-5.97E-04,584.99951,0.0067,584.99951,0.00811,584.99951,0.01698,584.99951,0.017,584.99951,0.00615,584.99951,-1.01E-04,584.99951,0.00113,584.99951,0.00137,584.99951,0.00286,584.99951,0.00286,584.99951,0.00104
584.51587,0.00122,584.51587,6.22E-04,584.51587,0.00785,584.51587,0.01124,584.51587,0.01553,584.51587,0.00654,584.51587,2.05E-04,584.51587,1.05E-04,584.51587,0.00132,584.51587,0.00189,584.51587,0.00262,584.51587,0.0011
583.99493,6.94E-04,583.99493,-0.00143,583.99493,0.00768,583.99493,0.01241,583.99493,0.01299,583.99493,0.00315,583.99493,1.17E-04,583.99493,-2.41E-04,583.99493,0.00129,583.99493,0.00209,583.99493,0.00219,583.99493,5.31E-04
583.51117,5.86E-04,583.51117,-4.69E-04,583.51117,0.00643,583.51117,0.00728,583.51117,0.00834,583.51117,0.00184,583.51117,9.88E-05,583.51117,-7.90E-05,583.51117,0.00108,583.51117,0.00123,583.51117,0.0014,583.51117,3.10E-04
582.99011,-2.31E-04,582.99011,-3.84E-04,582.99011,0.00577,582.99011,0.01141,582.99011,0.00898,582.99011,0.00703,582.99011,-3.89E-05,582.99011,-6.47E-05,582.99011,9.71E-04,582.99011,0.00192,582.99011,0.00151,582.99011,0.00118
582.50616,0.00322,582.50616,0.00212,582.50616,0.0097,582.50616,0.01846,582.50616,0.01411,582.50616,0.00807,582.50616,5.43E-04,582.50616,3.58E-04,582.50616,0.00163,582.50616,0.00311,582.50616,0.00238,582.50616,0.00136
581.98499,0.0079,581.98499,0.00631,581.98499,0.00927,581.98499,0.01725,581.98499,0.01827,581.98499,0.01119,581.98499,0.00133,581.98499,0.00106,581.98499,0.00156,581.98499,0.0029,581.98499,0.00308,581.98499,0.00188
581.50098,-0.00304,581.50098,4.73E-04,581.50098,0.00431,581.50098,0.01364,581.50098,0.00764,581.50098,-9.72E-04,581.50098,-5.13E-04,581.50098,7.97E-05,581.50098,7.27E-04,581.50098,0.0023,581.50098,0.00129,581.50098,-1.64E-04
581.01691,0.001,581.01691,0.0035,581.01691,0.00838,581.01691,0.01167,581.01691,0.00626,581.01691,0.00752,581.01691,1.69E-04,581.01691,5.90E-04,581.01691,0.00141,581.01691,0.00197,581.01691,0.00105,581.01691,0.00127
580.49548,0.00328,580.49548,0.00498,580.49548,0.00289,580.49548,0.01054,580.49548,0.01216,580.49548,0.00292,580.49548,5.52E-04,580.49548,8.39E-04,580.49548,4.86E-04,580.49548,0.00177,580.49548,0.00205,580.49548,4.93E-04
580.01129,-0.00248,580.01129,-0.00126,580.01129,0.00119,580.01129,0.0106,580.01129,0.01103,580.01129,0.00307,580.01129,-4.18E-04,580.01129,-2.12E-04,580.01129,2.01E-04,580.01129,0.00179,580.01129,0.00186,580.01129,5.18E-04
579.48975,0.00521,579.48975,0.00314,579.48975,0.00874,579.48975,0.01409,579.48975,0.01329,579.48975,0.01322,579.48975,8.78E-04,579.48975,5.29E-04,579.48975,0.00147,579.48975,0.00237,579.48975,0.00224,579.48975,0.00223
579.00543,0.00228,579.00543,-8.36E-04,579.00543,0.0069,579.00543,0.01496,579.00543,0.01494,579.00543,0.00576,579.00543,3.83E-04,579.00543,-1.41E-04,579.00543,0.00116,579.00543,0.00252,579.00543,0.00252,579.00543,9.70E-04
578.48376,7.93E-04,578.48376,-0.00108,578.48376,0.00588,578.48376,0.01035,578.48376,0.00567,578.48376,-7.99E-04,578.48376,1.34E-04,578.48376,-1.81E-04,578.48376,9.90E-04,578.48376,0.00174,578.48376,9.54E-04,578.48376,-1.35E-04
577.99933,0.00346,577.99933,2.47E-04,577.99933,0.00515,577.99933,0.01549,577.99933,0.00924,577.99933,0.00781,577.99933,5.83E-04,577.99933,4.16E-05,577.99933,8.68E-04,577.99933,0.00261,577.99933,0.00156,577.99933,0.00132
577.51483,0.00478,577.51483,0.00496,577.51483,0.00565,577.51483,0.01315,577.51483,0.01565,577.51483,0.00674,577.51483,8.05E-04,577.51483,8.35E-04,577.51483,9.52E-04,577.51483,0.00222,577.51483,0.00264,577.51483,0.00113
576.99298,0.00488,576.99298,0.00631,576.99298,0.00922,576.99298,0.01239,576.99298,0.01745,576.99298,0.0057,576.99298,8.21E-04,576.99298,0.00106,576.99298,0.00155,576.99298,0.00209,576.99298,0.00294,576.99298,9.59E-04
576.50836,-9.49E-04,576.50836,-0.00176,576.50836,0.00339,576.50836,0.00799,576.50836,0.01024,576.50836,-0.00344,576.50836,-1.60E-04,576.50836,-2.97E-04,576.50836,5.71E-04,576.50836,0.00135,576.50836,0.00173,576.50836,-5.79E-04
575.98639,0.00501,575.98639,0.00347,575.98639,0.00943,575.98639,0.0138,575.98639,0.01543,575.98639,0.00541,575.98639,8.44E-04,575.98639,5.85E-04,575.98639,0.00159,575.98639,0.00232,575.98639,0.0026,575.98639,9.11E-04
575.50153,0.00231,575.50153,0.00213,575.50153,0.00755,575.50153,0.0152,575.50153,0.01661,575.50153,0.00696,575.50153,3.90E-04,575.50153,3.58E-04,575.50153,0.00127,575.50153,0.00256,575.50153,0.0028,575.50153,0.00117
575.01685,0.00128,575.01685,0.00472,575.01685,0.00887,575.01685,0.01324,575.01685,0.01335,575.01685,0.00671,575.01685,2.16E-04,575.01685,7.96E-04,575.01685,0.00149,575.01685,0.00223,575.01685,0.00225,575.01685,0.00113
574.49463,0.00378,574.49463,0.00384,574.49463,0.00567,574.49463,0.01091,574.49463,0.0137,574.49463,0.00644,574.49463,6.36E-04,574.49463,6.47E-04,574.49463,9.55E-04,574.49463,0.00184,574.49463,0.00231,574.49463,0.00108
574.0097,0.00316,574.0097,0.00118,574.0097,0.00463,574.0097,0.01055,574.0097,0.01094,574.0097,0.00253,574.0097,5.32E-04,574.0097,1.99E-04,574.0097,7.80E-04,574.0097,0.00178,574.0097,0.00184,574.0097,4.26E-04
573.48743,0.00643,573.48743,0.00223,573.48743,0.00773,573.48743,0.0121,573.48743,0.01469,573.48743,0.00448,573.48743,0.00108,573.48743,3.75E-04,573.48743,0.0013,573.48743,0.00204,573.48743,0.00247,573.48743,7.54E-04
573.00232,7.49E-04,573.00232,6.23E-04,573.00232,0.00687,573.00232,0.01247,573.00232,0.00934,573.00232,0.0022,573.00232,1.26E-04,573.00232,1.05E-04,573.00232,0.00116,573.00232,0.0021,573.00232,0.00157,573.00232,3.70E-04
572.51721,0.00102,572.51721,0.00416,572.51721,0.00498,572.51721,0.00989,572.51721,0.01585,572.51721,0.00169,572.51721,1.72E-04,572.51721,7.00E-04,572.51721,8.38E-04,572.51721,0.00166,572.51721,0.00267,572.51721,2.85E-04
571.99475,0.0048,571.99475,0.00283,571.99475,0.0083,571.99475,0.01438,571.99475,0.01479,571.99475,0.0055,571.99475,8.08E-04,571.99475,4.77E-04,571.99475,0.0014,571.99475,0.00242,571.99475,0.00249,571.99475,9.27E-04
571.50952,0.00743,571.50952,0.00585,571.50952,0.01117,571.50952,0.01812,571.50952,0.01572,571.50952,0.00623,571.50952,0.00125,571.50952,9.85E-04,571.50952,0.00188,571.50952,0.00305,571.50952,0.00265,571.50952,0.00105
570.98688,0.00256,570.98688,0.00521,570.98688,0.00638,570.98688,0.01666,570.98688,0.01485,570.98688,0.00481,570.98688,4.31E-04,570.98688,8.77E-04,570.98688,0.00107,570.98688,0.00281,570.98688,0.0025,570.98688,8.10E-04
570.50146,0.00592,570.50146,0.00666,570.50146,0.00656,570.50146,0.01908,570.50146,0.02163,570.50146,0.00915,570.50146,9.98E-04,570.50146,0.00112,570.50146,0.0011,570.50146,0.00321,570.50146,0.00364,570.50146,0.00154
570.01605,0.00357,570.01605,0.00545,570.01605,0.01042,570.01605,0.01376,570.01605,0.01373,570.01605,0.00454,570.01605,6.02E-04,570.01605,9.17E-04,570.01605,0.00175,570.01605,0.00232,570.01605,0.00231,570.01605,7.65E-04
569.49323,0.00641,569.49323,-0.00177,569.49323,0.00836,569.49323,0.01148,569.49323,0.01292,569.49323,0.00622,569.49323,0.00108,569.49323,-2.97E-04,569.49323,0.00141,569.49323,0.00193,569.49323,0.00218,569.49323,0.00105
569.00775,0.00162,569.00775,0.00119,569.00775,0.00827,569.00775,0.01146,569.00775,0.0075,569.00775,0.00347,569.00775,2.74E-04,569.00775,2.01E-04,569.00775,0.00139,569.00775,0.00193,569.00775,0.00126,569.00775,5.84E-04
568.4848,0.00125,568.4848,1.47E-04,568.4848,0.00206,568.4848,0.0105,568.4848,0.01088,568.4848,0.00339,568.4848,2.11E-04,568.4848,2.47E-05,568.4848,3.47E-04,568.4848,0.00177,568.4848,0.00183,568.4848,5.72E-04
567.99915,0.00822,567.99915,0.0075,567.99915,0.00665,567.99915,0.01436,567.99915,0.0147,567.99915,0.00503,567.99915,0.00138,567.99915,0.00126,567.99915,0.00112,567.99915,0.00242,567.99915,0.00248,567.99915,8.47E-04
567.51343,0.00482,567.51343,0.00933,567.51343,0.00819,567.51343,0.01387,567.51343,0.01391,567.51343,0.00793,567.51343,8.11E-04,567.51343,0.00157,567.51343,0.00138,567.51343,0.00234,567.51343,0.00234,567.51343,0.00133
566.9903,2.97E-04,566.9903,-0.00238,566.9903,0.00831,566.9903,0.00701,566.9903,0.01067,566.9903,0.00468,566.9903,5.01E-05,566.9903,-4.01E-04,566.9903,0.0014,566.9903,0.00118,566.9903,0.0018,566.9903,7.88E-04
566.50439,0.0028,566.50439,3.38E-04,566.50439,0.00504,566.50439,0.01318,566.50439,0.00817,566.50439,0.00222,566.50439,4.72E-04,566.50439,5.69E-05,566.50439,8.48E-04,566.50439,0.00222,566.50439,0.00138,566.50439,3.73E-04
566.01855,0.0017,566.01855,0.00223,566.01855,0.00724,566.01855,0.01492,566.01855,0.01164,566.01855,0.00179,566.01855,2.87E-04,566.01855,3.75E-04,566.01855,0.00122,566.01855,0.00251,566.01855,0.00196,566.01855,3.01E-04
565.49524,6.61E-04,565.49524,-6.62E-04,565.49524,0.0058,565.49524,0.0099,565.49524,0.01151,565.49524,0.00484,565.49524,1.11E-04,565.49524,-1.12E-04,565.49524,9.77E-04,565.49524,0.00167,565.49524,0.00194,565.49524,8.14E-04
565.00922,0.00594,565.00922,0.00372,565.00922,0.00955,565.00922,0.01907,565.00922,0.01516,565.00922,0.0116,565.00922,0.001,565.00922,6.27E-04,565.00922,0.00161,565.00922,0.00321,565.00922,0.00255,565.00922,0.00195
564.48578,0.00454,564.48578,0.00442,564.48578,0.0069,564.48578,0.009,564.48578,0.01106,564.48578,0.0057,564.48578,7.65E-04,564.48578,7.45E-04,564.48578,0.00116,564.48578,0.00152,564.48578,0.00186,564.48578,9.59E-04
563.99957,-0.00135,563.99957,1.50E-04,563.99957,0.00134,563.99957,0.01384,563.99957,0.01202,563.99957,0.00387,563.99957,-2.27E-04,563.99957,2.53E-05,563.99957,2.26E-04,563.99957,0.00233,563.99957,0.00202,563.99957,6.52E-04
563.51349,1.05E-04,563.51349,0.00119,563.51349,0.00186,563.51349,0.01173,563.51349,0.00751,563.51349,0.00302,563.51349,1.76E-05,563.51349,2.01E-04,563.51349,3.14E-04,563.51349,0.00198,563.51349,0.00126,563.51349,5.08E-04
562.98981,8.00E-04,562.98981,0.00631,562.98981,0.00867,562.98981,0.01818,562.98981,0.01596,562.98981,0.00938,562.98981,1.35E-04,562.98981,0.00106,562.98981,0.00146,562.98981,0.00306,562.98981,0.00269,562.98981,0.00158
562.50348,0.00269,562.50348,0.00251,562.50348,0.00717,562.50348,0.01764,562.50348,0.01398,562.50348,0.00386,562.50348,4.53E-04,562.50348,4.23E-04,562.50348,0.00121,562.50348,0.00297,562.50348,0.00235,562.50348,6.50E-04
562.01709,0.00125,562.01709,0.0018,562.01709,0.00669,562.01709,0.01293,562.01709,0.01832,562.01709,0.00326,562.01709,2.11E-04,562.01709,3.04E-04,562.01709,0.00113,562.01709,0.00218,562.01709,0.00309,562.01709,5.48E-04
561.49329,-0.00223,561.49329,0.00454,561.49329,0.0038,561.49329,0.0108,561.49329,0.00932,561.49329,0.0032,561.49329,-3.76E-04,561.49329,7.65E-04,561.49329,6.41E-04,561.49329,0.00182,561.49329,0.00157,561.49329,5.39E-04
561.00677,0.00438,561.00677,0.00256,561.00677,0.01244,561.00677,0.0097,561.00677,0.01135,561.00677,0.00328,561.00677,7.38E-04,561.00677,4.31E-04,561.00677,0.00209,561.00677,0.00163,561.00677,0.00191,561.00677,5.53E-04
560.48285,0.001,560.48285,-9.72E-04,560.48285,0.00413,560.48285,0.0099,560.48285,0.0138,560.48285,0.00485,560.48285,1.69E-04,560.48285,-1.64E-04,560.48285,6.96E-04,560.48285,0.00167,560.48285,0.00232,560.48285,8.17E-04
559.99622,-3.36E-04,559.99622,0.00649,559.99622,0.00632,559.99622,0.00984,559.99622,0.00505,559.99622,9.10E-04,559.99622,-5.66E-05,559.99622,0.00109,559.99622,0.00106,559.99622,0.00166,559.99622,8.50E-04,559.99622,1.53E-04
559.50958,0.0025,559.50958,0.00633,559.50958,0.01005,559.50958,0.01828,559.50958,0.01533,559.50958,0.00796,559.50958,4.21E-04,559.50958,0.00107,559.50958,0.00169,559.50958,0.00308,559.50958,0.00258,559.50958,0.00134
558.98541,0.00676,558.98541,0.00546,558.98541,0.01103,558.98541,0.01689,558.98541,0.01792,558.98541,0.00573,558.98541,0.00114,558.98541,9.19E-04,558.98541,0.00186,558.98541,0.00284,558.98541,0.00302,558.98541,9.65E-04
558.49866,0.00504,558.49866,0.00443,558.49866,0.00906,558.49866,0.01333,558.49866,0.01467,558.49866,0.00749,558.49866,8.48E-04,558.49866,7.45E-04,558.49866,0.00153,558.49866,0.00224,558.49866,0.00247,558.49866,0.00126
558.01178,1.70E-04,558.01178,0.00249,558.01178,0.00823,558.01178,0.01101,558.01178,0.00869,558.01178,0.0039,558.01178,2.86E-05,558.01178,4.20E-04,558.01178,0.00139,558.01178,0.00185,558.01178,0.00146,558.01178,6.57E-04
557.48743,0.00137,557.48743,-7.32E-04,557.48743,0.00562,557.48743,0.01114,557.48743,0.01223,557.48743,0.00309,557.48743,2.31E-04,557.48743,-1.23E-04,557.48743,9.47E-04,557.48743,0.00188,557.48743,0.00206,557.48743,5.20E-04
557.00055,0.00542,557.00055,0.00172,557.00055,0.00496,557.00055,0.01486,557.00055,0.01681,557.00055,0.00885,557.00055,9.13E-04,557.00055,2.89E-04,557.00055,8.35E-04,557.00055,0.0025,557.00055,0.00283,557.00055,0.00149
556.51349,0.00568,556.51349,0.00633,556.51349,0.01667,556.51349,0.01897,556.51349,0.02158,556.51349,0.01022,556.51349,9.57E-04,556.51349,0.00107,556.51349,0.00281,556.51349,0.00319,556.51349,0.00363,556.51349,0.00172
555.98895,0.00564,555.98895,0.00253,555.98895,0.00778,555.98895,0.01779,555.98895,0.01938,555.98895,0.01002,555.98895,9.50E-04,555.98895,4.26E-04,555.98895,0.00131,555.98895,0.003,555.98895,0.00326,555.98895,0.00169
555.50189,0.0031,555.50189,0.00335,555.50189,0.00677,555.50189,0.01125,555.50189,0.01449,555.50189,0.00376,555.50189,5.22E-04,555.50189,5.63E-04,555.50189,0.00114,555.50189,0.00189,555.50189,0.00244,555.50189,6.33E-04
555.01465,0.00307,555.01465,0.00155,555.01465,0.00635,555.01465,0.01144,555.01465,0.01164,555.01465,0.00516,555.01465,5.16E-04,555.01465,2.61E-04,555.01465,0.00107,555.01465,0.00193,555.01465,0.00196,555.01465,8.68E-04
554.48993,0.00419,554.48993,0.00358,554.48993,0.00917,554.48993,0.01135,554.48993,0.01338,554.48993,0.00522,554.48993,7.06E-04,554.48993,6.04E-04,554.48993,0.00154,554.48993,0.00191,554.48993,0.00225,554.48993,8.79E-04
554.00269,7.56E-04,554.00269,2.64E-04,554.00269,0.0031,554.00269,0.01026,554.00269,0.0116,554.00269,0.00139,554.00269,1.27E-04,554.00269,4.44E-05,554.00269,5.23E-04,554.00269,0.00173,554.00269,0.00195,554.00269,2.35E-04
553.51532,0.00435,553.51532,0.00647,553.51532,0.00946,553.51532,0.00925,553.51532,0.01242,553.51532,0.00952,553.51532,7.33E-04,553.51532,0.00109,553.51532,0.00159,553.51532,0.00156,553.51532,0.00209,553.51532,0.0016
552.99042,0.00348,552.99042,8.26E-04,552.99042,0.00836,552.99042,0.00932,552.99042,0.01033,552.99042,0.00564,552.99042,5.87E-04,552.99042,1.39E-04,552.99042,0.00141,552.99042,0.00157,552.99042,0.00174,552.99042,9.50E-04
552.50293,0.00413,552.50293,0.00387,552.50293,0.00883,552.50293,0.01527,552.50293,0.01168,552.50293,0.00705,552.50293,6.96E-04,552.50293,6.51E-04,552.50293,0.00149,552.50293,0.00257,552.50293,0.00197,552.50293,0.00119
552.01538,0.00534,552.01538,0.00227,552.01538,0.01103,552.01538,0.01298,552.01538,0.01401,552.01538,0.00634,552.01538,8.99E-04,552.01538,3.82E-04,552.01538,0.00186,552.01538,0.00219,552.01538,0.00236,552.01538,0.00107
551.4903,0.00774,551.4903,0.00117,551.4903,0.01437,551.4903,0.01361,551.4903,0.01405,551.4903,0.00826,551.4903,0.0013,551.4903,1.97E-04,551.4903,0.00242,551.4903,0.00229,551.4903,0.00237,551.4903,0.00139
551.00262,0.00213,551.00262,3.24E-04,551.00262,0.00806,551.00262,0.01219,551.00262,0.01098,551.00262,0.00577,551.00262,3.59E-04,551.00262,5.46E-05,551.00262,0.00136,551.00262,0.00205,551.00262,0.00185,551.00262,9.71E-04
550.51495,0.00485,550.51495,0.00613,550.51495,0.01104,550.51495,0.01304,550.51495,0.01551,550.51495,0.00646,550.51495,8.17E-04,550.51495,0.00103,550.51495,0.00186,550.51495,0.0022,550.51495,0.00261,550.51495,0.00109
549.98975,0.00489,549.98975,0.00644,549.98975,0.0095,549.98975,0.01196,549.98975,0.01303,549.98975,0.00357,549.98975,8.23E-04,549.98975,0.00108,549.98975,0.0016,549.98975,0.00201,549.98975,0.0022,549.98975,6.01E-04
549.50183,-2.04E-04,549.50183,-0.0015,549.50183,0.00386,549.50183,0.01104,549.50183,0.00963,549.50183,0.00539,549.50183,-3.43E-05,549.50183,-2.53E-04,549.50183,6.51E-04,549.50183,0.00186,549.50183,0.00162,549.50183,9.08E-04
549.01398,0.00406,549.01398,-0.00168,549.01398,0.00525,549.01398,0.00956,549.01398,0.01068,549.01398,0.00649,549.01398,6.83E-04,549.01398,-2.83E-04,549.01398,8.84E-04,549.01398,0.00161,549.01398,0.0018,549.01398,0.00109
548.48853,0.00336,548.48853,0.00498,548.48853,0.0059,548.48853,0.01186,548.48853,0.0134,548.48853,0.00643,548.48853,5.66E-04,548.48853,8.38E-04,548.48853,9.94E-04,548.48853,0.002,548.48853,0.00226,548.48853,0.00108
548.00055,0.0019,548.00055,0.00314,548.00055,0.0104,548.00055,0.01433,548.00055,0.01438,548.00055,0.00453,548.00055,3.19E-04,548.00055,5.30E-04,548.00055,0.00175,548.00055,0.00241,548.00055,0.00242,548.00055,7.63E-04
547.51251,0.00375,547.51251,5.54E-04,547.51251,0.00882,547.51251,0.01345,547.51251,0.01367,547.51251,0.00499,547.51251,6.31E-04,547.51251,9.33E-05,547.51251,0.00149,547.51251,0.00226,547.51251,0.0023,547.51251,8.41E-04
546.98688,0.00267,546.98688,0.00366,546.98688,0.00781,546.98688,0.01306,546.98688,0.01448,546.98688,0.0051,546.98688,4.50E-04,546.98688,6.16E-04,546.98688,0.00131,546.98688,0.0022,546.98688,0.00244,546.98688,8.58E-04
546.49872,0.00381,546.49872,0.00251,546.49872,0.00687,546.49872,0.01565,546.49872,0.01263,546.49872,0.00606,546.49872,6.41E-04,546.49872,4.23E-04,546.49872,0.00116,546.49872,0.00264,546.49872,0.00213,546.49872,0.00102
546.0105,7.93E-04,546.0105,-8.89E-04,546.0105,0.00313,546.0105,0.01015,546.0105,0.01259,546.0105,0.00417,546.0105,1.33E-04,546.0105,-1.50E-04,546.0105,5.26E-04,546.0105,0.00171,546.0105,0.00212,546.0105,7.03E-04
545.48462,3.12E-04,545.48462,0.00286,545.48462,0.00511,545.48462,0.01302,545.48462,0.01168,545.48462,0.00277,545.48462,5.26E-05,545.48462,4.82E-04,545.48462,8.61E-04,545.48462,0.00219,545.48462,0.00197,545.48462,4.67E-04
544.99628,0.00254,544.99628,4.38E-04,544.99628,0.00708,544.99628,0.01161,544.99628,0.01243,544.99628,0.00485,544.99628,4.28E-04,544.99628,7.37E-05,544.99628,0.00119,544.99628,0.00196,544.99628,0.00209,544.99628,8.16E-04
544.50793,0.00374,544.50793,0.0012,544.50793,0.00771,544.50793,0.01674,544.50793,0.01408,544.50793,0.00624,544.50793,6.30E-04,544.50793,2.03E-04,544.50793,0.0013,544.50793,0.00282,544.50793,0.00237,544.50793,0.00105
543.98193,0.00342,543.98193,0.00314,543.98193,0.0076,543.98193,0.01561,543.98193,0.01562,543.98193,0.00473,543.98193,5.76E-04,543.98193,5.28E-04,543.98193,0.00128,543.98193,0.00263,543.98193,0.00263,543.98193,7.96E-04
543.49341,0.00372,543.49341,5.29E-04,543.49341,0.00638,543.49341,0.0161,543.49341,0.01537,543.49341,0.00777,543.49341,6.26E-04,543.49341,8.91E-05,543.49341,0.00108,543.49341,0.00271,543.49341,0.00259,543.49341,0.00131
543.00482,0.00512,543.00482,0.00201,543.00482,0.00963,543.00482,0.01414,543.00482,0.0154,543.00482,0.0068,543.00482,8.62E-04,543.00482,3.38E-04,543.00482,0.00162,543.00482,0.00238,543.00482,0.00259,543.00482,0.00114
542.51624,0.00739,542.51624,0.00605,542.51624,0.01227,542.51624,0.01733,542.51624,0.01692,542.51624,0.0074,542.51624,0.00124,542.51624,0.00102,542.51624,0.00207,542.51624,0.00292,542.51624,0.00285,542.51624,0.00125
541.98999,0.00244,541.98999,0.00213,541.98999,0.00725,541.98999,0.0124,541.98999,0.01426,541.98999,0.00608,541.98999,4.12E-04,541.98999,3.59E-04,541.98999,0.00122,541.98999,0.00209,541.98999,0.0024,541.98999,0.00102
541.50122,0.00299,541.50122,2.65E-04,541.50122,0.00735,541.50122,0.01346,541.50122,0.0128,541.50122,0.00565,541.50122,5.04E-04,541.50122,4.46E-05,541.50122,0.00124,541.50122,0.00227,541.50122,0.00216,541.50122,9.52E-04
541.01245,0.00252,541.01245,0.00248,541.01245,0.00699,541.01245,0.01442,541.01245,0.01304,541.01245,0.00603,541.01245,4.24E-04,541.01245,4.18E-04,541.01245,0.00118,541.01245,0.00243,541.01245,0.0022,541.01245,0.00101
540.48602,0.00415,540.48602,0.0051,540.48602,0.00991,540.48602,0.01694,540.48602,0.01612,540.48602,0.00783,540.48602,6.99E-04,540.48602,8.59E-04,540.48602,0.00167,540.48602,0.00285,540.48602,0.00272,540.48602,0.00132
539.99713,0.00214,539.99713,0.00108,539.99713,0.00656,539.99713,0.01306,539.99713,0.01184,539.99713,0.00297,539.99713,3.61E-04,539.99713,1.82E-04,539.99713,0.00111,539.99713,0.0022,539.99713,0.00199,539.99713,5.00E-04
539.50812,0.00537,539.50812,0.00153,539.50812,0.00935,539.50812,0.0162,539.50812,0.0137,539.50812,0.00909,539.50812,9.05E-04,539.50812,2.58E-04,539.50812,0.00157,539.50812,0.00273,539.50812,0.00231,539.50812,0.00153
538.98163,0.00664,538.98163,0.00511,538.98163,0.01258,538.98163,0.01755,538.98163,0.01845,538.98163,0.01052,538.98163,0.00112,538.98163,8.60E-04,538.98163,0.00212,538.98163,0.00296,538.98163,0.00311,538.98163,0.00177
538.49249,0.003,538.49249,0.00231,538.49249,0.0067,538.49249,0.01351,538.49249,0.01497,538.49249,0.00741,538.49249,5.05E-04,538.49249,3.88E-04,538.49249,0.00113,538.49249,0.00228,538.49249,0.00252,538.49249,0.00125
538.00336,0.00547,538.00336,0.00362,538.00336,0.01038,538.00336,0.01731,538.00336,0.01662,538.00336,0.00858,538.00336,9.21E-04,538.00336,6.09E-04,538.00336,0.00175,538.00336,0.00292,538.00336,0.0028,538.00336,0.00145
537.51422,0.00547,537.51422,0.00793,537.51422,0.0111,537.51422,0.01676,537.51422,0.01461,537.51422,0.0083,537.51422,9.21E-04,537.51422,0.00134,537.51422,0.00187,537.51422,0.00282,537.51422,0.00246,537.51422,0.0014
536.9873,0.00432,536.9873,0.00265,536.9873,0.00626,536.9873,0.01139,536.9873,0.01291,536.9873,0.0041,536.9873,7.28E-04,536.9873,4.46E-04,536.9873,0.00105,536.9873,0.00192,536.9873,0.00217,536.9873,6.90E-04
536.49805,0.00125,536.49805,-7.36E-05,536.49805,0.00755,536.49805,0.01375,536.49805,0.01116,536.49805,0.00387,536.49805,2.10E-04,536.49805,-1.24E-05,536.49805,0.00127,536.49805,0.00232,536.49805,0.00188,536.49805,6.51E-04
536.00867,0.00197,536.00867,0.00283,536.00867,0.0096,536.00867,0.01437,536.00867,0.01509,536.00867,0.00648,536.00867,3.32E-04,536.00867,4.76E-04,536.00867,0.00162,536.00867,0.00242,536.00867,0.00254,536.00867,0.00109
535.48163,0.00454,535.48163,0.00344,535.48163,0.0069,535.48163,0.01585,535.48163,0.01228,535.48163,0.00372,535.48163,7.65E-04,535.48163,5.79E-04,535.48163,0.00116,535.48163,0.00267,535.48163,0.00207,535.48163,6.27E-04
534.99219,0.00294,534.99219,0.00572,534.99219,0.00924,534.99219,0.01482,534.99219,0.0149,534.99219,0.00716,534.99219,4.95E-04,534.99219,9.64E-04,534.99219,0.00156,534.99219,0.0025,534.99219,0.00251,534.99219,0.00121
534.50262,0.00201,534.50262,0.00274,534.50262,0.00736,534.50262,0.01277,534.50262,0.01391,534.50262,0.00598,534.50262,3.38E-04,534.50262,4.61E-04,534.50262,0.00124,534.50262,0.00215,534.50262,0.00234,534.50262,0.00101
534.01312,0.00704,534.01312,0.004,534.01312,0.01137,534.01312,0.01754,534.01312,0.01539,534.01312,0.00789,534.01312,0.00118,534.01312,6.73E-04,534.01312,0.00191,534.01312,0.00295,534.01312,0.00259,534.01312,0.00133
533.48584,3.18E-04,533.48584,0.00136,533.48584,0.00667,533.48584,0.01374,533.48584,0.01347,533.48584,0.0036,533.48584,5.36E-05,533.48584,2.29E-04,533.48584,0.00112,533.48584,0.00231,533.48584,0.00227,533.48584,6.06E-04
532.99615,0.00319,532.99615,0.00103,532.99615,0.00783,532.99615,0.01598,532.99615,0.0142,532.99615,0.00676,532.99615,5.38E-04,532.99615,1.74E-04,532.99615,0.00132,532.99615,0.00269,532.99615,0.00239,532.99615,0.00114
532.50641,0.00332,532.50641,0.00419,532.50641,0.00963,532.50641,0.0157,532.50641,0.01562,532.50641,0.00666,532.50641,5.59E-04,532.50641,7.05E-04,532.50641,0.00162,532.50641,0.00264,532.50641,0.00263,532.50641,0.00112
532.01666,0.00211,532.01666,-1.17E-04,532.01666,0.00353,532.01666,0.01404,532.01666,0.01186,532.01666,0.00596,532.01666,3.55E-04,532.01666,-1.97E-05,532.01666,5.94E-04,532.01666,0.00236,532.01666,0.002,532.01666,0.001
531.48914,0.00414,531.48914,0.00391,531.48914,0.0098,531.48914,0.01397,531.48914,0.0155,531.48914,0.00464,531.48914,6.97E-04,531.48914,6.58E-04,531.48914,0.00165,531.48914,0.00235,531.48914,0.00261,531.48914,7.82E-04
530.99921,0.00508,530.99921,0.00114,530.99921,0.00769,530.99921,0.01262,530.99921,0.01388,530.99921,0.0051,530.99921,8.56E-04,530.99921,1.93E-04,530.99921,0.00129,530.99921,0.00213,530.99921,0.00234,530.99921,8.59E-04
530.50928,0.00263,530.50928,0.00217,530.50928,0.00832,530.50928,0.013,530.50928,0.01492,530.50928,0.00433,530.50928,4.42E-04,530.50928,3.65E-04,530.50928,0.0014,530.50928,0.00219,530.50928,0.00251,530.50928,7.30E-04
529.98157,0.00398,529.98157,0.00306,529.98157,0.01071,529.98157,0.01562,529.98157,0.01403,529.98157,0.00677,529.98157,6.71E-04,529.98157,5.16E-04,529.98157,0.0018,529.98157,0.00263,529.98157,0.00236,529.98157,0.00114
529.49152,0.00473,529.49152,0.00236,529.49152,0.00827,529.49152,0.01526,529.49152,0.01558,529.49152,0.00737,529.49152,7.96E-04,529.49152,3.97E-04,529.49152,0.00139,529.49152,0.00257,529.49152,0.00262,529.49152,0.00124
529.00134,0.00421,529.00134,0.00209,529.00134,0.0098,529.00134,0.01502,529.00134,0.01551,529.00134,0.0062,529.00134,7.09E-04,529.00134,3.51E-04,529.00134,0.00165,529.00134,0.00253,529.00134,0.00261,529.00134,0.00104
528.51123,0.00329,528.51123,0.0013,528.51123,0.00833,528.51123,0.01462,528.51123,0.0127,528.51123,0.00625,528.51123,5.54E-04,528.51123,2.18E-04,528.51123,0.0014,528.51123,0.00246,528.51123,0.00214,528.51123,0.00105
527.98328,0.00309,527.98328,0.0022,527.98328,0.00843,527.98328,0.01551,527.98328,0.01512,527.98328,0.00515,527.98328,5.20E-04,527.98328,3.71E-04,527.98328,0.00142,527.98328,0.00261,527.98328,0.00255,527.98328,8.67E-04
527.49298,0.00504,527.49298,0.00387,527.49298,0.01113,527.49298,0.01501,527.49298,0.01386,527.49298,0.00712,527.49298,8.49E-04,527.49298,6.51E-04,527.49298,0.00188,527.49298,0.00253,527.49298,0.00233,527.49298,0.0012
527.00262,0.00242,527.00262,3.89E-04,527.00262,0.00817,527.00262,0.01318,527.00262,0.0141,527.00262,0.0054,527.00262,4.08E-04,527.00262,6.55E-05,527.00262,0.00138,527.00262,0.00222,527.00262,0.00238,527.00262,9.09E-04
526.51221,0.00485,526.51221,0.00444,526.51221,0.0098,526.51221,0.01621,526.51221,0.01477,526.51221,0.00568,526.51221,8.16E-04,526.51221,7.49E-04,526.51221,0.00165,526.51221,0.00273,526.51221,0.00249,526.51221,9.56E-04
525.98401,0.00319,525.98401,0.00262,525.98401,0.00661,525.98401,0.01324,525.98401,0.01187,525.98401,0.00638,525.98401,5.37E-04,525.98401,4.42E-04,525.98401,0.00111,525.98401,0.00223,525.98401,0.002,525.98401,0.00108
525.49353,-8.94E-04,525.49353,1.06E-05,525.49353,0.00496,525.49353,0.01207,525.49353,0.01148,525.49353,0.00114,525.49353,-1.51E-04,525.49353,1.79E-06,525.49353,8.35E-04,525.49353,0.00203,525.49353,0.00193,525.49353,1.93E-04
525.00299,0.00324,525.00299,9.80E-04,525.00299,0.00674,525.00299,0.01475,525.00299,0.0143,525.00299,0.00909,525.00299,5.46E-04,525.00299,1.65E-04,525.00299,0.00113,525.00299,0.00248,525.00299,0.00241,525.00299,0.00153
524.51239,0.00329,524.51239,0.00355,524.51239,0.00861,524.51239,0.01473,524.51239,0.01558,524.51239,0.00558,524.51239,5.55E-04,524.51239,5.98E-04,524.51239,0.00145,524.51239,0.00248,524.51239,0.00262,524.51239,9.40E-04
523.98395,0.00576,523.98395,0.00735,523.98395,0.01261,523.98395,0.01994,523.98395,0.0186,523.98395,0.00981,523.98395,9.70E-04,523.98395,0.00124,523.98395,0.00212,523.98395,0.00336,523.98395,0.00313,523.98395,0.00165
523.49323,0.00241,523.49323,0.00253,523.49323,0.0071,523.49323,0.01492,523.49323,0.01299,523.49323,0.00586,523.49323,4.07E-04,523.49323,4.26E-04,523.49323,0.0012,523.49323,0.00251,523.49323,0.00219,523.49323,9.86E-04
523.00244,0.00402,523.00244,0.00233,523.00244,0.00851,523.00244,0.01632,523.00244,0.01306,523.00244,0.00638,523.00244,6.77E-04,523.00244,3.93E-04,523.00244,0.00143,523.00244,0.00275,523.00244,0.0022,523.00244,0.00107
522.51166,0.00321,522.51166,0.0034,522.51166,0.00577,522.51166,0.01226,522.51166,0.01181,522.51166,0.00617,522.51166,5.41E-04,522.51166,5.73E-04,522.51166,9.72E-04,522.51166,0.00206,522.51166,0.00199,522.51166,0.00104
521.98303,0.00143,521.98303,3.54E-04,521.98303,0.00703,521.98303,0.01237,521.98303,0.01326,521.98303,0.00767,521.98303,2.41E-04,521.98303,5.96E-05,521.98303,0.00118,521.98303,0.00208,521.98303,0.00223,521.98303,0.00129
521.49207,0.00425,521.49207,0.00677,521.49207,0.00992,521.49207,0.01571,521.49207,0.01625,521.49207,0.01065,521.49207,7.15E-04,521.49207,0.00114,521.49207,0.00167,521.49207,0.00265,521.49207,0.00274,521.49207,0.00179
521.0011,0.00655,521.0011,0.00509,521.0011,0.01184,521.0011,0.01645,521.0011,0.01596,521.0011,0.006,521.0011,0.0011,521.0011,8.57E-04,521.0011,0.00199,521.0011,0.00277,521.0011,0.00269,521.0011,0.00101
520.51001,0.00537,520.51001,0.00332,520.51001,0.00962,520.51001,0.01524,520.51001,0.01463,520.51001,0.0064,520.51001,9.04E-04,520.51001,5.59E-04,520.51001,0.00162,520.51001,0.00257,520.51001,0.00246,520.51001,0.00108
519.98114,0.00293,519.98114,0.00168,519.98114,0.00593,519.98114,0.01439,519.98114,0.01031,519.98114,0.00419,519.98114,4.93E-04,519.98114,2.84E-04,519.98114,9.98E-04,519.98114,0.00242,519.98114,0.00174,519.98114,7.05E-04
519.49005,0.00296,519.49005,0.00136,519.49005,0.0086,519.49005,0.01462,519.49005,0.01536,519.49005,0.00639,519.49005,4.99E-04,519.49005,2.29E-04,519.49005,0.00145,519.49005,0.00246,519.49005,0.00259,519.49005,0.00108
518.99884,0.00464,518.99884,0.00347,518.99884,0.00938,518.99884,0.01198,518.99884,0.01638,518.99884,0.00816,518.99884,7.82E-04,518.99884,5.85E-04,518.99884,0.00158,518.99884,0.00202,518.99884,0.00276,518.99884,0.00137
518.50751,0.00359,518.50751,0.00149,518.50751,0.01122,518.50751,0.01626,518.50751,0.01548,518.50751,0.00685,518.50751,6.05E-04,518.50751,2.51E-04,518.50751,0.00189,518.50751,0.00274,518.50751,0.00261,518.50751,0.00115
518.01624,0.00352,518.01624,-4.26E-04,518.01624,0.01019,518.01624,0.01303,518.01624,0.00966,518.01624,0.00665,518.01624,5.93E-04,518.01624,-7.17E-05,518.01624,0.00172,518.01624,0.00219,518.01624,0.00163,518.01624,0.00112
517.48706,8.29E-04,517.48706,7.03E-04,517.48706,0.00817,517.48706,0.01389,517.48706,0.01526,517.48706,0.00335,517.48706,1.40E-04,517.48706,1.18E-04,517.48706,0.00138,517.48706,0.00234,517.48706,0.00257,517.48706,5.65E-04
516.99561,0.00121,516.99561,8.43E-05,516.99561,0.0085,516.99561,0.01291,516.99561,0.01313,516.99561,0.00483,516.99561,2.03E-04,516.99561,1.42E-05,516.99561,0.00143,516.99561,0.00217,516.99561,0.00221,516.99561,8.13E-04
516.50421,0.00372,516.50421,0.00204,516.50421,0.00738,516.50421,0.01384,516.50421,0.01513,516.50421,0.0043,516.50421,6.27E-04,516.50421,3.44E-04,516.50421,0.00124,516.50421,0.00233,516.50421,0.00255,516.50421,7.25E-04
516.01263,0.005,516.01263,0.00302,516.01263,0.00581,516.01263,0.01411,516.01263,0.01478,516.01263,0.00724,516.01263,8.41E-04,516.01263,5.09E-04,516.01263,9.78E-04,516.01263,0.00238,516.01263,0.00249,516.01263,0.00122
515.48322,0.00282,515.48322,-5.01E-04,515.48322,0.00567,515.48322,0.01308,515.48322,0.01181,515.48322,0.00553,515.48322,4.76E-04,515.48322,-8.43E-05,515.48322,9.55E-04,515.48322,0.0022,515.48322,0.00199,515.48322,9.31E-04
514.99158,4.26E-04,514.99158,0.00238,514.99158,0.00877,514.99158,0.01451,514.99158,0.01306,514.99158,0.00356,514.99158,7.18E-05,514.99158,4.01E-04,514.99158,0.00148,514.99158,0.00244,514.99158,0.0022,514.99158,5.99E-04
514.49994,0.00262,514.49994,-1.94E-04,514.49994,0.00807,514.49994,0.01689,514.49994,0.01182,514.49994,0.0079,514.49994,4.42E-04,514.49994,-3.27E-05,514.49994,0.00136,514.49994,0.00284,514.49994,0.00199,514.49994,0.00133
514.00818,0.00299,514.00818,0.00319,514.00818,0.00594,514.00818,0.0155,514.00818,0.01231,514.00818,0.00595,514.00818,5.03E-04,514.00818,5.37E-04,514.00818,0.001,514.00818,0.00261,514.00818,0.00207,514.00818,0.001
513.51648,0.0023,513.51648,-4.35E-04,513.51648,0.00807,513.51648,0.01501,513.51648,0.01394,513.51648,0.00682,513.51648,3.88E-04,513.51648,-7.32E-05,513.51648,0.00136,513.51648,0.00253,513.51648,0.00235,513.51648,0.00115
512.98676,-9.95E-04,512.98676,-0.00206,512.98676,0.00711,512.98676,0.01022,512.98676,0.01299,512.98676,0.00267,512.98676,-1.68E-04,512.98676,-3.47E-04,512.98676,0.0012,512.98676,0.00172,512.98676,0.00219,512.98676,4.50E-04
512.49481,0.0028,512.49481,-0.00246,512.49481,0.00691,512.49481,0.01713,512.49481,0.01406,512.49481,0.00828,512.49481,4.71E-04,512.49481,-4.14E-04,512.49481,0.00116,512.49481,0.00289,512.49481,0.00237,512.49481,0.00139
512.00287,0.00801,512.00287,0.00463,512.00287,0.01143,512.00287,0.01818,512.00287,0.01641,512.00287,0.00633,512.00287,0.00135,512.00287,7.80E-04,512.00287,0.00193,512.00287,0.00306,512.00287,0.00276,512.00287,0.00107
511.51083,0.00467,511.51083,0.00253,511.51083,0.00963,511.51083,0.01465,511.51083,0.01478,511.51083,0.006,511.51083,7.87E-04,511.51083,4.26E-04,511.51083,0.00162,511.51083,0.00247,511.51083,0.00249,511.51083,0.00101
511.0188,0.00243,511.0188,0.00231,511.0188,0.0079,511.0188,0.01234,511.0188,0.01497,511.0188,0.00711,511.0188,4.08E-04,511.0188,3.88E-04,511.0188,0.00133,511.0188,0.00208,511.0188,0.00252,511.0188,0.0012
510.4888,-1.59E-04,510.4888,0.00182,510.4888,0.00775,510.4888,0.01585,510.4888,0.01411,510.4888,0.00483,510.4888,-2.68E-05,510.4888,3.07E-04,510.4888,0.0013,510.4888,0.00267,510.4888,0.00238,510.4888,8.14E-04
509.99667,0.00485,509.99667,0.00602,509.99667,0.0101,509.99667,0.02199,509.99667,0.01597,509.99667,0.00874,509.99667,8.17E-04,509.99667,0.00101,509.99667,0.0017,509.99667,0.0037,509.99667,0.00269,509.99667,0.00147
509.50443,0.00394,509.50443,6.35E-05,509.50443,0.01071,509.50443,0.01576,509.50443,0.01404,509.50443,0.00669,509.50443,6.63E-04,509.50443,1.07E-05,509.50443,0.0018,509.50443,0.00265,509.50443,0.00236,509.50443,0.00113
509.01215,0.00427,509.01215,0.00421,509.01215,0.01361,509.01215,0.01779,509.01215,0.01636,509.01215,0.00843,509.01215,7.19E-04,509.01215,7.09E-04,509.01215,0.00229,509.01215,0.003,509.01215,0.00275,509.01215,0.00142
508.48196,0.00323,508.48196,0.00239,508.48196,0.0102,508.48196,0.01721,508.48196,0.01518,508.48196,0.00745,508.48196,5.44E-04,508.48196,4.03E-04,508.48196,0.00172,508.48196,0.0029,508.48196,0.00256,508.48196,0.00125
507.98959,0.00146,507.98959,0.00426,507.98959,0.01088,507.98959,0.01312,507.98959,0.01461,507.98959,0.00641,507.98959,2.45E-04,507.98959,7.18E-04,507.98959,0.00183,507.98959,0.00221,507.98959,0.00246,507.98959,0.00108
507.49716,0.00779,507.49716,0.00402,507.49716,0.01181,507.49716,0.01679,507.49716,0.0166,507.49716,0.00499,507.49716,0.00131,507.49716,6.77E-04,507.49716,0.00199,507.49716,0.00283,507.49716,0.0028,507.49716,8.41E-04
507.00464,0.00128,507.00464,0.00271,507.00464,0.00984,507.00464,0.01768,507.00464,0.01305,507.00464,0.00295,507.00464,2.15E-04,507.00464,4.56E-04,507.00464,0.00166,507.00464,0.00298,507.00464,0.0022,507.00464,4.96E-04
506.51218,3.05E-04,506.51218,0.00328,506.51218,0.00819,506.51218,0.01758,506.51218,0.01697,506.51218,0.00619,506.51218,5.14E-05,506.51218,5.53E-04,506.51218,0.00138,506.51218,0.00296,506.51218,0.00286,506.51218,0.00104
505.98169,0.00482,505.98169,0.00507,505.98169,0.01144,505.98169,0.01881,505.98169,0.01676,505.98169,0.0058,505.98169,8.11E-04,505.98169,8.54E-04,505.98169,0.00193,505.98169,0.00317,505.98169,0.00282,505.98169,9.77E-04
505.48901,0.00366,505.48901,0.00545,505.48901,0.01193,505.48901,0.01673,505.48901,0.01513,505.48901,0.00892,505.48901,6.16E-04,505.48901,9.19E-04,505.48901,0.00201,505.48901,0.00282,505.48901,0.00255,505.48901,0.0015
504.99637,0.00275,504.99637,0.00317,504.99637,0.00891,504.99637,0.01635,504.99637,0.01485,504.99637,0.00739,504.99637,4.63E-04,504.99637,5.34E-04,504.99637,0.0015,504.99637,0.00275,504.99637,0.0025,504.99637,0.00124
504.5036,0.00893,504.5036,0.00557,504.5036,0.01437,504.5036,0.0206,504.5036,0.01889,504.5036,0.00899,504.5036,0.0015,504.5036,9.38E-04,504.5036,0.00242,504.5036,0.00347,504.5036,0.00318,504.5036,0.00151
504.01077,0.00645,504.01077,0.00366,504.01077,0.0102,504.01077,0.01691,504.01077,0.02064,504.01077,0.00827,504.01077,0.00109,504.01077,6.17E-04,504.01077,0.00172,504.01077,0.00285,504.01077,0.00348,504.01077,0.00139
503.51797,0.00503,503.51797,7.81E-04,503.51797,0.00855,503.51797,0.01723,503.51797,0.01235,503.51797,0.00537,503.51797,8.47E-04,503.51797,1.32E-04,503.51797,0.00144,503.51797,0.0029,503.51797,0.00208,503.51797,9.04E-04
502.98721,0.00422,502.98721,8.74E-04,502.98721,0.00728,502.98721,0.01577,502.98721,0.01488,502.98721,0.00805,502.98721,7.10E-04,502.98721,1.47E-04,502.98721,0.00123,502.98721,0.00266,502.98721,0.00251,502.98721,0.00136
502.4942,0.00309,502.4942,0.00575,502.4942,0.01313,502.4942,0.01566,502.4942,0.01682,502.4942,0.00846,502.4942,5.21E-04,502.4942,9.69E-04,502.4942,0.00221,502.4942,0.00264,502.4942,0.00283,502.4942,0.00142
502.00116,6.54E-04,502.00116,0.00347,502.00116,0.00727,502.00116,0.01619,502.00116,0.01615,502.00116,0.00588,502.00116,1.10E-04,502.00116,5.84E-04,502.00116,0.00122,502.00116,0.00273,502.00116,0.00272,502.00116,9.90E-04
501.50815,0.00391,501.50815,0.00427,501.50815,0.01134,501.50815,0.017,501.50815,0.01611,501.50815,0.00763,501.50815,6.59E-04,501.50815,7.19E-04,501.50815,0.00191,501.50815,0.00286,501.50815,0.00271,501.50815,0.00129
501.01498,0.00425,501.01498,4.87E-04,501.01498,0.0081,501.01498,0.0172,501.01498,0.01581,501.01498,7.66E-04,501.01498,7.16E-04,501.01498,8.21E-05,501.01498,0.00136,501.01498,0.0029,501.01498,0.00266,501.01498,1.29E-04
500.48398,0.00461,500.48398,0.00361,500.48398,0.00921,500.48398,0.01603,500.48398,0.01521,500.48398,0.00737,500.48398,7.76E-04,500.48398,6.08E-04,500.48398,0.00155,500.48398,0.0027,500.48398,0.00256,500.48398,0.00124
499.99072,0.00173,499.99072,0.00207,499.99072,0.00816,499.99072,0.01416,499.99072,0.01302,499.99072,0.00887,499.99072,2.91E-04,499.99072,3.49E-04,499.99072,0.00137,499.99072,0.00238,499.99072,0.00219,499.99072,0.00149
499.49747,0.00569,499.49747,0.0023,499.49747,0.0117,499.49747,0.0192,499.49747,0.01684,499.49747,0.00645,499.49747,9.58E-04,499.49747,3.88E-04,499.49747,0.00197,499.49747,0.00323,499.49747,0.00284,499.49747,0.00109
499.00415,1.22E-04,499.00415,0.001,499.00415,0.00951,499.00415,0.01313,499.00415,0.0125,499.00415,0.00489,499.00415,2.06E-05,499.00415,1.69E-04,499.00415,0.0016,499.00415,0.00221,499.00415,0.0021,499.00415,8.23E-04
498.51083,0.00356,498.51083,0.00355,498.51083,0.012,498.51083,0.01969,498.51083,0.01725,498.51083,0.01107,498.51083,5.99E-04,498.51083,5.98E-04,498.51083,0.00202,498.51083,0.00332,498.51083,0.00291,498.51083,0.00187
498.0174,0.00582,498.0174,0.00402,498.0174,0.01086,498.0174,0.01869,498.0174,0.01307,498.0174,0.00677,498.0174,9.80E-04,498.0174,6.76E-04,498.0174,0.00183,498.0174,0.00315,498.0174,0.0022,498.0174,0.00114
497.48596,-2.65E-04,497.48596,-2.03E-04,497.48596,0.00728,497.48596,0.01165,497.48596,0.01185,497.48596,0.00386,497.48596,-4.47E-05,497.48596,-3.42E-05,497.48596,0.00123,497.48596,0.00196,497.48596,0.002,497.48596,6.51E-04
496.9924,0.00196,496.9924,0.00329,496.9924,0.00757,496.9924,0.01582,496.9924,0.01472,496.9924,0.00498,496.9924,3.29E-04,496.9924,5.54E-04,496.9924,0.00128,496.9924,0.00266,496.9924,0.00248,496.9924,8.38E-04
496.49887,0.00179,496.49887,0.00355,496.49887,0.00896,496.49887,0.0136,496.49887,0.01528,496.49887,0.0049,496.49887,3.01E-04,496.49887,5.98E-04,496.49887,0.00151,496.49887,0.00229,496.49887,0.00257,496.49887,8.25E-04
496.00525,0.00428,496.00525,0.00467,496.00525,0.01017,496.00525,0.0178,496.00525,0.01976,496.00525,0.00854,496.00525,7.21E-04,496.00525,7.87E-04,496.00525,0.00171,496.00525,0.003,496.00525,0.00333,496.00525,0.00144
495.5116,0.00551,495.5116,0.00555,495.5116,0.01243,495.5116,0.01754,495.5116,0.01686,495.5116,0.00764,495.5116,9.28E-04,495.5116,9.35E-04,495.5116,0.00209,495.5116,0.00295,495.5116,0.00284,495.5116,0.00129
495.01788,0.00415,495.01788,0.00251,495.01788,0.01073,495.01788,0.01879,495.01788,0.01717,495.01788,0.00722,495.01788,6.99E-04,495.01788,4.23E-04,495.01788,0.00181,495.01788,0.00316,495.01788,0.00289,495.01788,0.00122
494.48608,0.0059,494.48608,0.00332,494.48608,0.00843,494.48608,0.01577,494.48608,0.01889,494.48608,0.00834,494.48608,9.94E-04,494.48608,5.59E-04,494.48608,0.00142,494.48608,0.00266,494.48608,0.00318,494.48608,0.00141
493.99231,0.0052,493.99231,0.00474,493.99231,0.01054,493.99231,0.01633,493.99231,0.01632,493.99231,0.00606,493.99231,8.76E-04,493.99231,7.99E-04,493.99231,0.00178,493.99231,0.00275,493.99231,0.00275,493.99231,0.00102
493.49844,0.00464,493.49844,0.00279,493.49844,0.00705,493.49844,0.01635,493.49844,0.01849,493.49844,0.00599,493.49844,7.82E-04,493.49844,4.70E-04,493.49844,0.00119,493.49844,0.00275,493.49844,0.00311,493.49844,0.00101
493.00452,0.0061,493.00452,0.00439,493.00452,0.00981,493.00452,0.01801,493.00452,0.01853,493.00452,0.00802,493.00452,0.00103,493.00452,7.39E-04,493.00452,0.00165,493.00452,0.00303,493.00452,0.00312,493.00452,0.00135
492.5105,0.00397,492.5105,0.00322,492.5105,0.00948,492.5105,0.01682,492.5105,0.0171,492.5105,0.00729,492.5105,6.69E-04,492.5105,5.42E-04,492.5105,0.0016,492.5105,0.00283,492.5105,0.00288,492.5105,0.00123
492.01651,0.00428,492.01651,0.00154,492.01651,0.00934,492.01651,0.01752,492.01651,0.01553,492.01651,0.00713,492.01651,7.21E-04,492.01651,2.60E-04,492.01651,0.00157,492.01651,0.00295,492.01651,0.00262,492.01651,0.0012
491.48444,0.00818,491.48444,0.00509,491.48444,0.0136,491.48444,0.02151,491.48444,0.02056,491.48444,0.01173,491.48444,0.00138,491.48444,8.56E-04,491.48444,0.00229,491.48444,0.00362,491.48444,0.00346,491.48444,0.00198
490.9902,0.00376,490.9902,0.00293,490.9902,0.01063,490.9902,0.01793,490.9902,0.01686,490.9902,0.00605,490.9902,6.34E-04,490.9902,4.94E-04,490.9902,0.00179,490.9902,0.00302,490.9902,0.00284,490.9902,0.00102
490.49609,0.00566,490.49609,0.00353,490.49609,0.01056,490.49609,0.01914,490.49609,0.01777,490.49609,0.00527,490.49609,9.54E-04,490.49609,5.95E-04,490.49609,0.00178,490.49609,0.00322,490.49609,0.00299,490.49609,8.87E-04
490.00183,0.00459,490.00183,0.00474,490.00183,0.01301,490.00183,0.0216,490.00183,0.01854,490.00183,0.00971,490.00183,7.72E-04,490.00183,7.98E-04,490.00183,0.00219,490.00183,0.00364,490.00183,0.00312,490.00183,0.00163
489.50757,0.0043,489.50757,0.00164,489.50757,0.0111,489.50757,0.01788,489.50757,0.01769,489.50757,0.00727,489.50757,7.24E-04,489.50757,2.75E-04,489.50757,0.00187,489.50757,0.00301,489.50757,0.00298,489.50757,0.00123
489.01324,0.00405,489.01324,0.00336,489.01324,0.00906,489.01324,0.01774,489.01324,0.01856,489.01324,0.00737,489.01324,6.83E-04,489.01324,5.67E-04,489.01324,0.00153,489.01324,0.00299,489.01324,0.00313,489.01324,0.00124
488.51889,0.00488,488.51889,0.00154,488.51889,0.01013,488.51889,0.01866,488.51889,0.01701,488.51889,0.00846,488.51889,8.22E-04,488.51889,2.59E-04,488.51889,0.00171,488.51889,0.00314,488.51889,0.00286,488.51889,0.00142
487.98639,0.00469,487.98639,0.00305,487.98639,0.0122,487.98639,0.01994,487.98639,0.01813,487.98639,0.0106,487.98639,7.90E-04,487.98639,5.14E-04,487.98639,0.00205,487.98639,0.00336,487.98639,0.00305,487.98639,0.00179
487.49188,0.00869,487.49188,0.00775,487.49188,0.01577,487.49188,0.02229,487.49188,0.02233,487.49188,0.01282,487.49188,0.00146,487.49188,0.0013,487.49188,0.00266,487.49188,0.00375,487.49188,0.00376,487.49188,0.00216
486.99738,0.0017,486.99738,0.0026,486.99738,0.01061,486.99738,0.01858,486.99738,0.01722,486.99738,0.00768,486.99738,2.86E-04,486.99738,4.38E-04,486.99738,0.00179,486.99738,0.00313,486.99738,0.0029,486.99738,0.00129
486.50278,0.0031,486.50278,9.35E-04,486.50278,0.0115,486.50278,0.01679,486.50278,0.01682,486.50278,0.00603,486.50278,5.23E-04,486.50278,1.57E-04,486.50278,0.00194,486.50278,0.00283,486.50278,0.00283,486.50278,0.00102
486.00821,0.00373,486.00821,0.00263,486.00821,0.01221,486.00821,0.01913,486.00821,0.01836,486.00821,0.00713,486.00821,6.28E-04,486.00821,4.42E-04,486.00821,0.00206,486.00821,0.00322,486.00821,0.00309,486.00821,0.0012
485.51346,0.00181,485.51346,0.00356,485.51346,0.01118,485.51346,0.01823,485.51346,0.01849,485.51346,0.0075,485.51346,3.04E-04,485.51346,6.00E-04,485.51346,0.00188,485.51346,0.00307,485.51346,0.00311,485.51346,0.00126
485.01877,0.0028,485.01877,0.00195,485.01877,0.01154,485.01877,0.01764,485.01877,0.01725,485.01877,0.0074,485.01877,4.72E-04,485.01877,3.29E-04,485.01877,0.00194,485.01877,0.00297,485.01877,0.0029,485.01877,0.00125
484.4859,0.00144,484.4859,0.00118,484.4859,0.00942,484.4859,0.01752,484.4859,0.01704,484.4859,0.00604,484.4859,2.43E-04,484.4859,1.99E-04,484.4859,0.00159,484.4859,0.00295,484.4859,0.00287,484.4859,0.00102
483.99112,0.00177,483.99112,0.00183,483.99112,0.00906,483.99112,0.0167,483.99112,0.01552,483.99112,0.00577,483.99112,2.99E-04,483.99112,3.09E-04,483.99112,0.00153,483.99112,0.00281,483.99112,0.00261,483.99112,9.73E-04
483.49619,0.00292,483.49619,0.00385,483.49619,0.01058,483.49619,0.01775,483.49619,0.01661,483.49619,0.00674,483.49619,4.91E-04,483.49619,6.49E-04,483.49619,0.00178,483.49619,0.00299,483.49619,0.0028,483.49619,0.00113
483.00128,0.00244,483.00128,0.00181,483.00128,0.01038,483.00128,0.01919,483.00128,0.01684,483.00128,0.00712,483.00128,4.11E-04,483.00128,3.04E-04,483.00128,0.00175,483.00128,0.00323,483.00128,0.00284,483.00128,0.0012
482.50629,-4.27E-04,482.50629,0.00186,482.50629,0.00992,482.50629,0.01663,482.50629,0.01554,482.50629,0.00913,482.50629,-7.19E-05,482.50629,3.14E-04,482.50629,0.00167,482.50629,0.0028,482.50629,0.00262,482.50629,0.00154
482.01126,0.00359,482.01126,0.00378,482.01126,0.00997,482.01126,0.0201,482.01126,0.01771,482.01126,0.00905,482.01126,6.05E-04,482.01126,6.37E-04,482.01126,0.00168,482.01126,0.00338,482.01126,0.00298,482.01126,0.00152
481.5162,0.00313,481.5162,0.0026,481.5162,0.00962,481.5162,0.01874,481.5162,0.0174,481.5162,0.00745,481.5162,5.27E-04,481.5162,4.37E-04,481.5162,0.00162,481.5162,0.00316,481.5162,0.00293,481.5162,0.00126
480.98297,0.0046,480.98297,4.71E-04,480.98297,0.00897,480.98297,0.01773,480.98297,0.01789,480.98297,0.00845,480.98297,7.74E-04,480.98297,7.93E-05,480.98297,0.00151,480.98297,0.00299,480.98297,0.00301,480.98297,0.00142
480.48779,0.00545,480.48779,-9.18E-04,480.48779,0.01146,480.48779,0.01701,480.48779,0.01624,480.48779,0.00877,480.48779,9.18E-04,480.48779,-1.55E-04,480.48779,0.00193,480.48779,0.00286,480.48779,0.00274,480.48779,0.00148
479.99249,0.00237,479.99249,0.00411,479.99249,0.01074,479.99249,0.0189,479.99249,0.0172,479.99249,0.00676,479.99249,3.99E-04,479.99249,6.93E-04,479.99249,0.00181,479.99249,0.00318,479.99249,0.0029,479.99249,0.00114
479.49731,0.00219,479.49731,7.37E-04,479.49731,0.01258,479.49731,0.01866,479.49731,0.01994,479.49731,0.0051,479.49731,3.69E-04,479.49731,1.24E-04,479.49731,0.00212,479.49731,0.00314,479.49731,0.00336,479.49731,8.59E-04
479.00195,0.00356,479.00195,0.0015,479.00195,0.0098,479.00195,0.01827,479.00195,0.01611,479.00195,0.00828,479.00195,5.99E-04,479.00195,2.53E-04,479.00195,0.00165,479.00195,0.00308,479.00195,0.00271,479.00195,0.00139
478.50656,0.00439,478.50656,0.00392,478.50656,0.0114,478.50656,0.01993,478.50656,0.01747,478.50656,0.00917,478.50656,7.40E-04,478.50656,6.59E-04,478.50656,0.00192,478.50656,0.00336,478.50656,0.00294,478.50656,0.00154
478.01114,0.00103,478.01114,9.43E-04,478.01114,0.00754,478.01114,0.01703,478.01114,0.01584,478.01114,0.00762,478.01114,1.73E-04,478.01114,1.59E-04,478.01114,0.00127,478.01114,0.00287,478.01114,0.00267,478.01114,0.00128
477.51566,0.00169,477.51566,0.00159,477.51566,0.01129,477.51566,0.01895,477.51566,0.01693,477.51566,0.00738,477.51566,2.85E-04,477.51566,2.68E-04,477.51566,0.0019,477.51566,0.00319,477.51566,0.00285,477.51566,0.00124
476.98203,0.00306,476.98203,0.00101,476.98203,0.00905,476.98203,0.01558,476.98203,0.0169,476.98203,0.00723,476.98203,5.16E-04,476.98203,1.70E-04,476.98203,0.00152,476.98203,0.00262,476.98203,0.00285,476.98203,0.00122
476.48651,0.00653,476.48651,0.00434,476.48651,0.01179,476.48651,0.024,476.48651,0.02073,476.48651,0.01326,476.48651,0.0011,476.48651,7.30E-04,476.48651,0.00199,476.48651,0.00404,476.48651,0.00349,476.48651,0.00223
475.99084,0.00585,475.99084,0.00425,475.99084,0.01045,475.99084,0.02063,475.99084,0.01792,475.99084,0.00913,475.99084,9.85E-04,475.99084,7.16E-04,475.99084,0.00176,475.99084,0.00347,475.99084,0.00302,475.99084,0.00154
475.49518,0.00888,475.49518,0.00244,475.49518,0.01302,475.49518,0.02215,475.49518,0.02074,475.49518,0.01143,475.49518,0.0015,475.49518,4.12E-04,475.49518,0.00219,475.49518,0.00373,475.49518,0.00349,475.49518,0.00192
474.99945,0.00606,474.99945,0.00423,474.99945,0.00959,474.99945,0.01882,474.99945,0.01836,474.99945,0.01014,474.99945,0.00102,474.99945,7.12E-04,474.99945,0.00162,474.99945,0.00317,474.99945,0.00309,474.99945,0.00171
474.50369,0.00349,474.50369,0.00194,474.50369,0.00883,474.50369,0.01537,474.50369,0.01793,474.50369,0.00736,474.50369,5.88E-04,474.50369,3.26E-04,474.50369,0.00149,474.50369,0.00259,474.50369,0.00302,474.50369,0.00124
474.00784,0.00824,474.00784,0.0041,474.00784,0.01406,474.00784,0.02085,474.00784,0.02136,474.00784,0.00885,474.00784,0.00139,474.00784,6.91E-04,474.00784,0.00237,474.00784,0.00351,474.00784,0.0036,474.00784,0.00149
473.51202,0.00208,473.51202,0.00209,473.51202,0.00805,473.51202,0.01523,473.51202,0.0169,473.51202,0.00719,473.51202,3.51E-04,473.51202,3.52E-04,473.51202,0.00136,473.51202,0.00256,473.51202,0.00285,473.51202,0.00121
473.01605,0.00627,473.01605,0.00239,473.01605,0.01258,473.01605,0.01994,473.01605,0.01886,473.01605,0.0092,473.01605,0.00106,473.01605,4.03E-04,473.01605,0.00212,473.01605,0.00336,473.01605,0.00318,473.01605,0.00155
472.48196,0.00316,472.48196,-0.00107,472.48196,0.00843,472.48196,0.0162,472.48196,0.01582,472.48196,0.00885,472.48196,5.32E-04,472.48196,-1.80E-04,472.48196,0.00142,472.48196,0.00273,472.48196,0.00266,472.48196,0.00149
471.98599,0.00603,471.98599,0.0032,471.98599,0.01068,471.98599,0.02119,471.98599,0.01998,471.98599,0.00848,471.98599,0.00101,471.98599,5.38E-04,471.98599,0.0018,471.98599,0.00357,471.98599,0.00336,471.98599,0.00143
471.4899,0.00418,471.4899,0.00302,471.4899,0.01152,471.4899,0.02014,471.4899,0.01684,471.4899,0.01004,471.4899,7.05E-04,471.4899,5.08E-04,471.4899,0.00194,471.4899,0.00339,471.4899,0.00284,471.4899,0.00169
470.99377,0.00447,470.99377,0.00378,470.99377,0.01013,470.99377,0.01909,470.99377,0.01826,470.99377,0.00784,470.99377,7.53E-04,470.99377,6.37E-04,470.99377,0.00171,470.99377,0.00321,470.99377,0.00307,470.99377,0.00132
470.49762,0.00383,470.49762,0.00142,470.49762,0.01069,470.49762,0.01926,470.49762,0.01743,470.49762,0.006,470.49762,6.44E-04,470.49762,2.39E-04,470.49762,0.0018,470.49762,0.00324,470.49762,0.00294,470.49762,0.00101
470.00143,0.00388,470.00143,0.00576,470.00143,0.01329,470.00143,0.01986,470.00143,0.0196,470.00143,0.00944,470.00143,6.54E-04,470.00143,9.70E-04,470.00143,0.00224,470.00143,0.00334,470.00143,0.0033,470.00143,0.00159
469.50513,0.00502,469.50513,0.00538,469.50513,0.01257,469.50513,0.0201,469.50513,0.02047,469.50513,0.00974,469.50513,8.46E-04,469.50513,9.06E-04,469.50513,0.00212,469.50513,0.00339,469.50513,0.00345,469.50513,0.00164
469.00894,0.00545,469.00894,0.00422,469.00894,0.00957,469.00894,0.02074,469.00894,0.01767,469.00894,0.01183,469.00894,9.18E-04,469.00894,7.11E-04,469.00894,0.00161,469.00894,0.00349,469.00894,0.00298,469.00894,0.00199
468.51254,0.00764,468.51254,0.00515,468.51254,0.015,468.51254,0.02189,468.51254,0.01957,468.51254,0.01085,468.51254,0.00129,468.51254,8.67E-04,468.51254,0.00253,468.51254,0.00369,468.51254,0.0033,468.51254,0.00183
468.01614,0.00346,468.01614,9.23E-04,468.01614,0.01257,468.01614,0.01811,468.01614,0.0179,468.01614,0.00708,468.01614,5.82E-04,468.01614,1.55E-04,468.01614,0.00212,468.01614,0.00305,468.01614,0.00302,468.01614,0.00119
467.48154,0.00475,467.48154,0.00309,467.48154,0.01386,467.48154,0.01719,467.48154,0.01367,467.48154,0.00484,467.48154,8.00E-04,467.48154,5.20E-04,467.48154,0.00233,467.48154,0.0029,467.48154,0.0023,467.48154,8.14E-04
466.98502,0.00629,466.98502,0.00327,466.98502,0.01251,466.98502,0.01999,466.98502,0.01808,466.98502,0.00683,466.98502,0.00106,466.98502,5.50E-04,466.98502,0.00211,466.98502,0.00337,466.98502,0.00305,466.98502,0.00115
466.48846,0.00793,466.48846,0.00347,466.48846,0.01387,466.48846,0.02115,466.48846,0.02003,466.48846,0.01201,466.48846,0.00133,466.48846,5.84E-04,466.48846,0.00234,466.48846,0.00356,466.48846,0.00337,466.48846,0.00202
465.99188,0.00264,465.99188,0.00142,465.99188,0.01123,465.99188,0.01703,465.99188,0.01705,465.99188,0.007,465.99188,4.45E-04,465.99188,2.38E-04,465.99188,0.00189,465.99188,0.00287,465.99188,0.00287,465.99188,0.00118
465.49524,0.00645,465.49524,0.00357,465.49524,0.01223,465.49524,0.02252,465.49524,0.01802,465.49524,0.00917,465.49524,0.00109,465.49524,6.01E-04,465.49524,0.00206,465.49524,0.00379,465.49524,0.00303,465.49524,0.00154
464.9985,0.00542,464.9985,0.00514,464.9985,0.01266,464.9985,0.02068,464.9985,0.01836,464.9985,0.01174,464.9985,9.13E-04,464.9985,8.65E-04,464.9985,0.00213,464.9985,0.00348,464.9985,0.00309,464.9985,0.00198
464.50186,0.00244,464.50186,4.33E-04,464.50186,0.00772,464.50186,0.01729,464.50186,0.01466,464.50186,0.00453,464.50186,4.11E-04,464.50186,7.30E-05,464.50186,0.0013,464.50186,0.00291,464.50186,0.00247,464.50186,7.63E-04
464.00504,0.00286,464.00504,0.00354,464.00504,0.01276,464.00504,0.02021,464.00504,0.0186,464.00504,0.0081,464.00504,4.81E-04,464.00504,5.96E-04,464.00504,0.00215,464.00504,0.0034,464.00504,0.00313,464.00504,0.00136
463.50821,0.00494,463.50821,0.00302,463.50821,0.01238,463.50821,0.01842,463.50821,0.01783,463.50821,0.00997,463.50821,8.31E-04,463.50821,5.08E-04,463.50821,0.00209,463.50821,0.0031,463.50821,0.003,463.50821,0.00168
463.01132,0.00365,463.01132,0.00197,463.01132,0.01054,463.01132,0.01893,463.01132,0.01639,463.01132,0.00812,463.01132,6.14E-04,463.01132,3.31E-04,463.01132,0.00177,463.01132,0.00319,463.01132,0.00276,463.01132,0.00137
462.51447,0.00302,462.51447,0.00471,462.51447,0.01211,462.51447,0.02086,462.51447,0.01913,462.51447,0.00982,462.51447,5.09E-04,462.51447,7.94E-04,462.51447,0.00204,462.51447,0.00351,462.51447,0.00322,462.51447,0.00165
462.01743,0.00429,462.01743,0.00331,462.01743,0.0117,462.01743,0.01988,462.01743,0.01815,462.01743,0.00999,462.01743,7.22E-04,462.01743,5.58E-04,462.01743,0.00197,462.01743,0.00335,462.01743,0.00306,462.01743,0.00168
461.48227,0.00348,461.48227,0.00317,461.48227,0.01338,461.48227,0.01989,461.48227,0.0192,461.48227,0.01133,461.48227,5.86E-04,461.48227,5.33E-04,461.48227,0.00225,461.48227,0.00335,461.48227,0.00323,461.48227,0.00191
460.98514,0.00648,460.98514,0.0026,460.98514,0.01445,460.98514,0.02017,460.98514,0.02068,460.98514,0.01085,460.98514,0.00109,460.98514,4.37E-04,460.98514,0.00243,460.98514,0.0034,460.98514,0.00348,460.98514,0.00183
460.48807,0.00595,460.48807,0.00184,460.48807,0.01284,460.48807,0.02035,460.48807,0.01868,460.48807,0.00931,460.48807,0.001,460.48807,3.10E-04,460.48807,0.00216,460.48807,0.00343,460.48807,0.00315,460.48807,0.00157
459.99091,0.00532,459.99091,0.00254,459.99091,0.01437,459.99091,0.02112,459.99091,0.02026,459.99091,0.00927,459.99091,8.96E-04,459.99091,4.28E-04,459.99091,0.00242,459.99091,0.00356,459.99091,0.00341,459.99091,0.00156
459.49368,0.0042,459.49368,0.00303,459.49368,0.01282,459.49368,0.01929,459.49368,0.0188,459.49368,0.00899,459.49368,7.08E-04,459.49368,5.09E-04,459.49368,0.00216,459.49368,0.00325,459.49368,0.00317,459.49368,0.00151
458.9964,0.00356,458.9964,0.00194,458.9964,0.00998,458.9964,0.01722,458.9964,0.01893,458.9964,0.00831,458.9964,6.00E-04,458.9964,3.26E-04,458.9964,0.00168,458.9964,0.0029,458.9964,0.00319,458.9964,0.0014
458.49915,0.00447,458.49915,0.00258,458.49915,0.01162,458.49915,0.01986,458.49915,0.01996,458.49915,0.00972,458.49915,7.53E-04,458.49915,4.34E-04,458.49915,0.00196,458.49915,0.00335,458.49915,0.00336,458.49915,0.00164
458.00177,0.0029,458.00177,9.77E-04,458.00177,0.00965,458.00177,0.02094,458.00177,0.0158,458.00177,0.00794,458.00177,4.89E-04,458.00177,1.65E-04,458.00177,0.00163,458.00177,0.00353,458.00177,0.00266,458.00177,0.00134
457.50433,0.0025,457.50433,0.00153,457.50433,0.01059,457.50433,0.02016,457.50433,0.01663,457.50433,0.00854,457.50433,4.21E-04,457.50433,2.58E-04,457.50433,0.00178,457.50433,0.0034,457.50433,0.0028,457.50433,0.00144
457.00696,0.00389,457.00696,0.00448,457.00696,0.01148,457.00696,0.01942,457.00696,0.02058,457.00696,0.01049,457.00696,6.56E-04,457.00696,7.54E-04,457.00696,0.00193,457.00696,0.00327,457.00696,0.00347,457.00696,0.00177
456.50949,0.00257,456.50949,0.00203,456.50949,0.0116,456.50949,0.01932,456.50949,0.01954,456.50949,0.00785,456.50949,4.33E-04,456.50949,3.43E-04,456.50949,0.00195,456.50949,0.00325,456.50949,0.00329,456.50949,0.00132
456.01193,0.00721,456.01193,0.00314,456.01193,0.01389,456.01193,0.01993,456.01193,0.01956,456.01193,0.01167,456.01193,0.00121,456.01193,5.29E-04,456.01193,0.00234,456.01193,0.00336,456.01193,0.00329,456.01193,0.00197
455.51437,0.00575,455.51437,0.00254,455.51437,0.01307,455.51437,0.02098,455.51437,0.02143,455.51437,0.009,455.51437,9.68E-04,455.51437,4.28E-04,455.51437,0.0022,455.51437,0.00353,455.51437,0.00361,455.51437,0.00152
455.01672,0.00579,455.01672,0.00356,455.01672,0.01392,455.01672,0.02074,455.01672,0.02312,455.01672,0.01098,455.01672,9.76E-04,455.01672,6.00E-04,455.01672,0.00234,455.01672,0.00349,455.01672,0.00389,455.01672,0.00185
454.51907,0.00393,454.51907,0.00337,454.51907,0.01206,454.51907,0.02041,454.51907,0.01886,454.51907,0.01005,454.51907,6.61E-04,454.51907,5.67E-04,454.51907,0.00203,454.51907,0.00344,454.51907,0.00318,454.51907,0.00169
453.98309,0.00535,453.98309,0.00428,453.98309,0.01307,453.98309,0.0217,453.98309,0.01986,453.98309,0.0114,453.98309,9.02E-04,453.98309,7.20E-04,453.98309,0.0022,453.98309,0.00365,453.98309,0.00334,453.98309,0.00192
453.48529,0.00373,453.48529,0.00338,453.48529,0.01208,453.48529,0.01829,453.48529,0.02009,453.48529,0.0079,453.48529,6.27E-04,453.48529,5.70E-04,453.48529,0.00203,453.48529,0.00308,453.48529,0.00338,453.48529,0.00133
452.98749,0.00501,452.98749,0.0047,452.98749,0.01308,452.98749,0.02026,452.98749,0.01992,452.98749,0.01157,452.98749,8.44E-04,452.98749,7.92E-04,452.98749,0.0022,452.98749,0.00341,452.98749,0.00335,452.98749,0.00195
452.48962,0.00352,452.48962,0.00268,452.48962,0.01417,452.48962,0.02399,452.48962,0.02114,452.48962,0.01021,452.48962,5.93E-04,452.48962,4.51E-04,452.48962,0.00239,452.48962,0.00404,452.48962,0.00356,452.48962,0.00172
451.99173,0.00389,451.99173,0.00258,451.99173,0.01369,451.99173,0.02391,451.99173,0.02063,451.99173,0.01166,451.99173,6.55E-04,451.99173,4.35E-04,451.99173,0.00231,451.99173,0.00403,451.99173,0.00348,451.99173,0.00196
451.49374,-5.82E-04,451.49374,-5.93E-04,451.49374,0.0108,451.49374,0.01922,451.49374,0.01869,451.49374,0.00637,451.49374,-9.79E-05,451.49374,-9.99E-05,451.49374,0.00182,451.49374,0.00324,451.49374,0.00315,451.49374,0.00107
450.99579,0.00146,450.99579,7.89E-04,450.99579,0.01127,450.99579,0.01864,450.99579,0.02004,450.99579,0.00756,450.99579,2.45E-04,450.99579,1.33E-04,450.99579,0.0019,450.99579,0.00314,450.99579,0.00337,450.99579,0.00127
450.49771,0.00506,450.49771,0.00401,450.49771,0.01472,450.49771,0.02266,450.49771,0.02213,450.49771,0.00919,450.49771,8.52E-04,450.49771,6.76E-04,450.49771,0.00248,450.49771,0.00382,450.49771,0.00373,450.49771,0.00155
449.99966,0.00394,449.99966,0.00335,449.99966,0.01098,449.99966,0.02217,449.99966,0.02035,449.99966,0.0095,449.99966,6.63E-04,449.99966,5.65E-04,449.99966,0.00185,449.99966,0.00373,449.99966,0.00343,449.99966,0.0016
449.5015,0.0047,449.5015,0.00629,449.5015,0.01414,449.5015,0.0216,449.5015,0.02215,449.5015,0.00932,449.5015,7.91E-04,449.5015,0.00106,449.5015,0.00238,449.5015,0.00364,449.5015,0.00373,449.5015,0.00157
449.0033,0.00507,449.0033,0.00304,449.0033,0.01236,449.0033,0.02178,449.0033,0.02099,449.0033,0.01041,449.0033,8.54E-04,449.0033,5.11E-04,449.0033,0.00208,449.0033,0.00367,449.0033,0.00353,449.0033,0.00175
448.50513,0.00327,448.50513,0.00397,448.50513,0.01299,448.50513,0.02191,448.50513,0.01874,448.50513,0.01096,448.50513,5.51E-04,448.50513,6.69E-04,448.50513,0.00219,448.50513,0.00369,448.50513,0.00316,448.50513,0.00185
448.00684,0.00508,448.00684,0.00339,448.00684,0.01237,448.00684,0.02171,448.00684,0.02095,448.00684,0.01124,448.00684,8.55E-04,448.00684,5.71E-04,448.00684,0.00208,448.00684,0.00366,448.00684,0.00353,448.00684,0.00189
447.50851,0.00494,447.50851,0.00352,447.50851,0.01162,447.50851,0.01979,447.50851,0.0198,447.50851,0.01087,447.50851,8.32E-04,447.50851,5.93E-04,447.50851,0.00196,447.50851,0.00333,447.50851,0.00334,447.50851,0.00183
447.01013,0.00436,447.01013,0.00575,447.01013,0.01468,447.01013,0.02477,447.01013,0.02183,447.01013,0.01182,447.01013,7.35E-04,447.01013,9.69E-04,447.01013,0.00247,447.01013,0.00417,447.01013,0.00368,447.01013,0.00199
446.51169,0.00383,446.51169,0.00294,446.51169,0.01266,446.51169,0.02291,446.51169,0.01886,446.51169,0.009,446.51169,6.44E-04,446.51169,4.94E-04,446.51169,0.00213,446.51169,0.00386,446.51169,0.00318,446.51169,0.00152
446.01328,0.0034,446.01328,0.00412,446.01328,0.01076,446.01328,0.02212,446.01328,0.0196,446.01328,0.01058,446.01328,5.73E-04,446.01328,6.93E-04,446.01328,0.00181,446.01328,0.00373,446.01328,0.0033,446.01328,0.00178
445.5148,0.00282,445.5148,0.00111,445.5148,0.0085,445.5148,0.0197,445.5148,0.01871,445.5148,0.00828,445.5148,4.75E-04,445.5148,1.86E-04,445.5148,0.00143,445.5148,0.00332,445.5148,0.00315,445.5148,0.00139
445.0162,0.00317,445.0162,0.00346,445.0162,0.01269,445.0162,0.02352,445.0162,0.02121,445.0162,0.00929,445.0162,5.34E-04,445.0162,5.82E-04,445.0162,0.00214,445.0162,0.00396,445.0162,0.00357,445.0162,0.00156
444.51764,0.00506,444.51764,0.00442,444.51764,0.01094,444.51764,0.02213,444.51764,0.02164,444.51764,0.00812,444.51764,8.53E-04,444.51764,7.44E-04,444.51764,0.00184,444.51764,0.00373,444.51764,0.00364,444.51764,0.00137
444.01901,0.00365,444.01901,0.00326,444.01901,0.01196,444.01901,0.02003,444.01901,0.02018,444.01901,0.00886,444.01901,6.14E-04,444.01901,5.49E-04,444.01901,0.00201,444.01901,0.00337,444.01901,0.0034,444.01901,0.00149
443.48196,0.00542,443.48196,0.00237,443.48196,0.01335,443.48196,0.02396,443.48196,0.02092,443.48196,0.00992,443.48196,9.12E-04,443.48196,3.99E-04,443.48196,0.00225,443.48196,0.00403,443.48196,0.00352,443.48196,0.00167
442.98325,0.00694,442.98325,0.00406,442.98325,0.01451,442.98325,0.02422,442.98325,0.02042,442.98325,0.01132,442.98325,0.00117,442.98325,6.83E-04,442.98325,0.00244,442.98325,0.00408,442.98325,0.00344,442.98325,0.00191
442.48444,0.00677,442.48444,0.00418,442.48444,0.017,442.48444,0.02443,442.48444,0.02316,442.48444,0.01185,442.48444,0.00114,442.48444,7.03E-04,442.48444,0.00286,442.48444,0.00412,442.48444,0.0039,442.48444,0.00199
441.9856,0.00558,441.9856,0.0046,441.9856,0.01427,441.9856,0.02449,441.9856,0.02125,441.9856,0.01071,441.9856,9.39E-04,441.9856,7.74E-04,441.9856,0.0024,441.9856,0.00412,441.9856,0.00358,441.9856,0.0018
441.48676,0.00738,441.48676,0.00419,441.48676,0.01436,441.48676,0.02387,441.48676,0.02123,441.48676,0.01317,441.48676,0.00124,441.48676,7.06E-04,441.48676,0.00242,441.48676,0.00402,441.48676,0.00358,441.48676,0.00222
440.98788,0.00688,440.98788,0.00364,440.98788,0.01408,440.98788,0.02224,440.98788,0.02212,440.98788,0.01309,440.98788,0.00116,440.98788,6.13E-04,440.98788,0.00237,440.98788,0.00375,440.98788,0.00373,440.98788,0.0022
440.48892,0.00556,440.48892,0.00365,440.48892,0.01306,440.48892,0.02084,440.48892,0.02232,440.48892,0.0097,440.48892,9.36E-04,440.48892,6.16E-04,440.48892,0.0022,440.48892,0.00351,440.48892,0.00376,440.48892,0.00163
439.9899,0.00288,439.9899,0.00162,439.9899,0.01135,439.9899,0.02144,439.9899,0.01893,439.9899,0.00935,439.9899,4.84E-04,439.9899,2.73E-04,439.9899,0.00191,439.9899,0.00361,439.9899,0.00319,439.9899,0.00157
439.49091,0.00753,439.49091,0.00501,439.49091,0.01579,439.49091,0.02464,439.49091,0.02274,439.49091,0.01232,439.49091,0.00127,439.49091,8.43E-04,439.49091,0.00266,439.49091,0.00415,439.49091,0.00383,439.49091,0.00207
438.99176,0.00323,438.99176,0.00198,438.99176,0.01348,438.99176,0.02191,438.99176,0.01952,438.99176,0.01054,438.99176,5.44E-04,438.99176,3.33E-04,438.99176,0.00227,438.99176,0.00369,438.99176,0.00329,438.99176,0.00177
438.49265,0.00466,438.49265,0.00523,438.49265,0.01338,438.49265,0.02256,438.49265,0.02154,438.49265,0.01168,438.49265,7.84E-04,438.49265,8.81E-04,438.49265,0.00225,438.49265,0.0038,438.49265,0.00363,438.49265,0.00197
437.99344,0.00714,437.99344,0.00581,437.99344,0.01456,437.99344,0.02415,437.99344,0.02213,437.99344,0.01247,437.99344,0.0012,437.99344,9.79E-04,437.99344,0.00245,437.99344,0.00407,437.99344,0.00373,437.99344,0.0021
437.49423,0.00734,437.49423,0.00565,437.49423,0.01442,437.49423,0.02558,437.49423,0.02487,437.49423,0.01223,437.49423,0.00124,437.49423,9.51E-04,437.49423,0.00243,437.49423,0.00431,437.49423,0.00419,437.49423,0.00206
436.995,0.00674,436.995,0.0066,436.995,0.01672,436.995,0.02571,436.995,0.02158,436.995,0.01177,436.995,0.00113,436.995,0.00111,436.995,0.00282,436.995,0.00433,436.995,0.00363,436.995,0.00198
436.4957,0.0033,436.4957,0.00321,436.4957,0.01212,436.4957,0.02359,436.4957,0.0205,436.4957,0.01069,436.4957,5.56E-04,436.4957,5.41E-04,436.4957,0.00204,436.4957,0.00397,436.4957,0.00345,436.4957,0.0018
435.99634,0.00425,435.99634,0.00481,435.99634,0.01483,435.99634,0.02374,435.99634,0.02153,435.99634,0.01091,435.99634,7.16E-04,435.99634,8.10E-04,435.99634,0.0025,435.99634,0.004,435.99634,0.00363,435.99634,0.00184
435.49689,0.00346,435.49689,0.00441,435.49689,0.01388,435.49689,0.02379,435.49689,0.02432,435.49689,0.01154,435.49689,5.82E-04,435.49689,7.43E-04,435.49689,0.00234,435.49689,0.00401,435.49689,0.0041,435.49689,0.00194
434.99744,0.00558,434.99744,0.00537,434.99744,0.01483,434.99744,0.02604,434.99744,0.02275,434.99744,0.01192,434.99744,9.39E-04,434.99744,9.04E-04,434.99744,0.0025,434.99744,0.00439,434.99744,0.00383,434.99744,0.00201
434.49796,0.00828,434.49796,0.00596,434.49796,0.0138,434.49796,0.02634,434.49796,0.02353,434.49796,0.01275,434.49796,0.00139,434.49796,0.001,434.49796,0.00232,434.49796,0.00444,434.49796,0.00396,434.49796,0.00215
433.99847,0.00546,433.99847,0.0036,433.99847,0.01313,433.99847,0.02497,433.99847,0.02242,433.99847,0.01189,433.99847,9.19E-04,433.99847,6.06E-04,433.99847,0.00221,433.99847,0.00421,433.99847,0.00378,433.99847,0.002
433.49887,0.00341,433.49887,7.66E-04,433.49887,0.01058,433.49887,0.02186,433.49887,0.01962,433.49887,0.00984,433.49887,5.73E-04,433.49887,1.29E-04,433.49887,0.00178,433.49887,0.00368,433.49887,0.00331,433.49887,0.00166
432.99927,0.01085,432.99927,0.01003,432.99927,0.0184,432.99927,0.03121,432.99927,0.02937,432.99927,0.01644,432.99927,0.00183,432.99927,0.00169,432.99927,0.0031,432.99927,0.00526,432.99927,0.00495,432.99927,0.00277
432.4996,0.00349,432.4996,0.00414,432.4996,0.01381,432.4996,0.02502,432.4996,0.02221,432.4996,0.01076,432.4996,5.88E-04,432.4996,6.98E-04,432.4996,0.00233,432.4996,0.00421,432.4996,0.00374,432.4996,0.00181
431.99991,0.00407,431.99991,0.00593,431.99991,0.01526,431.99991,0.02576,431.99991,0.02292,431.99991,0.01075,431.99991,6.85E-04,431.99991,9.99E-04,431.99991,0.00257,431.99991,0.00434,431.99991,0.00386,431.99991,0.00181
431.50012,0.00688,431.50012,0.00182,431.50012,0.01361,431.50012,0.02466,431.50012,0.02048,431.50012,0.00992,431.50012,0.00116,431.50012,3.07E-04,431.50012,0.00229,431.50012,0.00415,431.50012,0.00345,431.50012,0.00167
431.00034,0.00674,431.00034,0.00461,431.00034,0.01205,431.00034,0.02457,431.00034,0.02239,431.00034,0.01313,431.00034,0.00114,431.00034,7.77E-04,431.00034,0.00203,431.00034,0.00414,431.00034,0.00377,431.00034,0.00221
430.50052,0.00361,430.50052,0.00603,430.50052,0.01142,430.50052,0.02458,430.50052,0.02115,430.50052,0.01285,430.50052,6.08E-04,430.50052,0.00102,430.50052,0.00192,430.50052,0.00414,430.50052,0.00356,430.50052,0.00216
430.00064,0.00284,430.00064,0.0048,430.00064,0.01225,430.00064,0.0241,430.00064,0.02203,430.00064,0.01164,430.00064,4.78E-04,430.00064,8.08E-04,430.00064,0.00206,430.00064,0.00406,430.00064,0.00371,430.00064,0.00196
429.5007,0.00135,429.5007,-1.32E-04,429.5007,0.01046,429.5007,0.02297,429.5007,0.0202,429.5007,0.01131,429.5007,2.27E-04,429.5007,-2.22E-05,429.5007,0.00176,429.5007,0.00387,429.5007,0.0034,429.5007,0.0019
429.00073,0.00622,429.00073,0.00403,429.00073,0.01523,429.00073,0.02297,429.00073,0.02148,429.00073,0.01015,429.00073,0.00105,429.00073,6.78E-04,429.00073,0.00257,429.00073,0.00387,429.00073,0.00362,429.00073,0.00171
428.5007,0.00184,428.5007,0.00269,428.5007,0.01032,428.5007,0.02224,428.5007,0.02107,428.5007,0.01007,428.5007,3.09E-04,428.5007,4.54E-04,428.5007,0.00174,428.5007,0.00375,428.5007,0.00355,428.5007,0.0017
428.00061,0.00493,428.00061,0.0047,428.00061,0.01387,428.00061,0.02472,428.00061,0.02261,428.00061,0.01187,428.00061,8.30E-04,428.00061,7.92E-04,428.00061,0.00234,428.00061,0.00416,428.00061,0.00381,428.00061,0.002
427.50049,0.00602,427.50049,0.00375,427.50049,0.01229,427.50049,0.02603,427.50049,0.02215,427.50049,0.01256,427.50049,0.00101,427.50049,6.31E-04,427.50049,0.00207,427.50049,0.00438,427.50049,0.00373,427.50049,0.00212
427.00037,0.00532,427.00037,0.00386,427.00037,0.01411,427.00037,0.02539,427.00037,0.02399,427.00037,0.01251,427.00037,8.96E-04,427.00037,6.50E-04,427.00037,0.00238,427.00037,0.00428,427.00037,0.00404,427.00037,0.00211
426.50021,0.00392,426.50021,0.005,426.50021,0.01482,426.50021,0.02548,426.50021,0.02269,426.50021,0.0132,426.50021,6.61E-04,426.50021,8.42E-04,426.50021,0.0025,426.50021,0.00429,426.50021,0.00382,426.50021,0.00222
426,0.00366,426,0.00191,426,0.01248,426,0.02515,426,0.02218,426,0.00873,426,6.16E-04,426,3.21E-04,426,0.0021,426,0.00424,426,0.00374,426,0.00147
425.49973,0.00461,425.49973,0.00402,425.49973,0.01428,425.49973,0.02413,425.49973,0.02288,425.49973,0.01175,425.49973,7.76E-04,425.49973,6.77E-04,425.49973,0.00241,425.49973,0.00406,425.49973,0.00385,425.49973,0.00198
424.99939,0.00542,424.99939,0.0033,424.99939,0.01301,424.99939,0.0252,424.99939,0.02278,424.99939,0.01164,424.99939,9.12E-04,424.99939,5.55E-04,424.99939,0.00219,424.99939,0.00424,424.99939,0.00384,424.99939,0.00196
424.49899,0.00537,424.49899,0.00387,424.49899,0.01455,424.49899,0.02589,424.49899,0.02553,424.49899,0.012,424.49899,9.05E-04,424.49899,6.52E-04,424.49899,0.00245,424.49899,0.00436,424.49899,0.0043,424.49899,0.00202
423.99857,0.00574,423.99857,0.0038,423.99857,0.01428,423.99857,0.02524,423.99857,0.02342,423.99857,0.01155,423.99857,9.67E-04,423.99857,6.39E-04,423.99857,0.0024,423.99857,0.00425,423.99857,0.00395,423.99857,0.00195
423.49811,0.00422,423.49811,0.00297,423.49811,0.01396,423.49811,0.02533,423.49811,0.02301,423.49811,0.01136,423.49811,7.11E-04,423.49811,5.01E-04,423.49811,0.00235,423.49811,0.00427,423.49811,0.00388,423.49811,0.00191
422.99765,0.00603,422.99765,0.00429,422.99765,0.01444,422.99765,0.02739,422.99765,0.0252,422.99765,0.01359,422.99765,0.00102,422.99765,7.22E-04,422.99765,0.00243,422.99765,0.00461,422.99765,0.00424,422.99765,0.00229
422.49713,0.00521,422.49713,0.00416,422.49713,0.01539,422.49713,0.02415,422.49713,0.02356,422.49713,0.01236,422.49713,8.77E-04,422.49713,7.00E-04,422.49713,0.00259,422.49713,0.00407,422.49713,0.00397,422.49713,0.00208
421.99652,0.00535,421.99652,0.00544,421.99652,0.01506,421.99652,0.02562,421.99652,0.02432,421.99652,0.01135,421.99652,9.00E-04,421.99652,9.16E-04,421.99652,0.00254,421.99652,0.00432,421.99652,0.0041,421.99652,0.00191
421.49594,0.00567,421.49594,0.00332,421.49594,0.01471,421.49594,0.02394,421.49594,0.02391,421.49594,0.01034,421.49594,9.55E-04,421.49594,5.59E-04,421.49594,0.00248,421.49594,0.00403,421.49594,0.00403,421.49594,0.00174
420.99524,0.00471,420.99524,0.00345,420.99524,0.0112,420.99524,0.02464,420.99524,0.02184,420.99524,0.01109,420.99524,7.94E-04,420.99524,5.81E-04,420.99524,0.00189,420.99524,0.00415,420.99524,0.00368,420.99524,0.00187
420.49451,0.00572,420.49451,0.00344,420.49451,0.01323,420.49451,0.02531,420.49451,0.02281,420.49451,0.01291,420.49451,9.64E-04,420.49451,5.80E-04,420.49451,0.00223,420.49451,0.00426,420.49451,0.00384,420.49451,0.00217
419.99377,0.00673,419.99377,0.00513,419.99377,0.01649,419.99377,0.0269,419.99377,0.0254,419.99377,0.01485,419.99377,0.00113,419.99377,8.63E-04,419.99377,0.00278,419.99377,0.00453,419.99377,0.00428,419.99377,0.0025
419.49301,0.00791,419.49301,0.00485,419.49301,0.0156,419.49301,0.02714,419.49301,0.02537,419.49301,0.01395,419.49301,0.00133,419.49301,8.16E-04,419.49301,0.00263,419.49301,0.00457,419.49301,0.00427,419.49301,0.00235
418.99216,0.00203,418.99216,0.00231,418.99216,0.01287,418.99216,0.02566,418.99216,0.02389,418.99216,0.01199,418.99216,3.42E-04,418.99216,3.89E-04,418.99216,0.00217,418.99216,0.00432,418.99216,0.00402,418.99216,0.00202
418.49133,0.00717,418.49133,0.00384,418.49133,0.01627,418.49133,0.02578,418.49133,0.02468,418.49133,0.01252,418.49133,0.00121,418.49133,6.46E-04,418.49133,0.00274,418.49133,0.00434,418.49133,0.00416,418.49133,0.00211
417.99039,0.00785,417.99039,0.00769,417.99039,0.01711,417.99039,0.02822,417.99039,0.02648,417.99039,0.01562,417.99039,0.00132,417.99039,0.00129,417.99039,0.00288,417.99039,0.00475,417.99039,0.00446,417.99039,0.00263
417.48938,0.00639,417.48938,0.00384,417.48938,0.01534,417.48938,0.02201,417.48938,0.02427,417.48938,0.01428,417.48938,0.00108,417.48938,6.47E-04,417.48938,0.00258,417.48938,0.00371,417.48938,0.00409,417.48938,0.0024
416.98837,0.0028,416.98837,0.00293,416.98837,0.01387,416.98837,0.02214,416.98837,0.02325,416.98837,0.01234,416.98837,4.72E-04,416.98837,4.94E-04,416.98837,0.00234,416.98837,0.00373,416.98837,0.00392,416.98837,0.00208
416.48734,0.00395,416.48734,0.00294,416.48734,0.01312,416.48734,0.02436,416.48734,0.02091,416.48734,0.01116,416.48734,6.64E-04,416.48734,4.94E-04,416.48734,0.00221,416.48734,0.0041,416.48734,0.00352,416.48734,0.00188
415.98627,0.00653,415.98627,0.00233,415.98627,0.01611,415.98627,0.02682,415.98627,0.02366,415.98627,0.01208,415.98627,0.0011,415.98627,3.93E-04,415.98627,0.00271,415.98627,0.00452,415.98627,0.00398,415.98627,0.00203
415.48511,0.0052,415.48511,0.00406,415.48511,0.01532,415.48511,0.02596,415.48511,0.02397,415.48511,0.0106,415.48511,8.75E-04,415.48511,6.84E-04,415.48511,0.00258,415.48511,0.00437,415.48511,0.00404,415.48511,0.00179
414.98398,0.00429,414.98398,0.00375,414.98398,0.01429,414.98398,0.02792,414.98398,0.02452,414.98398,0.01232,414.98398,7.23E-04,414.98398,6.31E-04,414.98398,0.00241,414.98398,0.0047,414.98398,0.00413,414.98398,0.00208
414.48273,0.0064,414.48273,0.00317,414.48273,0.01554,414.48273,0.0269,414.48273,0.0234,414.48273,0.01347,414.48273,0.00108,414.48273,5.34E-04,414.48273,0.00262,414.48273,0.00453,414.48273,0.00394,414.48273,0.00227
413.98145,0.00279,413.98145,0.00332,413.98145,0.01325,413.98145,0.02621,413.98145,0.02497,413.98145,0.01376,413.98145,4.70E-04,413.98145,5.59E-04,413.98145,0.00223,413.98145,0.00441,413.98145,0.0042,413.98145,0.00232
413.51877,0.0055,413.51877,0.00389,413.51877,0.01731,413.51877,0.02668,413.51877,0.02571,413.51877,0.01031,413.51877,9.27E-04,413.51877,6.56E-04,413.51877,0.00292,413.51877,0.00449,413.51877,0.00433,413.51877,0.00174
413.01736,0.00551,413.01736,0.00523,413.01736,0.0188,413.01736,0.02901,413.01736,0.02638,413.01736,0.01558,413.01736,9.27E-04,413.01736,8.80E-04,413.01736,0.00317,413.01736,0.00489,413.01736,0.00444,413.01736,0.00262
412.51599,0.00105,412.51599,0.00226,412.51599,0.01367,412.51599,0.02357,412.51599,0.02405,412.51599,0.0117,412.51599,1.76E-04,412.51599,3.81E-04,412.51599,0.0023,412.51599,0.00397,412.51599,0.00405,412.51599,0.00197
412.01456,0.00695,412.01456,0.00579,412.01456,0.01704,412.01456,0.02591,412.01456,0.02586,412.01456,0.01228,412.01456,0.00117,412.01456,9.76E-04,412.01456,0.00287,412.01456,0.00436,412.01456,0.00435,412.01456,0.00207
411.51309,0.00549,411.51309,0.00425,411.51309,0.01546,411.51309,0.02525,411.51309,0.02584,411.51309,0.01504,411.51309,9.25E-04,411.51309,7.17E-04,411.51309,0.0026,411.51309,0.00425,411.51309,0.00435,411.51309,0.00253
411.0116,0.00323,411.0116,0.00431,411.0116,0.0158,411.0116,0.02749,411.0116,0.02601,411.0116,0.0116,411.0116,5.44E-04,411.0116,7.26E-04,411.0116,0.00266,411.0116,0.00463,411.0116,0.00438,411.0116,0.00195
410.51004,0.00419,410.51004,0.00352,410.51004,0.01728,410.51004,0.02725,410.51004,0.02392,410.51004,0.01153,410.51004,7.05E-04,410.51004,5.94E-04,410.51004,0.00291,410.51004,0.00459,410.51004,0.00403,410.51004,0.00194
410.00845,0.0038,410.00845,0.00234,410.00845,0.01586,410.00845,0.0265,410.00845,0.02588,410.00845,0.01178,410.00845,6.39E-04,410.00845,3.95E-04,410.00845,0.00267,410.00845,0.00446,410.00845,0.00436,410.00845,0.00198
409.50684,0.0016,409.50684,-3.70E-04,409.50684,0.01248,409.50684,0.02372,409.50684,0.02442,409.50684,0.01151,409.50684,2.70E-04,409.50684,-6.23E-05,409.50684,0.0021,409.50684,0.00399,409.50684,0.00411,409.50684,0.00194
409.00513,0.0068,409.00513,0.00501,409.00513,0.01581,409.00513,0.02599,409.00513,0.02401,409.00513,0.01357,409.00513,0.00115,409.00513,8.44E-04,409.00513,0.00266,409.00513,0.00438,409.00513,0.00404,409.00513,0.00229
408.50339,0.00465,408.50339,0.00392,408.50339,0.01524,408.50339,0.02578,408.50339,0.02625,408.50339,0.01415,408.50339,7.83E-04,408.50339,6.60E-04,408.50339,0.00257,408.50339,0.00434,408.50339,0.00442,408.50339,0.00238
408.00168,0.00429,408.00168,0.00355,408.00168,0.01782,408.00168,0.02685,408.00168,0.02634,408.00168,0.01667,408.00168,7.23E-04,408.00168,5.98E-04,408.00168,0.003,408.00168,0.00452,408.00168,0.00444,408.00168,0.00281
407.49985,0.00291,407.49985,0.00387,407.49985,0.015,407.49985,0.02695,407.49985,0.02568,407.49985,0.01366,407.49985,4.90E-04,407.49985,6.53E-04,407.49985,0.00253,407.49985,0.00454,407.49985,0.00432,407.49985,0.0023
406.99805,0.00453,406.99805,0.00347,406.99805,0.01532,406.99805,0.02697,406.99805,0.02682,406.99805,0.01525,406.99805,7.64E-04,406.99805,5.84E-04,406.99805,0.00258,406.99805,0.00454,406.99805,0.00452,406.99805,0.00257
406.49619,0.00319,406.49619,0.0041,406.49619,0.01581,406.49619,0.02717,406.49619,0.02434,406.49619,0.01465,406.49619,5.37E-04,406.49619,6.91E-04,406.49619,0.00266,406.49619,0.00458,406.49619,0.0041,406.49619,0.00247
405.99423,0.00701,405.99423,0.00585,405.99423,0.01678,405.99423,0.0277,405.99423,0.02712,405.99423,0.01546,405.99423,0.00118,405.99423,9.85E-04,405.99423,0.00283,405.99423,0.00466,405.99423,0.00457,405.99423,0.0026
405.49222,0.00399,405.49222,0.00222,405.49222,0.01436,405.49222,0.02684,405.49222,0.02452,405.49222,0.01316,405.49222,6.72E-04,405.49222,3.74E-04,405.49222,0.00242,405.49222,0.00452,405.49222,0.00413,405.49222,0.00222
404.99023,0.00191,404.99023,0.00287,404.99023,0.01039,404.99023,0.02376,404.99023,0.02624,404.99023,0.01243,404.99023,3.22E-04,404.99023,4.84E-04,404.99023,0.00175,404.99023,0.004,404.99023,0.00442,404.99023,0.00209
404.48819,0.00481,404.48819,0.00373,404.48819,0.01512,404.48819,0.02666,404.48819,0.02479,404.48819,0.013,404.48819,8.09E-04,404.48819,6.29E-04,404.48819,0.00255,404.48819,0.00449,404.48819,0.00417,404.48819,0.00219
403.98611,0.00437,403.98611,0.00404,403.98611,0.0151,403.98611,0.02727,403.98611,0.02229,403.98611,0.01285,403.98611,7.35E-04,403.98611,6.81E-04,403.98611,0.00254,403.98611,0.00459,403.98611,0.00375,403.98611,0.00216
403.48398,0.00606,403.48398,0.00529,403.48398,0.01705,403.48398,0.02805,403.48398,0.02836,403.48398,0.01452,403.48398,0.00102,403.48398,8.90E-04,403.48398,0.00287,403.48398,0.00472,403.48398,0.00478,403.48398,0.00245
402.98184,0.00571,402.98184,0.00292,402.98184,0.01764,402.98184,0.02626,402.98184,0.02654,402.98184,0.01151,402.98184,9.62E-04,402.98184,4.92E-04,402.98184,0.00297,402.98184,0.00442,402.98184,0.00447,402.98184,0.00194
402.51822,0.0039,402.51822,8.80E-04,402.51822,0.01431,402.51822,0.02954,402.51822,0.0277,402.51822,0.01243,402.51822,6.57E-04,402.51822,1.48E-04,402.51822,0.00241,402.51822,0.00498,402.51822,0.00466,402.51822,0.00209
402.01599,0.00565,402.01599,0.00308,402.01599,0.01633,402.01599,0.02707,402.01599,0.02713,402.01599,0.01242,402.01599,9.52E-04,402.01599,5.19E-04,402.01599,0.00275,402.01599,0.00456,402.01599,0.00457,402.01599,0.00209
401.51367,0.00361,401.51367,0.00375,401.51367,0.01649,401.51367,0.0279,401.51367,0.02842,401.51367,0.01344,401.51367,6.07E-04,401.51367,6.31E-04,401.51367,0.00278,401.51367,0.0047,401.51367,0.00479,401.51367,0.00226
401.01132,0.00763,401.01132,0.00502,401.01132,0.01503,401.01132,0.02894,401.01132,0.02839,401.01132,0.01653,401.01132,0.00129,401.01132,8.45E-04,401.01132,0.00253,401.01132,0.00487,401.01132,0.00478,401.01132,0.00278
400.50897,0.00799,400.50897,0.0056,400.50897,0.01769,400.50897,0.02966,400.50897,0.02742,400.50897,0.01575,400.50897,0.00135,400.50897,9.44E-04,400.50897,0.00298,400.50897,0.005,400.50897,0.00462,400.50897,0.00265
400.00656,0.01064,400.00656,0.0089,400.00656,0.01914,400.00656,0.0354,400.00656,0.03231,400.00656,0.0195,400.00656,0.00179,400.00656,0.0015,400.00656,0.00322,400.00656,0.00596,400.00656,0.00544,400.00656,0.00328
399.50409,0.00863,399.50409,0.00652,399.50409,0.02093,399.50409,0.02954,399.50409,0.02905,399.50409,0.01489,399.50409,0.00145,399.50409,0.0011,399.50409,0.00353,399.50409,0.00497,399.50409,0.00489,399.50409,0.00251
399.00159,0.00656,399.00159,0.00365,399.00159,0.01788,399.00159,0.0334,399.00159,0.02927,399.00159,0.01961,399.00159,0.0011,399.00159,6.15E-04,399.00159,0.00301,399.00159,0.00562,399.00159,0.00493,399.00159,0.0033
398.49908,0.0069,398.49908,0.00417,398.49908,0.01645,398.49908,0.03009,398.49908,0.02741,398.49908,0.01401,398.49908,0.00116,398.49908,7.02E-04,398.49908,0.00277,398.49908,0.00507,398.49908,0.00462,398.49908,0.00236
397.99652,0.00599,397.99652,0.00187,397.99652,0.01364,397.99652,0.02814,397.99652,0.02628,397.99652,0.01401,397.99652,0.00101,397.99652,3.15E-04,397.99652,0.0023,397.99652,0.00474,397.99652,0.00443,397.99652,0.00236
397.49387,0.00936,397.49387,0.00722,397.49387,0.02006,397.49387,0.03164,397.49387,0.0312,397.49387,0.01659,397.49387,0.00158,397.49387,0.00122,397.49387,0.00338,397.49387,0.00533,397.49387,0.00525,397.49387,0.00279
396.99124,0.00488,396.99124,0.00528,396.99124,0.01766,396.99124,0.02788,396.99124,0.02587,396.99124,0.01518,396.99124,8.22E-04,396.99124,8.88E-04,396.99124,0.00297,396.99124,0.0047,396.99124,0.00436,396.99124,0.00256
396.48853,0.00669,396.48853,0.00287,396.48853,0.01674,396.48853,0.02838,396.48853,0.02487,396.48853,0.01441,396.48853,0.00113,396.48853,4.84E-04,396.48853,0.00282,396.48853,0.00478,396.48853,0.00419,396.48853,0.00243
395.98581,0.00749,395.98581,0.00264,395.98581,0.01701,395.98581,0.02968,395.98581,0.02722,395.98581,0.01747,395.98581,0.00126,395.98581,4.45E-04,395.98581,0.00286,395.98581,0.005,395.98581,0.00458,395.98581,0.00294
395.483,0.00696,395.483,0.00685,395.483,0.01752,395.483,0.03029,395.483,0.03032,395.483,0.01586,395.483,0.00117,395.483,0.00115,395.483,0.00295,395.483,0.0051,395.483,0.00511,395.483,0.00267
395.01886,0.00623,395.01886,0.00208,395.01886,0.01727,395.01886,0.03117,395.01886,0.02705,395.01886,0.01767,395.01886,0.00105,395.01886,3.50E-04,395.01886,0.00291,395.01886,0.00525,395.01886,0.00456,395.01886,0.00298
394.51599,0.00683,394.51599,0.00516,394.51599,0.01892,394.51599,0.02971,394.51599,0.0292,394.51599,0.01577,394.51599,0.00115,394.51599,8.69E-04,394.51599,0.00319,394.51599,0.005,394.51599,0.00492,394.51599,0.00266
394.01309,0.0102,394.01309,0.00894,394.01309,0.02014,394.01309,0.03269,394.01309,0.03004,394.01309,0.01936,394.01309,0.00172,394.01309,0.00151,394.01309,0.00339,394.01309,0.0055,394.01309,0.00506,394.01309,0.00326
393.51016,0.00884,393.51016,0.00388,393.51016,0.01839,393.51016,0.03016,393.51016,0.0278,393.51016,0.01539,393.51016,0.00149,393.51016,6.54E-04,393.51016,0.0031,393.51016,0.00508,393.51016,0.00468,393.51016,0.00259
393.0072,0.00335,393.0072,0.00236,393.0072,0.01559,393.0072,0.02721,393.0072,0.02618,393.0072,0.01417,393.0072,5.65E-04,393.0072,3.98E-04,393.0072,0.00263,393.0072,0.00458,393.0072,0.00441,393.0072,0.00239
392.50418,0.00717,392.50418,0.0064,392.50418,0.01786,392.50418,0.03133,392.50418,0.0304,392.50418,0.01646,392.50418,0.00121,392.50418,0.00108,392.50418,0.00301,392.50418,0.00528,392.50418,0.00512,392.50418,0.00277
392.00113,0.00717,392.00113,0.00424,392.00113,0.01843,392.00113,0.02921,392.00113,0.0254,392.00113,0.0154,392.00113,0.00121,392.00113,7.14E-04,392.00113,0.0031,392.00113,0.00492,392.00113,0.00428,392.00113,0.00259
391.49805,0.00652,391.49805,0.00397,391.49805,0.01707,391.49805,0.03069,391.49805,0.02689,391.49805,0.01549,391.49805,0.0011,391.49805,6.69E-04,391.49805,0.00287,391.49805,0.00517,391.49805,0.00453,391.49805,0.00261
390.9949,0.00432,390.9949,0.00314,390.9949,0.01578,390.9949,0.02782,390.9949,0.02737,390.9949,0.01667,390.9949,7.27E-04,390.9949,5.28E-04,390.9949,0.00266,390.9949,0.00469,390.9949,0.00461,390.9949,0.00281
390.49173,0.00718,390.49173,0.00128,390.49173,0.01524,390.49173,0.02901,390.49173,0.02684,390.49173,0.01362,390.49173,0.00121,390.49173,2.15E-04,390.49173,0.00257,390.49173,0.00489,390.49173,0.00452,390.49173,0.00229
389.98849,0.00793,389.98849,0.00693,389.98849,0.01921,389.98849,0.03261,389.98849,0.03328,389.98849,0.01503,389.98849,0.00134,389.98849,0.00117,389.98849,0.00324,389.98849,0.00549,389.98849,0.0056,389.98849,0.00253
389.48523,0.00325,389.48523,0.00346,389.48523,0.01661,389.48523,0.03006,389.48523,0.02921,389.48523,0.01652,389.48523,5.47E-04,389.48523,5.82E-04,389.48523,0.0028,389.48523,0.00506,389.48523,0.00492,389.48523,0.00278
388.98196,0.00879,388.98196,0.00467,388.98196,0.01773,388.98196,0.03433,388.98196,0.03255,388.98196,0.01626,388.98196,0.00148,388.98196,7.86E-04,388.98196,0.00299,388.98196,0.00578,388.98196,0.00548,388.98196,0.00274
388.51733,0.01009,388.51733,0.00623,388.51733,0.01877,388.51733,0.03137,388.51733,0.03271,388.51733,0.01867,388.51733,0.0017,388.51733,0.00105,388.51733,0.00316,388.51733,0.00528,388.51733,0.00551,388.51733,0.00314
388.01398,0.00637,388.01398,0.00319,388.01398,0.01702,388.01398,0.03206,388.01398,0.02887,388.01398,0.01552,388.01398,0.00107,388.01398,5.37E-04,388.01398,0.00287,388.01398,0.0054,388.01398,0.00486,388.01398,0.00261
387.51056,0.00978,387.51056,0.00685,387.51056,0.01683,387.51056,0.03383,387.51056,0.03246,387.51056,0.01915,387.51056,0.00165,387.51056,0.00115,387.51056,0.00283,387.51056,0.0057,387.51056,0.00547,387.51056,0.00323
387.00714,0.00636,387.00714,0.0032,387.00714,0.02032,387.00714,0.03375,387.00714,0.03201,387.00714,0.01807,387.00714,0.00107,387.00714,5.38E-04,387.00714,0.00342,387.00714,0.00568,387.00714,0.00539,387.00714,0.00304
386.5036,0.00585,386.5036,0.00376,386.5036,0.01797,386.5036,0.03117,386.5036,0.03006,386.5036,0.01634,386.5036,9.85E-04,386.5036,6.33E-04,386.5036,0.00303,386.5036,0.00525,386.5036,0.00506,386.5036,0.00275
386.00009,0.00769,386.00009,0.00434,386.00009,0.01988,386.00009,0.03134,386.00009,0.03225,386.00009,0.01724,386.00009,0.00129,386.00009,7.31E-04,386.00009,0.00335,386.00009,0.00528,386.00009,0.00543,386.00009,0.0029
385.49655,0.00713,385.49655,0.00536,385.49655,0.01862,385.49655,0.03158,385.49655,0.03083,385.49655,0.0157,385.49655,0.0012,385.49655,9.03E-04,385.49655,0.00314,385.49655,0.00532,385.49655,0.00519,385.49655,0.00264
384.99292,0.00853,384.99292,0.00619,384.99292,0.02139,384.99292,0.03066,384.99292,0.02995,384.99292,0.01916,384.99292,0.00144,384.99292,0.00104,384.99292,0.0036,384.99292,0.00516,384.99292,0.00504,384.99292,0.00323
384.48929,0.00692,384.48929,0.00638,384.48929,0.02,384.48929,0.03175,384.48929,0.0303,384.48929,0.0163,384.48929,0.00117,384.48929,0.00108,384.48929,0.00337,384.48929,0.00535,384.48929,0.0051,384.48929,0.00275
383.9856,0.00714,383.9856,0.00727,383.9856,0.02027,383.9856,0.02887,383.9856,0.03082,383.9856,0.01962,383.9856,0.0012,383.9856,0.00122,383.9856,0.00341,383.9856,0.00486,383.9856,0.00519,383.9856,0.0033
383.48187,0.00571,383.48187,0.00602,383.48187,0.02172,383.48187,0.03047,383.48187,0.03095,383.48187,0.01644,383.48187,9.62E-04,383.48187,0.00101,383.48187,0.00366,383.48187,0.00513,383.48187,0.00521,383.48187,0.00277
383.01685,0.0092,383.01685,0.00809,383.01685,0.02286,383.01685,0.03558,383.01685,0.03213,383.01685,0.01915,383.01685,0.00155,383.01685,0.00136,383.01685,0.00385,383.01685,0.00599,383.01685,0.00541,383.01685,0.00323
382.51303,0.00902,382.51303,0.00638,382.51303,0.02067,382.51303,0.03485,382.51303,0.03403,382.51303,0.01846,382.51303,0.00152,382.51303,0.00108,382.51303,0.00348,382.51303,0.00587,382.51303,0.00573,382.51303,0.00311
382.00919,0.01053,382.00919,0.00831,382.00919,0.02384,382.00919,0.03348,382.00919,0.03288,382.00919,0.02012,382.00919,0.00177,382.00919,0.0014,382.00919,0.00401,382.00919,0.00564,382.00919,0.00554,382.00919,0.00339
381.50531,0.00438,381.50531,0.0045,381.50531,0.01863,381.50531,0.0311,381.50531,0.02918,381.50531,0.01477,381.50531,7.38E-04,381.50531,7.58E-04,381.50531,0.00314,381.50531,0.00524,381.50531,0.00491,381.50531,0.00249
381.0014,0.00803,381.0014,0.00515,381.0014,0.02,381.0014,0.03253,381.0014,0.03025,381.0014,0.01683,381.0014,0.00135,381.0014,8.67E-04,381.0014,0.00337,381.0014,0.00548,381.0014,0.0051,381.0014,0.00283
380.49747,0.00645,380.49747,0.00246,380.49747,0.01749,380.49747,0.03151,380.49747,0.03238,380.49747,0.01571,380.49747,0.00109,380.49747,4.15E-04,380.49747,0.00295,380.49747,0.00531,380.49747,0.00545,380.49747,0.00265
379.99344,0.00748,379.99344,0.00421,379.99344,0.01917,379.99344,0.03307,379.99344,0.03229,379.99344,0.01773,379.99344,0.00126,379.99344,7.08E-04,379.99344,0.00323,379.99344,0.00557,379.99344,0.00544,379.99344,0.00299
379.48944,0.00457,379.48944,0.00671,379.48944,0.01926,379.48944,0.03069,379.48944,0.03159,379.48944,0.01801,379.48944,7.70E-04,379.48944,0.00113,379.48944,0.00324,379.48944,0.00517,379.48944,0.00532,379.48944,0.00303
378.98535,0.00998,378.98535,0.00699,378.98535,0.02302,378.98535,0.03467,378.98535,0.03501,378.98535,0.01945,378.98535,0.00168,378.98535,0.00118,378.98535,0.00388,378.98535,0.00584,378.98535,0.0059,378.98535,0.00328
378.48123,0.00698,378.48123,0.0055,378.48123,0.02078,378.48123,0.03285,378.48123,0.03252,378.48123,0.01805,378.48123,0.00118,378.48123,9.27E-04,378.48123,0.0035,378.48123,0.00553,378.48123,0.00548,378.48123,0.00304
378.0159,0.00573,378.0159,0.00605,378.0159,0.02028,378.0159,0.03145,378.0159,0.0321,378.0159,0.01819,378.0159,9.65E-04,378.0159,0.00102,378.0159,0.00341,378.0159,0.0053,378.0159,0.00541,378.0159,0.00306
377.51166,0.00668,377.51166,0.00517,377.51166,0.02074,377.51166,0.0325,377.51166,0.03359,377.51166,0.01951,377.51166,0.00112,377.51166,8.71E-04,377.51166,0.00349,377.51166,0.00547,377.51166,0.00566,377.51166,0.00329
377.00745,0.00582,377.00745,0.00628,377.00745,0.0207,377.00745,0.03397,377.00745,0.03187,377.00745,0.0178,377.00745,9.80E-04,377.00745,0.00106,377.00745,0.00349,377.00745,0.00572,377.00745,0.00537,377.00745,0.003
376.50323,0.00619,376.50323,0.00617,376.50323,0.02003,376.50323,0.03321,376.50323,0.03255,376.50323,0.01585,376.50323,0.00104,376.50323,0.00104,376.50323,0.00337,376.50323,0.00559,376.50323,0.00548,376.50323,0.00267
375.9989,0.0117,375.9989,0.00958,375.9989,0.02518,375.9989,0.03389,375.9989,0.03406,375.9989,0.02113,375.9989,0.00197,375.9989,0.00161,375.9989,0.00424,375.9989,0.00571,375.9989,0.00574,375.9989,0.00356
375.49457,0.00518,375.49457,0.00435,375.49457,0.02118,375.49457,0.03227,375.49457,0.03144,375.49457,0.01862,375.49457,8.72E-04,375.49457,7.32E-04,375.49457,0.00357,375.49457,0.00544,375.49457,0.00529,375.49457,0.00314
374.9902,0.00606,374.9902,0.00604,374.9902,0.02312,374.9902,0.03467,374.9902,0.03452,374.9902,0.01638,374.9902,0.00102,374.9902,0.00102,374.9902,0.00389,374.9902,0.00584,374.9902,0.00581,374.9902,0.00276
374.48578,0.00243,374.48578,0.00363,374.48578,0.01938,374.48578,0.0318,374.48578,0.03018,374.48578,0.01626,374.48578,4.09E-04,374.48578,6.11E-04,374.48578,0.00326,374.48578,0.00536,374.48578,0.00508,374.48578,0.00274
373.98132,0.00957,373.98132,0.00854,373.98132,0.02511,373.98132,0.03789,373.98132,0.04063,373.98132,0.02215,373.98132,0.00161,373.98132,0.00144,373.98132,0.00423,373.98132,0.00638,373.98132,0.00684,373.98132,0.00373
373.51569,0.00513,373.51569,0.00812,373.51569,0.02615,373.51569,0.03548,373.51569,0.03164,373.51569,0.01756,373.51569,8.64E-04,373.51569,0.00137,373.51569,0.0044,373.51569,0.00598,373.51569,0.00533,373.51569,0.00296
373.01114,0.00366,373.01114,0.00428,373.01114,0.02111,373.01114,0.03256,373.01114,0.03231,373.01114,0.01722,373.01114,6.17E-04,373.01114,7.21E-04,373.01114,0.00356,373.01114,0.00548,373.01114,0.00544,373.01114,0.0029
372.50656,0.00501,372.50656,0.00485,372.50656,0.01821,372.50656,0.03372,372.50656,0.03216,372.50656,0.01754,372.50656,8.44E-04,372.50656,8.16E-04,372.50656,0.00307,372.50656,0.00568,372.50656,0.00542,372.50656,0.00295
372.00198,0.00803,372.00198,0.00812,372.00198,0.0256,372.00198,0.03388,372.00198,0.03593,372.00198,0.01925,372.00198,0.00135,372.00198,0.00137,372.00198,0.00431,372.00198,0.00571,372.00198,0.00605,372.00198,0.00324
371.49735,0.00519,371.49735,0.00532,371.49735,0.02036,371.49735,0.03639,371.49735,0.03762,371.49735,0.0181,371.49735,8.74E-04,371.49735,8.96E-04,371.49735,0.00343,371.49735,0.00613,371.49735,0.00634,371.49735,0.00305
370.99265,0.00806,370.99265,0.00723,370.99265,0.028,370.99265,0.03293,370.99265,0.0371,370.99265,0.01971,370.99265,0.00136,370.99265,0.00122,370.99265,0.00472,370.99265,0.00555,370.99265,0.00625,370.99265,0.00332
370.48795,0.00516,370.48795,0.00711,370.48795,0.02614,370.48795,0.0379,370.48795,0.03685,370.48795,0.02362,370.48795,8.70E-04,370.48795,0.0012,370.48795,0.0044,370.48795,0.00638,370.48795,0.00621,370.48795,0.00398
369.98322,0.01175,369.98322,0.00555,369.98322,0.02485,369.98322,0.03637,369.98322,0.03594,369.98322,0.02343,369.98322,0.00198,369.98322,9.34E-04,369.98322,0.00419,369.98322,0.00613,369.98322,0.00605,369.98322,0.00395
369.51721,0.00482,369.51721,0.00499,369.51721,0.0211,369.51721,0.0324,369.51721,0.03354,369.51721,0.01856,369.51721,8.11E-04,369.51721,8.40E-04,369.51721,0.00355,369.51721,0.00546,369.51721,0.00565,369.51721,0.00313
369.01239,0.00629,369.01239,0.00493,369.01239,0.02067,369.01239,0.03409,369.01239,0.03652,369.01239,0.01911,369.01239,0.00106,369.01239,8.30E-04,369.01239,0.00348,369.01239,0.00574,369.01239,0.00615,369.01239,0.00322
368.50754,0.01266,368.50754,0.00781,368.50754,0.02389,368.50754,0.04039,368.50754,0.03917,368.50754,0.02566,368.50754,0.00213,368.50754,0.00131,368.50754,0.00402,368.50754,0.0068,368.50754,0.0066,368.50754,0.00432
368.00262,0.00817,368.00262,0.0067,368.00262,0.01541,368.00262,0.03387,368.00262,0.03517,368.00262,0.02008,368.00262,0.00138,368.00262,0.00113,368.00262,0.0026,368.00262,0.0057,368.00262,0.00592,368.00262,0.00338
367.49771,0.00949,367.49771,0.00621,367.49771,0.0257,367.49771,0.03888,367.49771,0.03332,367.49771,0.02293,367.49771,0.0016,367.49771,0.00105,367.49771,0.00433,367.49771,0.00655,367.49771,0.00561,367.49771,0.00386
366.99274,0.00766,366.99274,0.0056,366.99274,0.02751,366.99274,0.03663,366.99274,0.03689,366.99274,0.02292,366.99274,0.00129,366.99274,9.44E-04,366.99274,0.00463,366.99274,0.00617,366.99274,0.00621,366.99274,0.00386
366.48773,0.00831,366.48773,0.00286,366.48773,0.02367,366.48773,0.03638,366.48773,0.03689,366.48773,0.01974,366.48773,0.0014,366.48773,4.82E-04,366.48773,0.00399,366.48773,0.00613,366.48773,0.00621,366.48773,0.00333
365.98267,0.00603,365.98267,0.00753,365.98267,0.02174,365.98267,0.03239,365.98267,0.03554,365.98267,0.02069,365.98267,0.00101,365.98267,0.00127,365.98267,0.00366,365.98267,0.00546,365.98267,0.00599,365.98267,0.00348
365.51642,0.01046,365.51642,0.00734,365.51642,0.02471,365.51642,0.04046,365.51642,0.04045,365.51642,0.02439,365.51642,0.00176,365.51642,0.00124,365.51642,0.00416,365.51642,0.00681,365.51642,0.00681,365.51642,0.00411
365.01132,0.00794,365.01132,0.00223,365.01132,0.02487,365.01132,0.03952,365.01132,0.03743,365.01132,0.01898,365.01132,0.00134,365.01132,3.76E-04,365.01132,0.00419,365.01132,0.00666,365.01132,0.0063,365.01132,0.0032
364.5062,0.00625,364.5062,0.00555,364.5062,0.02525,364.5062,0.0391,364.5062,0.03795,364.5062,0.02185,364.5062,0.00105,364.5062,9.34E-04,364.5062,0.00425,364.5062,0.00658,364.5062,0.00639,364.5062,0.00368
364.00098,0.00853,364.00098,0.00723,364.00098,0.02415,364.00098,0.04028,364.00098,0.04068,364.00098,0.02157,364.00098,0.00144,364.00098,0.00122,364.00098,0.00407,364.00098,0.00678,364.00098,0.00685,364.00098,0.00363
363.49576,0.00891,363.49576,0.00628,363.49576,0.02567,363.49576,0.0396,363.49576,0.04031,363.49576,0.02465,363.49576,0.0015,363.49576,0.00106,363.49576,0.00432,363.49576,0.00667,363.49576,0.00679,363.49576,0.00415
362.99048,0.00821,362.99048,0.00455,362.99048,0.02101,362.99048,0.03615,362.99048,0.03628,362.99048,0.0181,362.99048,0.00138,362.99048,7.67E-04,362.99048,0.00354,362.99048,0.00609,362.99048,0.00611,362.99048,0.00305
362.4852,0.00824,362.4852,0.00683,362.4852,0.02473,362.4852,0.04067,362.4852,0.04043,362.4852,0.02384,362.4852,0.00139,362.4852,0.00115,362.4852,0.00416,362.4852,0.00685,362.4852,0.00681,362.4852,0.00402
362.01871,0.00637,362.01871,0.00594,362.01871,0.02427,362.01871,0.03683,362.01871,0.03675,362.01871,0.02229,362.01871,0.00107,362.01871,0.001,362.01871,0.00409,362.01871,0.0062,362.01871,0.00619,362.01871,0.00375
361.51331,0.00918,361.51331,0.00673,361.51331,0.02504,361.51331,0.03818,361.51331,0.03991,361.51331,0.02351,361.51331,0.00155,361.51331,0.00113,361.51331,0.00422,361.51331,0.00643,361.51331,0.00672,361.51331,0.00396
361.0079,0.00944,361.0079,0.00649,361.0079,0.02622,361.0079,0.03907,361.0079,0.03955,361.0079,0.02272,361.0079,0.00159,361.0079,0.00109,361.0079,0.00442,361.0079,0.00658,361.0079,0.00666,361.0079,0.00383
360.50244,0.00617,360.50244,0.00407,360.50244,0.02141,360.50244,0.03696,360.50244,0.03575,360.50244,0.01959,360.50244,0.00104,360.50244,6.86E-04,360.50244,0.00361,360.50244,0.00623,360.50244,0.00602,360.50244,0.0033
359.99698,0.00692,359.99698,0.00333,359.99698,0.02389,359.99698,0.0366,359.99698,0.0411,359.99698,0.02224,359.99698,0.00117,359.99698,5.61E-04,359.99698,0.00402,359.99698,0.00616,359.99698,0.00692,359.99698,0.00375
359.49146,0.01064,359.49146,0.00699,359.49146,0.02918,359.49146,0.04178,359.49146,0.04021,359.49146,0.02433,359.49146,0.00179,359.49146,0.00118,359.49146,0.00491,359.49146,0.00704,359.49146,0.00677,359.49146,0.0041
358.98587,0.00705,358.98587,0.00474,358.98587,0.02593,358.98587,0.03908,358.98587,0.03915,358.98587,0.02451,358.98587,0.00119,358.98587,7.98E-04,358.98587,0.00437,358.98587,0.00658,358.98587,0.00659,358.98587,0.00413
358.5192,0.00779,358.5192,0.00452,358.5192,0.0244,358.5192,0.03912,358.5192,0.03969,358.5192,0.02236,358.5192,0.00131,358.5192,7.62E-04,358.5192,0.00411,358.5192,0.00659,358.5192,0.00669,358.5192,0.00377
358.01355,0.00885,358.01355,0.0064,358.01355,0.02718,358.01355,0.04143,358.01355,0.04248,358.01355,0.02507,358.01355,0.00149,358.01355,0.00108,358.01355,0.00458,358.01355,0.00698,358.01355,0.00716,358.01355,0.00422
357.5079,0.00417,357.5079,0.00631,357.5079,0.02497,357.5079,0.03405,357.5079,0.03887,357.5079,0.02441,357.5079,7.03E-04,357.5079,0.00106,357.5079,0.00421,357.5079,0.00573,357.5079,0.00655,357.5079,0.00411
357.0022,0.01095,357.0022,0.00686,357.0022,0.0272,357.0022,0.04106,357.0022,0.04092,357.0022,0.02729,357.0022,0.00184,357.0022,0.00116,357.0022,0.00458,357.0022,0.00692,357.0022,0.00689,357.0022,0.0046
356.49649,0.01052,356.49649,0.00641,356.49649,0.02716,356.49649,0.03921,356.49649,0.0418,356.49649,0.0228,356.49649,0.00177,356.49649,0.00108,356.49649,0.00457,356.49649,0.0066,356.49649,0.00704,356.49649,0.00384
355.99066,0.0097,355.99066,0.00727,355.99066,0.02718,355.99066,0.04177,355.99066,0.04496,355.99066,0.02594,355.99066,0.00163,355.99066,0.00122,355.99066,0.00458,355.99066,0.00703,355.99066,0.00757,355.99066,0.00437
355.48486,0.00774,355.48486,0.00287,355.48486,0.02562,355.48486,0.04201,355.48486,0.03978,355.48486,0.02715,355.48486,0.0013,355.48486,4.83E-04,355.48486,0.00432,355.48486,0.00708,355.48486,0.0067,355.48486,0.00457
355.01791,0.00978,355.01791,0.00852,355.01791,0.02931,355.01791,0.04306,355.01791,0.04494,355.01791,0.02524,355.01791,0.00165,355.01791,0.00144,355.01791,0.00494,355.01791,0.00725,355.01791,0.00757,355.01791,0.00425
354.51202,0.0056,354.51202,0.00315,354.51202,0.02395,354.51202,0.03767,354.51202,0.03984,354.51202,0.02315,354.51202,9.43E-04,354.51202,5.31E-04,354.51202,0.00403,354.51202,0.00634,354.51202,0.00671,354.51202,0.0039
354.00613,0.01049,354.00613,0.00422,354.00613,0.02774,354.00613,0.04165,354.00613,0.04449,354.00613,0.02765,354.00613,0.00177,354.00613,7.12E-04,354.00613,0.00467,354.00613,0.00701,354.00613,0.00749,354.00613,0.00466
353.50018,0.00927,353.50018,0.00847,353.50018,0.02776,353.50018,0.04184,353.50018,0.0467,353.50018,0.02511,353.50018,0.00156,353.50018,0.00143,353.50018,0.00467,353.50018,0.00705,353.50018,0.00787,353.50018,0.00423
352.99417,0.00655,352.99417,0.00679,352.99417,0.02805,352.99417,0.04057,352.99417,0.04101,352.99417,0.02528,352.99417,0.0011,352.99417,0.00114,352.99417,0.00472,352.99417,0.00683,352.99417,0.00691,352.99417,0.00426
352.48816,0.00673,352.48816,0.00652,352.48816,0.02805,352.48816,0.04087,352.48816,0.04201,352.48816,0.0263,352.48816,0.00113,352.48816,0.0011,352.48816,0.00472,352.48816,0.00688,352.48816,0.00708,352.48816,0.00443
351.98212,0.0095,351.98212,0.00744,351.98212,0.03001,351.98212,0.04079,351.98212,0.04465,351.98212,0.02688,351.98212,0.0016,351.98212,0.00125,351.98212,0.00505,351.98212,0.00687,351.98212,0.00752,351.98212,0.00453
351.51492,0.01104,351.51492,0.00598,351.51492,0.02613,351.51492,0.04345,351.51492,0.04664,351.51492,0.02291,351.51492,0.00186,351.51492,0.00101,351.51492,0.0044,351.51492,0.00732,351.51492,0.00786,351.51492,0.00386
351.00882,0.00988,351.00882,0.00698,351.00882,0.03082,351.00882,0.04354,351.00882,0.041,351.00882,0.027,351.00882,0.00166,351.00882,0.00118,351.00882,0.00519,351.00882,0.00733,351.00882,0.0069,351.00882,0.00455
350.50262,0.01228,350.50262,0.0059,350.50262,0.03108,350.50262,0.04449,350.50262,0.04335,350.50262,0.024,350.50262,0.00207,350.50262,9.94E-04,350.50262,0.00523,350.50262,0.00749,350.50262,0.0073,350.50262,0.00404
349.99643,0.01115,349.99643,0.00893,349.99643,0.02903,349.99643,0.04295,349.99643,0.04618,349.99643,0.02911,349.99643,0.00188,349.99643,0.0015,349.99643,0.00489,349.99643,0.00723,349.99643,0.00778,349.99643,0.0049
349.4902,0.00857,349.4902,0.0061,349.4902,0.02917,349.4902,0.04659,349.4902,0.04573,349.4902,0.02964,349.4902,0.00144,349.4902,0.00103,349.4902,0.00491,349.4902,0.00785,349.4902,0.0077,349.4902,0.00499
348.98392,0.01029,348.98392,0.00248,348.98392,0.02868,348.98392,0.04511,348.98392,0.04546,348.98392,0.02798,348.98392,0.00173,348.98392,4.17E-04,348.98392,0.00483,348.98392,0.0076,348.98392,0.00766,348.98392,0.00471
348.51657,0.01078,348.51657,0.00859,348.51657,0.03012,348.51657,0.04552,348.51657,0.0465,348.51657,0.02908,348.51657,0.00181,348.51657,0.00145,348.51657,0.00507,348.51657,0.00767,348.51657,0.00783,348.51657,0.0049
348.01019,0.00556,348.01019,0.00805,348.01019,0.02626,348.01019,0.04102,348.01019,0.04419,348.01019,0.0254,348.01019,9.37E-04,348.01019,0.00136,348.01019,0.00442,348.01019,0.00691,348.01019,0.00744,348.01019,0.00428
347.50385,0.00902,347.50385,0.00784,347.50385,0.02892,347.50385,0.04401,347.50385,0.04151,347.50385,0.02621,347.50385,0.00152,347.50385,0.00132,347.50385,0.00487,347.50385,0.00741,347.50385,0.00699,347.50385,0.00441
346.99744,0.00787,346.99744,0.00937,346.99744,0.0285,346.99744,0.04555,346.99744,0.04585,346.99744,0.03,346.99744,0.00133,346.99744,0.00158,346.99744,0.0048,346.99744,0.00767,346.99744,0.00772,346.99744,0.00505
346.491,0.00699,346.491,0.0061,346.491,0.02967,346.491,0.04377,346.491,0.0442,346.491,0.02658,346.491,0.00118,346.491,0.00103,346.491,0.005,346.491,0.00737,346.491,0.00744,346.491,0.00448
345.9845,0.00881,345.9845,0.00853,345.9845,0.02996,345.9845,0.04574,345.9845,0.04551,345.9845,0.02933,345.9845,0.00148,345.9845,0.00144,345.9845,0.00505,345.9845,0.0077,345.9845,0.00767,345.9845,0.00494
345.51697,0.00819,345.51697,0.00796,345.51697,0.02838,345.51697,0.04476,345.51697,0.04633,345.51697,0.02752,345.51697,0.00138,345.51697,0.00134,345.51697,0.00478,345.51697,0.00754,345.51697,0.0078,345.51697,0.00463
345.01041,0.00573,345.01041,0.00529,345.01041,0.03042,345.01041,0.04007,345.01041,0.04052,345.01041,0.02438,345.01041,9.66E-04,345.01041,8.91E-04,345.01041,0.00512,345.01041,0.00675,345.01041,0.00682,345.01041,0.00411
344.50381,0.00573,344.50381,0.00573,344.50381,0.02754,344.50381,0.04215,344.50381,0.04479,344.50381,0.02759,344.50381,9.65E-04,344.50381,9.65E-04,344.50381,0.00464,344.50381,0.0071,344.50381,0.00754,344.50381,0.00465
343.99722,0.01161,343.99722,0.00712,343.99722,0.03222,343.99722,0.04284,343.99722,0.04466,343.99722,0.02732,343.99722,0.00195,343.99722,0.0012,343.99722,0.00543,343.99722,0.00722,343.99722,0.00752,343.99722,0.0046
343.49057,0.00898,343.49057,0.00925,343.49057,0.03043,343.49057,0.04541,343.49057,0.04451,343.49057,0.03333,343.49057,0.00151,343.49057,0.00156,343.49057,0.00512,343.49057,0.00765,343.49057,0.0075,343.49057,0.00561
342.98386,0.01135,342.98386,0.01189,342.98386,0.03132,342.98386,0.04593,342.98386,0.04833,342.98386,0.02817,342.98386,0.00191,342.98386,0.002,342.98386,0.00528,342.98386,0.00774,342.98386,0.00814,342.98386,0.00474
342.51611,0.00903,342.51611,0.01037,342.51611,0.03074,342.51611,0.04699,342.51611,0.04497,342.51611,0.03167,342.51611,0.00152,342.51611,0.00175,342.51611,0.00518,342.51611,0.00791,342.51611,0.00757,342.51611,0.00533
342.00934,0.00903,342.00934,0.00769,342.00934,0.03072,342.00934,0.04276,342.00934,0.04306,342.00934,0.03013,342.00934,0.00152,342.00934,0.00129,342.00934,0.00517,342.00934,0.0072,342.00934,0.00725,342.00934,0.00507
341.50256,0.01262,341.50256,0.0091,341.50256,0.031,341.50256,0.04681,341.50256,0.04579,341.50256,0.03029,341.50256,0.00212,341.50256,0.00153,341.50256,0.00522,341.50256,0.00788,341.50256,0.00771,341.50256,0.0051
340.99576,0.01463,340.99576,0.01268,340.99576,0.0334,340.99576,0.04852,340.99576,0.04854,340.99576,0.0328,340.99576,0.00246,340.99576,0.00213,340.99576,0.00563,340.99576,0.00817,340.99576,0.00818,340.99576,0.00552
340.48886,0.00969,340.48886,0.01055,340.48886,0.03667,340.48886,0.04533,340.48886,0.04583,340.48886,0.03216,340.48886,0.00163,340.48886,0.00178,340.48886,0.00618,340.48886,0.00763,340.48886,0.00772,340.48886,0.00542
339.98196,0.01066,339.98196,0.01013,339.98196,0.03394,339.98196,0.04496,339.98196,0.0469,339.98196,0.032,339.98196,0.00179,339.98196,0.00171,339.98196,0.00572,339.98196,0.00757,339.98196,0.0079,339.98196,0.00539
339.51404,0.00866,339.51404,0.01028,339.51404,0.03654,339.51404,0.04801,339.51404,0.0475,339.51404,0.03089,339.51404,0.00146,339.51404,0.00173,339.51404,0.00615,339.51404,0.00809,339.51404,0.008,339.51404,0.0052
339.00711,0.01002,339.00711,0.01003,339.00711,0.03262,339.00711,0.04648,339.00711,0.04826,339.00711,0.03343,339.00711,0.00169,339.00711,0.00169,339.00711,0.00549,339.00711,0.00783,339.00711,0.00813,339.00711,0.00563
338.50009,0.01199,338.50009,0.01158,338.50009,0.03521,338.50009,0.04825,338.50009,0.0517,338.50009,0.03489,338.50009,0.00202,338.50009,0.00195,338.50009,0.00593,338.50009,0.00813,338.50009,0.00871,338.50009,0.00588
337.99307,0.00958,337.99307,0.00667,337.99307,0.03602,337.99307,0.0467,337.99307,0.0468,337.99307,0.03244,337.99307,0.00161,337.99307,0.00112,337.99307,0.00607,337.99307,0.00787,337.99307,0.00788,337.99307,0.00546
337.48596,0.01438,337.48596,0.01478,337.48596,0.04107,337.48596,0.05199,337.48596,0.05413,337.48596,0.03836,337.48596,0.00242,337.48596,0.00249,337.48596,0.00692,337.48596,0.00876,337.48596,0.00912,337.48596,0.00646
337.01791,0.00826,337.01791,0.00704,337.01791,0.03488,337.01791,0.04593,337.01791,0.04735,337.01791,0.03161,337.01791,0.00139,337.01791,0.00118,337.01791,0.00587,337.01791,0.00774,337.01791,0.00797,337.01791,0.00532
336.51074,0.0091,336.51074,0.0116,336.51074,0.04,336.51074,0.04939,336.51074,0.05212,336.51074,0.03812,336.51074,0.00153,336.51074,0.00195,336.51074,0.00674,336.51074,0.00832,336.51074,0.00878,336.51074,0.00642
336.0036,0.00913,336.0036,0.01037,336.0036,0.03974,336.0036,0.04876,336.0036,0.04973,336.0036,0.03838,336.0036,0.00154,336.0036,0.00175,336.0036,0.00669,336.0036,0.00821,336.0036,0.00838,336.0036,0.00646
335.4964,0.01214,335.4964,0.01337,335.4964,0.04624,335.4964,0.05349,335.4964,0.05345,335.4964,0.04055,335.4964,0.00205,335.4964,0.00225,335.4964,0.00779,335.4964,0.00901,335.4964,0.009,335.4964,0.00683
334.98914,0.01331,334.98914,0.01156,334.98914,0.04517,334.98914,0.04825,334.98914,0.05087,334.98914,0.04156,334.98914,0.00224,334.98914,0.00195,334.98914,0.00761,334.98914,0.00813,334.98914,0.00857,334.98914,0.007
334.48187,0.0097,334.48187,0.01061,334.48187,0.04801,334.48187,0.0524,334.48187,0.05411,334.48187,0.0465,334.48187,0.00163,334.48187,0.00179,334.48187,0.00809,334.48187,0.00883,334.48187,0.00911,334.48187,0.00783
334.01358,0.01227,334.01358,0.01136,334.01358,0.05288,334.01358,0.0505,334.01358,0.05328,334.01358,0.04808,334.01358,0.00207,334.01358,0.00191,334.01358,0.00891,334.01358,0.00851,334.01358,0.00897,334.01358,0.0081
333.50626,0.01146,333.50626,0.01114,333.50626,0.05515,333.50626,0.05137,333.50626,0.05329,333.50626,0.04875,333.50626,0.00193,333.50626,0.00188,333.50626,0.00929,333.50626,0.00865,333.50626,0.00897,333.50626,0.00821
332.99893,0.01235,332.99893,0.01213,332.99893,0.05797,332.99893,0.0515,332.99893,0.05384,332.99893,0.05386,332.99893,0.00208,332.99893,0.00204,332.99893,0.00976,332.99893,0.00867,332.99893,0.00907,332.99893,0.00907
332.49155,0.01094,332.49155,0.00807,332.49155,0.06084,332.49155,0.05239,332.49155,0.0523,332.49155,0.05445,332.49155,0.00184,332.49155,0.00136,332.49155,0.01025,332.49155,0.00882,332.49155,0.00881,332.49155,0.00917
331.98404,0.01099,331.98404,0.01128,331.98404,0.06175,331.98404,0.05087,331.98404,0.0518,331.98404,0.05849,331.98404,0.00185,331.98404,0.0019,331.98404,0.0104,331.98404,0.00857,331.98404,0.00872,331.98404,0.00985
331.51566,0.01609,331.51566,0.01233,331.51566,0.06982,331.51566,0.05576,331.51566,0.05514,331.51566,0.06408,331.51566,0.00271,331.51566,0.00208,331.51566,0.01176,331.51566,0.00939,331.51566,0.00929,331.51566,0.01079
331.00815,0.01596,331.00815,0.01157,331.00815,0.07749,331.00815,0.05625,331.00815,0.05297,331.00815,0.06943,331.00815,0.00269,331.00815,0.00195,331.00815,0.01305,331.00815,0.00947,331.00815,0.00892,331.00815,0.01169
330.50061,0.0153,330.50061,0.01223,330.50061,0.08202,330.50061,0.05535,330.50061,0.05657,330.50061,0.07608,330.50061,0.00258,330.50061,0.00206,330.50061,0.01381,330.50061,0.00932,330.50061,0.00953,330.50061,0.01281
329.99304,0.01614,329.99304,0.01707,329.99304,0.09355,329.99304,0.0585,329.99304,0.05823,329.99304,0.08373,329.99304,0.00272,329.99304,0.00288,329.99304,0.01576,329.99304,0.00985,329.99304,0.00981,329.99304,0.0141
329.48541,0.01583,329.48541,0.01129,329.48541,0.09877,329.48541,0.05543,329.48541,0.05735,329.48541,0.09142,329.48541,0.00267,329.48541,0.0019,329.48541,0.01664,329.48541,0.00934,329.48541,0.00966,329.48541,0.0154
329.01688,0.01873,329.01688,0.01386,329.01688,0.11237,329.01688,0.05956,329.01688,0.05774,329.01688,0.10553,329.01688,0.00315,329.01688,0.00233,329.01688,0.01893,329.01688,0.01003,329.01688,0.00972,329.01688,0.01777
328.50916,0.0198,328.50916,0.0155,328.50916,0.12665,328.50916,0.06302,328.50916,0.06062,328.50916,0.11863,328.50916,0.00334,328.50916,0.00261,328.50916,0.02133,328.50916,0.01061,328.50916,0.01021,328.50916,0.01998
328.00146,0.02259,328.00146,0.01689,328.00146,0.14201,328.00146,0.06338,328.00146,0.05921,328.00146,0.13011,328.00146,0.0038,328.00146,0.00284,328.00146,0.02392,328.00146,0.01067,328.00146,0.00997,328.00146,0.02191
327.49374,0.01944,327.49374,0.01443,327.49374,0.15412,327.49374,0.06362,327.49374,0.05705,327.49374,0.14086,327.49374,0.00327,327.49374,0.00243,327.49374,0.02596,327.49374,0.01072,327.49374,0.00961,327.49374,0.02372
326.98596,0.02256,326.98596,0.0174,326.98596,0.17014,326.98596,0.06536,326.98596,0.0619,326.98596,0.15911,326.98596,0.0038,326.98596,0.00293,326.98596,0.02866,326.98596,0.01101,326.98596,0.01043,326.98596,0.0268
326.51724,0.02602,326.51724,0.01481,326.51724,0.18536,326.51724,0.06615,326.51724,0.06138,326.51724,0.17456,326.51724,0.00438,326.51724,0.00249,326.51724,0.03122,326.51724,0.01114,326.51724,0.01034,326.51724,0.0294
326.00943,0.02585,326.00943,0.01954,326.00943,0.20515,326.00943,0.06938,326.00943,0.05903,326.00943,0.19365,326.00943,0.00435,326.00943,0.00329,326.00943,0.03455,326.00943,0.01168,326.00943,0.00994,326.00943,0.03261
325.50156,0.03411,325.50156,0.01864,325.50156,0.23455,325.50156,0.07468,325.50156,0.06104,325.50156,0.21688,325.50156,0.00574,325.50156,0.00314,325.50156,0.0395,325.50156,0.01258,325.50156,0.01028,325.50156,0.03653
324.99365,0.03656,324.99365,0.01712,324.99365,0.26047,324.99365,0.07749,324.99365,0.06203,324.99365,0.24894,324.99365,0.00616,324.99365,0.00288,324.99365,0.04387,324.99365,0.01305,324.99365,0.01045,324.99365,0.04193
324.48575,0.03915,324.48575,0.01683,324.48575,0.28013,324.48575,0.08065,324.48575,0.06124,324.48575,0.26508,324.48575,0.00659,324.48575,0.00283,324.48575,0.04718,324.48575,0.01358,324.48575,0.01031,324.48575,0.04465
324.01685,0.04244,324.01685,0.01641,324.01685,0.30574,324.01685,0.08078,324.01685,0.06514,324.01685,0.2896,324.01685,0.00715,324.01685,0.00276,324.01685,0.05149,324.01685,0.0136,324.01685,0.01097,324.01685,0.04877
323.50885,0.04843,323.50885,0.01998,323.50885,0.33538,323.50885,0.08769,323.50885,0.06136,323.50885,0.3191,323.50885,0.00816,323.50885,0.00336,323.50885,0.05648,323.50885,0.01477,323.50885,0.01033,323.50885,0.05374
323.00082,0.05354,323.00082,0.02224,323.00082,0.36161,323.00082,0.09402,323.00082,0.06522,323.00082,0.34289,323.00082,0.00902,323.00082,0.00375,323.00082,0.0609,323.00082,0.01584,323.00082,0.01099,323.00082,0.05775
322.49277,0.05961,322.49277,0.02063,322.49277,0.39898,322.49277,0.09926,322.49277,0.0648,322.49277,0.37404,322.49277,0.01004,322.49277,0.00347,322.49277,0.0672,322.49277,0.01672,322.49277,0.01091,322.49277,0.063
321.98468,0.07023,321.98468,0.02144,321.98468,0.42984,321.98468,0.10997,321.98468,0.06891,321.98468,0.40951,321.98468,0.01183,321.98468,0.00361,321.98468,0.07239,321.98468,0.01852,321.98468,0.01161,321.98468,0.06897
321.51563,0.0739,321.51563,0.02261,321.51563,0.46246,321.51563,0.1159,321.51563,0.06679,321.51563,0.42981,321.51563,0.01245,321.51563,0.00381,321.51563,0.07789,321.51563,0.01952,321.51563,0.01125,321.51563,0.07239
321.00748,0.08426,321.00748,0.02549,321.00748,0.50331,321.00748,0.11872,321.00748,0.06409,321.00748,0.47556,321.00748,0.01419,321.00748,0.00429,321.00748,0.08477,321.00748,0.01999,321.00748,0.01079,321.00748,0.08009
320.49933,0.09863,320.49933,0.02689,320.49933,0.53973,320.49933,0.13411,320.49933,0.06829,320.49933,0.51771,320.49933,0.01661,320.49933,0.00453,320.49933,0.0909,320.49933,0.02259,320.49933,0.0115,320.49933,0.08719
319.99106,0.11205,319.99106,0.02628,319.99106,0.57989,319.99106,0.14617,319.99106,0.06892,319.99106,0.54686,319.99106,0.01887,319.99106,0.00443,319.99106,0.09766,319.99106,0.02462,319.99106,0.01161,319.99106,0.0921
319.48282,0.12099,319.48282,0.02524,319.48282,0.60856,319.48282,0.15462,319.48282,0.06701,319.48282,0.59274,319.48282,0.02038,319.48282,0.00425,319.48282,0.10249,319.48282,0.02604,319.48282,0.01129,319.48282,0.09983
319.01361,0.13572,319.01361,0.03004,319.01361,0.634,319.01361,0.17153,319.01361,0.07123,319.01361,0.62331,319.01361,0.02286,319.01361,0.00506,319.01361,0.10678,319.01361,0.02889,319.01361,0.012,319.01361,0.10498
318.50531,0.15831,318.50531,0.03174,318.50531,0.68492,318.50531,0.18496,318.50531,0.07226,318.50531,0.66135,318.50531,0.02666,318.50531,0.00535,318.50531,0.11535,318.50531,0.03115,318.50531,0.01217,318.50531,0.11138
317.99695,0.16942,317.99695,0.03324,317.99695,0.71383,317.99695,0.19565,317.99695,0.07175,317.99695,0.69035,317.99695,0.02853,317.99695,0.0056,317.99695,0.12022,317.99695,0.03295,317.99695,0.01208,317.99695,0.11627
317.48862,0.19105,317.48862,0.03655,317.48862,0.75382,317.48862,0.21513,317.48862,0.07564,317.48862,0.72574,317.48862,0.03218,317.48862,0.00616,317.48862,0.12696,317.48862,0.03623,317.48862,0.01274,317.48862,0.12223
317.01929,0.20375,317.01929,0.03354,317.01929,0.77372,317.01929,0.22797,317.01929,0.07293,317.01929,0.75121,317.01929,0.03432,317.01929,0.00565,317.01929,0.13031,317.01929,0.03839,317.01929,0.01228,317.01929,0.12652
316.51086,0.22922,316.51086,0.03708,316.51086,0.80924,316.51086,0.24756,316.51086,0.07638,316.51086,0.78215,316.51086,0.03861,316.51086,0.00624,316.51086,0.13629,316.51086,0.04169,316.51086,0.01286,316.51086,0.13173
316.00238,0.25686,316.00238,0.03959,316.00238,0.84516,316.00238,0.27285,316.00238,0.07705,316.00238,0.82087,316.00238,0.04326,316.00238,0.00667,316.00238,0.14234,316.00238,0.04595,316.00238,0.01298,316.00238,0.13825
315.49387,0.27878,315.49387,0.04133,315.49387,0.87273,315.49387,0.2841,315.49387,0.07625,315.49387,0.84629,315.49387,0.04695,315.49387,0.00696,315.49387,0.14699,315.49387,0.04785,315.49387,0.01284,315.49387,0.14253
314.98535,0.30061,314.98535,0.04372,314.98535,0.90066,314.98535,0.31015,314.98535,0.07647,314.98535,0.87099,314.98535,0.05063,314.98535,0.00736,314.98535,0.15169,314.98535,0.05223,314.98535,0.01288,314.98535,0.14669
314.51587,0.31603,314.51587,0.04814,314.51587,0.91812,314.51587,0.32459,314.51587,0.07971,314.51587,0.89226,314.51587,0.05322,314.51587,0.00811,314.51587,0.15463,314.51587,0.05467,314.51587,0.01343,314.51587,0.15028
314.00729,0.35045,314.00729,0.0449,314.00729,0.94877,314.00729,0.3561,314.00729,0.07794,314.00729,0.91579,314.00729,0.05902,314.00729,0.00756,314.00729,0.15979,314.00729,0.05997,314.00729,0.01313,314.00729,0.15424
313.49863,0.38227,313.49863,0.05078,313.49863,0.97522,313.49863,0.38403,313.49863,0.08103,313.49863,0.9406,313.49863,0.06438,313.49863,0.00855,313.49863,0.16425,313.49863,0.06468,313.49863,0.01365,313.49863,0.15842
312.98996,0.4118,312.98996,0.05265,312.98996,0.99271,312.98996,0.41141,312.98996,0.08471,312.98996,0.96474,312.98996,0.06936,312.98996,0.00887,312.98996,0.16719,312.98996,0.06929,312.98996,0.01427,312.98996,0.16248
312.48129,0.44207,312.48129,0.05248,312.48129,1.01295,312.48129,0.42374,312.48129,0.08379,312.48129,0.98388,312.48129,0.07445,312.48129,0.00884,312.48129,0.1706,312.48129,0.07137,312.48129,0.01411,312.48129,0.16571
312.01172,0.4599,312.01172,0.05532,312.01172,1.02551,312.01172,0.4538,312.01172,0.08391,312.01172,0.99625,312.01172,0.07746,312.01172,0.00932,312.01172,0.17272,312.01172,0.07643,312.01172,0.01413,312.01172,0.16779
311.50293,0.49192,311.50293,0.05746,311.50293,1.04391,311.50293,0.47856,311.50293,0.08805,311.50293,1.01086,311.50293,0.08285,311.50293,0.00968,311.50293,0.17581,311.50293,0.0806,311.50293,0.01483,311.50293,0.17025
310.99417,0.52535,310.99417,0.06084,310.99417,1.06018,310.99417,0.50997,310.99417,0.08732,310.99417,1.02643,310.99417,0.08848,310.99417,0.01025,310.99417,0.17855,310.99417,0.08589,310.99417,0.01471,310.99417,0.17287
310.48535,0.55135,310.48535,0.06336,310.48535,1.06997,310.48535,0.52979,310.48535,0.08644,310.48535,1.03748,310.48535,0.09286,310.48535,0.01067,310.48535,0.1802,310.48535,0.08923,310.48535,0.01456,310.48535,0.17473
310.01563,0.58568,310.01563,0.06513,310.01563,1.08436,310.01563,0.55958,310.01563,0.08749,310.01563,1.04965,310.01563,0.09864,310.01563,0.01097,310.01563,0.18263,310.01563,0.09424,310.01563,0.01474,310.01563,0.17678
309.50674,0.61161,309.50674,0.0686,309.50674,1.0948,309.50674,0.5811,309.50674,0.09055,309.50674,1.06589,309.50674,0.10301,309.50674,0.01155,309.50674,0.18439,309.50674,0.09787,309.50674,0.01525,309.50674,0.17952
308.99783,0.64114,308.99783,0.06936,308.99783,1.10438,308.99783,0.60933,308.99783,0.09039,308.99783,1.07304,308.99783,0.10798,308.99783,0.01168,308.99783,0.186,308.99783,0.10262,308.99783,0.01522,308.99783,0.18072
308.48889,0.67554,308.48889,0.07249,308.48889,1.11375,308.48889,0.63069,308.48889,0.09249,308.48889,1.08167,308.48889,0.11377,308.48889,0.01221,308.48889,0.18758,308.48889,0.10622,308.48889,0.01558,308.48889,0.18217
308.01907,0.68743,308.01907,0.07088,308.01907,1.11737,308.01907,0.64605,308.01907,0.09068,308.01907,1.0835,308.01907,0.11578,308.01907,0.01194,308.01907,0.18819,308.01907,0.10881,308.01907,0.01527,308.01907,0.18248
307.51007,0.71977,307.51007,0.077,307.51007,1.12569,307.51007,0.6693,307.51007,0.09622,307.51007,1.09325,307.51007,0.12122,307.51007,0.01297,307.51007,0.18959,307.51007,0.11272,307.51007,0.01621,307.51007,0.18412
307.00104,0.74308,307.00104,0.07923,307.00104,1.12939,307.00104,0.69171,307.00104,0.09809,307.00104,1.09635,307.00104,0.12515,307.00104,0.01334,307.00104,0.19021,307.00104,0.1165,307.00104,0.01652,307.00104,0.18465
306.49197,0.76455,306.49197,0.082,306.49197,1.1319,306.49197,0.71478,306.49197,0.09788,306.49197,1.09967,306.49197,0.12877,306.49197,0.01381,306.49197,0.19064,306.49197,0.12038,306.49197,0.01649,306.49197,0.18521
305.98288,0.79002,305.98288,0.08235,305.98288,1.13259,305.98288,0.72806,305.98288,0.09854,305.98288,1.09955,305.98288,0.13305,305.98288,0.01387,305.98288,0.19075,305.98288,0.12262,305.98288,0.0166,305.98288,0.18519
305.51291,0.80394,305.51291,0.08351,305.51291,1.13359,305.51291,0.75036,305.51291,0.09942,305.51291,1.10198,305.51291,0.1354,305.51291,0.01406,305.51291,0.19092,305.51291,0.12638,305.51291,0.01674,305.51291,0.1856
305.00375,0.82991,305.00375,0.08505,305.00375,1.13102,305.00375,0.76398,305.00375,0.09924,305.00375,1.09917,305.00375,0.13977,305.00375,0.01432,305.00375,0.19049,305.00375,0.12867,305.00375,0.01671,305.00375,0.18512
304.49454,0.84592,304.49454,0.09135,304.49454,1.13088,304.49454,0.784,304.49454,0.1042,304.49454,1.09757,304.49454,0.14247,304.49454,0.01539,304.49454,0.19046,304.49454,0.13204,304.49454,0.01755,304.49454,0.18485
303.98532,0.86522,303.98532,0.0919,303.98532,1.1236,303.98532,0.80272,303.98532,0.10459,303.98532,1.0927,303.98532,0.14572,303.98532,0.01548,303.98532,0.18924,303.98532,0.13519,303.98532,0.01761,303.98532,0.18403
303.51526,0.88281,303.51526,0.09768,303.51526,1.12006,303.51526,0.81817,303.51526,0.10823,303.51526,1.08824,303.51526,0.14868,303.51526,0.01645,303.51526,0.18864,303.51526,0.1378,303.51526,0.01823,303.51526,0.18328
303.00598,0.89521,303.00598,0.09544,303.00598,1.11581,303.00598,0.82739,303.00598,0.10741,303.00598,1.08368,303.00598,0.15077,303.00598,0.01607,303.00598,0.18792,303.00598,0.13935,303.00598,0.01809,303.00598,0.18251
302.49667,0.91435,302.49667,0.09953,302.49667,1.10853,302.49667,0.84582,302.49667,0.10929,302.49667,1.07553,302.49667,0.15399,302.49667,0.01676,302.49667,0.1867,302.49667,0.14245,302.49667,0.01841,302.49667,0.18114
301.98734,0.92415,301.98734,0.09948,301.98734,1.09569,301.98734,0.85167,301.98734,0.10876,301.98734,1.06563,301.98734,0.15565,301.98734,0.01675,301.98734,0.18454,301.98734,0.14344,301.98734,0.01832,301.98734,0.17947
301.51712,0.93595,301.51712,0.10067,301.51712,1.08863,301.51712,0.86073,301.51712,0.10999,301.51712,1.05808,301.51712,0.15763,301.51712,0.01695,301.51712,0.18335,301.51712,0.14496,301.51712,0.01852,301.51712,0.1782
301.00772,0.94833,301.00772,0.10538,301.00772,1.07673,301.00772,0.87472,301.00772,0.11261,301.00772,1.04555,301.00772,0.15972,301.00772,0.01775,301.00772,0.18134,301.00772,0.14732,301.00772,0.01897,301.00772,0.17609
300.49832,0.95908,300.49832,0.10791,300.49832,1.06609,300.49832,0.88334,300.49832,0.11639,300.49832,1.0343,300.49832,0.16153,300.49832,0.01817,300.49832,0.17955,300.49832,0.14877,300.49832,0.0196,300.49832,0.1742
299.98883,0.97089,299.98883,0.11052,299.98883,1.04987,299.98883,0.89266,299.98883,0.11654,299.98883,1.0163,299.98883,0.16352,299.98883,0.01861,299.98883,0.17682,299.98883,0.15034,299.98883,0.01963,299.98883,0.17117
299.51855,0.97849,299.51855,0.11031,299.51855,1.03623,299.51855,0.90003,299.51855,0.11691,299.51855,1.00705,299.51855,0.1648,299.51855,0.01858,299.51855,0.17452,299.51855,0.15158,299.51855,0.01969,299.51855,0.16961
299.00903,0.98424,299.00903,0.11391,299.00903,1.02029,299.00903,0.90616,299.00903,0.11985,299.00903,0.9891,299.00903,0.16577,299.00903,0.01918,299.00903,0.17184,299.00903,0.15261,299.00903,0.02018,299.00903,0.16658
298.49948,0.99088,298.49948,0.11502,298.49948,1.00425,298.49948,0.91027,298.49948,0.12277,298.49948,0.96986,298.49948,0.16688,298.49948,0.01937,298.49948,0.16914,298.49948,0.15331,298.49948,0.02068,298.49948,0.16334
297.98993,0.99424,297.98993,0.11618,297.98993,0.98576,297.98993,0.91307,297.98993,0.12246,297.98993,0.95421,297.98993,0.16745,297.98993,0.01957,297.98993,0.16602,297.98993,0.15378,297.98993,0.02063,297.98993,0.16071
297.51947,0.99707,297.51947,0.11867,297.51947,0.96817,297.51947,0.91556,297.51947,0.12429,297.51947,0.93689,297.51947,0.16793,297.51947,0.01999,297.51947,0.16306,297.51947,0.1542,297.51947,0.02093,297.51947,0.15779
297.00986,0.99857,297.00986,0.12059,297.00986,0.95634,297.00986,0.91767,297.00986,0.12557,297.00986,0.92091,297.00986,0.16818,297.00986,0.02031,297.00986,0.16107,297.00986,0.15455,297.00986,0.02115,297.00986,0.1551
296.50015,0.99952,296.50015,0.12233,296.50015,0.94477,296.50015,0.91846,296.50015,0.12743,296.50015,0.90254,296.50015,0.16834,296.50015,0.0206,296.50015,0.15912,296.50015,0.15469,296.50015,0.02146,296.50015,0.15201
295.99048,1.00003,295.99048,0.12404,295.99048,0.91533,295.99048,0.91858,295.99048,0.12822,295.99048,0.88299,295.99048,0.16842,295.99048,0.02089,295.99048,0.15416,295.99048,0.15471,295.99048,0.02159,295.99048,0.14871
295.48077,0.99977,295.48077,0.12884,295.48077,0.90122,295.48077,0.91939,295.48077,0.13295,295.48077,0.86643,295.48077,0.16838,295.48077,0.0217,295.48077,0.15178,295.48077,0.15484,295.48077,0.02239,295.48077,0.14592
295.01019,0.99785,295.01019,0.13081,295.01019,0.87888,295.01019,0.9165,295.01019,0.13354,295.01019,0.84492,295.01019,0.16806,295.01019,0.02203,295.01019,0.14802,295.01019,0.15436,295.01019,0.02249,295.01019,0.1423
294.50046,0.99549,294.50046,0.13028,294.50046,0.86294,294.50046,0.91436,294.50046,0.13519,294.50046,0.82982,294.50046,0.16766,294.50046,0.02194,294.50046,0.14534,294.50046,0.154,294.50046,0.02277,294.50046,0.13976
293.9906,0.99006,293.9906,0.13656,293.9906,0.8452,293.9906,0.9114,293.9906,0.13833,293.9906,0.81015,293.9906,0.16675,293.9906,0.023,293.9906,0.14235,293.9906,0.1535,293.9906,0.0233,293.9906,0.13644
293.48077,0.9841,293.48077,0.13671,293.48077,0.82466,293.48077,0.90515,293.48077,0.14084,293.48077,0.78865,293.48077,0.16574,293.48077,0.02303,293.48077,0.13889,293.48077,0.15245,293.48077,0.02372,293.48077,0.13282
293.0101,0.97662,293.0101,0.13764,293.0101,0.8088,293.0101,0.89928,293.0101,0.14158,293.0101,0.77288,293.0101,0.16448,293.0101,0.02318,293.0101,0.13622,293.0101,0.15146,293.0101,0.02385,293.0101,0.13017
292.50018,0.96891,292.50018,0.13803,292.50018,0.78438,292.50018,0.88934,292.50018,0.14225,292.50018,0.74468,292.50018,0.16318,292.50018,0.02325,292.50018,0.13211,292.50018,0.14978,292.50018,0.02396,292.50018,0.12542
291.99026,0.95914,291.99026,0.1425,291.99026,0.77899,291.99026,0.88462,291.99026,0.14545,291.99026,0.73083,291.99026,0.16154,291.99026,0.024,291.99026,0.1312,291.99026,0.14899,291.99026,0.0245,291.99026,0.12309
291.51953,0.94983,291.51953,0.14137,291.51953,0.75073,291.51953,0.87657,291.51953,0.14781,291.51953,0.71177,291.51953,0.15997,291.51953,0.02381,291.51953,0.12644,291.51953,0.14763,291.51953,0.02489,291.51953,0.11988
291.00955,0.93999,291.00955,0.14321,291.00955,0.73188,291.00955,0.86658,291.00955,0.14722,291.00955,0.69342,291.00955,0.15831,291.00955,0.02412,291.00955,0.12326,291.00955,0.14595,291.00955,0.0248,291.00955,0.11679
290.49954,0.93014,290.49954,0.14508,290.49954,0.71879,290.49954,0.85898,290.49954,0.14895,290.49954,0.67862,290.49954,0.15665,290.49954,0.02443,290.49954,0.12106,290.49954,0.14467,290.49954,0.02509,290.49954,0.11429
289.9895,0.91705,289.9895,0.14924,289.9895,0.70009,289.9895,0.84694,289.9895,0.15213,289.9895,0.65804,289.9895,0.15445,289.9895,0.02513,289.9895,0.11791,289.9895,0.14264,289.9895,0.02562,289.9895,0.11083
289.51865,0.9123,289.51865,0.14906,289.51865,0.68533,289.51865,0.8378,289.51865,0.15238,289.51865,0.64119,289.51865,0.15365,289.51865,0.0251,289.51865,0.11542,289.51865,0.1411,289.51865,0.02566,289.51865,0.10799
289.00854,0.89615,289.00854,0.15052,289.00854,0.66534,289.00854,0.82655,289.00854,0.15451,289.00854,0.62401,289.00854,0.15093,289.00854,0.02535,289.00854,0.11206,289.00854,0.13921,289.00854,0.02602,289.00854,0.1051
288.49838,0.87611,288.49838,0.15349,288.49838,0.64691,288.49838,0.81254,288.49838,0.15891,288.49838,0.60489,288.49838,0.14755,288.49838,0.02585,288.49838,0.10895,288.49838,0.13685,288.49838,0.02676,288.49838,0.10188
287.98822,0.86618,287.98822,0.15537,287.98822,0.63399,287.98822,0.80032,287.98822,0.15853,287.98822,0.5947,287.98822,0.14588,287.98822,0.02617,287.98822,0.10678,287.98822,0.13479,287.98822,0.0267,287.98822,0.10016
287.51727,0.85256,287.51727,0.15799,287.51727,0.61761,287.51727,0.79055,287.51727,0.16283,287.51727,0.57331,287.51727,0.14359,287.51727,0.02661,287.51727,0.10402,287.51727,0.13314,287.51727,0.02742,287.51727,0.09656
287.00705,0.8393,287.00705,0.15896,287.00705,0.60366,287.00705,0.77837,287.00705,0.16416,287.00705,0.55714,287.00705,0.14136,287.00705,0.02677,287.00705,0.10167,287.00705,0.13109,287.00705,0.02765,287.00705,0.09383
286.49683,0.83223,286.49683,0.16272,286.49683,0.5949,286.49683,0.76787,286.49683,0.16601,286.49683,0.54685,286.49683,0.14016,286.49683,0.02741,286.49683,0.10019,286.49683,0.12932,286.49683,0.02796,286.49683,0.0921
285.98651,0.81556,285.98651,0.16544,285.98651,0.57848,285.98651,0.75761,285.98651,0.16873,285.98651,0.53035,285.98651,0.13736,285.98651,0.02786,285.98651,0.09743,285.98651,0.1276,285.98651,0.02842,285.98651,0.08932
285.51547,0.80763,285.51547,0.16475,285.51547,0.56515,285.51547,0.7474,285.51547,0.16913,285.51547,0.52078,285.51547,0.13602,285.51547,0.02775,285.51547,0.09518,285.51547,0.12588,285.51547,0.02849,285.51547,0.08771
285.00513,0.79154,285.00513,0.16672,285.00513,0.5432,285.00513,0.73101,285.00513,0.17025,285.00513,0.49938,285.00513,0.13331,285.00513,0.02808,285.00513,0.09149,285.00513,0.12312,285.00513,0.02867,285.00513,0.0841
284.49475,0.78254,284.49475,0.16763,284.49475,0.53998,284.49475,0.7206,284.49475,0.17357,284.49475,0.48739,284.49475,0.1318,284.49475,0.02823,284.49475,0.09094,284.49475,0.12136,284.49475,0.02923,284.49475,0.08209
283.98438,0.77076,283.98438,0.17097,283.98438,0.52534,283.98438,0.70859,283.98438,0.17612,283.98438,0.4818,283.98438,0.12981,283.98438,0.0288,283.98438,0.08848,283.98438,0.11934,283.98438,0.02966,283.98438,0.08114
283.51321,0.75467,283.51321,0.17388,283.51321,0.51203,283.51321,0.69139,283.51321,0.17913,283.51321,0.45874,283.51321,0.1271,283.51321,0.02928,283.51321,0.08624,283.51321,0.11644,283.51321,0.03017,283.51321,0.07726
283.00278,0.74573,283.00278,0.17563,283.00278,0.50249,283.00278,0.68313,283.00278,0.18001,283.00278,0.44918,283.00278,0.1256,283.00278,0.02958,283.00278,0.08463,283.00278,0.11505,283.00278,0.03032,283.00278,0.07565
282.49231,0.73353,282.49231,0.17858,282.49231,0.49066,282.49231,0.66962,282.49231,0.18144,282.49231,0.43379,282.49231,0.12354,282.49231,0.03008,282.49231,0.08264,282.49231,0.11278,282.49231,0.03056,282.49231,0.07306
281.98175,0.7207,281.98175,0.17985,281.98175,0.4837,281.98175,0.66113,281.98175,0.18444,281.98175,0.42568,281.98175,0.12138,281.98175,0.03029,281.98175,0.08146,281.98175,0.11135,281.98175,0.03106,281.98175,0.07169
281.51053,0.7066,281.51053,0.17976,281.51053,0.47034,281.51053,0.64923,281.51053,0.18351,281.51053,0.41596,281.51053,0.11901,281.51053,0.03027,281.51053,0.07922,281.51053,0.10934,281.51053,0.03091,281.51053,0.07006
280.99994,0.69478,280.99994,0.18283,280.99994,0.4618,280.99994,0.63736,280.99994,0.18659,280.99994,0.40593,280.99994,0.11702,280.99994,0.03079,280.99994,0.07778,280.99994,0.10734,280.99994,0.03142,280.99994,0.06837
280.48935,0.68246,280.48935,0.18573,280.48935,0.45292,280.48935,0.62854,280.48935,0.18778,280.48935,0.39583,280.48935,0.11494,280.48935,0.03128,280.48935,0.07628,280.48935,0.10586,280.48935,0.03163,280.48935,0.06667
280.01804,0.66939,280.01804,0.18566,280.01804,0.44174,280.01804,0.61245,280.01804,0.19032,280.01804,0.38123,280.01804,0.11274,280.01804,0.03127,280.01804,0.0744,280.01804,0.10315,280.01804,0.03205,280.01804,0.06421
279.50739,0.65562,279.50739,0.18619,279.50739,0.43598,279.50739,0.60095,279.50739,0.1893,279.50739,0.37381,279.50739,0.11042,279.50739,0.03136,279.50739,0.07343,279.50739,0.10121,279.50739,0.03188,279.50739,0.06296
278.9967,0.64598,278.9967,0.19027,278.9967,0.42346,278.9967,0.58907,278.9967,0.19381,278.9967,0.36569,278.9967,0.1088,278.9967,0.03205,278.9967,0.07132,278.9967,0.09921,278.9967,0.03264,278.9967,0.06159
278.48599,0.62665,278.48599,0.1923,278.48599,0.41492,278.48599,0.574,278.48599,0.19585,278.48599,0.35415,278.48599,0.10554,278.48599,0.03239,278.48599,0.06988,278.48599,0.09667,278.48599,0.03298,278.48599,0.05965
278.01456,0.61628,278.01456,0.19573,278.01456,0.41227,278.01456,0.56915,278.01456,0.19615,278.01456,0.3489,278.01456,0.10379,278.01456,0.03296,278.01456,0.06943,278.01456,0.09586,278.01456,0.03304,278.01456,0.05876
277.50378,0.59676,277.50378,0.19425,277.50378,0.40101,277.50378,0.55334,277.50378,0.197,277.50378,0.33897,277.50378,0.10051,277.50378,0.03271,277.50378,0.06754,277.50378,0.09319,277.50378,0.03318,277.50378,0.05709
276.99301,0.58543,276.99301,0.19616,276.99301,0.39538,276.99301,0.54574,276.99301,0.19845,276.99301,0.33104,276.99301,0.0986,276.99301,0.03304,276.99301,0.06659,276.99301,0.09191,276.99301,0.03342,276.99301,0.05575
276.48218,0.57503,276.48218,0.1981,276.48218,0.39204,276.48218,0.53361,276.48218,0.20083,276.48218,0.32459,276.48218,0.09685,276.48218,0.03336,276.48218,0.06603,276.48218,0.08987,276.48218,0.03382,276.48218,0.05467
276.01065,0.56126,276.01065,0.20068,276.01065,0.38554,276.01065,0.52446,276.01065,0.20288,276.01065,0.31991,276.01065,0.09453,276.01065,0.0338,276.01065,0.06493,276.01065,0.08833,276.01065,0.03417,276.01065,0.05388
275.49979,0.5555,275.49979,0.20108,275.49979,0.3793,275.49979,0.51538,275.49979,0.20366,275.49979,0.31656,275.49979,0.09356,275.49979,0.03387,275.49979,0.06388,275.49979,0.0868,275.49979,0.0343,275.49979,0.05332
274.98892,0.53374,274.98892,0.20103,274.98892,0.37178,274.98892,0.50058,274.98892,0.20347,274.98892,0.30451,274.98892,0.08989,274.98892,0.03386,274.98892,0.06261,274.98892,0.08431,274.98892,0.03427,274.98892,0.05129
274.51724,0.52297,274.51724,0.20474,274.51724,0.36832,274.51724,0.49465,274.51724,0.20492,274.51724,0.29915,274.51724,0.08808,274.51724,0.03448,274.51724,0.06203,274.51724,0.08331,274.51724,0.03451,274.51724,0.05038
274.00632,0.51204,274.00632,0.20533,274.00632,0.36308,274.00632,0.48509,274.00632,0.20762,274.00632,0.29345,274.00632,0.08624,274.00632,0.03458,274.00632,0.06115,274.00632,0.0817,274.00632,0.03497,274.00632,0.04942
273.49533,0.49539,273.49533,0.20271,273.49533,0.35325,273.49533,0.46834,273.49533,0.20487,273.49533,0.28205,273.49533,0.08343,273.49533,0.03414,273.49533,0.05949,273.49533,0.07888,273.49533,0.0345,273.49533,0.0475
272.98431,0.48631,272.98431,0.20529,272.98431,0.34821,272.98431,0.4522,272.98431,0.20601,272.98431,0.27827,272.98431,0.0819,272.98431,0.03457,272.98431,0.05865,272.98431,0.07616,272.98431,0.0347,272.98431,0.04687
272.5126,0.47466,272.5126,0.20956,272.5126,0.34725,272.5126,0.45281,272.5126,0.20964,272.5126,0.27441,272.5126,0.07994,272.5126,0.03529,272.5126,0.05848,272.5126,0.07626,272.5126,0.03531,272.5126,0.04622
272.00156,0.4633,272.00156,0.20761,272.00156,0.33927,272.00156,0.43172,272.00156,0.20771,272.00156,0.26753,272.00156,0.07803,272.00156,0.03497,272.00156,0.05714,272.00156,0.07271,272.00156,0.03498,272.00156,0.04506
271.49048,0.45695,271.49048,0.21022,271.49048,0.33588,271.49048,0.43463,271.49048,0.20951,271.49048,0.26371,271.49048,0.07696,271.49048,0.03541,271.49048,0.05657,271.49048,0.0732,271.49048,0.03529,271.49048,0.04441
271.01865,0.44684,271.01865,0.21108,271.01865,0.33318,271.01865,0.43372,271.01865,0.2081,271.01865,0.26085,271.01865,0.07526,271.01865,0.03555,271.01865,0.05611,271.01865,0.07305,271.01865,0.03505,271.01865,0.04393
270.50754,0.44352,270.50754,0.21047,270.50754,0.32927,270.50754,0.41755,270.50754,0.20894,270.50754,0.25348,270.50754,0.0747,270.50754,0.03545,270.50754,0.05546,270.50754,0.07032,270.50754,0.03519,270.50754,0.04269
269.99637,0.42693,269.99637,0.20958,269.99637,0.32407,269.99637,0.40485,269.99637,0.20753,269.99637,0.24869,269.99637,0.0719,269.99637,0.0353,269.99637,0.05458,269.99637,0.06818,269.99637,0.03495,269.99637,0.04188
269.48517,0.42136,269.48517,0.21342,269.48517,0.32413,269.48517,0.40258,269.48517,0.21141,269.48517,0.24588,269.48517,0.07096,269.48517,0.03594,269.48517,0.05459,269.48517,0.0678,269.48517,0.03561,269.48517,0.04141
269.01331,0.40759,269.01331,0.21236,269.01331,0.31797,269.01331,0.3945,269.01331,0.21183,269.01331,0.24297,269.01331,0.06865,269.01331,0.03577,269.01331,0.05355,269.01331,0.06644,269.01331,0.03568,269.01331,0.04092
268.50204,0.40764,268.50204,0.21539,268.50204,0.31401,268.50204,0.38632,268.50204,0.2152,268.50204,0.23872,268.50204,0.06866,268.50204,0.03628,268.50204,0.05289,268.50204,0.06506,268.50204,0.03624,268.50204,0.0402
267.99075,0.39408,267.99075,0.21401,267.99075,0.30971,267.99075,0.37717,267.99075,0.21559,267.99075,0.23516,267.99075,0.06637,267.99075,0.03604,267.99075,0.05216,267.99075,0.06352,267.99075,0.03631,267.99075,0.03961
267.51877,0.3886,267.51877,0.21361,267.51877,0.30924,267.51877,0.37281,267.51877,0.21454,267.51877,0.23236,267.51877,0.06545,267.51877,0.03598,267.51877,0.05208,267.51877,0.06279,267.51877,0.03613,267.51877,0.03913
267.00745,0.38019,267.00745,0.21386,267.00745,0.3061,267.00745,0.36452,267.00745,0.2151,267.00745,0.2297,267.00745,0.06403,267.00745,0.03602,267.00745,0.05155,267.00745,0.06139,267.00745,0.03623,267.00745,0.03869
266.49609,0.37389,266.49609,0.21297,266.49609,0.30215,266.49609,0.36021,266.49609,0.21701,266.49609,0.22542,266.49609,0.06297,266.49609,0.03587,266.49609,0.05089,266.49609,0.06067,266.49609,0.03655,266.49609,0.03796
265.98468,0.36664,265.98468,0.20987,265.98468,0.29701,265.98468,0.35132,265.98468,0.21324,265.98468,0.22015,265.98468,0.06175,265.98468,0.03535,265.98468,0.05002,265.98468,0.05917,265.98468,0.03591,265.98468,0.03708
265.51266,0.36236,265.51266,0.21298,265.51266,0.29875,265.51266,0.35426,265.51266,0.21613,265.51266,0.2248,265.51266,0.06103,265.51266,0.03587,265.51266,0.05032,265.51266,0.05966,265.51266,0.0364,265.51266,0.03786
265.00122,0.35434,265.00122,0.21307,265.00122,0.29483,265.00122,0.34593,265.00122,0.21735,265.00122,0.22245,265.00122,0.05968,265.00122,0.03588,265.00122,0.04965,265.00122,0.05826,265.00122,0.03661,265.00122,0.03747
264.48978,0.34875,264.48978,0.21325,264.48978,0.2929,264.48978,0.34037,264.48978,0.21906,264.48978,0.22065,264.48978,0.05874,264.48978,0.03592,264.48978,0.04933,264.48978,0.05733,264.48978,0.03689,264.48978,0.03716
264.01761,0.34467,264.01761,0.21301,264.01761,0.28993,264.01761,0.3354,264.01761,0.21886,264.01761,0.21881,264.01761,0.05805,264.01761,0.03588,264.01761,0.04883,264.01761,0.05649,264.01761,0.03686,264.01761,0.03685
263.50607,0.33659,263.50607,0.211,263.50607,0.28886,263.50607,0.33017,263.50607,0.21985,263.50607,0.21682,263.50607,0.05669,263.50607,0.03554,263.50607,0.04865,263.50607,0.05561,263.50607,0.03703,263.50607,0.03652
262.99457,0.33383,262.99457,0.21476,262.99457,0.28717,262.99457,0.32726,262.99457,0.22162,262.99457,0.21536,262.99457,0.05622,262.99457,0.03617,262.99457,0.04837,262.99457,0.05512,262.99457,0.03733,262.99457,0.03627
262.483,0.32724,262.483,0.21195,262.483,0.28576,262.483,0.32477,262.483,0.22218,262.483,0.21439,262.483,0.05511,262.483,0.0357,262.483,0.04813,262.483,0.0547,262.483,0.03742,262.483,0.03611
262.01077,0.32165,262.01077,0.21106,262.01077,0.28422,262.01077,0.31952,262.01077,0.22282,262.01077,0.21434,262.01077,0.05417,262.01077,0.03555,262.01077,0.04787,262.01077,0.05381,262.01077,0.03753,262.01077,0.0361
261.49915,0.31826,261.49915,0.2099,261.49915,0.28175,261.49915,0.31697,261.49915,0.225,261.49915,0.21495,261.49915,0.0536,261.49915,0.03535,261.49915,0.04745,261.49915,0.05338,261.49915,0.03789,261.49915,0.0362
260.98752,0.31401,260.98752,0.207,260.98752,0.2815,260.98752,0.31421,260.98752,0.22353,260.98752,0.21364,260.98752,0.05289,260.98752,0.03486,260.98752,0.04741,260.98752,0.05292,260.98752,0.03765,260.98752,0.03598
260.5152,0.31114,260.5152,0.20936,260.5152,0.28198,260.5152,0.31229,260.5152,0.22447,260.5152,0.21207,260.5152,0.0524,260.5152,0.03526,260.5152,0.04749,260.5152,0.0526,260.5152,0.03781,260.5152,0.03572
260.00348,0.30668,260.00348,0.2083,260.00348,0.28048,260.00348,0.31048,260.00348,0.22392,260.00348,0.21283,260.00348,0.05165,260.00348,0.03508,260.00348,0.04724,260.00348,0.05229,260.00348,0.03771,260.00348,0.03584
259.49176,0.30253,259.49176,0.20761,259.49176,0.27935,259.49176,0.30769,259.49176,0.22481,259.49176,0.21296,259.49176,0.05095,259.49176,0.03497,259.49176,0.04705,259.49176,0.05182,259.49176,0.03786,259.49176,0.03587
259.01938,0.29838,259.01938,0.20701,259.01938,0.27983,259.01938,0.30577,259.01938,0.22606,259.01938,0.21244,259.01938,0.05025,259.01938,0.03486,259.01938,0.04713,259.01938,0.0515,259.01938,0.03807,259.01938,0.03578
258.50763,0.29307,258.50763,0.20414,258.50763,0.27782,258.50763,0.30324,258.50763,0.22401,258.50763,0.21236,258.50763,0.04936,258.50763,0.03438,258.50763,0.04679,258.50763,0.05107,258.50763,0.03773,258.50763,0.03577
257.99582,0.28866,257.99582,0.20334,257.99582,0.27613,257.99582,0.29937,257.99582,0.22559,257.99582,0.21303,257.99582,0.04862,257.99582,0.03425,257.99582,0.04651,257.99582,0.05042,257.99582,0.03799,257.99582,0.03588
257.48398,0.28549,257.48398,0.20323,257.48398,0.27638,257.48398,0.30048,257.48398,0.2291,257.48398,0.21521,257.48398,0.04808,257.48398,0.03423,257.48398,0.04655,257.48398,0.05061,257.48398,0.03859,257.48398,0.03625
257.01151,0.28269,257.01151,0.20226,257.01151,0.27575,257.01151,0.29985,257.01151,0.22904,257.01151,0.21599,257.01151,0.04761,257.01151,0.03407,257.01151,0.04644,257.01151,0.0505,257.01151,0.03857,257.01151,0.03638
256.49963,0.28041,256.49963,0.19731,256.49963,0.27457,256.49963,0.29748,256.49963,0.23066,256.49963,0.21807,256.49963,0.04723,256.49963,0.03323,256.49963,0.04624,256.49963,0.0501,256.49963,0.03885,256.49963,0.03673
255.98773,0.2776,255.98773,0.2003,255.98773,0.27617,255.98773,0.29968,255.98773,0.23402,255.98773,0.21873,255.98773,0.04675,255.98773,0.03374,255.98773,0.04651,255.98773,0.05047,255.98773,0.03941,255.98773,0.03684
255.51518,0.27521,255.51518,0.19913,255.51518,0.27587,255.51518,0.29828,255.51518,0.23069,255.51518,0.2215,255.51518,0.04635,255.51518,0.03354,255.51518,0.04646,255.51518,0.05024,255.51518,0.03885,255.51518,0.03731
255.00325,0.26982,255.00325,0.19988,255.00325,0.27713,255.00325,0.29909,255.00325,0.23607,255.00325,0.22336,255.00325,0.04544,255.00325,0.03366,255.00325,0.04667,255.00325,0.05037,255.00325,0.03976,255.00325,0.03762
254.49129,0.26385,254.49129,0.19728,254.49129,0.27529,254.49129,0.29952,254.49129,0.23728,254.49129,0.22723,254.49129,0.04444,254.49129,0.03323,254.49129,0.04636,254.49129,0.05045,254.49129,0.03996,254.49129,0.03827
254.01865,0.26174,254.01865,0.19585,254.01865,0.2753,254.01865,0.29361,254.01865,0.23775,254.01865,0.22616,254.01865,0.04408,254.01865,0.03299,254.01865,0.04637,254.01865,0.04945,254.01865,0.04004,254.01865,0.03809
253.50664,0.25862,253.50664,0.19636,253.50664,0.27785,253.50664,0.29777,253.50664,0.24231,253.50664,0.23084,253.50664,0.04356,253.50664,0.03307,253.50664,0.0468,253.50664,0.05015,253.50664,0.04081,253.50664,0.03888
252.99458,0.25589,252.99458,0.19305,252.99458,0.27841,252.99458,0.29785,252.99458,0.24321,252.99458,0.2329,252.99458,0.0431,252.99458,0.03251,252.99458,0.04689,252.99458,0.05016,252.99458,0.04096,252.99458,0.03922
252.4825,0.25174,252.4825,0.1929,252.4825,0.27715,252.4825,0.29561,252.4825,0.24243,252.4825,0.23443,252.4825,0.0424,252.4825,0.03249,252.4825,0.04668,252.4825,0.04979,252.4825,0.04083,252.4825,0.03948
252.0098,0.24424,252.0098,0.1874,252.0098,0.27461,252.0098,0.29548,252.0098,0.24097,252.0098,0.23234,252.0098,0.04113,252.0098,0.03156,252.0098,0.04625,252.0098,0.04977,252.0098,0.04058,252.0098,0.03913
251.49767,0.24525,251.49767,0.1906,251.49767,0.27737,251.49767,0.29612,251.49767,0.24565,251.49767,0.23587,251.49767,0.04131,251.49767,0.0321,251.49767,0.04671,251.49767,0.04987,251.49767,0.04137,251.49767,0.03973
250.98552,0.24428,250.98552,0.19035,250.98552,0.27868,250.98552,0.29857,250.98552,0.24964,250.98552,0.24166,250.98552,0.04114,250.98552,0.03206,250.98552,0.04694,250.98552,0.05029,250.98552,0.04204,250.98552,0.0407
250.51273,0.23854,250.51273,0.1875,250.51273,0.27788,250.51273,0.29828,250.51273,0.24994,250.51273,0.24176,250.51273,0.04017,250.51273,0.03158,250.51273,0.0468,250.51273,0.05024,250.51273,0.04209,250.51273,0.04072
250.00052,0.23716,250.00052,0.18545,250.00052,0.27949,250.00052,0.29914,250.00052,0.25331,250.00052,0.24634,250.00052,0.03994,250.00052,0.03123,250.00052,0.04707,250.00052,0.05038,250.00052,0.04266,250.00052,0.04149
249.4883,0.23579,249.4883,0.18448,249.4883,0.27874,249.4883,0.30021,249.4883,0.25603,249.4883,0.24834,249.4883,0.03971,249.4883,0.03107,249.4883,0.04695,249.4883,0.05056,249.4883,0.04312,249.4883,0.04183
249.01546,0.22833,249.01546,0.1829,249.01546,0.27679,249.01546,0.29881,249.01546,0.2543,249.01546,0.24689,249.01546,0.03846,249.01546,0.0308,249.01546,0.04662,249.01546,0.05033,249.01546,0.04283,249.01546,0.04158
248.50319,0.22658,248.50319,0.18176,248.50319,0.27806,248.50319,0.30155,248.50319,0.25797,248.50319,0.25217,248.50319,0.03816,248.50319,0.03061,248.50319,0.04683,248.50319,0.05079,248.50319,0.04345,248.50319,0.04247
247.99091,0.22382,247.99091,0.18082,247.99091,0.27782,247.99091,0.30238,247.99091,0.25831,247.99091,0.25144,247.99091,0.0377,247.99091,0.03045,247.99091,0.04679,247.99091,0.05093,247.99091,0.0435,247.99091,0.04235
247.51797,0.22222,247.51797,0.18065,247.51797,0.27964,247.51797,0.30345,247.51797,0.26146,247.51797,0.25653,247.51797,0.03743,247.51797,0.03043,247.51797,0.0471,247.51797,0.05111,247.51797,0.04404,247.51797,0.04321
247.00562,0.21918,247.00562,0.18038,247.00562,0.27993,247.00562,0.30474,247.00562,0.26231,247.00562,0.2594,247.00562,0.03692,247.00562,0.03038,247.00562,0.04715,247.00562,0.05132,247.00562,0.04418,247.00562,0.04369
246.49323,0.21599,246.49323,0.17766,246.49323,0.2794,246.49323,0.30405,246.49323,0.26478,246.49323,0.26063,246.49323,0.03638,246.49323,0.02992,246.49323,0.04706,246.49323,0.05121,246.49323,0.04459,246.49323,0.0439
245.98084,0.21925,245.98084,0.17914,245.98084,0.28249,245.98084,0.30645,245.98084,0.26682,245.98084,0.26445,245.98084,0.03693,245.98084,0.03017,245.98084,0.04758,245.98084,0.05161,245.98084,0.04494,245.98084,0.04454
245.50783,0.21089,245.50783,0.17627,245.50783,0.28159,245.50783,0.30656,245.50783,0.26918,245.50783,0.26732,245.50783,0.03552,245.50783,0.02969,245.50783,0.04743,245.50783,0.05163,245.50783,0.04533,245.50783,0.04502
244.99538,0.2064,244.99538,0.17577,244.99538,0.28195,244.99538,0.30724,244.99538,0.27143,244.99538,0.2704,244.99538,0.03476,244.99538,0.0296,244.99538,0.04749,244.99538,0.05174,244.99538,0.04571,244.99538,0.04554
244.48293,0.20498,244.48293,0.1759,244.48293,0.28601,244.48293,0.31146,244.48293,0.27734,244.48293,0.27743,244.48293,0.03452,244.48293,0.02962,244.48293,0.04817,244.48293,0.05246,244.48293,0.04671,244.48293,0.04672
244.00983,0.2017,244.00983,0.17329,244.00983,0.28654,244.00983,0.31299,244.00983,0.28026,244.00983,0.28033,244.00983,0.03397,244.00983,0.02919,244.00983,0.04826,244.00983,0.05271,244.00983,0.0472,244.00983,0.04721
243.49731,0.19807,243.49731,0.17608,243.49731,0.28874,243.49731,0.31415,243.49731,0.28473,243.49731,0.28589,243.49731,0.03336,243.49731,0.02966,243.49731,0.04863,243.49731,0.05291,243.49731,0.04796,243.49731,0.04815
242.98474,0.19692,242.98474,0.17452,242.98474,0.29104,242.98474,0.31628,242.98474,0.28758,242.98474,0.2902,242.98474,0.03316,242.98474,0.02939,242.98474,0.04902,242.98474,0.05327,242.98474,0.04843,242.98474,0.04887
242.51164,0.1917,242.51164,0.17301,242.51164,0.28767,242.51164,0.31339,242.51164,0.28585,242.51164,0.28973,242.51164,0.03229,242.51164,0.02914,242.51164,0.04845,242.51164,0.05278,242.51164,0.04814,242.51164,0.0488
241.99902,0.19265,241.99902,0.17419,241.99902,0.29455,241.99902,0.31918,241.99902,0.29181,241.99902,0.29529,241.99902,0.03245,241.99902,0.02934,241.99902,0.04961,241.99902,0.05376,241.99902,0.04915,241.99902,0.04973
241.4864,0.18916,241.4864,0.17315,241.4864,0.29304,241.4864,0.31936,241.4864,0.29441,241.4864,0.29619,241.4864,0.03186,241.4864,0.02916,241.4864,0.04935,241.4864,0.05379,241.4864,0.04958,241.4864,0.04988
241.01318,0.18984,241.01318,0.17201,241.01318,0.2997,241.01318,0.32394,241.01318,0.29936,241.01318,0.30224,241.01318,0.03197,241.01318,0.02897,241.01318,0.05048,241.01318,0.05456,241.01318,0.05042,241.01318,0.0509
240.50055,0.18557,240.50055,0.1745,240.50055,0.30012,240.50055,0.32574,240.50055,0.30241,240.50055,0.3055,240.50055,0.03125,240.50055,0.02939,240.50055,0.05055,240.50055,0.05486,240.50055,0.05093,240.50055,0.05145
239.98785,0.18416,239.98785,0.17619,239.98785,0.30516,239.98785,0.33042,239.98785,0.30774,239.98785,0.3112,239.98785,0.03102,239.98785,0.02967,239.98785,0.05139,239.98785,0.05565,239.98785,0.05183,239.98785,0.05241
239.51459,0.18403,239.51459,0.17842,239.51459,0.31016,239.51459,0.33785,239.51459,0.31321,239.51459,0.31569,239.51459,0.03099,239.51459,0.03005,239.51459,0.05224,239.51459,0.0569,239.51459,0.05275,239.51459,0.05317
239.00185,0.18244,239.00185,0.17909,239.00185,0.31113,239.00185,0.33818,239.00185,0.31802,239.00185,0.31808,239.00185,0.03073,239.00185,0.03016,239.00185,0.0524,239.00185,0.05696,239.00185,0.05356,239.00185,0.05357
238.48909,0.18507,238.48909,0.18127,238.48909,0.32016,238.48909,0.34953,238.48909,0.32509,238.48909,0.32594,238.48909,0.03117,238.48909,0.03053,238.48909,0.05392,238.48909,0.05887,238.48909,0.05475,238.48909,0.05489
238.01573,0.1847,238.01573,0.18608,238.01573,0.32457,238.01573,0.35404,238.01573,0.3294,238.01573,0.32989,238.01573,0.03111,238.01573,0.03134,238.01573,0.05466,238.01573,0.05963,238.01573,0.05548,238.01573,0.05556
237.50293,0.18457,237.50293,0.1845,237.50293,0.32571,237.50293,0.36014,237.50293,0.33525,237.50293,0.33341,237.50293,0.03108,237.50293,0.03107,237.50293,0.05486,237.50293,0.06066,237.50293,0.05646,237.50293,0.05615
236.9901,0.18553,236.9901,0.18806,236.9901,0.32841,236.9901,0.36523,236.9901,0.3426,236.9901,0.33504,236.9901,0.03125,236.9901,0.03167,236.9901,0.05531,236.9901,0.06151,236.9901,0.0577,236.9901,0.05643
236.51671,0.18562,236.51671,0.19025,236.51671,0.32776,236.51671,0.37088,236.51671,0.34943,236.51671,0.33818,236.51671,0.03126,236.51671,0.03204,236.51671,0.0552,236.51671,0.06246,236.51671,0.05885,236.51671,0.05696
236.00381,0.19275,236.00381,0.19465,236.00381,0.33262,236.00381,0.37862,236.00381,0.35559,236.00381,0.3459,236.00381,0.03246,236.00381,0.03278,236.00381,0.05602,236.00381,0.06377,236.00381,0.05989,236.00381,0.05826
235.49092,0.19761,235.49092,0.19826,235.49092,0.33259,235.49092,0.38928,235.49092,0.36499,235.49092,0.34838,235.49092,0.03328,235.49092,0.03339,235.49092,0.05601,235.49092,0.06556,235.49092,0.06147,235.49092,0.05867
235.01743,0.21007,235.01743,0.20989,235.01743,0.34201,235.01743,0.40645,235.01743,0.37832,235.01743,0.361,235.01743,0.03538,235.01743,0.03535,235.01743,0.0576,235.01743,0.06845,235.01743,0.06372,235.01743,0.0608
234.50449,0.21109,234.50449,0.20619,234.50449,0.33561,234.50449,0.40994,234.50449,0.38065,234.50449,0.35623,234.50449,0.03555,234.50449,0.03473,234.50449,0.05652,234.50449,0.06904,234.50449,0.06411,234.50449,0.06
233.99155,0.21642,233.99155,0.2118,233.99155,0.34062,233.99155,0.42231,233.99155,0.39007,233.99155,0.36365,233.99155,0.03645,233.99155,0.03567,233.99155,0.05737,233.99155,0.07113,233.99155,0.0657,233.99155,0.06125
233.51801,0.23095,233.51801,0.21849,233.51801,0.34568,233.51801,0.43812,233.51801,0.3997,233.51801,0.37051,233.51801,0.0389,233.51801,0.0368,233.51801,0.05822,233.51801,0.07379,233.51801,0.06732,233.51801,0.0624
233.00499,0.24914,233.00499,0.22568,233.00499,0.35123,233.00499,0.46643,233.00499,0.41287,233.00499,0.37696,233.00499,0.04196,233.00499,0.03801,233.00499,0.05915,233.00499,0.07856,233.00499,0.06954,233.00499,0.06349
232.49193,0.25715,232.49193,0.22653,232.49193,0.35055,232.49193,0.47302,232.49193,0.41994,232.49193,0.38077,232.49193,0.04331,232.49193,0.03815,232.49193,0.05904,232.49193,0.07967,232.49193,0.07073,232.49193,0.06413
232.01833,0.28462,232.01833,0.23811,232.01833,0.35917,232.01833,0.50489,232.01833,0.438,232.01833,0.39469,232.01833,0.04794,232.01833,0.0401,232.01833,0.06049,232.01833,0.08503,232.01833,0.07377,232.01833,0.06647
231.50523,0.29777,231.50523,0.24332,231.50523,0.36359,231.50523,0.52452,231.50523,0.44627,231.50523,0.39581,231.50523,0.05015,231.50523,0.04098,231.50523,0.06124,231.50523,0.08834,231.50523,0.07516,231.50523,0.06666
230.99214,0.32106,230.99214,0.24734,230.99214,0.37059,230.99214,0.54967,230.99214,0.45864,230.99214,0.40539,230.99214,0.05407,230.99214,0.04166,230.99214,0.06241,230.99214,0.09257,230.99214,0.07724,230.99214,0.06828
230.51848,0.35989,230.51848,0.26228,230.51848,0.38325,230.51848,0.59342,230.51848,0.48063,230.51848,0.42033,230.51848,0.06061,230.51848,0.04417,230.51848,0.06455,230.51848,0.09994,230.51848,0.08095,230.51848,0.07079
230.00533,0.38546,230.00533,0.26901,230.00533,0.38821,230.00533,0.62773,230.00533,0.49251,230.00533,0.43176,230.00533,0.06492,230.00533,0.04531,230.00533,0.06538,230.00533,0.10572,230.00533,0.08295,230.00533,0.07272
229.49216,0.41728,229.49216,0.27964,229.49216,0.39888,229.49216,0.66184,229.49216,0.50716,229.49216,0.44371,229.49216,0.07028,229.49216,0.0471,229.49216,0.06718,229.49216,0.11147,229.49216,0.08542,229.49216,0.07473
229.0184,0.43311,229.0184,0.28515,229.0184,0.40634,229.0184,0.68483,229.0184,0.51917,229.0184,0.45243,229.0184,0.07294,229.0184,0.04803,229.0184,0.06844,229.0184,0.11534,229.0184,0.08744,229.0184,0.0762
228.5052,0.48121,228.5052,0.29713,228.5052,0.41725,228.5052,0.73055,228.5052,0.5381,228.5052,0.46868,228.5052,0.08105,228.5052,0.05004,228.5052,0.07027,228.5052,0.12304,228.5052,0.09063,228.5052,0.07893
227.99196,0.51414,227.99196,0.30705,227.99196,0.42841,227.99196,0.77088,227.99196,0.55638,227.99196,0.48679,227.99196,0.08659,227.99196,0.05171,227.99196,0.07215,227.99196,0.12983,227.99196,0.09371,227.99196,0.08198
227.51817,0.54986,227.51817,0.31779,227.51817,0.4405,227.51817,0.81736,227.51817,0.57508,227.51817,0.50318,227.51817,0.09261,227.51817,0.05352,227.51817,0.07419,227.51817,0.13766,227.51817,0.09686,227.51817,0.08475
227.00488,0.60909,227.00488,0.33693,227.00488,0.45753,227.00488,0.88357,227.00488,0.60447,227.00488,0.52981,227.00488,0.10258,227.00488,0.05675,227.00488,0.07706,227.00488,0.14881,227.00488,0.10181,227.00488,0.08923
226.49156,0.64725,226.49156,0.3464,226.49156,0.47043,226.49156,0.93429,226.49156,0.62831,226.49156,0.55648,226.49156,0.10901,226.49156,0.05834,226.49156,0.07923,226.49156,0.15735,226.49156,0.10582,226.49156,0.09372
226.01772,0.69091,226.01772,0.36188,226.01772,0.49302,226.01772,0.98524,226.01772,0.65164,226.01772,0.58101,226.01772,0.11636,226.01772,0.06095,226.01772,0.08303,226.01772,0.16593,226.01772,0.10975,226.01772,0.09785
225.50435,0.75398,225.50435,0.38118,225.50435,0.52495,225.50435,1.0617,225.50435,0.69075,225.50435,0.62499,225.50435,0.12699,225.50435,0.0642,225.50435,0.08841,225.50435,0.17881,225.50435,0.11634,225.50435,0.10526
224.99095,0.79782,224.99095,0.39818,224.99095,0.54674,224.99095,1.09344,224.99095,0.72463,224.99095,0.65533,224.99095,0.13437,224.99095,0.06706,224.99095,0.09208,224.99095,0.18416,224.99095,0.12204,224.99095,0.11037
224.51704,0.85845,224.51704,0.41879,224.51704,0.58054,224.51704,1.19534,224.51704,0.76444,224.51704,0.70296,224.51704,0.14458,224.51704,0.07053,224.51704,0.09777,224.51704,0.20132,224.51704,0.12875,224.51704,0.11839
224.00363,0.90302,224.00363,0.4321,224.00363,0.60811,224.00363,1.24909,224.00363,0.79776,224.00363,0.74184,224.00363,0.15209,224.00363,0.07277,224.00363,0.10242,224.00363,0.21037,224.00363,0.13436,224.00363,0.12494
223.4902,0.95475,223.4902,0.45862,223.4902,0.64434,223.4902,1.30754,223.4902,0.84097,223.4902,0.79121,223.4902,0.1608,223.4902,0.07724,223.4902,0.10852,223.4902,0.22022,223.4902,0.14164,223.4902,0.13326
223.0162,1.01327,223.0162,0.4789,223.0162,0.68265,223.0162,1.38914,223.0162,0.87252,223.0162,0.84344,223.0162,0.17065,223.0162,0.08066,223.0162,0.11497,223.0162,0.23396,223.0162,0.14695,223.0162,0.14205
222.50272,1.05209,222.50272,0.50126,222.50272,0.71394,222.50272,1.46536,222.50272,0.92427,222.50272,0.89382,222.50272,0.17719,222.50272,0.08442,222.50272,0.12024,222.50272,0.2468,222.50272,0.15566,222.50272,0.15054
221.9892,1.10881,221.9892,0.53099,221.9892,0.75945,221.9892,1.55707,221.9892,0.98932,221.9892,0.95806,221.9892,0.18675,221.9892,0.08943,221.9892,0.12791,221.9892,0.26224,221.9892,0.16662,221.9892,0.16136
221.51518,1.15602,221.51518,0.55446,221.51518,0.8022,221.51518,1.62285,221.51518,1.03957,221.51518,0.99448,221.51518,0.1947,221.51518,0.09338,221.51518,0.13511,221.51518,0.27332,221.51518,0.17508,221.51518,0.16749
221.00159,1.20008,221.00159,0.57652,221.00159,0.84585,221.00159,1.695,221.00159,1.09388,221.00159,1.07784,221.00159,0.20212,221.00159,0.0971,221.00159,0.14246,221.00159,0.28547,221.00159,0.18423,221.00159,0.18153
220.48804,1.26476,220.48804,0.61715,220.48804,0.90722,220.48804,1.79314,220.48804,1.17699,220.48804,1.17706,220.48804,0.21301,220.48804,0.10394,220.48804,0.15279,220.48804,0.302,220.48804,0.19823,220.48804,0.19824
220.01393,1.304,220.01393,0.64629,220.01393,0.95803,220.01393,1.8799,220.01393,1.22776,220.01393,1.25331,220.01393,0.21962,220.01393,0.10885,220.01393,0.16135,220.01393,0.31661,220.01393,0.20678,220.01393,0.21108
219.50031,1.35529,219.50031,0.68479,219.50031,1.02166,219.50031,1.97509,219.50031,1.31751,219.50031,1.35124,219.50031,0.22826,219.50031,0.11533,219.50031,0.17207,219.50031,0.33265,219.50031,0.2219,219.50031,0.22758
218.98665,1.39794,218.98665,0.72172,218.98665,1.06967,218.98665,2.06174,218.98665,1.39633,218.98665,1.41487,218.98665,0.23544,218.98665,0.12155,218.98665,0.18015,218.98665,0.34724,218.98665,0.23517,218.98665,0.23829
218.51251,1.44123,218.51251,0.75758,218.51251,1.12582,218.51251,2.14987,218.51251,1.46719,218.51251,1.54568,218.51251,0.24273,218.51251,0.12759,218.51251,0.18961,218.51251,0.36208,218.51251,0.2471,218.51251,0.26032
217.99883,1.50048,217.99883,0.79652,217.99883,1.20982,217.99883,2.26399,217.99883,1.597,217.99883,1.67507,217.99883,0.25271,217.99883,0.13415,217.99883,0.20376,217.99883,0.3813,217.99883,0.26897,217.99883,0.28212
217.48509,1.53365,217.48509,0.83854,217.48509,1.25934,217.48509,2.33983,217.48509,1.66542,217.48509,1.75377,217.48509,0.2583,217.48509,0.14123,217.48509,0.2121,217.48509,0.39407,217.48509,0.28049,217.48509,0.29537
217.01088,1.58166,217.01088,0.88907,217.01088,1.34178,217.01088,2.45314,217.01088,1.78549,217.01088,1.84624,217.01088,0.26638,217.01088,0.14974,217.01088,0.22598,217.01088,0.41316,217.01088,0.30071,217.01088,0.31094
216.49713,1.61999,216.49713,0.94513,216.49713,1.42371,216.49713,2.55868,216.49713,1.90375,216.49713,1.99981,216.49713,0.27284,216.49713,0.15918,216.49713,0.23978,216.49713,0.43093,216.49713,0.32063,216.49713,0.33681
215.98337,1.65914,215.98337,0.98256,215.98337,1.45432,215.98337,2.65003,215.98337,1.97253,215.98337,2.12364,215.98337,0.27943,215.98337,0.16548,215.98337,0.24494,215.98337,0.44632,215.98337,0.33221,215.98337,0.35766
215.50908,1.71096,215.50908,1.04813,215.50908,1.5438,215.50908,2.7713,215.50908,2.12597,215.50908,2.27473,215.50908,0.28816,215.50908,0.17653,215.50908,0.26001,215.50908,0.46674,215.50908,0.35806,215.50908,0.38311
214.99525,1.75343,214.99525,1.10682,214.99525,1.64433,214.99525,2.87955,214.99525,2.2432,214.99525,2.42052,214.99525,0.29531,214.99525,0.18641,214.99525,0.27694,214.99525,0.48497,214.99525,0.3778,214.99525,0.40766
214.48143,1.78984,214.48143,1.1637,214.48143,1.7313,214.48143,3.00451,214.48143,2.38541,214.48143,2.56518,214.48143,0.30145,214.48143,0.19599,214.48143,0.29159,214.48143,0.50602,214.48143,0.40175,214.48143,0.43203
214.0071,1.82834,214.0071,1.20819,214.0071,1.79292,214.0071,3.10104,214.0071,2.49489,214.0071,2.68641,214.0071,0.30793,214.0071,0.20348,214.0071,0.30196,214.0071,0.52228,214.0071,0.42019,214.0071,0.45245
213.49319,1.86352,213.49319,1.25899,213.49319,1.85991,213.49319,3.19032,213.49319,2.60236,213.49319,2.76456,213.49319,0.31385,213.49319,0.21204,213.49319,0.31325,213.49319,0.53731,213.49319,0.43829,213.49319,0.46561
213.01886,1.91025,213.01886,1.32327,213.01886,1.91819,213.01886,3.31172,213.01886,2.70113,213.01886,2.93049,213.01886,0.32172,213.01886,0.22287,213.01886,0.32306,213.01886,0.55776,213.01886,0.45492,213.01886,0.49355
212.50491,1.93901,212.50491,1.3475,212.50491,2.0034,212.50491,3.4065,212.50491,2.83719,212.50491,3.02766,212.50491,0.32657,212.50491,0.22695,212.50491,0.33741,212.50491,0.57372,212.50491,0.47784,212.50491,0.50992
211.99098,1.97899,211.99098,1.41844,211.99098,2.06849,211.99098,3.5054,211.99098,2.96054,211.99098,3.13549,211.99098,0.3333,211.99098,0.23889,211.99098,0.34838,211.99098,0.59038,211.99098,0.49861,211.99098,0.52808
211.51653,2.00726,211.51653,1.47139,211.51653,2.12629,211.51653,3.60379,211.51653,3.07217,211.51653,3.27416,211.51653,0.33806,211.51653,0.24781,211.51653,0.35811,211.51653,0.60695,211.51653,0.51741,211.51653,0.55143
211.00258,2.03304,211.00258,1.50817,211.00258,2.16995,211.00258,3.67187,211.00258,3.15708,211.00258,3.36323,211.00258,0.3424,211.00258,0.25401,211.00258,0.36546,211.00258,0.61842,211.00258,0.53171,211.00258,0.56644
210.48856,2.05945,210.48856,1.56346,210.48856,2.24693,210.48856,3.79226,210.48856,3.29676,210.48856,3.49457,210.48856,0.34685,210.48856,0.26332,210.48856,0.37843,210.48856,0.63869,210.48856,0.55524,210.48856,0.58856
210.01407,2.09747,210.01407,1.60349,210.01407,2.29402,210.01407,3.86196,210.01407,3.38457,210.01407,3.57915,210.01407,0.35326,210.01407,0.27006,210.01407,0.38636,210.01407,0.65043,210.01407,0.57003,210.01407,0.6028
209.50002,2.1192,209.50002,1.62998,209.50002,2.34817,209.50002,3.94013,209.50002,3.46533,209.50002,3.67221,209.50002,0.35692,209.50002,0.27452,209.50002,0.39548,209.50002,0.6636,209.50002,0.58363,209.50002,0.61847
208.98596,2.1402,208.98596,1.66913,208.98596,2.39156,208.98596,4.00129,208.98596,3.55391,208.98596,3.74659,208.98596,0.36045,208.98596,0.28111,208.98596,0.40279,208.98596,0.6739,208.98596,0.59855,208.98596,0.631
208.51138,2.16025,208.51138,1.70105,208.51138,2.43042,208.51138,4.05943,208.51138,3.61839,208.51138,3.80923,208.51138,0.36383,208.51138,0.28649,208.51138,0.40933,208.51138,0.68369,208.51138,0.60941,208.51138,0.64155
207.9973,2.18225,207.9973,1.74001,207.9973,2.48471,207.9973,4.13784,207.9973,3.71424,207.9973,3.89986,207.9973,0.36753,207.9973,0.29305,207.9973,0.41847,207.9973,0.6969,207.9973,0.62555,207.9973,0.65681
207.48315,2.19674,207.48315,1.76568,207.48315,2.51974,207.48315,4.18232,207.48315,3.7679,207.48315,3.93516,207.48315,0.36997,207.48315,0.29738,207.48315,0.42437,207.48315,0.70439,207.48315,0.63459,207.48315,0.66276
207.00858,2.20352,207.00858,1.7838,207.00858,2.55659,207.00858,4.23381,207.00858,3.82569,207.00858,4.0028,207.00858,0.37112,207.00858,0.30043,207.00858,0.43058,207.00858,0.71306,207.00858,0.64432,207.00858,0.67415
206.49438,2.2226,206.49438,1.80931,206.49438,2.60513,206.49438,4.29671,206.49438,3.88951,206.49438,4.07197,206.49438,0.37433,206.49438,0.30472,206.49438,0.43876,206.49438,0.72365,206.49438,0.65507,206.49438,0.6858
206.01976,2.22964,206.01976,1.82025,206.01976,2.62796,206.01976,4.32241,206.01976,3.91992,206.01976,4.11153,206.01976,0.37552,206.01976,0.30657,206.01976,0.4426,206.01976,0.72798,206.01976,0.66019,206.01976,0.69246
205.50554,2.25436,205.50554,1.8409,205.50554,2.69106,205.50554,4.38421,205.50554,3.98561,205.50554,4.18136,205.50554,0.37968,205.50554,0.31004,205.50554,0.45323,205.50554,0.73839,205.50554,0.67126,205.50554,0.70422
204.9913,2.26612,204.9913,1.85148,204.9913,2.73213,204.9913,4.4392,204.9913,4.03267,204.9913,4.24787,204.9913,0.38166,204.9913,0.31183,204.9913,0.46014,204.9913,0.74765,204.9913,0.67918,204.9913,0.71543
204.5166,2.28123,204.5166,1.86863,204.5166,2.78796,204.5166,4.50668,204.5166,4.09268,204.5166,4.31673,204.5166,0.3842,204.5166,0.31471,204.5166,0.46955,204.5166,0.75902,204.5166,0.68929,204.5166,0.72702
204.00232,2.31504,204.00232,1.88186,204.00232,2.85962,204.00232,4.58546,204.00232,4.16472,204.00232,4.41405,204.00232,0.3899,204.00232,0.31694,204.00232,0.48162,204.00232,0.77228,204.00232,0.70142,204.00232,0.74341
203.48804,2.34633,203.48804,1.89027,203.48804,2.92416,203.48804,4.66689,203.48804,4.22107,203.48804,4.5136,203.48804,0.39517,203.48804,0.31836,203.48804,0.49249,203.48804,0.786,203.48804,0.71091,203.48804,0.76018
203.01329,2.39875,203.01329,1.91123,203.01329,3.02397,203.01329,4.79641,203.01329,4.32415,203.01329,4.65775,203.01329,0.404,203.01329,0.32189,203.01329,0.5093,203.01329,0.80781,203.01329,0.72827,203.01329,0.78446
202.49893,2.4348,202.49893,1.92629,202.49893,3.11553,202.49893,4.91091,202.49893,4.40692,202.49893,4.78802,202.49893,0.41007,202.49893,0.32443,202.49893,0.52472,202.49893,0.82709,202.49893,0.74221,202.49893,0.8064
201.98457,2.51128,201.98457,1.94215,201.98457,3.21529,201.98457,5.05831,201.98457,4.50183,201.98457,4.902,201.98457,0.42295,201.98457,0.3271,201.98457,0.54152,201.98457,0.85192,201.98457,0.7582,201.98457,0.82559
201.50978,2.60793,201.50978,1.97564,201.50978,3.41771,201.50978,5.29784,201.50978,4.64064,201.50978,5.22043,201.50978,0.43923,201.50978,0.33274,201.50978,0.57561,201.50978,0.89226,201.50978,0.78158,201.50978,0.87923
200.99538,2.68318,200.99538,1.99932,200.99538,3.54384,200.99538,5.45455,200.99538,4.80943,200.99538,5.45218,200.99538,0.4519,200.99538,0.33672,200.99538,0.59685,200.99538,0.91865,200.99538,0.81,200.99538,0.91826
200.48096,2.80223,200.48096,2.04524,200.48096,3.76094,200.48096,5.83613,200.48096,5.09405,200.48096,5.8665,200.48096,0.47195,200.48096,0.34446,200.48096,0.63342,200.48096,0.98292,200.48096,0.85794,200.48096,0.98804
200.00609,2.98992,200.00609,2.10656,200.00609,4.09666,200.00609,6.28935,200.00609,5.36038,200.00609,6.40409,200.00609,0.50356,200.00609,0.35479,200.00609,0.68996,200.00609,1.05925,200.00609,0.9028,200.00609,1.07858
