P-3_conc_1_wavelength_nm,P-3_conc_1_abs_au,P-3_conc_2_wavelength_nm,P-3_conc_2_abs_au,P-3_conc_3_wavelength_nm,P-3_conc_3_abs_au,P-3_conc_4_wavelength_nm,P-3_conc_4_abs_au,P-3_conc_5_wavelength_nm,P-3_conc_5_abs_au,P-3_conc_1_em_wavelength_nm,P-3_conc_1_em_intensity,P-3_conc_2_em_wavelength_nm,P-3_conc_2_em_intensity,P-3_conc_3_em_wavelength_nm,P-3_conc_3_em_intensity,P-3_conc_4_em_wavelength_nm,P-3_conc_4_em_intensity,P-3_conc_5_em_wavelength_nm,P-3_conc_5_em_intensity,2-AP_conc_1_wavelength_nm,2-AP_conc_1_abs_au,2-AP_conc_2_wavelength_nm,2-AP_conc_2_abs_au,2-AP_conc_3_wavelength_nm,2-AP_conc_3_abs_au,2-AP_conc_4_wavelength_nm,2-AP_conc_4_abs_au,2-AP_conc_5_wavelength_nm,2-AP_conc_5_abs_au,2-AP_conc_1_em_wavelength_nm,2-AP_conc_1_em_intensity,2-AP_conc_2_em_wavelength_nm,2-AP_conc_2_em_intensity,2-AP_conc_3_em_wavelength_nm,2-AP_conc_3_em_intensity,2-AP_conc_4_em_wavelength_nm,2-AP_conc_4_em_intensity,2-AP_conc_5_em_wavelength_nm,2-AP_conc_5_em_intensity,ACN_em_background_wavelength_nm,ACN_em_background_intensity
800.0170898,-0.000808339,800.0170898,-0.002084505,800.0170898,0.000136855,800.0170898,-0.000676701,800.0170898,0.002777444,310,2.30E+03,310,2.10E+03,310,2.31E+03,310,2.62E+03,310,3.62E+03,599.9896851,-8.36E-05,599.9896851,0.000478792,599.9896851,-0.000954505,599.9896851,-0.000887706,599.9896851,-0.000252936,310,2.81E+04,310,2.66E+04,310,2.24E+04,310,1.66E+04,310,1.07E+04,310,2.68E+03
799.496521,-0.000175885,799.496521,-0.001509012,799.496521,0.00166764,799.496521,-0.000773715,799.496521,0.002546476,310.5,1.62E+03,310.5,1.60E+03,310.5,1.77E+03,310.5,2.07E+03,310.5,2.76E+03,599.5075073,-0.00017278,599.5075073,0.000105731,599.5075073,-0.001165736,599.5075073,-0.001092101,599.5075073,-0.000248279,310.5,3.29E+04,310.5,3.07E+04,310.5,2.58E+04,310.5,1.90E+04,310.5,1.21E+04,310.5,2.14E+03
799.0106812,0.001064129,799.0106812,-0.001440286,799.0106812,0.001925389,799.0106812,-0.000303019,799.0106812,0.003890719,311,1.40E+03,311,1.33E+03,311,1.50E+03,311,1.85E+03,311,2.26E+03,598.9881592,-0.00011554,598.9881592,0.000161325,598.9881592,-0.000862647,598.9881592,-0.000977492,598.9881592,-0.000192756,311,3.85E+04,311,3.55E+04,311,2.87E+04,311,2.18E+04,311,1.30E+04,311,1.83E+03
798.4899902,-0.001775405,798.4899902,-0.001665619,798.4899902,0.001033198,798.4899902,-0.001314311,798.4899902,0.002161386,311.5,1.28E+03,311.5,1.22E+03,311.5,1.43E+03,311.5,1.78E+03,311.5,2.07E+03,598.5058594,-0.000339284,598.5058594,0.000277405,598.5058594,-0.00120544,598.5058594,-0.000929657,598.5058594,-0.000411754,311.5,4.37E+04,311.5,4.16E+04,311.5,3.35E+04,311.5,2.58E+04,311.5,1.55E+04,311.5,1.61E+03
798.0039063,-0.00134466,798.0039063,-0.002523114,798.0039063,0.001037038,798.0039063,-0.000999445,798.0039063,0.002441945,312,1.25E+03,312,1.22E+03,312,1.27E+03,312,1.65E+03,312,1.95E+03,597.9863892,-0.000221838,597.9863892,0.000267433,597.9863892,-0.000908888,597.9863892,-0.000942727,597.9863892,-0.000183545,312,4.94E+04,312,4.67E+04,312,3.79E+04,312,2.82E+04,312,1.77E+04,312,1.63E+03
797.4830322,-0.000660366,797.4830322,-0.001886968,797.4830322,0.000452075,797.4830322,-0.00011673,797.4830322,0.001403655,312.5,1.32E+03,312.5,1.16E+03,312.5,1.32E+03,312.5,1.69E+03,312.5,1.94E+03,597.5039673,-0.000275339,597.5039673,0.000198228,597.5039673,-0.000969072,597.5039673,-0.001299703,597.5039673,-0.000286411,312.5,5.85E+04,312.5,5.53E+04,312.5,4.33E+04,312.5,3.31E+04,312.5,2.01E+04,312.5,1.45E+03
796.9967041,0.000258471,796.9967041,-0.001334698,796.9967041,0.0006229,796.9967041,-0.000782811,796.9967041,0.002383976,313,1.23E+03,313,1.29E+03,313,1.35E+03,313,1.68E+03,313,1.86E+03,596.984314,-6.83E-05,596.984314,0.000571602,596.984314,-0.001054504,596.984314,-0.000933221,596.984314,-0.000649304,313,6.59E+04,313,6.14E+04,313,4.90E+04,313,3.69E+04,313,2.19E+04,313,1.46E+03
796.5103149,-0.000419926,796.5103149,-0.002440802,796.5103149,0.000446711,796.5103149,-0.001058945,796.5103149,0.000802196,313.5,1.25E+03,313.5,1.16E+03,313.5,1.36E+03,313.5,1.74E+03,313.5,1.88E+03,596.5018311,-0.000112072,596.5018311,0.00077673,596.5018311,-0.001029919,596.5018311,-0.001076918,596.5018311,-3.73E-05,313.5,7.60E+04,313.5,7.12E+04,313.5,5.75E+04,313.5,4.28E+04,313.5,2.57E+04,313.5,1.48E+03
795.9890747,0.000554158,795.9890747,-0.001491522,795.9890747,0.001300852,795.9890747,-0.000604224,795.9890747,0.001741757,314,1.27E+03,314,1.15E+03,314,1.55E+03,314,1.77E+03,314,1.96E+03,595.9820557,-0.000609963,595.9820557,0.000587102,595.9820557,-0.001233783,595.9820557,-0.001398745,595.9820557,-0.000554072,314,8.42E+04,314,7.94E+04,314,6.39E+04,314,4.69E+04,314,2.78E+04,314,1.46E+03
795.5025024,0.000672494,795.5025024,-0.00184444,795.5025024,0.00113861,795.5025024,-8.91E-05,795.5025024,0.003186993,314.5,1.25E+03,314.5,1.23E+03,314.5,1.52E+03,314.5,1.92E+03,314.5,1.91E+03,595.4993896,-0.000111761,595.4993896,0.000869681,595.4993896,-0.000906047,595.4993896,-0.000454578,595.4993896,7.07E-05,314.5,9.60E+04,314.5,8.94E+04,314.5,7.30E+04,314.5,5.39E+04,314.5,3.22E+04,314.5,1.38E+03
795.0159302,-0.000231721,795.0159302,-0.000631469,795.0159302,-0.000404254,795.0159302,-0.002544577,795.0159302,0.002943376,315,1.23E+03,315,1.30E+03,315,1.42E+03,315,1.74E+03,315,1.93E+03,595.0166626,-0.000291689,595.0166626,0.000210038,595.0166626,-0.001229034,595.0166626,-0.001047067,595.0166626,-0.000404875,315,1.08E+05,315,1.01E+05,315,8.21E+04,315,6.02E+04,315,3.56E+04,315,1.41E+03
794.4943848,-0.000695827,794.4943848,-0.002221177,794.4943848,0.00117544,794.4943848,-0.001178386,794.4943848,0.001883009,315.5,1.13E+03,315.5,1.21E+03,315.5,1.37E+03,315.5,1.65E+03,315.5,1.69E+03,594.4966431,-0.000302812,594.4966431,0.000218869,594.4966431,-0.001042832,594.4966431,-0.000947634,594.4966431,-0.00062175,315.5,1.22E+05,315.5,1.13E+05,315.5,9.25E+04,315.5,6.71E+04,315.5,3.97E+04,315.5,1.39E+03
794.0074463,-0.000907132,794.0074463,-0.001742663,794.0074463,0.001015891,794.0074463,-0.000869984,794.0074463,0.001660779,316,1.15E+03,316,1.09E+03,316,1.24E+03,316,1.71E+03,316,1.75E+03,594.0137939,-0.000494813,594.0137939,0.000192557,594.0137939,-0.001142191,594.0137939,-0.000646926,594.0137939,-0.000344716,316,1.33E+05,316,1.25E+05,316,1.01E+05,316,7.44E+04,316,4.37E+04,316,1.28E+03
793.4857788,-0.000451786,793.4857788,-0.002403682,793.4857788,-0.000377047,793.4857788,-0.001210396,793.4857788,0.001211728,316.5,1.10E+03,316.5,1.00E+03,316.5,1.31E+03,316.5,1.46E+03,316.5,1.58E+03,593.4937134,-0.000339802,593.4937134,0.000173289,593.4937134,-0.001135168,593.4937134,-0.001009208,593.4937134,-0.000540266,316.5,1.48E+05,316.5,1.38E+05,316.5,1.13E+05,316.5,8.27E+04,316.5,4.89E+04,316.5,1.16E+03
792.9987183,0.000207448,792.9987183,-0.001397507,792.9987183,5.01E-05,792.9987183,-0.001557197,792.9987183,0.002135319,317,1.14E+03,317,1.14E+03,317,1.32E+03,317,1.74E+03,317,1.57E+03,593.0106812,-0.000295259,593.0106812,-0.000197827,593.0106812,-0.001181277,593.0106812,-0.001321175,593.0106812,-0.000837587,317,1.62E+05,317,1.50E+05,317,1.25E+05,317,9.07E+04,317,5.30E+04,317,1.22E+03
792.5115356,-0.001244521,792.5115356,-0.001796184,792.5115356,0.000290771,792.5115356,-0.000599157,792.5115356,0.001513806,317.5,1.21E+03,317.5,1.25E+03,317.5,1.50E+03,317.5,1.81E+03,317.5,1.66E+03,592.4904785,-0.00048597,592.4904785,0.000418959,592.4904785,-0.000961789,592.4904785,-0.001339292,592.4904785,-0.000539336,317.5,1.79E+05,317.5,1.67E+05,317.5,1.37E+05,317.5,1.01E+05,317.5,5.89E+04,317.5,1.30E+03
791.989502,-0.001793142,791.989502,-0.003070688,791.989502,-0.000697171,791.989502,-0.002143444,791.989502,0.000579663,318,1.29E+03,318,1.26E+03,318,1.61E+03,318,1.90E+03,318,1.77E+03,592.0073853,-0.000225098,592.0073853,0.000513363,592.0073853,-0.000959929,592.0073853,-0.001237707,592.0073853,-0.000422874,318,1.94E+05,318,1.82E+05,318,1.48E+05,318,1.08E+05,318,6.41E+04,318,1.40E+03
791.5021362,-0.002176363,791.5021362,-0.002299204,791.5021362,-0.000309175,791.5021362,-0.002570002,791.5021362,0.001598861,318.5,1.37E+03,318.5,1.48E+03,318.5,1.73E+03,318.5,2.02E+03,318.5,2.05E+03,591.4869995,-0.000151458,591.4869995,0.000781838,591.4869995,-0.001086265,591.4869995,-0.000673807,591.4869995,-1.51E-05,318.5,2.11E+05,318.5,1.96E+05,318.5,1.62E+05,318.5,1.18E+05,318.5,6.92E+04,318.5,1.50E+03
791.0147095,-0.000917154,791.0147095,-0.001182826,791.0147095,0.001305785,791.0147095,-0.000341302,791.0147095,0.002065895,319,1.62E+03,319,1.58E+03,319,1.88E+03,319,2.26E+03,319,2.14E+03,591.0037842,-0.000178783,591.0037842,0.000309681,591.0037842,-0.001346518,591.0037842,-0.001524232,591.0037842,-0.000417133,319,2.29E+05,319,2.11E+05,319,1.75E+05,319,1.28E+05,319,7.58E+04,319,1.62E+03
790.4923706,-0.000853346,790.4923706,-0.00138378,790.4923706,0.001029955,790.4923706,-0.000373633,790.4923706,0.003560519,319.5,1.61E+03,319.5,1.63E+03,319.5,2.09E+03,319.5,2.24E+03,319.5,2.11E+03,590.4832153,-0.000458664,590.4832153,-9.76E-05,590.4832153,-0.00122702,590.4832153,-0.001588045,590.4832153,-0.000419874,319.5,2.46E+05,319.5,2.29E+05,319.5,1.90E+05,319.5,1.38E+05,319.5,8.12E+04,319.5,1.67E+03
790.0047607,-0.000655145,790.0047607,-0.001781799,790.0047607,-0.001187318,790.0047607,-0.000682542,790.0047607,0.002761188,320,1.59E+03,320,1.57E+03,320,2.15E+03,320,2.18E+03,320,1.87E+03,589.999939,-0.000160153,589.999939,0.000160833,589.999939,-0.000867194,589.999939,-0.00158397,589.999939,-0.000157772,320,2.61E+05,320,2.44E+05,320,2.02E+05,320,1.47E+05,320,8.64E+04,320,1.57E+03
789.5169678,0.000539306,789.5169678,-0.002947396,789.5169678,0.001213208,789.5169678,-0.002624347,789.5169678,0.000749683,320.5,1.42E+03,320.5,1.54E+03,320.5,1.90E+03,320.5,2.08E+03,320.5,1.89E+03,589.5164185,-0.000288533,589.5164185,7.25E-07,589.5164185,-0.00114374,589.5164185,-0.001388837,589.5164185,-0.000166984,320.5,2.77E+05,320.5,2.58E+05,320.5,2.12E+05,320.5,1.54E+05,320.5,9.06E+04,320.5,1.47E+03
788.9942627,0.000526685,788.9942627,0.000222987,788.9942627,0.000922468,788.9942627,-0.000173091,788.9942627,0.002993313,321,1.48E+03,321,1.30E+03,321,1.83E+03,321,2.00E+03,321,1.67E+03,588.9957275,-0.000478989,588.9957275,-0.000184942,588.9957275,-0.001424805,588.9957275,-0.001891968,588.9957275,-0.000441804,321,2.95E+05,321,2.74E+05,321,2.25E+05,321,1.64E+05,321,9.45E+04,321,1.24E+03
788.5064697,-0.00169584,788.5064697,-0.001804484,788.5064697,-0.000454061,788.5064697,-0.001063439,788.5064697,0.001428041,321.5,1.66E+03,321.5,1.21E+03,321.5,1.63E+03,321.5,1.90E+03,321.5,1.56E+03,588.5122681,-0.000424478,588.5122681,9.34E-05,588.5122681,-0.001553483,588.5122681,-0.00145654,588.5122681,-0.000271769,321.5,3.11E+05,321.5,2.91E+05,321.5,2.38E+05,321.5,1.74E+05,321.5,1.01E+05,321.5,1.01E+03
787.9835815,-0.000731129,787.9835815,-0.001948821,787.9835815,-5.43E-05,787.9835815,-0.002145608,787.9835815,0.001698563,322,1.78E+03,322,1.12E+03,322,1.51E+03,322,1.78E+03,322,1.38E+03,587.991394,-0.000124545,587.991394,0.000184295,587.991394,-0.001063232,587.991394,-0.001624461,587.991394,-0.000271562,322,3.29E+05,322,3.04E+05,322,2.52E+05,322,1.83E+05,322,1.07E+05,322,9.38E+02
787.4954224,-0.001521549,787.4954224,-0.002398121,787.4954224,-0.00094314,787.4954224,-0.002436735,787.4954224,0.000189578,322.5,1.81E+03,322.5,1.00E+03,322.5,1.53E+03,322.5,1.54E+03,322.5,1.31E+03,587.5077515,-0.000546885,587.5077515,0.000554961,587.5077515,-0.0009139,587.5077515,-0.000589024,587.5077515,-0.00025485,322.5,3.45E+05,322.5,3.19E+05,322.5,2.64E+05,322.5,1.91E+05,322.5,1.12E+05,322.5,7.11E+02
787.0073242,-0.000702546,787.0073242,-0.002490376,787.0073242,-0.000228461,787.0073242,-0.000180646,787.0073242,0.001796885,323,1.91E+03,323,1.01E+03,323,1.57E+03,323,1.66E+03,323,1.28E+03,586.9867554,-0.000698256,586.9867554,0.000159798,586.9867554,-0.001236984,586.9867554,-0.001520569,586.9867554,-0.000575374,323,3.62E+05,323,3.36E+05,323,2.76E+05,323,2.01E+05,323,1.18E+05,323,6.72E+02
786.4840088,-0.001289018,786.4840088,-0.001024754,786.4840088,0.001190339,786.4840088,-0.001316117,786.4840088,0.00212057,323.5,1.72E+03,323.5,9.89E+02,323.5,1.49E+03,323.5,1.57E+03,323.5,1.20E+03,586.5029297,-0.000520514,586.5029297,-2.77E-05,586.5029297,-0.001576954,586.5029297,-0.00145752,586.5029297,-0.000275184,323.5,3.79E+05,323.5,3.50E+05,323.5,2.88E+05,323.5,2.10E+05,323.5,1.22E+05,323.5,6.26E+02
785.9956665,-0.000748081,785.9956665,-0.001439305,785.9956665,-0.000347147,785.9956665,-0.00148853,785.9956665,0.001901443,324,1.47E+03,324,1.14E+03,324,1.38E+03,324,1.62E+03,324,1.24E+03,585.9818115,-0.000586749,585.9818115,-0.000185977,585.9818115,-0.001283031,585.9818115,-0.001185201,585.9818115,-0.000310934,324,3.93E+05,324,3.64E+05,324,2.98E+05,324,2.19E+05,324,1.27E+05,324,6.48E+02
785.5072021,6.84E-05,785.5072021,-0.000957398,785.5072021,0.000338798,785.5072021,-0.000565654,785.5072021,0.002349906,324.5,1.33E+03,324.5,1.11E+03,324.5,1.61E+03,324.5,1.77E+03,324.5,1.20E+03,585.4979248,-0.000301053,585.4979248,0.000248758,585.4979248,-0.001023825,585.4979248,-0.001053419,585.4979248,-0.000326403,324.5,4.09E+05,324.5,3.79E+05,324.5,3.09E+05,324.5,2.26E+05,324.5,1.32E+05,324.5,5.36E+02
784.9836426,-0.000730664,784.9836426,-0.001664845,784.9836426,-7.12E-05,784.9836426,-0.001186389,784.9836426,0.00075168,325,1.37E+03,325,1.24E+03,325,1.64E+03,325,1.74E+03,325,1.42E+03,585.0139771,-0.00062692,585.0139771,-6.55E-05,585.0139771,-0.001336918,585.0139771,-0.000936011,585.0139771,-0.000603293,325,4.21E+05,325,3.91E+05,325,3.17E+05,325,2.36E+05,325,1.37E+05,325,7.05E+02
784.4949341,-0.000891891,784.4949341,-0.001921916,784.4949341,-0.00067391,784.4949341,-0.002003965,784.4949341,0.0012096,325.5,1.60E+03,325.5,1.42E+03,325.5,1.69E+03,325.5,2.09E+03,325.5,1.50E+03,584.4926758,0.000260595,584.4926758,0.000554961,584.4926758,-0.00118484,584.4926758,-0.00090739,584.4926758,-0.000163827,325.5,4.36E+05,325.5,4.02E+05,325.5,3.27E+05,325.5,2.42E+05,325.5,1.42E+05,325.5,7.96E+02
784.0061646,-0.000126253,784.0061646,-0.001770094,784.0061646,-9.66E-05,784.0061646,-0.000427167,784.0061646,0.001474947,326,1.74E+03,326,1.67E+03,326,2.17E+03,326,2.20E+03,326,1.69E+03,584.0085449,7.16E-05,584.0085449,0.000456195,584.0085449,-0.001085542,584.0085449,-0.000989425,584.0085449,1.44E-05,326,4.52E+05,326,4.18E+05,326,3.37E+05,326,2.50E+05,326,1.46E+05,326,1.06E+03
783.517395,-0.001081824,783.517395,-0.001879803,783.517395,0.000378462,783.517395,-0.001232286,783.517395,0.002227469,326.5,1.97E+03,326.5,2.03E+03,326.5,2.51E+03,326.5,2.79E+03,326.5,2.13E+03,583.4871826,-0.000232756,583.4871826,0.000541795,583.4871826,-0.001303523,583.4871826,-0.001116527,583.4871826,4.21E-05,326.5,4.64E+05,326.5,4.29E+05,326.5,3.46E+05,326.5,2.57E+05,326.5,1.50E+05,326.5,1.38E+03
782.9934692,0.000428495,782.9934692,-0.000692622,782.9934692,0.000357192,782.9934692,-9.43E-05,782.9934692,0.001247812,327,2.42E+03,327,2.39E+03,327,3.01E+03,327,3.17E+03,327,2.54E+03,583.0028687,-0.000544661,583.0028687,2.17E-05,583.0028687,-0.001833871,583.0028687,-0.001440544,583.0028687,-0.000868537,327,4.76E+05,327,4.40E+05,327,3.53E+05,327,2.64E+05,327,1.54E+05,327,1.84E+03
782.5043945,-0.00053706,782.5043945,-0.000749373,782.5043945,-0.000172418,782.5043945,-0.001766691,782.5043945,0.002364247,327.5,2.81E+03,327.5,2.80E+03,327.5,3.27E+03,327.5,3.69E+03,327.5,3.04E+03,582.5184937,-0.000566636,582.5184937,0.00022682,582.5184937,-0.001156132,582.5184937,-0.001498797,582.5184937,-0.000494813,327.5,4.88E+05,327.5,4.51E+05,327.5,3.61E+05,327.5,2.70E+05,327.5,1.59E+05,327.5,2.10E+03
782.0152588,-0.001437551,782.0152588,-0.003175649,782.0152588,6.32E-05,782.0152588,-0.002265316,782.0152588,0.001345045,328,3.10E+03,328,3.02E+03,328,3.62E+03,328,3.80E+03,328,3.09E+03,581.9970093,0.000153764,581.9970093,0.000671068,581.9970093,-0.000470352,581.9970093,-0.00059104,581.9970093,0.000221951,328,4.99E+05,328,4.62E+05,328,3.70E+05,328,2.77E+05,328,1.63E+05,328,2.36E+03
781.4910889,-0.003001231,781.4910889,-0.003692886,781.4910889,-0.000299346,781.4910889,-0.001888412,781.4910889,0.001033146,328.5,3.25E+03,328.5,3.17E+03,328.5,3.63E+03,328.5,3.87E+03,328.5,3.13E+03,581.5125122,-0.00036339,581.5125122,-3.50E-05,581.5125122,-0.001151175,581.5125122,-0.001108987,581.5125122,-0.000701306,328.5,5.09E+05,328.5,4.70E+05,328.5,3.76E+05,328.5,2.82E+05,328.5,1.65E+05,328.5,2.58E+03
781.00177,0.000471458,781.00177,-0.001153034,781.00177,-6.29E-05,781.00177,-0.00086275,781.00177,0.003462998,329,3.28E+03,329,3.09E+03,329,3.44E+03,329,3.81E+03,329,3.03E+03,580.9907837,-0.000315849,580.9907837,0.000128543,580.9907837,-0.001254742,580.9907837,-0.001054039,580.9907837,-0.000203209,329,5.21E+05,329,4.81E+05,329,3.84E+05,329,2.86E+05,329,1.67E+05,329,2.22E+03
780.5123291,-0.000542438,780.5123291,-0.003101428,780.5123291,-0.000794697,780.5123291,-0.001698985,780.5123291,0.00165366,329.5,2.97E+03,329.5,3.00E+03,329.5,3.37E+03,329.5,3.66E+03,329.5,2.72E+03,580.5062256,-0.00073423,580.5062256,0.000156587,580.5062256,-0.000971758,580.5062256,-0.000832833,580.5062256,4.44E-05,329.5,5.27E+05,329.5,4.88E+05,329.5,3.90E+05,329.5,2.92E+05,329.5,1.71E+05,329.5,1.90E+03
779.987793,-0.00073392,779.987793,-0.001392295,779.987793,0.000185254,779.987793,-0.000532407,779.987793,0.002322241,330,2.82E+03,330,2.59E+03,330,3.13E+03,330,3.15E+03,330,2.41E+03,579.984375,1.72E-05,579.984375,0.000738585,579.984375,-0.000696292,579.984375,-0.000403685,579.984375,-0.00010938,330,5.36E+05,330,4.95E+05,330,3.95E+05,330,2.96E+05,330,1.74E+05,330,1.48E+03
779.49823,-0.000801208,779.49823,-0.002743667,779.49823,0.000699614,779.49823,-0.002227615,779.49823,0.001763147,330.5,2.59E+03,330.5,2.46E+03,330.5,2.82E+03,330.5,2.92E+03,330.5,1.98E+03,579.4996948,-0.000460629,579.4996948,0.000574531,579.4996948,-0.001012978,579.4996948,-0.000830404,579.4996948,-0.00041734,330.5,5.42E+05,330.5,5.03E+05,330.5,4.01E+05,330.5,3.00E+05,330.5,1.75E+05,330.5,1.24E+03
779.0085449,-0.000927332,779.0085449,-0.000287601,779.0085449,-1.04E-05,779.0085449,-0.002347867,779.0085449,0.0018084,331,2.49E+03,331,2.27E+03,331,2.67E+03,331,2.76E+03,331,1.95E+03,579.0149536,0.000100164,579.0149536,0.000342425,579.0149536,-0.000859753,579.0149536,-0.000584784,579.0149536,5.55E-05,331,5.50E+05,331,5.08E+05,331,4.05E+05,331,3.05E+05,331,1.79E+05,331,8.84E+02
778.4837036,-0.001377122,778.4837036,-0.002596095,778.4837036,-0.000567515,778.4837036,-0.00117472,778.4837036,0.002284533,331.5,2.70E+03,331.5,2.46E+03,331.5,2.49E+03,331.5,2.76E+03,331.5,1.88E+03,578.4929199,0.000147627,578.4929199,0.00051821,578.4929199,-0.000831903,578.4929199,-0.000745342,578.4929199,-0.000117765,331.5,5.56E+05,331.5,5.15E+05,331.5,4.12E+05,331.5,3.09E+05,331.5,1.80E+05,331.5,7.76E+02
777.9937744,-0.000583492,777.9937744,-0.00218208,777.9937744,0.000737444,777.9937744,-0.001460719,777.9937744,0.001808218,332,2.74E+03,332,2.59E+03,332,2.78E+03,332,2.93E+03,332,1.86E+03,578.0081177,0.000287093,578.0081177,0.000528913,578.0081177,-0.000948564,578.0081177,-0.000929553,578.0081177,0.000289605,332,5.62E+05,332,5.20E+05,332,4.15E+05,332,3.12E+05,332,1.82E+05,332,7.84E+02
777.5037842,-0.001504317,777.5037842,-0.001948924,777.5037842,0.000417042,777.5037842,-0.002296629,777.5037842,0.002190862,332.5,2.97E+03,332.5,2.69E+03,332.5,3.02E+03,332.5,3.13E+03,332.5,2.05E+03,577.4859009,0.000507169,577.4859009,0.001279719,577.4859009,-0.000885019,577.4859009,-0.000423392,577.4859009,3.68E-05,332.5,5.67E+05,332.5,5.24E+05,332.5,4.19E+05,332.5,3.15E+05,332.5,1.84E+05,332.5,8.78E+02
777.0137329,-0.00038103,777.0137329,-0.002394002,777.0137329,-0.001032657,777.0137329,-0.000972947,777.0137329,0.002497684,333,3.58E+03,333,3.01E+03,333,3.24E+03,333,3.54E+03,333,2.27E+03,577.0008545,1.18E-05,577.0008545,0.0003417,577.0008545,-0.001033277,577.0008545,-0.000937716,577.0008545,-0.000282531,333,5.72E+05,333,5.31E+05,333,4.24E+05,333,3.17E+05,333,1.86E+05,333,1.21E+03
776.4885254,-0.001456488,776.4885254,-0.003292402,776.4885254,0.000251244,776.4885254,-0.001994947,776.4885254,0.001071005,333.5,3.81E+03,333.5,3.71E+03,333.5,3.91E+03,333.5,4.01E+03,333.5,3.11E+03,576.5158081,-0.000121388,576.5158081,0.000498746,576.5158081,-0.000993092,576.5158081,-0.001092514,576.5158081,-0.000308917,333.5,5.78E+05,333.5,5.34E+05,333.5,4.26E+05,333.5,3.21E+05,333.5,1.88E+05,333.5,1.69E+03
775.99823,-0.000458147,775.99823,-0.000755988,775.99823,-0.000585198,775.99823,-0.001653086,775.99823,0.001794286,334,4.63E+03,334,4.34E+03,334,4.81E+03,334,4.77E+03,334,3.80E+03,575.9934082,-0.000475472,575.9934082,5.81E-05,575.9934082,-0.001755296,575.9934082,-0.001509735,575.9934082,-0.001190209,334,5.83E+05,334,5.40E+05,334,4.31E+05,334,3.23E+05,334,1.91E+05,334,2.56E+03
775.5078125,-0.001053213,775.5078125,-0.000869932,775.5078125,0.001261701,775.5078125,-0.001259079,775.5078125,0.002539941,334.5,5.41E+03,334.5,5.22E+03,334.5,5.44E+03,334.5,5.45E+03,334.5,4.63E+03,575.5083618,-0.000109018,575.5083618,-0.000380409,575.5083618,-0.00154007,575.5083618,-0.001554411,575.5083618,-0.000460991,334.5,5.85E+05,334.5,5.42E+05,334.5,4.33E+05,334.5,3.26E+05,334.5,1.93E+05,334.5,3.37E+03
775.017334,-0.000544351,775.017334,-0.002234465,775.017334,-0.000271666,775.017334,-0.001945316,775.017334,0.002864363,335,6.31E+03,335,6.02E+03,335,6.48E+03,335,6.33E+03,335,5.51E+03,574.9857788,-0.000559605,574.9857788,0.000268106,574.9857788,-0.001127164,574.9857788,-0.001170021,574.9857788,-0.000703011,335,5.89E+05,335,5.45E+05,335,4.38E+05,335,3.28E+05,335,1.95E+05,335,4.27E+03
774.4917603,-0.00152289,774.4917603,-0.001279108,774.4917603,0.000538166,774.4917603,-0.001280037,774.4917603,0.002350661,335.5,6.95E+03,335.5,6.67E+03,335.5,7.11E+03,335.5,7.04E+03,335.5,5.83E+03,574.5004272,-0.000214024,574.5004272,0.000578885,574.5004272,-0.00067789,574.5004272,-0.001190984,574.5004272,1.84E-05,335.5,5.92E+05,335.5,5.48E+05,335.5,4.37E+05,335.5,3.31E+05,335.5,1.95E+05,335.5,4.81E+03
774.0011597,-0.00107103,774.0011597,-0.001669641,774.0011597,0.000488639,774.0011597,-0.001125718,774.0011597,0.001763979,336,7.30E+03,336,7.18E+03,336,7.41E+03,336,7.46E+03,336,6.46E+03,574.0151367,0.000122613,574.0151367,0.000821802,574.0151367,-0.000962512,574.0151367,-0.000897212,574.0151367,3.59E-05,336,5.95E+05,336,5.51E+05,336,4.41E+05,336,3.30E+05,336,1.97E+05,336,5.36E+03
773.510376,-0.000738158,773.510376,-0.00183418,773.510376,0.001367922,773.510376,-0.001080481,773.510376,0.003065154,336.5,7.13E+03,336.5,7.19E+03,336.5,7.20E+03,336.5,7.34E+03,336.5,6.29E+03,573.4924316,-0.00037146,573.4924316,0.000136,573.4924316,-0.001020623,573.4924316,-0.000981056,573.4924316,-0.000283048,336.5,5.94E+05,336.5,5.51E+05,336.5,4.39E+05,336.5,3.32E+05,336.5,1.97E+05,336.5,5.15E+03
772.9844971,-0.000444338,772.9844971,-0.00218991,772.9844971,0.000623108,772.9844971,-0.00232382,772.9844971,0.001407083,337,6.94E+03,337,6.61E+03,337,6.80E+03,337,6.70E+03,337,5.76E+03,573.007019,0.000114198,573.007019,0.000752146,573.007019,-0.000954918,573.007019,-0.00070787,573.007019,0.000204133,337,5.94E+05,337,5.52E+05,337,4.40E+05,337,3.32E+05,337,1.96E+05,337,4.60E+03
772.4935913,-0.000639172,772.4935913,-0.001668507,772.4935913,0.000317763,772.4935913,-0.000466318,772.4935913,0.003259805,337.5,6.20E+03,337.5,6.02E+03,337.5,6.40E+03,337.5,6.30E+03,337.5,5.11E+03,572.4841309,-9.07E-05,572.4841309,0.000636121,572.4841309,-0.001308891,572.4841309,-0.001190726,572.4841309,-0.000407616,337.5,5.92E+05,337.5,5.49E+05,337.5,4.39E+05,337.5,3.31E+05,337.5,1.94E+05,337.5,3.86E+03
772.0025635,-0.000622939,772.0025635,-0.001465879,772.0025635,9.99E-05,772.0025635,-0.001699759,772.0025635,0.001612294,338,5.47E+03,338,5.33E+03,338,5.28E+03,338,5.52E+03,338,4.18E+03,571.9985352,8.09E-05,571.9985352,0.000907785,571.9985352,-0.001076246,571.9985352,-0.000672256,571.9985352,-0.000113883,338,5.93E+05,338,5.48E+05,338,4.39E+05,338,3.29E+05,338,1.94E+05,338,2.93E+03
771.5114136,-2.38E-06,771.5114136,-0.001281121,771.5114136,0.000202165,771.5114136,-0.000445269,771.5114136,0.002967692,338.5,5.05E+03,338.5,4.70E+03,338.5,4.83E+03,338.5,4.66E+03,338.5,3.53E+03,571.5129395,-0.00016067,571.5129395,0.000794805,571.5129395,-0.001288192,571.5129395,-0.001486879,571.5129395,-0.000707456,338.5,5.90E+05,338.5,5.47E+05,338.5,4.37E+05,338.5,3.29E+05,338.5,1.94E+05,338.5,1.99E+03
770.9851685,-0.000820224,770.9851685,-0.002204488,770.9851685,-0.000501277,770.9851685,-0.001817064,770.9851685,0.003652371,339,4.54E+03,339,4.28E+03,339,4.24E+03,339,4.18E+03,339,2.82E+03,570.9898682,-0.000692622,570.9898682,0.000654502,570.9898682,-0.001356479,570.9898682,-0.001542856,570.9898682,-0.000132154,339,5.89E+05,339,5.46E+05,339,4.35E+05,339,3.27E+05,339,1.92E+05,339,1.40E+03
770.4938354,-0.001337124,770.4938354,-0.00260474,770.4938354,6.31E-05,770.4938354,-0.002710431,770.4938354,0.002050315,339.5,4.44E+03,339.5,4.13E+03,339.5,4.00E+03,339.5,3.99E+03,339.5,2.52E+03,570.5041504,-0.000386357,570.5041504,0.000315742,570.5041504,-0.001565193,570.5041504,-0.001842738,570.5041504,-0.000473248,339.5,5.86E+05,339.5,5.42E+05,339.5,4.34E+05,339.5,3.26E+05,339.5,1.90E+05,339.5,1.03E+03
770.0024414,-0.001478469,770.0024414,-0.001027699,770.0024414,0.000403102,770.0024414,-0.000799399,770.0024414,0.001514248,340,4.19E+03,340,3.88E+03,340,3.57E+03,340,3.46E+03,340,2.17E+03,570.0183105,-0.000355631,570.0183105,-0.000321437,570.0183105,-0.001485486,570.0183105,-0.001820054,570.0183105,-0.000304416,340,5.84E+05,340,5.39E+05,340,4.32E+05,340,3.23E+05,340,1.90E+05,340,7.85E+02
769.5109863,5.34E-05,769.5109863,-0.001344195,769.5109863,0.000334083,769.5109863,-0.0023818,769.5109863,0.001748436,340.5,4.14E+03,340.5,3.66E+03,340.5,3.75E+03,340.5,3.38E+03,340.5,2.01E+03,569.4950562,-0.000750665,569.4950562,0.000271888,569.4950562,-0.001749263,569.4950562,-0.001328969,569.4950562,-0.00072596,340.5,5.79E+05,340.5,5.36E+05,340.5,4.31E+05,340.5,3.22E+05,340.5,1.89E+05,340.5,5.91E+02
768.984314,-0.00023762,768.984314,-0.000900312,768.984314,0.000263806,768.984314,-0.001525264,768.984314,0.001895619,341,4.26E+03,341,3.77E+03,341,3.80E+03,341,3.50E+03,341,2.04E+03,569.0091553,-0.00031647,569.0091553,0.000369576,569.0091553,-0.001076195,569.0091553,-0.00072994,569.0091553,-0.000484574,341,5.77E+05,341,5.32E+05,341,4.29E+05,341,3.20E+05,341,1.89E+05,341,5.25E+02
768.4926147,-0.001395701,768.4926147,-0.002941534,768.4926147,-0.000534372,768.4926147,-0.002078322,768.4926147,0.001722628,341.5,4.21E+03,341.5,3.77E+03,341.5,3.69E+03,341.5,3.44E+03,341.5,1.99E+03,568.4857788,-0.000509137,568.4857788,0.000411575,568.4857788,-0.001300787,568.4857788,-0.000967729,568.4857788,-0.000291689,341.5,5.73E+05,341.5,5.30E+05,341.5,4.26E+05,341.5,3.18E+05,341.5,1.86E+05,341.5,4.16E+02
768.0008545,-0.00111725,768.0008545,-0.001891608,768.0008545,-0.000834641,768.0008545,-0.001674128,768.0008545,0.002813476,342,4.28E+03,342,3.86E+03,342,3.67E+03,342,3.55E+03,342,2.12E+03,567.9997559,2.08E-05,567.9997559,0.000645973,567.9997559,-0.000977131,567.9997559,-0.001075627,567.9997559,0.000521657,342,5.71E+05,342,5.26E+05,342,4.21E+05,342,3.17E+05,342,1.85E+05,342,4.21E+02
767.5090332,-0.000370943,767.5090332,-0.002987812,767.5090332,8.69E-05,767.5090332,-0.001656077,767.5090332,0.002565224,342.5,4.25E+03,342.5,3.94E+03,342.5,3.57E+03,342.5,3.53E+03,342.5,1.99E+03,567.5136108,-1.03E-05,567.5136108,0.000485037,567.5136108,-0.000805187,567.5136108,-0.001130572,567.5136108,0.00011223,342.5,5.66E+05,342.5,5.21E+05,342.5,4.19E+05,342.5,3.14E+05,342.5,1.85E+05,342.5,4.21E+02
767.0170898,-0.002202891,767.0170898,-0.002489604,767.0170898,0.00038354,767.0170898,-0.001912999,767.0170898,0.000950822,343,4.37E+03,343,4.02E+03,343,3.72E+03,343,3.45E+03,343,2.07E+03,566.9899902,-0.000173298,566.9899902,0.000192867,566.9899902,-0.000891736,566.9899902,-0.001108316,566.9899902,-0.0006172,343,5.58E+05,343,5.18E+05,343,4.16E+05,343,3.13E+05,343,1.82E+05,343,4.28E+02
766.4898682,-0.000970312,766.4898682,-0.001114978,766.4898682,0.000445337,766.4898682,-0.001560963,766.4898682,0.001456376,343.5,4.53E+03,343.5,4.02E+03,343.5,3.72E+03,343.5,3.45E+03,343.5,2.11E+03,566.5037842,-1.40E-05,566.5037842,0.000389137,566.5037842,-0.000957863,566.5037842,-0.001191448,566.5037842,-0.000378392,343.5,5.54E+05,343.5,5.14E+05,343.5,4.11E+05,343.5,3.08E+05,343.5,1.80E+05,343.5,3.89E+02
765.9977417,0.000342425,765.9977417,-0.00077511,765.9977417,0.00160941,765.9977417,-0.000555675,765.9977417,0.003185455,344,4.67E+03,344,4.07E+03,344,3.77E+03,344,3.50E+03,344,2.12E+03,566.0175171,0.000124685,566.0175171,0.000942391,566.0175171,-0.000592746,566.0175171,-0.00060805,566.0175171,-0.000240207,344,5.51E+05,344,5.09E+05,344,4.09E+05,344,3.05E+05,344,1.78E+05,344,4.04E+02
765.5055542,-0.00081082,765.5055542,-0.00219604,765.5055542,0.000233995,765.5055542,-0.001524283,765.5055542,0.002927999,344.5,4.61E+03,344.5,4.04E+03,344.5,4.01E+03,344.5,3.63E+03,344.5,2.15E+03,565.4937744,9.49E-05,565.4937744,0.00052824,565.4937744,-0.000496571,565.4937744,-0.001137079,565.4937744,-0.000414237,344.5,5.43E+05,344.5,5.04E+05,344.5,4.04E+05,344.5,3.02E+05,344.5,1.78E+05,344.5,4.00E+02
765.0131836,-0.001417478,765.0131836,-0.002145866,765.0131836,0.000211695,765.0131836,-0.001080894,765.0131836,0.002326691,345,4.77E+03,345,4.41E+03,345,3.88E+03,345,3.78E+03,345,2.24E+03,565.0073242,-8.85E-06,565.0073242,0.000653465,565.0073242,-0.000890961,565.0073242,-0.000902482,565.0073242,-0.000637621,345,5.38E+05,345,4.97E+05,345,4.00E+05,345,2.99E+05,345,1.75E+05,345,3.40E+02
764.4855957,-0.000749632,764.4855957,-0.001369742,764.4855957,0.000616731,764.4855957,-0.000943347,764.4855957,0.001889769,345.5,4.66E+03,345.5,4.23E+03,345.5,3.95E+03,345.5,3.68E+03,345.5,2.19E+03,564.4834595,-2.33E-05,564.4834595,0.000678405,564.4834595,-0.000336077,564.4834595,-0.000966438,564.4834595,-5.18E-08,345.5,5.31E+05,345.5,4.91E+05,345.5,3.94E+05,345.5,2.96E+05,345.5,1.73E+05,345.5,3.45E+02
763.9931641,-0.00072932,763.9931641,-0.002381542,763.9931641,0.000494885,763.9931641,-0.0014214,763.9931641,0.002346627,346,4.91E+03,346,4.41E+03,346,3.99E+03,346,3.69E+03,346,2.12E+03,563.9969482,0.000433055,563.9969482,0.001325285,563.9969482,-0.000445476,563.9969482,-0.000579717,563.9969482,0.000394863,346,5.26E+05,346,4.85E+05,346,3.89E+05,346,2.91E+05,346,1.71E+05,346,3.28E+02
763.5005493,-0.000618958,763.5005493,-0.002391325,763.5005493,8.74E-05,763.5005493,-0.00146366,763.5005493,0.002250158,346.5,4.98E+03,346.5,4.37E+03,346.5,4.03E+03,346.5,3.67E+03,346.5,2.23E+03,563.510376,0.000277949,563.510376,0.000465342,563.510376,-0.000831282,563.510376,-0.00076648,563.510376,0.000153893,346.5,5.20E+05,346.5,4.80E+05,346.5,3.86E+05,346.5,2.89E+05,346.5,1.69E+05,346.5,3.66E+02
763.0078735,-0.001320401,763.0078735,-0.001964437,763.0078735,0.000178054,763.0078735,-0.001600837,763.0078735,0.002267306,347,5.02E+03,347,4.50E+03,347,4.29E+03,347,3.79E+03,347,2.32E+03,562.9862671,-0.000360183,562.9862671,0.000121862,562.9862671,-0.001198367,562.9862671,-0.001223819,562.9862671,-0.000579924,347,5.12E+05,347,4.75E+05,347,3.81E+05,347,2.85E+05,347,1.67E+05,347,3.55E+02
762.5150757,-0.000904549,762.5150757,-0.002119849,762.5150757,0.000174506,762.5150757,-0.000233222,762.5150757,0.003292147,347.5,5.13E+03,347.5,4.46E+03,347.5,4.20E+03,347.5,3.85E+03,347.5,2.21E+03,562.4995728,-0.000598072,562.4995728,-0.000227996,562.4995728,-0.001483577,562.4995728,-0.001695118,562.4995728,-0.00067515,347.5,5.05E+05,347.5,4.68E+05,347.5,3.77E+05,347.5,2.81E+05,347.5,1.65E+05,347.5,3.74E+02
761.9870605,-0.001193101,761.9870605,-0.001852172,761.9870605,-0.000971603,761.9870605,-0.000719706,761.9870605,0.002692523,348,5.12E+03,348,4.62E+03,348,4.32E+03,348,3.83E+03,348,2.25E+03,562.0128174,-6.85E-05,562.0128174,0.000228012,562.0128174,-0.001135839,562.0128174,-0.001589953,562.0128174,-0.000735315,348,5.02E+05,348,4.63E+05,348,3.72E+05,348,2.77E+05,348,1.63E+05,348,3.48E+02
761.4940796,-0.001974023,761.4940796,-0.002988994,761.4940796,-0.001073716,761.4940796,-0.001822735,761.4940796,0.001319235,348.5,5.15E+03,348.5,4.65E+03,348.5,4.18E+03,348.5,3.97E+03,348.5,2.34E+03,561.4885864,1.49E-05,561.4885864,0.000780023,561.4885864,-0.000529615,561.4885864,-0.000858255,561.4885864,-8.07E-05,348.5,4.95E+05,348.5,4.59E+05,348.5,3.70E+05,348.5,2.74E+05,348.5,1.61E+05,348.5,3.85E+02
761.0010376,0.000507739,761.0010376,-0.001693571,761.0010376,-0.000495072,761.0010376,-0.001434713,761.0010376,0.001813495,349,5.29E+03,349,4.72E+03,349,4.29E+03,349,3.89E+03,349,2.40E+03,561.0016479,-5.31E-05,561.0016479,0.000630755,561.0016479,-0.001155254,561.0016479,-0.001401223,561.0016479,-0.000284394,349,4.90E+05,349,4.51E+05,349,3.65E+05,349,2.72E+05,349,1.60E+05,349,3.53E+02
760.5078735,-0.001048564,760.5078735,-0.002492229,760.5078735,-0.000882591,760.5078735,-0.001736011,760.5078735,0.002004517,349.5,5.39E+03,349.5,4.71E+03,349.5,4.46E+03,349.5,4.04E+03,349.5,2.39E+03,560.5147705,0.000107518,560.5147705,-7.70E-05,560.5147705,-0.000885639,560.5147705,-0.001354724,560.5147705,-0.000408961,349.5,4.86E+05,349.5,4.47E+05,349.5,3.61E+05,349.5,2.68E+05,349.5,1.58E+05,349.5,3.21E+02
760.0146484,-0.000948461,760.0146484,-0.002345344,760.0146484,-6.25E-05,760.0146484,-0.000965301,760.0146484,0.002492997,350,5.56E+03,350,4.90E+03,350,4.31E+03,350,3.96E+03,350,2.33E+03,559.9903564,0.000208458,559.9903564,0.000655072,559.9903564,-0.00066781,559.9903564,-0.001005489,559.9903564,-0.000229858,350,4.78E+05,350,4.42E+05,350,3.57E+05,350,2.66E+05,350,1.56E+05,350,3.09E+02
759.486084,-0.001032347,759.486084,-0.002361873,759.486084,-0.000642377,759.486084,-0.001706876,759.486084,0.002075388,350.5,5.74E+03,350.5,4.93E+03,350.5,4.37E+03,350.5,4.07E+03,350.5,2.45E+03,559.5032349,-7.97E-05,559.5032349,0.000175232,559.5032349,-0.00172477,559.5032349,-0.001342182,559.5032349,-0.000471076,350.5,4.72E+05,350.5,4.36E+05,350.5,3.50E+05,350.5,2.62E+05,350.5,1.54E+05,350.5,3.33E+02
758.9927368,0.000178028,758.9927368,-0.002125155,758.9927368,-0.000294586,758.9927368,-0.000336284,758.9927368,0.001915171,351,5.73E+03,351,4.93E+03,351,4.39E+03,351,4.10E+03,351,2.40E+03,559.0161133,0.000143484,559.0161133,0.000681439,559.0161133,-0.000763947,559.0161133,-0.001475115,559.0161133,-5.30E-05,351,4.67E+05,351,4.31E+05,351,3.47E+05,351,2.59E+05,351,1.51E+05,351,3.39E+02
758.4992065,-0.001573292,758.4992065,-0.002643439,758.4992065,-0.00033706,758.4992065,-0.001484299,758.4992065,0.000517225,351.5,5.66E+03,351.5,5.08E+03,351.5,4.47E+03,351.5,4.10E+03,351.5,2.45E+03,558.4914551,-4.44E-05,558.4914551,0.000277327,558.4914551,-0.001108161,558.4914551,-0.001250561,558.4914551,-0.000171538,351.5,4.58E+05,351.5,4.25E+05,351.5,3.42E+05,351.5,2.55E+05,351.5,1.50E+05,351.5,3.01E+02
758.0055542,-0.001086317,758.0055542,-0.002364963,758.0055542,-0.000337629,758.0055542,-0.001906917,758.0055542,0.000950199,352,5.70E+03,352,5.16E+03,352,4.61E+03,352,4.08E+03,352,2.53E+03,558.0042725,0.000189812,558.0042725,0.000340689,558.0042725,-0.000703528,558.0042725,-0.001406951,558.0042725,-0.000318953,352,4.52E+05,352,4.18E+05,352,3.36E+05,352,2.50E+05,352,1.47E+05,352,3.34E+02
757.5119019,-0.00041615,757.5119019,-0.002002368,757.5119019,0.000527877,757.5119019,-0.001545951,757.5119019,0.001845001,352.5,5.90E+03,352.5,5.32E+03,352.5,4.58E+03,352.5,3.97E+03,352.5,2.49E+03,557.5169678,0.000597652,557.5169678,0.000888097,557.5169678,-0.000499312,557.5169678,-0.000800174,557.5169678,0.000547678,352.5,4.45E+05,352.5,4.13E+05,352.5,3.31E+05,352.5,2.47E+05,352.5,1.45E+05,352.5,3.45E+02
756.9828491,-0.001102429,756.9828491,-0.00178582,756.9828491,-7.76E-05,756.9828491,-0.001904906,756.9828491,0.002460585,353,6.07E+03,353,5.45E+03,353,4.62E+03,353,4.23E+03,353,2.55E+03,556.9921265,0.000352917,556.9921265,0.000523989,556.9921265,-0.000950476,556.9921265,-0.001085852,556.9921265,-0.000370632,353,4.38E+05,353,4.04E+05,353,3.25E+05,353,2.43E+05,353,1.42E+05,353,3.14E+02
756.4890137,0.000302635,756.4890137,-0.00063271,756.4890137,0.000738507,756.4890137,-0.000928365,756.4890137,0.003335108,353.5,6.14E+03,353.5,5.37E+03,353.5,4.59E+03,353.5,4.27E+03,353.5,2.51E+03,556.5047607,0.000161558,556.5047607,0.000702725,556.5047607,-0.000884916,556.5047607,-0.001015974,556.5047607,-0.000142246,353.5,4.32E+05,353.5,3.99E+05,353.5,3.21E+05,353.5,2.39E+05,353.5,1.40E+05,353.5,3.35E+02
755.9950562,-0.000943347,755.9950562,-0.002560275,755.9950562,5.95E-05,755.9950562,-0.002399717,755.9950562,0.001929783,354,6.00E+03,354,5.39E+03,354,4.63E+03,354,4.30E+03,354,2.56E+03,556.0172729,1.29E-05,556.0172729,0.000356156,556.0172729,-0.001115287,556.0172729,-0.001357304,556.0172729,-0.000387909,354,4.25E+05,354,3.92E+05,354,3.16E+05,354,2.35E+05,354,1.37E+05,354,3.67E+02
755.5009766,-0.000495951,755.5009766,-0.002227873,755.5009766,0.000299889,755.5009766,-0.000876029,755.5009766,0.002076299,354.5,5.95E+03,354.5,5.43E+03,354.5,4.63E+03,354.5,4.14E+03,354.5,2.48E+03,555.4922485,0.000135767,555.4922485,0.000932144,555.4922485,-0.000634674,555.4922485,-0.001046912,555.4922485,7.27E-05,354.5,4.18E+05,354.5,3.85E+05,354.5,3.11E+05,354.5,2.31E+05,354.5,1.36E+05,354.5,3.31E+02
755.0068359,-0.000243881,755.0068359,-0.001599186,755.0068359,0.000915334,755.0068359,-0.001184788,755.0068359,0.00233744,355,6.08E+03,355,5.44E+03,355,4.69E+03,355,4.28E+03,355,2.56E+03,555.0046387,0.000192194,555.0046387,0.000766875,555.0046387,-0.000936372,555.0046387,-0.001024703,555.0046387,0.000196389,355,4.12E+05,355,3.80E+05,355,3.06E+05,355,2.28E+05,355,1.34E+05,355,3.13E+02
754.5126343,0.000435698,754.5126343,-0.00112515,754.5126343,0.000728446,754.5126343,-0.001383109,754.5126343,0.003281427,355.5,6.29E+03,355.5,5.61E+03,355.5,4.62E+03,355.5,4.33E+03,355.5,2.63E+03,554.5170898,-0.000315798,554.5170898,-0.000165897,554.5170898,-0.001514326,554.5170898,-0.001295729,554.5170898,-0.000748598,355.5,4.05E+05,355.5,3.73E+05,355.5,2.99E+05,355.5,2.24E+05,355.5,1.31E+05,355.5,2.79E+02
753.9830322,-0.000354131,753.9830322,-0.002296886,753.9830322,0.000424634,753.9830322,-0.000325627,753.9830322,0.001885349,356,6.24E+03,356,5.44E+03,356,4.71E+03,356,4.40E+03,356,2.65E+03,553.9918823,0.0003181,553.9918823,0.000381157,553.9918823,-0.000895817,553.9918823,-0.00096308,553.9918823,-0.000157048,356,3.97E+05,356,3.67E+05,356,2.94E+05,356,2.19E+05,356,1.28E+05,356,2.67E+02
753.4885864,-0.001750346,753.4885864,-0.00272777,753.4885864,6.46E-05,753.4885864,-0.001936812,753.4885864,0.00180185,356.5,6.20E+03,356.5,5.67E+03,356.5,4.74E+03,356.5,4.34E+03,356.5,2.64E+03,553.5040894,-0.00041615,553.5040894,0.000484001,553.5040894,-0.000810199,553.5040894,-0.000983949,553.5040894,-0.000404668,356.5,3.90E+05,356.5,3.59E+05,356.5,2.90E+05,356.5,2.15E+05,356.5,1.26E+05,356.5,3.24E+02
752.9941406,-0.000896902,752.9941406,-0.001623945,752.9941406,0.000271318,752.9941406,-0.000272339,752.9941406,0.003269116,357,6.36E+03,357,5.60E+03,357,4.71E+03,357,4.36E+03,357,2.56E+03,553.0162964,-0.000759968,553.0162964,-6.60E-05,553.0162964,-0.000898349,553.0162964,-0.001270177,553.0162964,-0.000591247,357,3.82E+05,357,3.54E+05,357,2.84E+05,357,2.12E+05,357,1.24E+05,357,2.65E+02
752.4995117,-0.000467094,752.4995117,-0.001876143,752.4995117,0.000904906,752.4995117,-0.000945103,752.4995117,0.002423411,357.5,6.26E+03,357.5,5.67E+03,357.5,4.81E+03,357.5,4.31E+03,357.5,2.70E+03,552.4909058,-0.00108043,552.4909058,2.63E-05,552.4909058,-0.001304658,552.4909058,-0.001534395,552.4909058,-0.001026201,357.5,3.76E+05,357.5,3.46E+05,357.5,2.78E+05,357.5,2.08E+05,357.5,1.21E+05,357.5,3.00E+02
752.0048218,-0.001920885,752.0048218,-0.002063895,752.0048218,-9.82E-05,752.0048218,-0.001156287,752.0048218,0.002625692,358,6.30E+03,358,5.59E+03,358,4.79E+03,358,4.42E+03,358,2.59E+03,552.0029297,-0.000647753,552.0029297,-5.56E-05,552.0029297,-0.001137492,552.0029297,-0.000635708,552.0029297,8.94E-05,358,3.69E+05,358,3.39E+05,358,2.73E+05,358,2.04E+05,358,1.19E+05,358,3.06E+02
751.5100708,-0.000724875,751.5100708,-0.002317486,751.5100708,0.000597652,751.5100708,-0.001447716,751.5100708,0.001879291,358.5,6.55E+03,358.5,5.71E+03,358.5,4.76E+03,358.5,4.41E+03,358.5,2.61E+03,551.5150146,-0.000455458,551.5150146,-0.000125115,551.5150146,-0.001162173,551.5150146,-0.00134084,551.5150146,-0.000443252,358.5,3.63E+05,358.5,3.33E+05,358.5,2.67E+05,358.5,2.01E+05,358.5,1.17E+05,358.5,2.99E+02
751.0152588,-0.000190324,751.0152588,-0.001726832,751.0152588,-8.21E-05,751.0152588,-0.00076157,751.0152588,0.002801413,359,6.42E+03,359,5.58E+03,359,4.95E+03,359,4.45E+03,359,2.69E+03,550.9893799,-0.000277099,550.9893799,0.000264868,550.9893799,-0.001082495,550.9893799,-0.000872412,550.9893799,-3.70E-05,359,3.55E+05,359,3.28E+05,359,2.63E+05,359,1.95E+05,359,1.14E+05,359,2.81E+02
750.4849854,-0.000268406,750.4849854,-0.001941038,750.4849854,0.000821595,750.4849854,-0.001243643,750.4849854,0.003244835,359.5,6.38E+03,359.5,5.70E+03,359.5,4.67E+03,359.5,4.28E+03,359.5,2.61E+03,550.5013428,-0.000571238,550.5013428,-9.47E-06,550.5013428,-0.001077951,550.5013428,-0.001334956,550.5013428,-0.00028191,359.5,3.49E+05,359.5,3.19E+05,359.5,2.58E+05,359.5,1.91E+05,359.5,1.12E+05,359.5,2.68E+02
749.9899292,-0.000484419,749.9899292,-0.001935111,749.9899292,0.000522486,749.9899292,-0.001256239,749.9899292,0.002457669,360,6.43E+03,360,5.77E+03,360,4.82E+03,360,4.40E+03,360,2.62E+03,550.0131226,-0.000215784,550.0131226,2.54E-05,550.0131226,-0.001118386,550.0131226,-0.000690554,550.0131226,-0.00048809,360,3.42E+05,360,3.14E+05,360,2.51E+05,360,1.87E+05,360,1.10E+05,360,2.90E+02
749.494812,-0.000804515,749.494812,-0.001509219,749.494812,0.000876684,749.494812,-0.001676604,749.494812,0.002117397,360.5,6.34E+03,360.5,5.69E+03,360.5,4.88E+03,360.5,4.30E+03,360.5,2.63E+03,549.4873657,-0.00064491,549.4873657,-0.00025335,549.4873657,-0.001329898,549.4873657,-0.001112757,549.4873657,-0.000492434,360.5,3.34E+05,360.5,3.07E+05,360.5,2.46E+05,360.5,1.84E+05,360.5,1.08E+05,360.5,2.93E+02
748.9995728,-0.001994431,748.9995728,-0.002809512,748.9995728,-0.000982555,748.9995728,-0.002144423,748.9995728,0.000420644,361,6.45E+03,361,5.71E+03,361,4.99E+03,361,4.48E+03,361,2.55E+03,548.9991455,2.42E-05,548.9991455,0.00042821,548.9991455,-0.001092875,548.9991455,-0.000479971,548.9991455,5.60E-05,361,3.29E+05,361,3.01E+05,361,2.41E+05,361,1.80E+05,361,1.06E+05,361,2.84E+02
748.5042725,-0.001329589,748.5042725,-0.001930317,748.5042725,-2.62E-05,748.5042725,-0.001200948,748.5042725,0.0015482,361.5,6.55E+03,361.5,5.76E+03,361.5,4.86E+03,361.5,4.43E+03,361.5,2.60E+03,548.5107422,9.93E-05,548.5107422,0.000251866,548.5107422,-0.001317975,548.5107422,-0.000950321,548.5107422,-5.58E-05,361.5,3.23E+05,361.5,2.94E+05,361.5,2.37E+05,361.5,1.76E+05,361.5,1.03E+05,361.5,2.76E+02
748.0089111,-0.000216508,748.0089111,-0.000864094,748.0089111,0.000782383,748.0089111,-0.000704252,748.0089111,0.00321474,362,6.48E+03,362,5.77E+03,362,4.90E+03,362,4.39E+03,362,2.69E+03,547.9848633,0,547.9848633,0.00017171,547.9848633,-0.001029403,547.9848633,-0.001002958,547.9848633,-0.000325317,362,3.16E+05,362,2.87E+05,362,2.31E+05,362,1.72E+05,362,1.01E+05,362,2.74E+02
747.5134277,-0.000414547,747.5134277,-0.002258209,747.5134277,-0.000232963,747.5134277,-0.001083322,747.5134277,0.0022907,362.5,6.71E+03,362.5,5.74E+03,362.5,4.70E+03,362.5,4.38E+03,362.5,2.60E+03,547.4963989,0.00038494,547.4963989,0.000536715,547.4963989,-0.000865695,547.4963989,-0.000529821,547.4963989,0.000358643,362.5,3.09E+05,362.5,2.83E+05,362.5,2.26E+05,362.5,1.68E+05,362.5,9.91E+04,362.5,2.42E+02
746.9824829,-0.000872619,746.9824829,-0.002115933,746.9824829,0.000330664,746.9824829,-0.001548169,746.9824829,0.001571841,363,6.68E+03,363,5.76E+03,363,4.90E+03,363,4.31E+03,363,2.55E+03,547.0079346,0.000391443,547.0079346,0.000555765,547.0079346,-0.001028577,547.0079346,-0.001105682,547.0079346,0.000466483,363,3.03E+05,363,2.77E+05,363,2.22E+05,363,1.64E+05,363,9.65E+04,363,2.64E+02
746.4868164,-0.000935184,746.4868164,-0.00118706,746.4868164,0.000976221,746.4868164,-0.001036427,746.4868164,0.002101919,363.5,6.59E+03,363.5,5.97E+03,363.5,4.79E+03,363.5,4.25E+03,363.5,2.60E+03,546.4818115,-0.000483177,546.4818115,0.000638118,546.4818115,-0.001068035,546.4818115,-0.001511644,546.4818115,-6.52E-05,363.5,2.97E+05,363.5,2.70E+05,363.5,2.16E+05,363.5,1.61E+05,363.5,9.46E+04,363.5,2.27E+02
745.9910278,-0.001724254,745.9910278,-0.002019013,745.9910278,-0.000813455,745.9910278,-0.002486515,745.9910278,0.002175955,364,6.71E+03,364,5.89E+03,364,4.80E+03,364,4.38E+03,364,2.50E+03,545.9931641,-0.000573978,545.9931641,0.000327503,545.9931641,-0.001461545,545.9931641,-0.001866967,545.9931641,-0.000305347,364,2.90E+05,364,2.66E+05,364,2.12E+05,364,1.59E+05,364,9.23E+04,364,2.55E+02
745.4952393,-0.000275184,745.4952393,-0.000941487,745.4952393,0.000685587,745.4952393,-0.000980592,745.4952393,0.002637333,364.5,6.59E+03,364.5,5.77E+03,364.5,4.86E+03,364.5,4.33E+03,364.5,2.63E+03,545.5045166,-0.000195085,545.5045166,0.000656291,545.5045166,-0.001161037,545.5045166,-0.001191087,545.5045166,1.92E-05,364.5,2.86E+05,364.5,2.60E+05,364.5,2.07E+05,364.5,1.55E+05,364.5,9.08E+04,364.5,2.75E+02
744.9993286,-0.000377357,744.9993286,-0.000791234,744.9993286,0.000995057,744.9993286,-0.000425771,744.9993286,0.002703541,365,6.71E+03,365,5.89E+03,365,4.75E+03,365,4.30E+03,365,2.63E+03,545.0158081,-0.000445424,545.0158081,0.000367918,545.0158081,-0.001621108,545.0158081,-0.001258356,545.0158081,-0.000233377,365,2.79E+05,365,2.54E+05,365,2.02E+05,365,1.52E+05,365,8.92E+04,365,2.58E+02
744.5032349,-0.001096181,744.5032349,-0.002342512,744.5032349,-0.00013795,744.5032349,-0.001582525,744.5032349,0.001982257,365.5,6.58E+03,365.5,5.79E+03,365.5,4.79E+03,365.5,4.17E+03,365.5,2.57E+03,544.4893799,-0.000829629,544.4893799,0.000145012,544.4893799,-0.001610637,544.4893799,-0.000983588,544.4893799,-0.000778676,365.5,2.73E+05,365.5,2.48E+05,365.5,1.99E+05,365.5,1.48E+05,365.5,8.67E+04,365.5,2.57E+02
744.0072021,-0.001105424,744.0072021,-0.002552452,744.0072021,-0.000512343,744.0072021,-0.001452102,744.0072021,0.002067377,366,6.74E+03,366,5.80E+03,366,4.84E+03,366,4.17E+03,366,2.57E+03,544.0005493,0.000104592,544.0005493,0.000324421,544.0005493,-0.001285095,544.0005493,-0.000942003,544.0005493,-0.000368098,366,2.66E+05,366,2.42E+05,366,1.94E+05,366,1.45E+05,366,8.47E+04,366,2.43E+02
743.5109253,-0.000116005,743.5109253,-0.002101353,743.5109253,0.000208769,743.5109253,-0.001460719,743.5109253,0.002158134,366.5,6.62E+03,366.5,5.77E+03,366.5,4.86E+03,366.5,4.30E+03,366.5,2.68E+03,543.5117188,-8.10E-05,543.5117188,0.000228348,543.5117188,-0.001464073,543.5117188,-0.001316995,543.5117188,-0.000779503,366.5,2.61E+05,366.5,2.36E+05,366.5,1.89E+05,366.5,1.41E+05,366.5,8.20E+04,366.5,2.30E+02
743.0147095,-0.000412892,743.0147095,-0.002209742,743.0147095,0.000320768,743.0147095,-0.001654066,743.0147095,0.001681178,367,6.44E+03,367,5.87E+03,367,4.76E+03,367,4.26E+03,367,2.58E+03,542.9851074,-0.000340422,542.9851074,-5.37E-05,542.9851074,-0.001251955,542.9851074,-0.001144462,542.9851074,-0.000263025,367,2.55E+05,367,2.31E+05,367,1.85E+05,367,1.37E+05,367,8.04E+04,367,2.25E+02
742.4829102,-7.57E-05,742.4829102,-0.001847584,742.4829102,0.000709674,742.4829102,-0.0019565,742.4829102,0.002486723,367.5,6.54E+03,367.5,5.79E+03,367.5,4.71E+03,367.5,4.14E+03,367.5,2.48E+03,542.4960938,7.69E-05,542.4960938,0.000232803,542.4960938,-0.001054607,542.4960938,-0.000972843,542.4960938,1.42E-05,367.5,2.50E+05,367.5,2.25E+05,367.5,1.80E+05,367.5,1.34E+05,367.5,7.89E+04,367.5,2.22E+02
741.9864502,-0.00037384,741.9864502,-0.001426044,741.9864502,0.000557709,741.9864502,-0.001380116,741.9864502,0.002494065,368,6.61E+03,368,5.81E+03,368,4.86E+03,368,4.31E+03,368,2.48E+03,542.007019,-0.000438753,542.007019,-0.000509913,542.007019,-0.001529494,542.007019,-0.001196147,542.007019,-0.000441132,368,2.44E+05,368,2.19E+05,368,1.76E+05,368,1.31E+05,368,7.69E+04,368,2.58E+02
741.4898682,-0.000970105,741.4898682,-0.001384502,741.4898682,0.000552991,741.4898682,-0.001563026,741.4898682,0.001638043,368.5,6.68E+03,368.5,5.76E+03,368.5,4.77E+03,368.5,4.13E+03,368.5,2.64E+03,541.5178833,-0.000743843,541.5178833,-0.000596727,541.5178833,-0.000938232,541.5178833,-0.001497301,541.5178833,-0.00063545,368.5,2.38E+05,368.5,2.14E+05,368.5,1.71E+05,368.5,1.28E+05,368.5,7.45E+04,368.5,2.47E+02
740.9932251,-0.000384909,740.9932251,-0.000992266,740.9932251,0.000296392,740.9932251,-0.002068378,740.9932251,0.003248304,369,6.44E+03,369,5.80E+03,369,4.77E+03,369,4.10E+03,369,2.48E+03,540.9910889,-0.000450648,540.9910889,-0.000192549,540.9910889,-0.000660211,540.9910889,-0.001348995,540.9910889,-0.0005792,369,2.32E+05,369,2.08E+05,369,1.67E+05,369,1.24E+05,369,7.27E+04,369,2.37E+02
740.496521,0.000559627,740.496521,-0.001618684,740.496521,0.000493926,740.496521,-0.001038648,740.496521,0.002819468,369.5,6.55E+03,369.5,5.97E+03,369.5,4.77E+03,369.5,4.32E+03,369.5,2.59E+03,540.5018311,-0.000736814,540.5018311,-0.000255626,540.5018311,-0.001237242,540.5018311,-0.001504266,540.5018311,-0.001041954,369.5,2.27E+05,369.5,2.03E+05,369.5,1.63E+05,369.5,1.22E+05,369.5,7.11E+04,369.5,2.05E+02
739.9996948,-0.001591398,739.9996948,-0.003198827,739.9996948,-0.00071309,739.9996948,-0.002175744,739.9996948,0.002072761,370,6.67E+03,370,5.83E+03,370,4.76E+03,370,4.23E+03,370,2.58E+03,540.0125732,0.000170363,540.0125732,0.000558331,540.0125732,-0.001138111,540.0125732,-0.001355498,540.0125732,-0.000372857,370,2.21E+05,370,1.99E+05,370,1.59E+05,370,1.19E+05,370,6.96E+04,370,2.26E+02
739.5028076,-0.001760968,739.5028076,-0.002633661,739.5028076,-0.000400633,739.5028076,-0.001940677,739.5028076,0.001703735,370.5,6.64E+03,370.5,5.93E+03,370.5,4.68E+03,370.5,4.14E+03,370.5,2.54E+03,539.4856567,-0.000264629,539.4856567,0.000685561,539.4856567,-0.001123859,539.4856567,-0.0016683,539.4856567,-0.000380461,370.5,2.17E+05,370.5,1.94E+05,370.5,1.55E+05,370.5,1.16E+05,370.5,6.72E+04,370.5,2.47E+02
739.0058594,-0.000425357,739.0058594,-0.00135235,739.0058594,0.000320483,739.0058594,-0.000913228,739.0058594,0.003330673,371,6.57E+03,371,5.66E+03,371,4.82E+03,371,4.29E+03,371,2.49E+03,538.9961548,0.00041344,538.9961548,0.000794156,538.9961548,-0.00036758,538.9961548,-0.001079552,538.9961548,-5.78E-05,371,2.11E+05,371,1.88E+05,371,1.51E+05,371,1.12E+05,371,6.61E+04,371,2.21E+02
738.5087891,-0.001237035,738.5087891,-0.002169151,738.5087891,-4.67E-05,738.5087891,-0.001982011,738.5087891,0.001677202,371.5,6.54E+03,371.5,5.80E+03,371.5,4.84E+03,371.5,4.22E+03,371.5,2.53E+03,538.5067139,-3.88E-06,538.5067139,0.000336648,538.5067139,-0.000697894,538.5067139,-0.001442143,538.5067139,-0.00057191,371.5,2.06E+05,371.5,1.83E+05,371.5,1.47E+05,371.5,1.09E+05,371.5,6.37E+04,371.5,2.32E+02
738.0115967,-0.001223303,738.0115967,-0.002764656,738.0115967,-7.57E-05,738.0115967,-0.001810981,738.0115967,0.002124186,372,6.52E+03,372,5.71E+03,372,4.75E+03,372,4.14E+03,372,2.59E+03,538.0172119,-0.000398823,538.0172119,-0.00037596,538.0172119,-0.000882074,538.0172119,-0.001549098,538.0172119,-0.000977905,372,2.01E+05,372,1.78E+05,372,1.44E+05,372,1.07E+05,372,6.27E+04,372,2.34E+02
737.5143433,-0.001377174,737.5143433,-0.001464073,737.5143433,-0.000463888,737.5143433,-0.00256573,737.5143433,0.002050471,372.5,6.53E+03,372.5,5.73E+03,372.5,4.64E+03,372.5,4.25E+03,372.5,2.49E+03,537.4899902,5.85E-05,537.4899902,0.000444327,537.4899902,-0.000377202,537.4899902,-0.000833659,537.4899902,3.01E-05,372.5,1.96E+05,372.5,1.74E+05,372.5,1.40E+05,372.5,1.05E+05,372.5,6.06E+04,372.5,2.65E+02
737.0170288,-0.001149316,737.0170288,-0.00148853,737.0170288,0.000133903,737.0170288,-0.001231925,737.0170288,0.002671972,373,6.42E+03,373,5.57E+03,373,4.75E+03,373,4.16E+03,373,2.58E+03,537.0003662,-0.000311866,537.0003662,0.000704903,537.0003662,-0.000712625,537.0003662,-0.001470574,537.0003662,-0.000330024,373,1.92E+05,373,1.70E+05,373,1.36E+05,373,1.01E+05,373,5.94E+04,373,2.44E+02
736.4840698,-0.001695118,736.4840698,-0.002304766,736.4840698,-0.000303019,736.4840698,-0.001034568,736.4840698,0.002317609,373.5,6.57E+03,373.5,5.63E+03,373.5,4.63E+03,373.5,4.10E+03,373.5,2.58E+03,536.5106812,-4.09E-05,536.5106812,0.000818975,536.5106812,-0.000410564,536.5106812,-0.000941332,536.5106812,0.000224179,373.5,1.86E+05,373.5,1.66E+05,373.5,1.32E+05,373.5,9.89E+04,373.5,5.77E+04,373.5,2.23E+02
735.9865723,-0.001069533,735.9865723,-0.002037255,735.9865723,-6.04E-05,735.9865723,-0.001098195,735.9865723,0.001882203,374,6.49E+03,374,5.56E+03,374,4.65E+03,374,4.20E+03,374,2.52E+03,535.9832764,-4.92E-06,535.9832764,0.000536404,535.9832764,-0.000916328,535.9832764,-0.000998567,535.9832764,-0.000580131,374,1.82E+05,374,1.61E+05,374,1.30E+05,374,9.61E+04,374,5.60E+04,374,2.57E+02
735.4890137,-0.000467042,735.4890137,-0.001865008,735.4890137,1.82E-05,735.4890137,-0.001278075,735.4890137,0.002394752,374.5,6.54E+03,374.5,5.65E+03,374.5,4.49E+03,374.5,4.07E+03,374.5,2.59E+03,535.4934692,-0.000389306,535.4934692,-0.00023969,535.4934692,-0.001055072,535.4934692,-0.001383831,535.4934692,-0.000740122,374.5,1.77E+05,374.5,1.57E+05,374.5,1.26E+05,374.5,9.34E+04,374.5,5.49E+04,374.5,2.51E+02
734.991333,-0.000372081,734.991333,-0.002308731,734.991333,0.000819235,734.991333,-0.001230789,734.991333,0.002375959,375,6.35E+03,375,5.53E+03,375,4.72E+03,375,4.15E+03,375,2.49E+03,535.0036011,0.000242904,535.0036011,0.000532153,535.0036011,-0.000328007,535.0036011,-0.000674737,535.0036011,0.000291652,375,1.73E+05,375,1.52E+05,375,1.23E+05,375,9.16E+04,375,5.34E+04,375,2.35E+02
734.4935303,-0.000773767,734.4935303,-0.002464174,734.4935303,0.000303878,734.4935303,-0.001567308,734.4935303,0.002695987,375.5,6.29E+03,375.5,5.35E+03,375.5,4.57E+03,375.5,4.04E+03,375.5,2.53E+03,534.5137329,-0.000383823,534.5137329,0.000600555,534.5137329,-0.000354183,534.5137329,-0.001346776,534.5137329,-4.19E-06,375.5,1.68E+05,375.5,1.48E+05,375.5,1.19E+05,375.5,8.85E+04,375.5,5.17E+04,375.5,2.30E+02
733.9956665,-0.001343008,733.9956665,-0.002811981,733.9956665,-0.000455871,733.9956665,-0.002417995,733.9956665,0.001813183,376,6.27E+03,376,5.57E+03,376,4.63E+03,376,4.09E+03,376,2.44E+03,533.986084,-0.00079387,533.986084,-0.000139399,533.986084,-0.001053471,533.986084,-0.001464331,533.986084,-9.03E-05,376,1.63E+05,376,1.44E+05,376,1.16E+05,376,8.62E+04,376,4.98E+04,376,2.12E+02
733.4976807,-0.001708629,733.4976807,-0.002637109,733.4976807,-8.42E-05,733.4976807,-0.001949594,733.4976807,0.001834499,376.5,6.42E+03,376.5,5.58E+03,376.5,4.53E+03,376.5,4.03E+03,376.5,2.45E+03,533.4960327,-0.000414392,533.4960327,-0.000301363,533.4960327,-0.000855671,533.4960327,-0.001482441,533.4960327,-0.000612599,376.5,1.59E+05,376.5,1.40E+05,376.5,1.13E+05,376.5,8.35E+04,376.5,4.91E+04,376.5,2.18E+02
732.9996948,-0.001066744,732.9996948,-0.001501635,732.9996948,0.000339446,732.9996948,-0.001584176,732.9996948,0.002266187,377,6.25E+03,377,5.36E+03,377,4.43E+03,377,3.98E+03,377,2.48E+03,533.0059814,-0.000740277,533.0059814,-9.52E-05,533.0059814,-0.001493638,533.0059814,-0.001645195,533.0059814,-0.0008164,377,1.55E+05,377,1.37E+05,377,1.10E+05,377,8.14E+04,377,4.74E+04,377,1.71E+02
732.5015259,-0.00086089,732.5015259,-0.001190468,732.5015259,0.000805126,732.5015259,-0.000816814,732.5015259,0.002952315,377.5,6.17E+03,377.5,5.44E+03,377.5,4.45E+03,377.5,3.86E+03,377.5,2.33E+03,532.5158691,0.000194939,532.5158691,0.000189294,532.5158691,-0.000811388,532.5158691,-0.001419284,532.5158691,-0.000542852,377.5,1.50E+05,377.5,1.32E+05,377.5,1.07E+05,377.5,7.90E+04,377.5,4.60E+04,377.5,2.13E+02
732.0033569,-0.000466991,732.0033569,-0.001917432,732.0033569,0.000257616,732.0033569,-0.001560034,732.0033569,0.002817566,378,6.22E+03,378,5.33E+03,378,4.38E+03,378,3.94E+03,378,2.40E+03,531.9879761,0.000613931,531.9879761,0.001203759,531.9879761,-0.000868124,531.9879761,-0.000614616,531.9879761,0.000244614,378,1.46E+05,378,1.29E+05,378,1.04E+05,378,7.70E+04,378,4.48E+04,378,2.08E+02
731.5050659,-0.000594918,731.5050659,-0.001514636,731.5050659,0.000843277,731.5050659,-0.001241578,731.5050659,0.002873561,378.5,6.02E+03,378.5,5.28E+03,378.5,4.33E+03,378.5,3.98E+03,378.5,2.40E+03,531.4976807,0.000527462,531.4976807,0.001201735,531.4976807,-0.000759658,531.4976807,-0.000388995,531.4976807,9.58E-07,378.5,1.43E+05,378.5,1.25E+05,378.5,1.02E+05,378.5,7.48E+04,378.5,4.37E+04,378.5,2.00E+02
731.0067749,-0.000246365,731.0067749,-0.001697593,731.0067749,7.46E-05,731.0067749,-0.000920512,731.0067749,0.002463917,379,6.21E+03,379,5.36E+03,379,4.39E+03,379,3.88E+03,379,2.30E+03,531.0074463,0.000132505,531.0074463,0.000970072,531.0074463,-0.000798004,531.0074463,-0.000418271,531.0074463,-0.000212524,379,1.40E+05,379,1.23E+05,379,9.83E+04,379,7.30E+04,379,4.26E+04,379,1.84E+02
730.5082397,-0.000306434,730.5082397,-0.001285044,730.5082397,0.000604884,730.5082397,-0.000530907,730.5082397,0.003229787,379.5,5.99E+03,379.5,5.22E+03,379.5,4.30E+03,379.5,3.82E+03,379.5,2.34E+03,530.5170288,0.000212498,530.5170288,0.001064829,530.5170288,-0.000578994,530.5170288,-0.000150268,530.5170288,0.000267433,379.5,1.36E+05,379.5,1.19E+05,379.5,9.60E+04,379.5,7.03E+04,379.5,4.12E+04,379.5,1.82E+02
730.0097046,-0.001017627,730.0097046,-0.003024059,730.0097046,-9.12E-05,730.0097046,-0.001582113,730.0097046,0.002210843,380,6.06E+03,380,5.24E+03,380,4.26E+03,380,3.80E+03,380,2.29E+03,529.9890137,-0.000658816,529.9890137,0.000716363,529.9890137,-0.001490335,529.9890137,-0.001063903,529.9890137,-0.000164604,380,1.32E+05,380,1.16E+05,380,9.30E+04,380,6.91E+04,380,4.03E+04,380,1.97E+02
729.5110474,-0.000796505,729.5110474,-0.001756843,729.5110474,-9.01E-06,729.5110474,-0.000640981,729.5110474,0.002601915,380.5,6.08E+03,380.5,5.33E+03,380.5,4.30E+03,380.5,3.64E+03,380.5,2.34E+03,529.4985352,-0.000447079,529.4985352,0.000387012,529.4985352,-0.001364633,529.4985352,-0.000853915,529.4985352,3.91E-05,380.5,1.29E+05,380.5,1.12E+05,380.5,9.06E+04,380.5,6.68E+04,380.5,3.95E+04,380.5,1.84E+02
729.0123291,-0.001646381,729.0123291,-0.003034907,729.0123291,-0.000141263,729.0123291,-0.002061112,729.0123291,0.001966654,381,5.90E+03,381,5.22E+03,381,4.28E+03,381,3.63E+03,381,2.31E+03,529.0080566,-0.000367011,529.0080566,0.000216435,529.0080566,-0.001380632,529.0080566,-0.000748805,529.0080566,-0.000385788,381,1.26E+05,381,1.09E+05,381,8.82E+04,381,6.49E+04,381,3.83E+04,381,1.74E+02
728.5135498,-0.000342802,728.5135498,-0.002286844,728.5135498,0.000241946,728.5135498,-0.0015931,728.5135498,0.002069042,381.5,5.98E+03,381.5,5.10E+03,381.5,4.16E+03,381.5,3.68E+03,381.5,2.26E+03,528.517395,-0.000854483,528.517395,-0.000249935,528.517395,-0.002086566,528.517395,-0.00144493,528.517395,-0.000417444,381.5,1.22E+05,381.5,1.06E+05,381.5,8.62E+04,381.5,6.33E+04,381.5,3.70E+04,381.5,1.67E+02
728.0146484,-0.000651475,728.0146484,-0.002022569,728.0146484,-0.000324644,728.0146484,-0.00162477,728.0146484,0.001868554,382,5.87E+03,382,5.19E+03,382,4.23E+03,382,3.56E+03,382,2.23E+03,527.9890747,-0.000959671,527.9890747,5.56E-05,527.9890747,-0.001661493,527.9890747,-0.001332582,527.9890747,-0.000525736,382,1.19E+05,382,1.03E+05,382,8.33E+04,382,6.13E+04,382,3.60E+04,382,1.66E+02
727.515625,-0.001486569,727.515625,-0.002546069,727.515625,0.000177381,727.515625,-0.001139506,727.515625,0.001562229,382.5,5.78E+03,382.5,5.13E+03,382.5,4.20E+03,382.5,3.60E+03,382.5,2.28E+03,527.4984131,-0.000974496,527.4984131,0.000171477,527.4984131,-0.001945574,527.4984131,-0.001671653,527.4984131,-0.00049502,382.5,1.16E+05,382.5,1.00E+05,382.5,8.14E+04,382.5,5.98E+04,382.5,3.51E+04,382.5,1.86E+02
727.0165405,-0.000312693,727.0165405,-0.00174586,727.0165405,2.82E-05,727.0165405,-0.0012693,727.0165405,0.002827754,383,5.91E+03,383,5.06E+03,383,4.05E+03,383,3.58E+03,383,2.10E+03,527.0076294,-0.000491038,527.0076294,-0.000633278,527.0076294,-0.002056475,527.0076294,-0.001173894,527.0076294,-0.001222012,383,1.13E+05,383,9.77E+04,383,7.92E+04,383,5.82E+04,383,3.41E+04,383,1.77E+02
726.517395,-0.00050226,726.517395,-0.001759318,726.517395,0.000175594,726.517395,-0.00100709,726.517395,0.003126682,383.5,5.70E+03,383.5,5.03E+03,383.5,4.12E+03,383.5,3.44E+03,383.5,2.17E+03,526.5168457,-0.001080688,526.5168457,-0.000138727,526.5168457,-0.002003141,526.5168457,-0.001933822,526.5168457,-0.001115391,383.5,1.09E+05,383.5,9.46E+04,383.5,7.67E+04,383.5,5.68E+04,383.5,3.30E+04,383.5,1.78E+02
725.9825439,6.26E-06,725.9825439,-0.000801518,725.9825439,0.000820921,725.9825439,-0.0011204,725.9825439,0.003050816,384,5.57E+03,384,5.03E+03,384,3.99E+03,384,3.53E+03,384,2.08E+03,525.9882813,-0.000433477,525.9882813,0.000349472,525.9882813,-0.00165092,525.9882813,-0.001893102,525.9882813,-0.000258058,384,1.06E+05,384,9.21E+04,384,7.39E+04,384,5.46E+04,384,3.21E+04,384,1.94E+02
725.4832153,-0.001416394,725.4832153,-0.00250798,725.4832153,-0.001014631,725.4832153,-0.0020354,725.4832153,0.002071253,384.5,5.49E+03,384.5,5.01E+03,384.5,3.98E+03,384.5,3.41E+03,384.5,2.05E+03,525.4973755,-0.000636432,525.4973755,0.000653465,525.4973755,-0.001228156,525.4973755,-0.001105941,525.4973755,-0.00053706,384.5,1.03E+05,384.5,8.94E+04,384.5,7.23E+04,384.5,5.30E+04,384.5,3.10E+04,384.5,1.77E+02
724.9838257,-0.000481626,724.9838257,-0.00263114,724.9838257,0.000687169,724.9838257,-0.001289483,724.9838257,0.00264275,385,5.71E+03,385,4.92E+03,385,3.94E+03,385,3.48E+03,385,2.14E+03,525.0064697,-6.93E-05,525.0064697,0.000857568,525.0064697,-0.001344247,525.0064697,-0.001446426,525.0064697,-0.00064217,385,1.01E+05,385,8.68E+04,385,7.03E+04,385,5.15E+04,385,3.00E+04,385,1.60E+02
724.4842529,-0.000990251,724.4842529,-0.001311111,724.4842529,0.000367477,724.4842529,-0.001506433,724.4842529,0.002412791,385.5,5.50E+03,385.5,4.87E+03,385.5,3.95E+03,385.5,3.31E+03,385.5,2.18E+03,524.5155029,0.000341622,524.5155029,0.000827275,524.5155029,-0.00101928,524.5155029,-0.001575303,524.5155029,-0.000614099,385.5,9.79E+04,385.5,8.40E+04,385.5,6.80E+04,385.5,5.02E+04,385.5,2.91E+04,385.5,1.84E+02
723.9846802,5.57E-05,723.9846802,-0.001325563,723.9846802,0.001404122,723.9846802,-0.000498795,723.9846802,0.002485916,386,5.65E+03,386,4.83E+03,386,3.88E+03,386,3.41E+03,386,2.06E+03,523.9866333,-0.001030333,523.9866333,-2.82E-05,523.9866333,-0.001357769,523.9866333,-0.001762773,523.9866333,-0.00107573,386,9.52E+04,386,8.16E+04,386,6.56E+04,386,4.86E+04,386,2.84E+04,386,1.60E+02
723.4851074,5.63E-05,723.4851074,-0.000652561,723.4851074,0.000413648,723.4851074,-0.000829061,723.4851074,0.00292224,386.5,5.35E+03,386.5,4.81E+03,386.5,3.82E+03,386.5,3.28E+03,386.5,2.09E+03,523.4954834,-0.000463836,523.4954834,0.000158244,523.4954834,-0.00103777,523.4954834,-0.001116527,523.4954834,-0.000930793,386.5,9.25E+04,386.5,7.91E+04,386.5,6.44E+04,386.5,4.75E+04,386.5,2.77E+04,386.5,1.73E+02
722.9852905,-0.000937457,722.9852905,-0.002180793,722.9852905,0.000181524,722.9852905,-0.001855008,722.9852905,0.001979084,387,5.48E+03,387,4.70E+03,387,3.86E+03,387,3.29E+03,387,2.10E+03,523.0042725,-0.000427943,523.0042725,0.000776704,523.0042725,-0.001190468,523.0042725,-0.000975168,523.0042725,-0.000490986,387,9.04E+04,387,7.75E+04,387,6.27E+04,387,4.60E+04,387,2.70E+04,387,1.60E+02
722.4854736,-0.000772216,722.4854736,-0.001905576,722.4854736,0.000103789,722.4854736,-0.002041068,722.4854736,0.002107798,387.5,5.52E+03,387.5,4.69E+03,387.5,3.70E+03,387.5,3.26E+03,387.5,2.00E+03,522.5130615,-0.00023762,522.5130615,0.001153378,522.5130615,-0.001431307,522.5130615,-0.00124101,522.5130615,4.20E-05,387.5,8.79E+04,387.5,7.49E+04,387.5,6.07E+04,387.5,4.44E+04,387.5,2.62E+04,387.5,1.68E+02
721.9854736,-0.000706319,721.9854736,-0.002101044,721.9854736,-0.000423236,721.9854736,-0.001415775,721.9854736,0.002991228,388,5.22E+03,388,4.70E+03,388,3.80E+03,388,3.20E+03,388,2.09E+03,521.9840698,-0.000313521,521.9840698,0.000896346,521.9840698,-0.001143172,521.9840698,-0.001299961,521.9840698,-0.000179715,388,8.52E+04,388,7.29E+04,388,5.91E+04,388,4.33E+04,388,2.52E+04,388,1.61E+02
721.4855347,-0.000430012,721.4855347,-0.002228697,721.4855347,0.000136026,721.4855347,-0.000853398,721.4855347,0.002251408,388.5,5.33E+03,388.5,4.48E+03,388.5,3.67E+03,388.5,3.19E+03,388.5,2.02E+03,521.4926758,-0.000512705,521.4926758,0.000895931,521.4926758,-0.001265635,521.4926758,-0.001474186,521.4926758,-0.000410409,388.5,8.31E+04,388.5,7.06E+04,388.5,5.70E+04,388.5,4.20E+04,388.5,2.43E+04,388.5,1.69E+02
720.9854126,-0.001889906,720.9854126,-0.002503451,720.9854126,-0.001066021,720.9854126,-0.002579163,720.9854126,0.001056422,389,5.29E+03,389,4.54E+03,389,3.77E+03,389,3.15E+03,389,1.97E+03,521.0013428,-0.000515705,521.0013428,0.000599544,521.0013428,-0.001810774,521.0013428,-0.001335679,521.0013428,-0.000551487,389,8.08E+04,389,6.84E+04,389,5.60E+04,389,4.07E+04,389,2.38E+04,389,1.46E+02
720.4852295,-0.001174978,720.4852295,-0.001549149,720.4852295,0.000201854,720.4852295,-0.001725698,720.4852295,0.002732142,389.5,5.33E+03,389.5,4.64E+03,389.5,3.64E+03,389.5,3.10E+03,389.5,2.03E+03,520.5098877,-0.000423598,520.5098877,0.00035271,520.5098877,-0.001073768,520.5098877,-0.001370155,520.5098877,-0.000237465,389.5,7.88E+04,389.5,6.63E+04,389.5,5.41E+04,389.5,3.97E+04,389.5,2.30E+04,389.5,1.52E+02
719.9849243,-0.001640656,719.9849243,-0.002300182,719.9849243,-0.000221269,719.9849243,-0.001569268,719.9849243,0.002455404,390,5.21E+03,390,4.52E+03,390,3.67E+03,390,3.22E+03,390,1.92E+03,520.0183105,-0.000445735,520.0183105,0.000145737,520.0183105,-0.00158139,520.0183105,-0.001687949,520.0183105,-0.000657006,390,7.64E+04,390,6.43E+04,390,5.26E+04,390,3.90E+04,390,2.27E+04,390,1.74E+02
719.4845581,-0.000658402,719.4845581,-0.001500138,719.4845581,6.91E-05,719.4845581,-0.001061321,719.4845581,0.002497866,390.5,5.14E+03,390.5,4.50E+03,390.5,3.58E+03,390.5,3.17E+03,390.5,1.92E+03,519.4890747,-5.88E-05,519.4890747,-5.63E-05,519.4890747,-0.001231563,519.4890747,-0.001392862,519.4890747,-5.10E-05,390.5,7.43E+04,390.5,6.33E+04,390.5,5.09E+04,390.5,3.72E+04,390.5,2.16E+04,390.5,1.39E+02
718.9841309,-0.001475424,718.9841309,-0.001407467,718.9841309,0.000610535,718.9841309,-0.001377535,718.9841309,0.002535931,391,4.96E+03,391,4.33E+03,391,3.55E+03,391,3.08E+03,391,1.90E+03,518.9974365,-0.000742034,518.9974365,0.00052995,518.9974365,-0.001761483,518.9974365,-0.00165649,518.9974365,-0.000393444,391,7.19E+04,391,6.12E+04,391,4.93E+04,391,3.59E+04,391,2.12E+04,391,1.51E+02
718.4836426,-0.001384709,718.4836426,-0.003367257,718.4836426,-0.001266822,718.4836426,-0.001968766,718.4836426,0.001654621,391.5,5.04E+03,391.5,4.51E+03,391.5,3.46E+03,391.5,3.12E+03,391.5,1.85E+03,518.5057983,0.000211359,518.5057983,0.000537674,518.5057983,-0.001510354,518.5057983,-0.001183704,518.5057983,-9.46E-05,391.5,7.04E+04,391.5,5.90E+04,391.5,4.80E+04,391.5,3.50E+04,391.5,2.05E+04,391.5,1.67E+02
717.9829712,-0.000593625,717.9829712,-0.002120931,717.9829712,-0.000284238,717.9829712,-0.001571486,717.9829712,0.002336503,392,5.00E+03,392,4.39E+03,392,3.54E+03,392,2.93E+03,392,1.84E+03,518.0140381,-0.000122941,518.0140381,0.000229177,518.0140381,-0.001065298,518.0140381,-0.001934441,518.0140381,-7.84E-05,392,6.84E+04,392,5.73E+04,392,4.65E+04,392,3.42E+04,392,1.99E+04,392,1.45E+02
717.4822998,-0.000198914,717.4822998,-0.00166175,717.4822998,0.000255129,717.4822998,-0.000664915,717.4822998,0.002859907,392.5,5.03E+03,392.5,4.28E+03,392.5,3.43E+03,392.5,3.06E+03,392.5,1.85E+03,517.4844971,-0.00024,517.4844971,0.001136248,517.4844971,-0.001416085,517.4844971,-0.001621882,517.4844971,-0.000200725,392.5,6.66E+04,392.5,5.52E+04,392.5,4.51E+04,392.5,3.32E+04,392.5,1.93E+04,392.5,1.43E+02
717.017334,-0.001791337,717.017334,-0.002521775,717.017334,-0.00037296,717.017334,-0.001516442,717.017334,0.002194244,393,4.93E+03,393,4.22E+03,393,3.50E+03,393,2.94E+03,393,1.91E+03,516.9926758,8.87E-05,516.9926758,0.000831502,516.9926758,-0.0008133,516.9926758,-0.001918875,516.9926758,-0.000116316,393,6.45E+04,393,5.40E+04,393,4.41E+04,393,3.21E+04,393,1.86E+04,393,1.63E+02
716.5164795,7.05E-05,716.5164795,-0.001982217,716.5164795,0.000461196,716.5164795,-0.000466008,716.5164795,0.002782837,393.5,4.87E+03,393.5,4.26E+03,393.5,3.31E+03,393.5,2.84E+03,393.5,1.78E+03,516.5007324,-4.21E-05,516.5007324,0.001108349,516.5007324,-0.000645168,516.5007324,-0.000993815,516.5007324,0.000102883,393.5,6.28E+04,393.5,5.24E+04,393.5,4.23E+04,393.5,3.11E+04,393.5,1.80E+04,393.5,1.59E+02
716.0155029,-0.000780743,716.0155029,-0.002165648,716.0155029,-0.000315642,716.0155029,-0.002036997,716.0155029,0.0028116,394,4.70E+03,394,4.15E+03,394,3.42E+03,394,2.88E+03,394,1.86E+03,516.0089111,-0.000328369,516.0089111,0.000667854,516.0089111,-0.000711695,516.0089111,-0.001650817,516.0089111,-0.000203623,394,6.08E+04,394,5.07E+04,394,4.12E+04,394,3.01E+04,394,1.76E+04,394,1.47E+02
715.5145264,-0.000370891,715.5145264,-0.001566276,715.5145264,3.35E-05,715.5145264,-0.00136582,715.5145264,0.002819286,394.5,4.86E+03,394.5,4.13E+03,394.5,3.22E+03,394.5,2.83E+03,394.5,1.81E+03,515.5169067,-0.000775317,515.5169067,0.000389033,515.5169067,-0.001493534,515.5169067,-0.001402358,515.5169067,-0.000396185,394.5,5.92E+04,394.5,4.91E+04,394.5,4.02E+04,394.5,2.89E+04,394.5,1.71E+04,394.5,1.55E+02
715.0133667,-0.000935753,715.0133667,-0.002523268,715.0133667,0.00017404,715.0133667,-0.001565657,715.0133667,0.001914339,395,4.79E+03,395,4.22E+03,395,3.28E+03,395,2.85E+03,395,1.74E+03,514.9870605,0.000182068,514.9870605,0.000692406,514.9870605,-0.001272861,514.9870605,-0.001361949,514.9870605,-0.000107776,395,5.79E+04,395,4.78E+04,395,3.89E+04,395,2.86E+04,395,1.64E+04,395,1.49E+02
714.512146,-0.001298929,714.512146,-0.002127216,714.512146,-0.00036339,714.512146,-0.001667527,714.512146,0.002196247,395.5,4.58E+03,395.5,4.13E+03,395.5,3.22E+03,395.5,2.85E+03,395.5,1.79E+03,514.4949341,-0.000402444,514.4949341,0.000313981,514.4949341,-0.001348582,514.4949341,-0.001527998,514.4949341,-0.000651372,395.5,5.59E+04,395.5,4.63E+04,395.5,3.78E+04,395.5,2.80E+04,395.5,1.61E+04,395.5,1.39E+02
714.0109253,-0.001295677,714.0109253,-0.002348846,714.0109253,-0.000732524,714.0109253,-0.001462732,714.0109253,0.001987068,396,4.71E+03,396,4.01E+03,396,3.16E+03,396,2.78E+03,396,1.69E+03,514.0028687,8.86E-05,514.0028687,0.001076533,514.0028687,-0.001178954,514.0028687,-0.000475575,514.0028687,0.000609602,396,5.47E+04,396,4.52E+04,396,3.67E+04,396,2.69E+04,396,1.56E+04,396,1.62E+02
713.5095215,-0.000812111,713.5095215,-0.002131286,713.5095215,0.000616523,713.5095215,-0.00131333,713.5095215,0.00232258,396.5,4.54E+03,396.5,3.95E+03,396.5,3.15E+03,396.5,2.76E+03,396.5,1.72E+03,513.5106201,-0.000183441,513.5106201,0.000734566,513.5106201,-0.001748593,513.5106201,-0.001377587,513.5106201,-0.000161136,396.5,5.31E+04,396.5,4.38E+04,396.5,3.57E+04,396.5,2.62E+04,396.5,1.51E+04,396.5,1.43E+02
713.0081177,-0.000300173,713.0081177,-0.000447752,713.0081177,0.001911088,713.0081177,-0.000607119,713.0081177,0.003478576,397,4.54E+03,397,3.99E+03,397,3.19E+03,397,2.69E+03,397,1.69E+03,513.0184326,-0.000295414,513.0184326,0.000659168,513.0184326,-0.001880679,513.0184326,-0.001258717,513.0184326,-0.000265612,397,5.17E+04,397,4.28E+04,397,3.46E+04,397,2.53E+04,397,1.49E+04,397,1.50E+02
712.5065918,-0.000981211,712.5065918,-0.003002722,712.5065918,-0.000362925,712.5065918,-0.002010046,712.5065918,0.001794208,397.5,4.45E+03,397.5,3.88E+03,397.5,3.12E+03,397.5,2.67E+03,397.5,1.69E+03,512.4882813,9.78E-05,512.4882813,0.001004968,512.4882813,-0.001210345,512.4882813,-0.001363601,512.4882813,5.78E-05,397.5,5.01E+04,397.5,4.12E+04,397.5,3.35E+04,397.5,2.46E+04,397.5,1.43E+04,397.5,1.32E+02
712.0049438,-0.000897677,712.0049438,-0.001749057,712.0049438,-0.000205434,712.0049438,-0.001822426,712.0049438,0.002517054,398,4.47E+03,398,3.85E+03,398,3.11E+03,398,2.66E+03,398,1.76E+03,511.9958496,-0.000195499,511.9958496,0.000715145,511.9958496,-0.001265118,511.9958496,-0.00125211,511.9958496,-0.000156944,398,4.91E+04,398,4.00E+04,398,3.30E+04,398,2.39E+04,398,1.41E+04,398,1.19E+02
711.5032349,-0.000781467,711.5032349,-0.002492847,711.5032349,0.000637781,711.5032349,-0.000616735,711.5032349,0.002416825,398.5,4.48E+03,398.5,3.81E+03,398.5,3.08E+03,398.5,2.61E+03,398.5,1.64E+03,511.503479,-0.000617976,511.503479,0.000495403,511.503479,-0.001300426,511.503479,-0.001690786,511.503479,-0.00033049,398.5,4.74E+04,398.5,3.92E+04,398.5,3.16E+04,398.5,2.33E+04,398.5,1.34E+04,398.5,1.47E+02
711.0015259,-0.000684662,711.0015259,-0.002468498,711.0015259,9.53E-05,711.0015259,-0.00111916,711.0015259,0.002650667,399,4.21E+03,399,3.85E+03,399,3.03E+03,399,2.59E+03,399,1.58E+03,511.0110474,-0.000625472,511.0110474,0.000869033,511.0110474,-0.001306155,511.0110474,-0.001771486,511.0110474,-0.000303071,399,4.64E+04,399,3.78E+04,399,3.07E+04,399,2.23E+04,399,1.31E+04,399,1.28E+02
710.4996338,0.000248525,710.4996338,-0.001056931,710.4996338,0.001285119,710.4996338,-0.001298877,710.4996338,0.002706615,399.5,4.43E+03,399.5,3.76E+03,399.5,2.96E+03,399.5,2.51E+03,399.5,1.59E+03,510.5185242,-0.000711126,510.5185242,0.000599233,510.5185242,-0.001426147,510.5185242,-0.001594492,510.5185242,-0.000354027,399.5,4.52E+04,399.5,3.66E+04,399.5,2.96E+04,399.5,2.17E+04,399.5,1.27E+04,399.5,1.35E+02
709.9976807,-0.000810458,709.9976807,-0.00257098,709.9976807,-0.000494244,709.9976807,-0.001105321,709.9976807,0.003086584,400,4.21E+03,400,3.64E+03,400,2.97E+03,400,2.54E+03,400,1.61E+03,509.9880676,-0.000620302,509.9880676,0.000658468,509.9880676,-0.000767048,509.9880676,-0.001523561,509.9880676,-0.000407358,400,4.40E+04,400,3.57E+04,400,2.88E+04,400,2.12E+04,400,1.24E+04,400,1.24E+02
709.4956055,-0.001244314,709.4956055,-0.002615959,709.4956055,-0.000181888,709.4956055,-0.001725182,709.4956055,0.002211338,400.5,4.23E+03,400.5,3.65E+03,400.5,2.92E+03,400.5,2.53E+03,400.5,1.58E+03,509.4954224,-0.000162326,509.4954224,0.000786169,509.4954224,-0.001378206,509.4954224,-0.00135622,509.4954224,-0.00020352,400.5,4.22E+04,400.5,3.45E+04,400.5,2.84E+04,400.5,2.04E+04,400.5,1.20E+04,400.5,1.20E+02
708.9934692,-0.001103617,708.9934692,-0.001905937,708.9934692,0.000307505,708.9934692,-0.001569681,708.9934692,0.00284753,401,4.17E+03,401,3.69E+03,401,2.86E+03,401,2.51E+03,401,1.53E+03,509.0028076,0.000242049,509.0028076,0.000864519,509.0028076,-0.001313898,509.0028076,-0.001124014,509.0028076,0.000322426,401,4.13E+04,401,3.35E+04,401,2.73E+04,401,1.99E+04,401,1.18E+04,401,1.36E+02
708.491333,-0.000910955,708.491333,-0.002274947,708.491333,0.00018919,708.491333,-0.001722037,708.491333,0.003082647,401.5,4.10E+03,401.5,3.52E+03,401.5,2.84E+03,401.5,2.50E+03,401.5,1.54E+03,508.5101318,-0.000414754,508.5101318,0.000963015,508.5101318,-0.001426199,508.5101318,-0.001266873,508.5101318,0.000611676,401.5,4.01E+04,401.5,3.26E+04,401.5,2.67E+04,401.5,1.95E+04,401.5,1.12E+04,401.5,1.28E+02
707.9890137,-0.001606769,707.9890137,-0.002500311,707.9890137,-0.000105291,707.9890137,-0.002157972,707.9890137,0.001974039,402,4.07E+03,402,3.53E+03,402,2.74E+03,402,2.42E+03,402,1.48E+03,508.017334,-6.47E-05,508.017334,0.000433288,508.017334,-0.001710176,508.017334,-0.001425063,508.017334,-0.000289154,402,3.89E+04,402,3.16E+04,402,2.58E+04,402,1.87E+04,402,1.08E+04,402,1.25E+02
707.4866333,-0.000877786,707.4866333,-0.001972683,707.4866333,0.00038696,707.4866333,-0.001532951,707.4866333,0.002912988,402.5,4.10E+03,402.5,3.50E+03,402.5,2.82E+03,402.5,2.35E+03,402.5,1.54E+03,507.4865723,0.000154774,507.4865723,0.000864156,507.4865723,-0.001225936,507.4865723,-0.001351834,507.4865723,-0.000277719,402.5,3.81E+04,402.5,3.07E+04,402.5,2.50E+04,402.5,1.83E+04,402.5,1.07E+04,402.5,1.20E+02
706.9841919,-7.54E-05,706.9841919,-0.000915811,706.9841919,0.001365533,706.9841919,-0.001423412,706.9841919,0.003331195,403,4.00E+03,403,3.50E+03,403,2.80E+03,403,2.32E+03,403,1.54E+03,506.9937439,-0.000395564,506.9937439,0.000446529,506.9937439,-0.001488478,506.9937439,-0.001670105,506.9937439,-0.000921081,403,3.70E+04,403,2.99E+04,403,2.42E+04,403,1.76E+04,403,1.04E+04,403,1.29E+02
706.5175781,-0.000396289,706.5175781,-0.00209177,706.5175781,0.000211177,706.5175781,-0.00182588,706.5175781,0.002627645,403.5,3.85E+03,403.5,3.33E+03,403.5,2.75E+03,403.5,2.38E+03,403.5,1.49E+03,506.5007324,-9.81E-05,506.5007324,0.000537155,506.5007324,-0.001623532,506.5007324,-0.001378154,506.5007324,-0.000357028,403.5,3.58E+04,403.5,2.88E+04,403.5,2.35E+04,403.5,1.73E+04,403.5,9.94E+03,403.5,1.11E+02
706.0149536,-0.000461664,706.0149536,-0.001514481,706.0149536,1.62E-05,706.0149536,-0.002016127,706.0149536,0.002522287,404,3.98E+03,404,3.39E+03,404,2.68E+03,404,2.39E+03,404,1.45E+03,506.007843,-0.000178162,506.007843,0.000770376,506.007843,-0.001686144,506.007843,-0.001652003,506.007843,-0.000483436,404,3.47E+04,404,2.82E+04,404,2.28E+04,404,1.66E+04,404,9.84E+03,404,1.29E+02
705.512207,-0.00029531,705.512207,-0.002429218,705.512207,0.000514193,705.512207,-0.000837742,705.512207,0.002682078,404.5,3.85E+03,404.5,3.34E+03,404.5,2.66E+03,404.5,2.31E+03,404.5,1.41E+03,505.5147705,-8.68E-05,505.5147705,0.001012181,505.5147705,-0.000960911,505.5147705,-0.001493276,505.5147705,-3.84E-05,404.5,3.37E+04,404.5,2.70E+04,404.5,2.22E+04,404.5,1.61E+04,404.5,9.54E+03,404.5,1.28E+02
705.0094604,-0.001265893,705.0094604,-0.001618013,705.0094604,0.000338436,705.0094604,-0.00189068,705.0094604,0.002507941,405,3.86E+03,405,3.29E+03,405,2.65E+03,405,2.22E+03,405,1.44E+03,504.9837341,-0.000690244,504.9837341,0.000264972,504.9837341,-0.001332427,504.9837341,-0.001758802,504.9837341,-0.000357752,405,3.28E+04,405,2.64E+04,405,2.14E+04,405,1.56E+04,405,9.08E+03,405,1.33E+02
704.5066528,-0.001179212,704.5066528,-0.001870163,704.5066528,-0.000541869,704.5066528,-0.002082598,704.5066528,0.002051174,405.5,3.79E+03,405.5,3.39E+03,405.5,2.59E+03,405.5,2.25E+03,405.5,1.42E+03,504.4906311,0.000116658,504.4906311,0.000760393,504.4906311,-0.001189538,504.4906311,-0.00146851,504.4906311,-0.000417237,405.5,3.20E+04,405.5,2.54E+04,405.5,2.10E+04,405.5,1.52E+04,405.5,8.95E+03,405.5,1.32E+02
704.0036621,-0.001854905,704.0036621,-0.002065595,704.0036621,-0.000873549,704.0036621,-0.001915422,704.0036621,0.002106523,406,3.66E+03,406,3.21E+03,406,2.60E+03,406,2.18E+03,406,1.39E+03,503.997406,9.40E-06,503.997406,0.000964079,503.997406,-0.001232028,503.997406,-0.000374926,503.997406,-0.000284238,406,3.13E+04,406,2.47E+04,406,2.02E+04,406,1.47E+04,406,8.58E+03,406,1.15E+02
703.5006104,-0.001669022,703.5006104,-0.00284346,703.5006104,-0.000695155,703.5006104,-0.002455011,703.5006104,0.001521677,406.5,3.74E+03,406.5,3.12E+03,406.5,2.53E+03,406.5,2.22E+03,406.5,1.43E+03,503.5042114,-0.000273735,503.5042114,0.000365094,503.5042114,-0.001384347,503.5042114,-0.001539915,503.5042114,-0.000678459,406.5,3.01E+04,406.5,2.39E+04,406.5,1.96E+04,406.5,1.44E+04,406.5,8.25E+03,406.5,9.99E+01
702.9974365,-0.001249838,702.9974365,-0.002458717,702.9974365,7.37E-05,702.9974365,-0.001700481,702.9974365,0.001657038,407,3.62E+03,407,3.16E+03,407,2.54E+03,407,2.18E+03,407,1.38E+03,503.0109558,6.05E-05,503.0109558,0.00069938,503.0109558,-0.001088692,503.0109558,-0.001342285,503.0109558,0.000156198,407,2.96E+04,407,2.34E+04,407,1.92E+04,407,1.39E+04,407,8.17E+03,407,1.06E+02
702.4943237,-0.000727718,702.4943237,-0.001680575,702.4943237,-5.20E-05,702.4943237,-0.001861555,702.4943237,0.002361332,407.5,3.63E+03,407.5,3.17E+03,407.5,2.46E+03,407.5,2.15E+03,407.5,1.39E+03,502.5175476,-0.000500501,502.5175476,0.00048426,502.5175476,-0.001421658,502.5175476,-0.001423825,502.5175476,-5.99E-05,407.5,2.86E+04,407.5,2.27E+04,407.5,1.87E+04,407.5,1.35E+04,407.5,7.93E+03,407.5,1.07E+02
701.9910278,-0.001012565,701.9910278,-0.00223462,701.9910278,0.000386054,701.9910278,-0.002187489,701.9910278,0.002494768,408,3.55E+03,408,3.13E+03,408,2.44E+03,408,2.15E+03,408,1.34E+03,501.9862366,0.000297324,501.9862366,0.000880497,501.9862366,-0.001461958,501.9862366,-0.001294335,501.9862366,-0.000297897,408,2.76E+04,408,2.22E+04,408,1.79E+04,408,1.31E+04,408,7.74E+03,408,1.11E+02
701.4876709,-0.000895817,701.4876709,-0.001994586,701.4876709,-0.000223494,701.4876709,-0.001185872,701.4876709,0.002403498,408.5,3.51E+03,408.5,3.02E+03,408.5,2.42E+03,408.5,2.10E+03,408.5,1.34E+03,501.4927673,-0.000224011,501.4927673,0.000578548,501.4927673,-0.001215972,501.4927673,-0.000792681,501.4927673,-0.000102393,408.5,2.67E+04,408.5,2.15E+04,408.5,1.74E+04,408.5,1.27E+04,408.5,7.47E+03,408.5,1.02E+02
700.9841919,-0.000372391,700.9841919,-0.001671601,700.9841919,0.00078368,700.9841919,-0.001577418,700.9841919,0.002723103,409,3.39E+03,409,3.09E+03,409,2.46E+03,409,2.14E+03,409,1.25E+03,500.9992981,-0.000450338,500.9992981,0.000325949,500.9992981,-0.001069843,500.9992981,-0.000895042,500.9992981,-0.000359097,409,2.59E+04,409,2.06E+04,409,1.70E+04,409,1.23E+04,409,7.35E+03,409,1.23E+02
700.5166626,-0.001828973,700.5166626,-0.002858119,700.5166626,-0.000614616,700.5166626,-0.001633074,700.5166626,0.002069588,409.5,3.43E+03,409.5,3.05E+03,409.5,2.42E+03,409.5,2.06E+03,409.5,1.29E+03,500.5057678,-0.00022189,500.5057678,0.00044938,500.5057678,-0.001711053,500.5057678,-0.001269351,500.5057678,-0.000632244,409.5,2.51E+04,409.5,2.02E+04,409.5,1.66E+04,409.5,1.20E+04,409.5,6.90E+03,409.5,1.21E+02
700.0130615,-0.001041747,700.0130615,-0.002216386,700.0130615,0.000611728,700.0130615,-0.001993813,700.0130615,0.001740119,410,3.36E+03,410,2.98E+03,410,2.30E+03,410,2.03E+03,410,1.27E+03,500.012085,-0.000519428,500.012085,0.000404657,500.012085,-0.001180399,500.012085,-0.001084768,500.012085,-0.000384495,410,2.43E+04,410,1.94E+04,410,1.58E+04,410,1.16E+04,410,6.71E+03,410,1.21E+02
699.5093384,-0.000317453,699.5093384,-0.002055393,699.5093384,0.000557579,699.5093384,-0.001364839,699.5093384,0.00254356,410.5,3.47E+03,410.5,2.94E+03,410.5,2.25E+03,410.5,1.96E+03,410.5,1.23E+03,499.5185242,1.33E-05,499.5185242,0.000925062,499.5185242,-0.001415672,499.5185242,-0.000632038,499.5185242,7.65E-05,410.5,2.33E+04,410.5,1.88E+04,410.5,1.52E+04,410.5,1.10E+04,410.5,6.51E+03,410.5,1.12E+02
699.0055542,-0.001021604,699.0055542,-0.002021538,699.0055542,1.19E-05,699.0055542,-0.001165478,699.0055542,0.002139013,411,3.31E+03,411,2.84E+03,411,2.35E+03,411,2.00E+03,411,1.27E+03,498.9868164,0.000469178,498.9868164,0.001131992,498.9868164,-0.000658247,498.9868164,-0.000541869,498.9868164,0.000321908,411,2.29E+04,411,1.84E+04,411,1.48E+04,411,1.07E+04,411,6.39E+03,411,1.01E+02
698.501709,-0.000617873,698.501709,-0.001460048,698.501709,0.000205013,698.501709,-0.001556062,698.501709,0.003153199,411.5,3.22E+03,411.5,2.86E+03,411.5,2.32E+03,411.5,1.91E+03,411.5,1.23E+03,498.4930115,-0.000157876,498.4930115,0.000736459,498.4930115,-0.001043038,498.4930115,-0.000941539,498.4930115,-0.000244243,411.5,2.22E+04,411.5,1.77E+04,411.5,1.44E+04,411.5,1.05E+04,411.5,6.07E+03,411.5,1.05E+02
697.9978638,-0.000740277,697.9978638,-0.001603519,697.9978638,0.000465472,697.9978638,-0.001271777,697.9978638,0.002522105,412,3.28E+03,412,2.79E+03,412,2.21E+03,412,1.95E+03,412,1.16E+03,497.9992676,0.000371545,497.9992676,0.000919095,497.9992676,-0.001138163,497.9992676,-0.000740742,497.9992676,8.85E-06,412,2.14E+04,412,1.71E+04,412,1.40E+04,412,1.01E+04,412,5.98E+03,412,1.01E+02
697.4938354,-0.000239948,697.4938354,-0.001933462,697.4938354,7.86E-05,697.4938354,-0.001478778,697.4938354,0.002805529,412.5,3.23E+03,412.5,2.89E+03,412.5,2.12E+03,412.5,1.95E+03,412.5,1.22E+03,497.5053711,-0.000104153,497.5053711,0.000349342,497.5053711,-0.000515808,497.5053711,-0.001030488,497.5053711,-1.09E-05,412.5,2.06E+04,412.5,1.65E+04,412.5,1.34E+04,412.5,9.87E+03,412.5,5.80E+03,412.5,9.98E+01
696.9896851,-0.00142269,696.9896851,-0.001655923,696.9896851,-0.00041765,696.9896851,-0.001785305,696.9896851,0.002702577,413,3.09E+03,413,2.69E+03,413,2.25E+03,413,1.90E+03,413,1.22E+03,497.0114441,-0.00010524,497.0114441,0.000513337,497.0114441,-0.001295987,497.0114441,-0.001076711,497.0114441,-2.26E-05,413,2.03E+04,413,1.60E+04,413,1.32E+04,413,9.76E+03,413,5.65E+03,413,8.98E+01
696.4855347,-0.000805755,696.4855347,-0.000825392,696.4855347,0.000478818,696.4855347,-0.000422771,696.4855347,0.00349358,413.5,3.14E+03,413.5,2.71E+03,413.5,2.11E+03,413.5,1.88E+03,413.5,1.13E+03,496.5174866,0.000359006,496.5174866,0.000442021,496.5174866,-0.001218553,496.5174866,-0.000862595,496.5174866,0.000461144,413.5,1.96E+04,413.5,1.58E+04,413.5,1.27E+04,413.5,9.32E+03,413.5,5.57E+03,413.5,1.02E+02
696.0172729,-0.001244469,696.0172729,-0.001874287,696.0172729,0.000515618,696.0172729,-0.001200226,696.0172729,0.003143421,414,3.05E+03,414,2.66E+03,414,2.21E+03,414,1.86E+03,414,1.15E+03,495.9855347,-2.79E-05,495.9855347,0.001194207,495.9855347,-0.001611772,495.9855347,-0.001427128,495.9855347,-0.000398771,414,1.92E+04,414,1.53E+04,414,1.25E+04,414,9.16E+03,414,5.42E+03,414,9.70E+01
695.5128784,-0.000402289,695.5128784,-0.002021589,695.5128784,-1.19E-05,695.5128784,-0.00121179,695.5128784,0.003488753,414.5,3.01E+03,414.5,2.69E+03,414.5,2.19E+03,414.5,1.80E+03,414.5,1.19E+03,495.4914246,-0.000111451,495.4914246,7.27E-05,495.4914246,-0.001838047,495.4914246,-0.001340221,495.4914246,-0.000683576,414.5,1.84E+04,414.5,1.48E+04,414.5,1.22E+04,414.5,8.86E+03,414.5,5.12E+03,414.5,9.47E+01
695.0085449,7.50E-05,695.0085449,-0.001251748,695.0085449,0.000649058,695.0085449,-0.000830042,695.0085449,0.002905092,415,2.98E+03,415,2.59E+03,415,2.04E+03,415,1.88E+03,415,1.13E+03,494.9973755,0.000182845,494.9973755,0.000599985,494.9973755,-0.001200845,494.9973755,-0.001376761,494.9973755,2.87E-05,415,1.81E+04,415,1.42E+04,415,1.17E+04,415,8.55E+03,415,4.97E+03,415,1.06E+02
694.5039673,0.000167566,694.5039673,-0.002130771,694.5039673,0.000593868,694.5039673,-0.000531786,694.5039673,0.002806545,415.5,2.99E+03,415.5,2.63E+03,415.5,1.98E+03,415.5,1.86E+03,415.5,1.16E+03,494.5031738,-0.000318229,494.5031738,0.00022682,494.5031738,-0.001855626,494.5031738,-0.001679853,494.5031738,-0.000651268,415.5,1.75E+04,415.5,1.42E+04,415.5,1.14E+04,415.5,8.37E+03,415.5,4.85E+03,415.5,9.46E+01
693.9994507,-0.00112009,693.9994507,-0.001925318,693.9994507,0.000668709,693.9994507,-0.000519066,693.9994507,0.002790627,416,3.00E+03,416,2.52E+03,416,2.00E+03,416,1.73E+03,416,1.19E+03,494.0088806,-0.00028755,494.0088806,0.000677031,494.0088806,-0.001218399,494.0088806,-0.000821878,494.0088806,-0.000146335,416,1.69E+04,416,1.34E+04,416,1.11E+04,416,7.99E+03,416,4.77E+03,416,1.00E+02
693.494751,-0.000838465,693.494751,-0.001554257,693.494751,-9.49E-05,693.494751,-0.001543887,693.494751,0.002565823,416.5,2.91E+03,416.5,2.51E+03,416.5,2.07E+03,416.5,1.77E+03,416.5,1.07E+03,493.514679,-0.00076095,493.514679,-0.000242898,493.514679,-0.001487343,493.514679,-0.001946502,493.514679,-0.000716398,416.5,1.65E+04,416.5,1.32E+04,416.5,1.06E+04,416.5,7.75E+03,416.5,4.57E+03,416.5,8.82E+01
692.9899902,-0.000709937,692.9899902,-0.001185872,692.9899902,0.001282393,692.9899902,-0.001429295,692.9899902,0.00405577,417,2.84E+03,417,2.43E+03,417,2.01E+03,417,1.77E+03,417,1.16E+03,492.9823303,-0.000155185,492.9823303,-1.87E-05,492.9823303,-0.001429037,492.9823303,-0.001394204,492.9823303,-0.000491814,417,1.62E+04,417,1.28E+04,417,1.05E+04,417,7.61E+03,417,4.50E+03,417,9.56E+01
692.4852295,-0.000663416,692.4852295,-0.001089829,692.4852295,0.0005236,692.4852295,-0.000799657,692.4852295,0.002719873,417.5,2.78E+03,417.5,2.38E+03,417.5,1.91E+03,417.5,1.71E+03,417.5,1.13E+03,492.4879761,0.000215192,492.4879761,0.000605429,492.4879761,-0.000875874,492.4879761,-0.001495031,492.4879761,-0.000205745,417.5,1.56E+04,417.5,1.25E+04,417.5,1.03E+04,417.5,7.46E+03,417.5,4.38E+03,417.5,9.78E+01
692.0163574,-0.000288584,692.0163574,-0.000869002,692.0163574,0.00134411,692.0163574,-0.000478627,692.0163574,0.002792633,418,2.75E+03,418,2.52E+03,418,1.94E+03,418,1.65E+03,418,1.07E+03,491.9934998,0.000136829,491.9934998,0.000693988,491.9934998,-0.001273687,491.9934998,-0.001172035,491.9934998,-0.000176506,418,1.52E+04,418,1.20E+04,418,9.96E+03,418,7.16E+03,418,4.22E+03,418,9.91E+01
691.5113525,-0.000501484,691.5113525,-0.00206915,691.5113525,-0.000802293,691.5113525,-0.002276235,691.5113525,0.003023106,418.5,2.71E+03,418.5,2.44E+03,418.5,1.88E+03,418.5,1.74E+03,418.5,1.11E+03,491.4990845,0.000110832,491.4990845,0.000639621,491.4990845,-0.000928623,491.4990845,-0.001105631,491.4990845,-0.000466318,418.5,1.47E+04,418.5,1.18E+04,418.5,9.68E+03,418.5,6.94E+03,418.5,4.04E+03,418.5,8.47E+01
691.0062866,-0.00053675,691.0062866,-0.001946347,691.0062866,0.000694221,691.0062866,-0.000692777,691.0062866,0.002387672,419,2.73E+03,419,2.40E+03,419,1.89E+03,419,1.67E+03,419,1.08E+03,491.0045166,-0.000644651,491.0045166,-3.31E-06,491.0045166,-0.001531919,491.0045166,-0.001584537,491.0045166,-0.000361683,419,1.43E+04,419,1.14E+04,419,9.25E+03,419,6.84E+03,419,4.00E+03,419,9.50E+01
690.5010986,-0.001700378,690.5010986,-0.00294575,690.5010986,-0.00034094,690.5010986,-0.002162711,690.5010986,0.001543316,419.5,2.83E+03,419.5,2.44E+03,419.5,1.88E+03,419.5,1.64E+03,419.5,1.10E+03,490.5099487,-0.000660987,490.5099487,0.000308152,490.5099487,-0.001443898,490.5099487,-0.000933015,490.5099487,-0.000242691,419.5,1.38E+04,419.5,1.10E+04,419.5,8.96E+03,419.5,6.66E+03,419.5,3.89E+03,419.5,9.42E+01
689.9958496,-0.00104655,689.9958496,-0.002524761,689.9958496,0.000253057,689.9958496,-0.002171417,689.9958496,0.001947516,420,2.79E+03,420,2.29E+03,420,1.89E+03,420,1.61E+03,420,1.01E+03,490.0153198,-0.000243933,490.0153198,0.000116502,490.0153198,-0.001295832,490.0153198,-0.001008536,490.0153198,-0.000103583,420,1.34E+04,420,1.09E+04,420,8.80E+03,420,6.47E+03,420,3.70E+03,420,9.55E+01
689.4905396,-0.001610483,689.4905396,-0.002532224,689.4905396,0.00086745,689.4905396,-0.001556784,689.4905396,0.001735467,420.5,2.58E+03,420.5,2.32E+03,420.5,1.84E+03,420.5,1.63E+03,420.5,9.68E+02,489.482605,0.000310561,489.482605,0.00096657,489.482605,-0.000905943,489.482605,-0.000581579,489.482605,0.000716493,420.5,1.30E+04,420.5,1.04E+04,420.5,8.65E+03,420.5,6.22E+03,420.5,3.65E+03,420.5,9.74E+01
688.9852295,-0.000512395,688.9852295,-0.00184181,688.9852295,4.12E-05,688.9852295,-0.001931761,688.9852295,0.002035231,421,2.67E+03,421,2.27E+03,421,1.77E+03,421,1.56E+03,421,9.98E+02,488.987915,-0.000336956,488.987915,0.000110469,488.987915,-0.000918653,488.987915,-0.001141416,488.987915,0.000174584,421,1.26E+04,421,1.02E+04,421,8.31E+03,421,6.15E+03,421,3.66E+03,421,8.19E+01
688.5158081,0.000134576,688.5158081,-0.000694741,688.5158081,0.001212559,688.5158081,-0.000633899,688.5158081,0.003183082,421.5,2.52E+03,421.5,2.23E+03,421.5,1.75E+03,421.5,1.57E+03,421.5,1.00E+03,488.4931335,-0.000940454,488.4931335,0.000291367,488.4931335,-0.001772312,488.4931335,-0.001355704,488.4931335,-0.000364166,421.5,1.23E+04,421.5,9.89E+03,421.5,8.11E+03,421.5,5.98E+03,421.5,3.47E+03,421.5,9.95E+01
688.0101929,-0.001293303,688.0101929,-0.002118922,688.0101929,-0.000101047,688.0101929,-0.001592842,688.0101929,0.002203662,422,2.60E+03,422,2.19E+03,422,1.73E+03,422,1.52E+03,422,9.41E+02,487.998291,0.000475112,487.998291,0.000616912,487.998291,-0.001240959,487.998291,-0.000812887,487.998291,4.53E-06,422,1.16E+04,422,9.50E+03,422,7.86E+03,422,5.66E+03,422,3.42E+03,422,8.47E+01
687.5045776,-0.000133862,687.5045776,-0.00228463,687.5045776,0.000121293,687.5045776,-0.00132675,687.5045776,0.002675827,422.5,2.47E+03,422.5,2.17E+03,422.5,1.74E+03,422.5,1.49E+03,422.5,9.99E+02,487.503418,-2.69E-05,487.503418,0.000468841,487.503418,-0.001305691,487.503418,-0.001250509,487.503418,-0.000616735,422.5,1.16E+04,422.5,9.31E+03,422.5,7.64E+03,422.5,5.56E+03,422.5,3.23E+03,422.5,9.48E+01
686.9989014,-0.000885639,686.9989014,-0.002143496,686.9989014,0.000541302,686.9989014,-0.000923664,686.9989014,0.003343664,423,2.51E+03,423,2.23E+03,423,1.71E+03,423,1.55E+03,423,9.66E+02,487.0085449,0.000970617,487.0085449,0.001527054,487.0085449,-0.000530804,487.0085449,-0.00049895,487.0085449,5.15E-05,423,1.12E+04,423,9.29E+03,423,7.43E+03,423,5.40E+03,423,3.26E+03,423,8.15E+01
686.493103,-0.000999135,686.493103,-0.001942481,686.493103,0.001057771,686.493103,-0.001293561,686.493103,0.003205769,423.5,2.57E+03,423.5,2.12E+03,423.5,1.67E+03,423.5,1.49E+03,423.5,9.83E+02,486.5134888,-0.000205641,486.5134888,0.000763063,486.5134888,-0.001237448,486.5134888,-0.00057858,486.5134888,-0.000269958,423.5,1.08E+04,423.5,8.84E+03,423.5,7.13E+03,423.5,5.19E+03,423.5,3.09E+03,423.5,7.41E+01
685.9871826,-0.000862078,685.9871826,-0.002910474,685.9871826,-0.000526564,685.9871826,-0.001349872,685.9871826,0.002398943,424,2.40E+03,424,2.14E+03,424,1.68E+03,424,1.50E+03,424,9.60E+02,486.0184631,3.11E-05,486.0184631,0.000488588,486.0184631,-0.001762876,486.0184631,-0.001431669,486.0184631,-0.000557071,424,1.03E+04,424,8.60E+03,424,6.82E+03,424,5.06E+03,424,3.01E+03,424,1.08E+02
685.5174561,-0.000888842,685.5174561,-0.002933872,685.5174561,0.000111609,685.5174561,-0.001932121,685.5174561,0.002286797,424.5,2.31E+03,424.5,2.10E+03,424.5,1.70E+03,424.5,1.44E+03,424.5,9.92E+02,485.4853516,0.000298801,485.4853516,0.00057015,485.4853516,-0.001078261,485.4853516,-0.000816245,485.4853516,2.20E-05,424.5,1.02E+04,424.5,8.29E+03,424.5,6.88E+03,424.5,5.05E+03,424.5,2.85E+03,424.5,9.81E+01
685.0113525,-0.000600398,685.0113525,-0.00182655,685.0113525,0.001202617,685.0113525,-0.000745239,685.0113525,0.002863425,425,2.38E+03,425,1.98E+03,425,1.57E+03,425,1.42E+03,425,9.58E+02,484.9902344,-0.00033618,484.9902344,0.000212964,484.9902344,-0.001472741,484.9902344,-0.00102837,484.9902344,-0.000137277,425,9.89E+03,425,8.07E+03,425,6.45E+03,425,4.80E+03,425,2.80E+03,425,8.41E+01
684.505249,-0.001412318,684.505249,-0.001817889,684.505249,2.44E-05,684.505249,-0.000989425,684.505249,0.001824231,425.5,2.38E+03,425.5,1.97E+03,425.5,1.62E+03,425.5,1.42E+03,425.5,8.86E+02,484.4950256,-0.000272235,484.4950256,0.000412274,484.4950256,-0.001349924,484.4950256,-0.001809846,484.4950256,-0.00074436,425.5,9.61E+03,425.5,7.76E+03,425.5,6.35E+03,425.5,4.66E+03,425.5,2.75E+03,425.5,7.90E+01
683.9990234,-0.001102171,683.9990234,-0.002649047,683.9990234,-0.000470611,683.9990234,-0.002135717,683.9990234,0.00201843,426,2.35E+03,426,2.03E+03,426,1.59E+03,426,1.42E+03,426,8.95E+02,483.9998474,0.000276887,483.9998474,0.000527825,483.9998474,-0.001275391,483.9998474,-0.001126441,483.9998474,3.09E-05,426,9.48E+03,426,7.72E+03,426,6.35E+03,426,4.45E+03,426,2.71E+03,426,7.31E+01
683.4927979,0.000220604,683.4927979,-0.001496269,683.4927979,0.000559342,683.4927979,-0.001169402,683.4927979,0.003361898,426.5,2.24E+03,426.5,2.03E+03,426.5,1.58E+03,426.5,1.46E+03,426.5,9.21E+02,483.5045776,0.000373488,483.5045776,0.00066845,483.5045776,-0.001630856,483.5045776,-0.001068345,483.5045776,0.000106922,426.5,9.06E+03,426.5,7.47E+03,426.5,6.07E+03,426.5,4.44E+03,426.5,2.58E+03,426.5,1.01E+02
682.9863892,-0.000960859,682.9863892,-0.002161475,682.9863892,0.000215658,682.9863892,-0.001542804,682.9863892,0.002868923,427,2.35E+03,427,1.91E+03,427,1.55E+03,427,1.44E+03,427,9.03E+02,483.0092468,0.000581762,483.0092468,0.001493286,483.0092468,-0.001001305,483.0092468,-0.00115102,483.0092468,0.000722975,427,8.87E+03,427,7.07E+03,427,5.97E+03,427,4.36E+03,427,2.51E+03,427,7.81E+01
682.5161133,-0.001200174,682.5161133,-0.001741013,682.5161133,1.13E-05,682.5161133,-0.000895817,682.5161133,0.002451551,427.5,2.24E+03,427.5,1.94E+03,427.5,1.44E+03,427.5,1.32E+03,427.5,8.58E+02,482.5138855,0.000154877,482.5138855,0.000420203,482.5138855,-0.001761999,482.5138855,-0.002079095,482.5138855,-0.000266233,427.5,8.58E+03,427.5,7.01E+03,427.5,5.85E+03,427.5,4.18E+03,427.5,2.55E+03,427.5,9.05E+01
682.0095825,-0.000749942,682.0095825,-0.001885319,682.0095825,0.000398801,682.0095825,-0.001176785,682.0095825,0.00291463,428,2.19E+03,428,1.91E+03,428,1.47E+03,428,1.36E+03,428,9.03E+02,482.0184937,0.000540965,482.0184937,0.000404942,482.0184937,-0.001489407,482.0184937,-0.001362259,482.0184937,0.00013411,428,8.40E+03,428,6.71E+03,428,5.64E+03,428,4.01E+03,428,2.44E+03,428,8.01E+01
681.5030518,7.22E-05,681.5030518,-0.001713322,681.5030518,0.00063314,681.5030518,-0.001169092,681.5030518,0.002882942,428.5,2.12E+03,428.5,1.87E+03,428.5,1.54E+03,428.5,1.29E+03,428.5,9.06E+02,481.4848938,2.82E-05,481.4848938,0.000647502,481.4848938,-0.00163751,481.4848938,-0.001861142,481.4848938,-0.000278702,428.5,8.17E+03,428.5,6.60E+03,428.5,5.33E+03,428.5,4.01E+03,428.5,2.36E+03,428.5,7.94E+01
680.9963989,-0.00070787,680.9963989,-0.001447303,680.9963989,0.000525907,680.9963989,-0.001047273,680.9963989,0.003185898,429,2.12E+03,429,1.88E+03,429,1.44E+03,429,1.31E+03,429,8.40E+02,480.9893188,0.000391728,480.9893188,0.000219802,480.9893188,-0.001099486,480.9893188,-0.001411956,480.9893188,-0.000336542,429,7.92E+03,429,6.51E+03,429,5.29E+03,429,3.85E+03,429,2.28E+03,429,7.21E+01
680.489624,-0.001851966,680.489624,-0.002387412,680.489624,-0.000647908,680.489624,-0.002390192,680.489624,0.001784226,429.5,2.11E+03,429.5,1.87E+03,429.5,1.51E+03,429.5,1.25E+03,429.5,8.52E+02,480.4937744,-0.000135207,480.4937744,0.000301858,480.4937744,-0.001510612,480.4937744,-0.001058326,480.4937744,-3.58E-05,429.5,7.60E+03,429.5,6.22E+03,429.5,5.11E+03,429.5,3.67E+03,429.5,2.24E+03,429.5,7.49E+01
679.9827881,-0.000624697,679.9827881,-0.001830881,679.9827881,-0.000724616,679.9827881,-0.001162173,679.9827881,0.002835649,430,2.05E+03,430,1.76E+03,430,1.40E+03,430,1.22E+03,430,8.41E+02,479.9981079,-0.000551332,479.9981079,0.000984782,479.9981079,-0.00126104,479.9981079,-0.001056415,479.9981079,-0.000230634,430,7.40E+03,430,6.03E+03,430,5.02E+03,430,3.72E+03,430,2.18E+03,430,7.63E+01
679.5120239,-0.001008381,679.5120239,-0.00237557,679.5120239,-0.00043477,679.5120239,-0.001509838,679.5120239,0.002518772,430.5,2.05E+03,430.5,1.75E+03,430.5,1.37E+03,430.5,1.32E+03,430.5,8.41E+02,479.5025024,5.98E-06,479.5025024,0.000263314,479.5025024,-0.001006005,479.5025024,-0.001061166,479.5025024,0.000112567,430.5,7.11E+03,430.5,5.93E+03,430.5,4.89E+03,430.5,3.50E+03,430.5,2.11E+03,430.5,6.91E+01
679.0050659,-0.001778189,679.0050659,-0.002806632,679.0050659,-0.000872206,679.0050659,-0.001636117,679.0050659,0.001608682,431,2.05E+03,431,1.74E+03,431,1.40E+03,431,1.23E+03,431,8.42E+02,479.0067444,0.000194318,479.0067444,0.000706381,479.0067444,-0.000974909,479.0067444,-0.000944741,479.0067444,-0.000105912,431,7.03E+03,431,5.81E+03,431,4.63E+03,431,3.34E+03,431,2.03E+03,431,9.09E+01
678.4979858,-0.001555237,678.4979858,-0.002108102,678.4979858,-0.00025961,678.4979858,-0.001209622,678.4979858,0.002807405,431.5,1.99E+03,431.5,1.84E+03,431.5,1.39E+03,431.5,1.24E+03,431.5,8.37E+02,478.5109863,0.000401729,478.5109863,0.000826419,478.5109863,-0.001049856,478.5109863,-0.000313521,478.5109863,0.000251166,431.5,6.96E+03,431.5,5.53E+03,431.5,4.48E+03,431.5,3.34E+03,431.5,1.96E+03,431.5,8.29E+01
677.9908447,-0.000159325,677.9908447,-0.001639625,677.9908447,0.000643406,677.9908447,-0.001914494,677.9908447,0.002664523,432,2.01E+03,432,1.72E+03,432,1.39E+03,432,1.27E+03,432,7.66E+02,478.0151978,-0.000243415,478.0151978,0.000202553,478.0151978,-0.001779478,478.0151978,-0.001435281,478.0151978,-0.0004492,432,6.49E+03,432,5.51E+03,432,4.42E+03,432,3.28E+03,432,1.87E+03,432,7.11E+01
677.4836426,-0.001250767,677.4836426,-0.00344133,677.4836426,-0.000480592,677.4836426,-0.001859286,677.4836426,0.001674838,432.5,2.02E+03,432.5,1.67E+03,432.5,1.40E+03,432.5,1.22E+03,432.5,7.66E+02,477.4812012,0.000108295,477.4812012,0.001305292,477.4812012,-0.000793405,477.4812012,-0.000647598,477.4812012,-0.000203675,432.5,6.43E+03,432.5,5.35E+03,432.5,4.35E+03,432.5,3.19E+03,432.5,1.78E+03,432.5,7.54E+01
677.0125122,-0.000653439,677.0125122,-0.000934771,677.0125122,0.000981098,677.0125122,-0.001397197,677.0125122,0.003423807,433,1.92E+03,433,1.69E+03,433,1.38E+03,433,1.22E+03,433,7.92E+02,476.98526,-8.36E-05,476.98526,0.001162203,476.98526,-0.000989425,476.98526,-0.001108677,476.98526,1.11E-05,433,6.33E+03,433,5.17E+03,433,4.23E+03,433,3.06E+03,433,1.86E+03,433,9.21E+01
676.505188,-0.000844201,676.505188,-0.001834851,676.505188,-1.92E-06,676.505188,-0.001706979,676.505188,0.002606603,433.5,1.91E+03,433.5,1.63E+03,433.5,1.28E+03,433.5,1.18E+03,433.5,7.64E+02,476.4892578,-0.000766997,476.4892578,0.000152521,476.4892578,-0.001632404,476.4892578,-0.001152724,476.4892578,-0.000925782,433.5,6.09E+03,433.5,4.85E+03,433.5,4.12E+03,433.5,3.01E+03,433.5,1.77E+03,433.5,7.54E+01
675.9976807,-0.000803327,675.9976807,-0.002030659,675.9976807,-0.000224477,675.9976807,-0.001172035,675.9976807,0.001934697,434,1.92E+03,434,1.61E+03,434,1.37E+03,434,1.20E+03,434,7.76E+02,475.9932556,-0.000279789,475.9932556,0.00036968,475.9932556,-0.001558383,475.9932556,-0.000636535,475.9932556,-1.00E-05,434,5.89E+03,434,4.86E+03,434,4.02E+03,434,2.97E+03,434,1.61E+03,434,9.07E+01
675.4901123,-0.000173815,675.4901123,-0.002080743,675.4901123,-0.00013469,675.4901123,-0.002357702,675.4901123,0.002325026,434.5,1.95E+03,434.5,1.64E+03,434.5,1.28E+03,434.5,1.16E+03,434.5,7.19E+02,475.4971619,0.000298205,475.4971619,0.001158647,475.4971619,-0.000701667,475.4971619,-0.000622577,475.4971619,0.000122717,434.5,5.84E+03,434.5,4.70E+03,434.5,3.95E+03,434.5,2.84E+03,434.5,1.74E+03,434.5,8.91E+01
674.9825439,-0.000267578,674.9825439,-0.001747922,674.9825439,0.000609732,674.9825439,-0.002046839,674.9825439,0.002348813,435,1.81E+03,435,1.60E+03,435,1.26E+03,435,1.09E+03,435,7.85E+02,475.0011292,-0.000525478,475.0011292,0.000145762,475.0011292,-0.001462422,475.0011292,-0.001193359,475.0011292,-8.20E-05,435,5.61E+03,435,4.54E+03,435,3.78E+03,435,2.75E+03,435,1.64E+03,435,7.77E+01
674.5111084,-0.001078932,674.5111084,-0.002015509,674.5111084,0.000538814,674.5111084,-0.00153424,674.5111084,0.002993756,435.5,1.79E+03,435.5,1.58E+03,435.5,1.24E+03,435.5,1.10E+03,435.5,7.91E+02,474.5049438,-0.000339802,474.5049438,0.000889783,474.5049438,-0.001183652,474.5049438,-0.001023825,474.5049438,0.000268339,435.5,5.47E+03,435.5,4.49E+03,435.5,3.74E+03,435.5,2.66E+03,435.5,1.62E+03,435.5,8.06E+01
674.0033569,-0.001110278,674.0033569,-0.003127489,674.0033569,0.000174947,674.0033569,-0.001778653,674.0033569,0.001963066,436,1.84E+03,436,1.59E+03,436,1.28E+03,436,1.06E+03,436,7.28E+02,474.0086975,-0.00039753,474.0086975,0.000573857,474.0086975,-0.000979558,474.0086975,-0.001242198,474.0086975,0.000263029,436,5.23E+03,436,4.34E+03,436,3.52E+03,436,2.58E+03,436,1.48E+03,436,8.05E+01
673.4954834,-0.001365355,673.4954834,-0.002493619,673.4954834,-0.000616839,673.4954834,-0.001923308,673.4954834,0.001797327,436.5,1.82E+03,436.5,1.58E+03,436.5,1.19E+03,436.5,1.11E+03,436.5,7.61E+02,473.5124512,-0.000264371,473.5124512,0.000470707,473.5124512,-0.001472535,473.5124512,-0.001350182,473.5124512,-0.000220389,436.5,5.11E+03,436.5,4.22E+03,436.5,3.41E+03,436.5,2.58E+03,436.5,1.48E+03,436.5,9.14E+01
672.9875488,-0.001634776,672.9875488,-0.002405124,672.9875488,-0.00035051,672.9875488,-0.001952583,672.9875488,0.002386892,437,1.75E+03,437,1.55E+03,437,1.21E+03,437,1.05E+03,437,7.32E+02,473.0161743,-2.52E-05,473.0161743,0.000508983,473.0161743,-0.00101866,473.0161743,-0.000697998,473.0161743,-0.000353303,437,5.07E+03,437,4.15E+03,437,3.43E+03,437,2.48E+03,437,1.46E+03,437,7.17E+01
672.5158081,-0.000740742,672.5158081,-0.002400696,672.5158081,0.000137968,672.5158081,-0.002155448,672.5158081,0.003087418,437.5,1.74E+03,437.5,1.50E+03,437.5,1.22E+03,437.5,1.16E+03,437.5,6.85E+02,472.4815979,-0.000133913,472.4815979,0.000396184,472.4815979,-0.000966851,472.4815979,-0.001292116,472.4815979,-0.000167191,437.5,4.90E+03,437.5,4.04E+03,437.5,3.28E+03,437.5,2.43E+03,437.5,1.42E+03,437.5,8.84E+01
672.0076904,-0.000195343,672.0076904,-0.002245024,672.0076904,-4.09E-05,672.0076904,-0.00159212,672.0076904,0.002772416,438,1.68E+03,438,1.51E+03,438,1.20E+03,438,1.07E+03,438,7.11E+02,471.9852295,-0.0004462,471.9852295,0.000537181,471.9852295,-0.001421503,471.9852295,-0.000522323,471.9852295,-0.000178318,438,4.80E+03,438,3.93E+03,438,3.16E+03,438,2.40E+03,438,1.34E+03,438,7.98E+01
671.4995117,-0.001570093,671.4995117,-0.002772012,671.4995117,-0.000893544,671.4995117,-0.002409654,671.4995117,0.002117344,438.5,1.72E+03,438.5,1.53E+03,438.5,1.16E+03,438.5,1.10E+03,438.5,6.93E+02,471.4888,-0.000558105,471.4888,-0.000165535,471.4888,-0.001837686,471.4888,-0.000864249,471.4888,-0.000981211,438.5,4.63E+03,438.5,3.77E+03,438.5,3.08E+03,438.5,2.31E+03,438.5,1.32E+03,438.5,7.90E+01
670.991272,-0.001366646,670.991272,-0.002071675,670.991272,-0.000501277,670.991272,-0.001749624,670.991272,0.002272068,439,1.65E+03,439,1.37E+03,439,1.15E+03,439,1.02E+03,439,7.04E+02,470.9923096,0.000251736,470.9923096,0.000791926,470.9923096,-0.001301458,470.9923096,-0.000551228,470.9923096,0.000105835,439,4.58E+03,439,3.63E+03,439,2.98E+03,439,2.24E+03,439,1.35E+03,439,8.33E+01
670.4829102,-0.00172477,670.4829102,-0.002090533,670.4829102,5.16E-05,670.4829102,-0.001942275,670.4829102,0.002139898,439.5,1.64E+03,439.5,1.49E+03,439.5,1.12E+03,439.5,1.02E+03,439.5,7.18E+02,470.495697,0.000462414,470.495697,0.000859695,470.495697,-0.001402771,470.495697,-0.000772216,470.495697,6.25E-05,439.5,4.38E+03,439.5,3.61E+03,439.5,3.08E+03,439.5,2.14E+03,439.5,1.28E+03,439.5,6.88E+01
670.0108643,-0.000390806,670.0108643,-0.001509116,670.0108643,-0.000251384,670.0108643,-0.00162575,670.0108643,0.003563207,440,1.59E+03,440,1.39E+03,440,1.15E+03,440,1.02E+03,440,6.76E+02,469.9991455,0.000287041,469.9991455,0.00045959,469.9991455,-0.001526657,469.9991455,-0.000891632,469.9991455,-0.000669309,440,4.36E+03,440,3.60E+03,440,2.87E+03,440,2.03E+03,440,1.27E+03,440,7.25E+01
669.5023804,-0.00119341,669.5023804,-0.003039688,669.5023804,0.000385017,669.5023804,-0.001820364,669.5023804,0.001895281,440.5,1.62E+03,440.5,1.40E+03,440.5,1.05E+03,440.5,9.66E+02,440.5,6.66E+02,469.5024719,0.000630729,469.5024719,0.000544542,469.5024719,-0.001275649,469.5024719,-0.000989683,469.5024719,-5.94E-05,440.5,4.13E+03,440.5,3.32E+03,440.5,2.82E+03,440.5,2.06E+03,440.5,1.21E+03,440.5,6.81E+01
668.9938354,-0.001100002,668.9938354,-0.001665206,668.9938354,-6.60E-05,668.9938354,-0.001584227,668.9938354,0.002433199,441,1.54E+03,441,1.38E+03,441,1.12E+03,441,9.96E+02,441,6.31E+02,469.0058594,-5.17E-05,469.0058594,0.000230265,469.0058594,-0.001396423,469.0058594,-0.000600295,469.0058594,-0.000167295,441,4.08E+03,441,3.23E+03,441,2.70E+03,441,2.04E+03,441,1.18E+03,441,6.67E+01
668.4851685,-0.000996243,668.4851685,-0.003082409,668.4851685,-0.000782449,668.4851685,-0.002553996,668.4851685,0.002058794,441.5,1.65E+03,441.5,1.36E+03,441.5,1.07E+03,441.5,1.03E+03,441.5,6.63E+02,468.5090332,-0.000560018,468.5090332,-0.000472059,468.5090332,-0.001520569,468.5090332,-0.001336453,468.5090332,-0.000588403,441.5,3.84E+03,441.5,3.28E+03,441.5,2.63E+03,441.5,1.89E+03,441.5,1.19E+03,441.5,7.48E+01
668.0127563,-0.001374026,668.0127563,-0.002444869,668.0127563,-0.000770873,668.0127563,-0.001515822,668.0127563,0.002486462,442,1.58E+03,442,1.40E+03,442,1.08E+03,442,9.56E+02,442,6.82E+02,468.0122681,0.000124711,468.0122681,0.000600322,468.0122681,-0.001198625,468.0122681,-0.001368297,468.0122681,5.45E-05,442,3.87E+03,442,3.20E+03,442,2.62E+03,442,1.88E+03,442,1.11E+03,442,7.85E+01
667.5040894,-0.000683938,667.5040894,-0.001241785,667.5040894,-0.000100374,667.5040894,-0.000712315,667.5040894,0.002982522,442.5,1.47E+03,442.5,1.30E+03,442.5,1.11E+03,442.5,9.76E+02,442.5,6.43E+02,467.5154419,0.000536378,467.5154419,0.000976947,467.5154419,-0.000735729,467.5154419,-0.000793921,467.5154419,0.000278648,442.5,3.82E+03,442.5,3.16E+03,442.5,2.57E+03,442.5,1.82E+03,442.5,1.12E+03,442.5,7.99E+01
666.9951782,-0.001673819,666.9951782,-0.003349071,666.9951782,-0.000538663,666.9951782,-0.002670299,666.9951782,0.002224061,443,1.47E+03,443,1.33E+03,443,1.06E+03,443,9.57E+02,443,6.33E+02,467.0185852,0.0008536,467.0185852,0.001041994,467.0185852,-0.000538767,467.0185852,-0.000503501,467.0185852,0.000287222,443,3.66E+03,443,3.05E+03,443,2.52E+03,443,1.80E+03,443,1.07E+03,443,7.27E+01
666.4862061,-0.000231048,666.4862061,-0.002227615,666.4862061,-0.000201967,666.4862061,-0.001573808,666.4862061,0.002220965,443.5,1.48E+03,443.5,1.30E+03,443.5,1.00E+03,443.5,9.14E+02,443.5,6.37E+02,466.483429,0.00035714,466.483429,0.000842343,466.483429,-0.000775524,466.483429,-0.000397737,466.483429,-0.000219716,443.5,3.53E+03,443.5,3.00E+03,443.5,2.36E+03,443.5,1.77E+03,443.5,1.03E+03,443.5,5.81E+01
666.0135498,-0.000326455,666.0135498,-0.001956449,666.0135498,0.000409346,666.0135498,-0.00165716,666.0135498,0.002835727,444,1.44E+03,444,1.23E+03,444,1.06E+03,444,8.81E+02,444,6.28E+02,465.9863586,0.000399967,465.9863586,0.00091881,465.9863586,-0.001241682,465.9863586,-0.00138316,465.9863586,-0.000347923,444,3.53E+03,444,2.92E+03,444,2.38E+03,444,1.72E+03,444,1.04E+03,444,6.68E+01
665.5044556,-0.000989734,665.5044556,-0.002430814,665.5044556,2.48E-05,665.5044556,-0.002010974,665.5044556,0.002584181,444.5,1.45E+03,444.5,1.28E+03,444.5,1.01E+03,444.5,9.28E+02,444.5,6.19E+02,465.4894104,0.000162983,465.4894104,0.000663446,465.4894104,-0.001124066,465.4894104,-0.001409995,465.4894104,-0.000457475,444.5,3.41E+03,444.5,2.74E+03,444.5,2.23E+03,444.5,1.66E+03,444.5,9.47E+02,444.5,7.78E+01
664.9953003,-0.001866349,664.9953003,-0.002326446,664.9953003,0.000135534,664.9953003,-0.001865008,664.9953003,0.002781378,445,1.41E+03,445,1.18E+03,445,9.58E+02,445,9.24E+02,445,6.03E+02,464.9922791,0.000263599,464.9922791,0.000501986,464.9922791,-0.001498178,464.9922791,-0.001300994,464.9922791,0.000237931,445,3.26E+03,445,2.70E+03,445,2.20E+03,445,1.59E+03,445,9.69E+02,445,7.13E+01
664.4859619,-0.001691817,664.4859619,-0.002933306,664.4859619,3.45E-05,664.4859619,-0.00180732,664.4859619,0.002490472,445.5,1.39E+03,445.5,1.23E+03,445.5,9.94E+02,445.5,9.06E+02,445.5,6.03E+02,464.4952393,0.000775329,464.4952393,0.000743356,464.4952393,-0.000469318,464.4952393,-0.000720171,464.4952393,0.000539255,445.5,3.22E+03,445.5,2.68E+03,445.5,2.14E+03,445.5,1.58E+03,445.5,9.28E+02,445.5,7.41E+01
664.0130615,-0.000568188,664.0130615,-0.001256859,664.0130615,0.001564697,664.0130615,-0.000881764,664.0130615,0.002857822,446,1.39E+03,446,1.20E+03,446,1.02E+03,446,8.75E+02,446,5.71E+02,463.9980164,-0.000626609,463.9980164,9.89E-06,463.9980164,-0.002255943,463.9980164,-0.00208502,463.9980164,-0.001208125,446,3.06E+03,446,2.58E+03,446,2.12E+03,446,1.58E+03,446,9.35E+02,446,6.89E+01
663.5036621,-0.000608722,663.5036621,-0.001433268,663.5036621,0.000866491,663.5036621,-0.00114818,663.5036621,0.003002592,446.5,1.35E+03,446.5,1.21E+03,446.5,9.27E+02,446.5,8.98E+02,446.5,5.64E+02,463.500824,-0.000195913,463.500824,-1.56E-05,463.500824,-0.001248238,463.500824,-0.001206576,463.500824,-0.000405185,446.5,3.03E+03,446.5,2.55E+03,446.5,2.11E+03,446.5,1.46E+03,446.5,8.78E+02,446.5,7.48E+01
662.9942017,-0.000170452,662.9942017,-0.001768135,662.9942017,0.000232026,662.9942017,-0.00105657,662.9942017,0.004046651,447,1.35E+03,447,1.19E+03,447,9.63E+02,447,8.71E+02,447,5.81E+02,463.0035706,-0.000836088,463.0035706,0.000101045,463.0035706,-0.001171106,463.0035706,-0.001316427,463.0035706,-0.000575271,447,3.03E+03,447,2.46E+03,447,1.99E+03,447,1.44E+03,447,9.02E+02,447,7.63E+01
662.4845581,-0.002025712,662.4845581,-0.002915976,662.4845581,-0.0002697,662.4845581,-0.00177556,662.4845581,0.002846436,447.5,1.33E+03,447.5,1.16E+03,447.5,9.32E+02,447.5,8.81E+02,447.5,5.87E+02,462.5062561,0.000339731,462.5062561,0.00011948,462.5062561,-0.001943615,462.5062561,-0.001225936,462.5062561,-0.00073852,447.5,2.94E+03,447.5,2.34E+03,447.5,1.91E+03,447.5,1.44E+03,447.5,8.39E+02,447.5,6.39E+01
662.0113525,-0.000879026,662.0113525,-0.002847575,662.0113525,-0.000409013,662.0113525,-0.0022579,662.0113525,0.002526636,448,1.36E+03,448,1.18E+03,448,9.50E+02,448,8.85E+02,448,5.25E+02,462.0088501,0.000103142,462.0088501,0.000243629,462.0088501,-0.001167646,462.0088501,-0.00099991,462.0088501,-0.000307313,448,2.72E+03,448,2.34E+03,448,1.87E+03,448,1.34E+03,448,8.19E+02,448,7.70E+01
661.5015869,-0.000508672,661.5015869,-0.001618787,661.5015869,0.00030994,661.5015869,-0.001141623,661.5015869,0.003245305,448.5,1.26E+03,448.5,1.12E+03,448.5,9.03E+02,448.5,8.14E+02,448.5,5.74E+02,461.5115051,-6.70E-05,461.5115051,0.000319524,461.5115051,-0.001850935,461.5115051,-0.00141851,461.5115051,-0.001046137,448.5,2.64E+03,448.5,2.21E+03,448.5,1.82E+03,448.5,1.36E+03,448.5,8.17E+02,448.5,7.56E+01
660.9918213,-0.001220567,660.9918213,-0.002369494,660.9918213,-0.000459388,660.9918213,-0.001741477,660.9918213,0.002391446,449,1.34E+03,449,1.08E+03,449,9.28E+02,449,8.00E+02,449,5.43E+02,461.0140076,0.000435154,461.0140076,0.000404113,461.0140076,-0.002105062,461.0140076,-0.001278695,461.0140076,-0.000581579,449,2.66E+03,449,2.24E+03,449,1.80E+03,449,1.31E+03,449,7.80E+02,449,7.92E+01
660.4819946,-0.001105941,660.4819946,-0.002645034,660.4819946,-0.000645995,660.4819946,-0.002543496,660.4819946,0.002345013,449.5,1.23E+03,449.5,1.10E+03,449.5,9.26E+02,449.5,8.33E+02,449.5,5.69E+02,460.51651,0.000459719,460.51651,0.00010032,460.51651,-0.001975054,460.51651,-0.001023102,460.51651,-0.00055583,449.5,2.58E+03,449.5,2.11E+03,449.5,1.74E+03,449.5,1.34E+03,449.5,7.67E+02,449.5,6.40E+01
660.0084839,-0.00200412,660.0084839,-0.002261505,660.0084839,-0.000468801,660.0084839,-0.001725182,660.0084839,0.002432106,450,1.23E+03,450,1.07E+03,450,8.84E+02,450,8.47E+02,450,5.38E+02,460.0189514,-2.83E-05,460.0189514,0.000149025,460.0189514,-0.001899288,460.0189514,-0.001545074,460.0189514,-0.000328369,450,2.59E+03,450,2.09E+03,450,1.79E+03,450,1.25E+03,450,7.30E+02,450,7.43E+01
659.4984131,-0.001311111,659.4984131,-0.002939734,659.4984131,1.96E-05,659.4984131,-0.002185429,659.4984131,0.001769463,450.5,1.32E+03,450.5,1.05E+03,450.5,8.60E+02,450.5,7.79E+02,450.5,5.08E+02,459.4830933,-9.33E-05,459.4830933,0.000658313,459.4830933,-0.001043968,459.4830933,-0.000880369,459.4830933,-0.000236896,450.5,2.47E+03,450.5,2.06E+03,450.5,1.74E+03,450.5,1.20E+03,450.5,7.35E+02,450.5,7.00E+01
658.9883423,-0.000803327,658.9883423,-0.001733433,658.9883423,0.000439429,658.9883423,-0.001350285,658.9883423,0.002801178,451,1.20E+03,451,1.11E+03,451,8.67E+02,451,8.81E+02,451,5.18E+02,458.9854431,-9.59E-05,458.9854431,0.000706459,458.9854431,-0.001007348,458.9854431,-0.001217469,458.9854431,-3.31E-06,451,2.39E+03,451,2.02E+03,451,1.62E+03,451,1.23E+03,451,7.78E+02,451,7.08E+01
658.5145874,-0.000970209,658.5145874,-0.001943409,658.5145874,3.17E-05,658.5145874,-0.001628845,658.5145874,0.002870721,451.5,1.22E+03,451.5,1.07E+03,451.5,8.79E+02,451.5,8.13E+02,451.5,5.07E+02,458.487793,-0.000282324,458.487793,0.000833707,458.487793,-0.00141464,458.487793,-0.000367529,458.487793,5.06E-05,451.5,2.32E+03,451.5,1.96E+03,451.5,1.56E+03,451.5,1.26E+03,451.5,6.86E+02,451.5,5.40E+01
658.0043335,-0.00124101,658.0043335,-0.002488986,658.0043335,-0.000403065,658.0043335,-0.001567617,658.0043335,0.001642902,452,1.14E+03,452,1.03E+03,452,8.57E+02,452,7.64E+02,452,4.89E+02,457.9899902,-0.000264319,457.9899902,0.000886852,457.9899902,-0.001436519,457.9899902,-0.001268629,457.9899902,-0.000118749,452,2.27E+03,452,1.94E+03,452,1.59E+03,452,1.14E+03,452,7.16E+02,452,5.04E+01
657.4940796,-0.000840015,657.4940796,-0.001679646,657.4940796,-8.67E-05,657.4940796,-0.001350027,657.4940796,0.002723859,452.5,1.14E+03,452.5,1.00E+03,452.5,7.97E+02,452.5,7.99E+02,452.5,5.02E+02,457.492218,7.01E-05,457.492218,0.000890976,457.492218,-0.001617446,457.492218,-0.001669796,457.492218,-2.17E-06,452.5,2.26E+03,452.5,1.89E+03,452.5,1.47E+03,452.5,1.13E+03,452.5,6.91E+02,452.5,6.80E+01
656.9836426,-0.001210087,656.9836426,-0.00152062,656.9836426,0.000380431,656.9836426,-0.001273739,656.9836426,0.002944522,453,1.16E+03,453,1.03E+03,453,8.15E+02,453,7.66E+02,453,5.36E+02,456.9944153,0.0008709,456.9944153,0.000761404,456.9944153,-0.000633382,456.9944153,-0.001105063,456.9944153,-0.000454941,453,2.22E+03,453,1.80E+03,453,1.51E+03,453,1.12E+03,453,6.67E+02,453,6.94E+01
656.5095825,-0.00091576,656.5095825,-0.002340452,656.5095825,-0.000374046,656.5095825,-0.001621211,656.5095825,0.002297675,453.5,1.16E+03,453.5,9.78E+02,453.5,8.00E+02,453.5,7.74E+02,453.5,5.35E+02,456.4964905,0.000325198,456.4964905,0.000442513,456.4964905,-0.000835675,456.4964905,-0.001135633,456.4964905,-0.000419719,453.5,2.10E+03,453.5,1.84E+03,453.5,1.50E+03,453.5,1.05E+03,453.5,6.91E+02,453.5,5.41E+01
655.9990234,-0.00119816,655.9990234,-0.003058453,655.9990234,8.95E-05,655.9990234,-0.001755554,655.9990234,0.002905092,454,1.13E+03,454,1.00E+03,454,7.67E+02,454,7.39E+02,454,5.33E+02,455.9985962,-0.000317867,455.9985962,9.62E-05,455.9985962,-0.000936889,455.9985962,-0.001840418,455.9985962,-0.000975168,454,2.10E+03,454,1.75E+03,454,1.40E+03,454,1.08E+03,454,6.23E+02,454,5.71E+01
655.4884644,-0.000634984,655.4884644,-0.001673664,655.4884644,0.000403672,655.4884644,-0.001224181,655.4884644,0.003350055,454.5,1.11E+03,454.5,1.01E+03,454.5,7.37E+02,454.5,7.51E+02,454.5,4.76E+02,455.5006104,-0.000306071,455.5006104,0.001009431,455.5006104,-0.00090243,455.5006104,-0.000529925,455.5006104,-8.56E-05,454.5,2.05E+03,454.5,1.68E+03,454.5,1.39E+03,454.5,1.04E+03,454.5,6.06E+02,454.5,6.88E+01
655.0141602,-0.001332531,655.0141602,-0.001461287,655.0141602,0.000214518,655.0141602,-0.001300736,655.0141602,0.002373825,455,1.06E+03,455,1.01E+03,455,7.79E+02,455,7.83E+02,455,4.91E+02,455.002594,6.75E-05,455.002594,0.001340293,455.002594,-0.000479351,455.002594,-0.00095559,455.002594,0.000126135,455,2.04E+03,455,1.71E+03,455,1.28E+03,455,9.99E+02,455,5.95E+02,455,6.01E+01
654.503418,-0.001635395,654.503418,-0.002092439,654.503418,-8.67E-05,654.503418,-0.002247496,654.503418,0.002328201,455.5,1.10E+03,455.5,9.97E+02,455.5,7.65E+02,455.5,6.85E+02,455.5,4.63E+02,454.5045166,0.000196182,454.5045166,0.001314484,454.5045166,-0.001010757,454.5045166,-0.000913435,454.5045166,-0.000482505,455.5,1.84E+03,455.5,1.58E+03,455.5,1.33E+03,455.5,9.62E+02,455.5,5.87E+02,455.5,7.70E+01
653.9925537,-0.001361536,653.9925537,-0.00150019,653.9925537,-0.000811698,653.9925537,-0.001604087,653.9925537,0.003111117,456,1.03E+03,456,9.49E+02,456,7.68E+02,456,7.28E+02,456,5.09E+02,454.0064392,-0.000382943,454.0064392,0.000629796,454.0064392,-0.001448903,454.0064392,-0.001059772,454.0064392,-0.000548643,456,1.89E+03,456,1.56E+03,456,1.26E+03,456,9.62E+02,456,5.92E+02,456,5.95E+01
653.5181274,-0.000838103,653.5181274,-0.001351318,653.5181274,0.000497347,653.5181274,-0.000154822,653.5181274,0.003375151,456.5,1.03E+03,456.5,9.83E+02,456.5,7.06E+02,456.5,7.10E+02,456.5,4.88E+02,453.5082703,-0.00039303,453.5082703,0.000822088,453.5082703,-0.000775472,453.5082703,-0.000392668,453.5082703,0.000404838,456.5,1.90E+03,456.5,1.57E+03,456.5,1.26E+03,456.5,9.50E+02,456.5,5.73E+02,456.5,6.10E+01
653.0070801,-0.000432494,653.0070801,-0.00191336,653.0070801,0.000519194,653.0070801,-0.001804484,653.0070801,0.003186289,457,1.00E+03,457,9.16E+02,457,7.62E+02,457,6.78E+02,457,4.76E+02,453.0101318,0.000307064,453.0101318,0.001141906,453.0101318,-0.001474754,453.0101318,-0.000988908,453.0101318,0.000182405,457,1.83E+03,457,1.50E+03,457,1.17E+03,457,8.88E+02,457,5.49E+02,457,8.61E+01
652.4959717,-0.001520569,652.4959717,-0.002970895,652.4959717,-0.000972792,652.4959717,-0.001663195,652.4959717,0.00270763,457.5,1.07E+03,457.5,8.49E+02,457.5,7.48E+02,457.5,6.96E+02,457.5,4.80E+02,452.5118103,0.00017909,452.5118103,0.000261242,452.5118103,-0.001767568,452.5118103,-0.001494154,452.5118103,-0.000251539,457.5,1.80E+03,457.5,1.46E+03,457.5,1.16E+03,457.5,9.32E+02,457.5,5.15E+02,457.5,5.95E+01
651.9848633,-0.001246896,651.9848633,-0.002230963,651.9848633,-0.000187167,651.9848633,-0.001598309,651.9848633,0.003020213,458,1.04E+03,458,8.97E+02,458,7.12E+02,458,7.23E+02,458,4.65E+02,452.0135498,0.000397765,452.0135498,0.000374472,452.0135498,-0.001659275,452.0135498,-0.001578141,452.0135498,0.000133592,458,1.74E+03,458,1.46E+03,458,1.19E+03,458,8.54E+02,458,5.31E+02,458,8.31E+01
651.5101318,-0.001909236,651.5101318,-0.003097059,651.5101318,-0.000827769,651.5101318,-0.001620076,651.5101318,0.002334369,458.5,1.04E+03,458.5,8.31E+02,458.5,7.63E+02,458.5,6.93E+02,458.5,4.94E+02,451.5151978,-3.11E-06,451.5151978,0.000661165,451.5151978,-0.000858617,451.5151978,-0.001467014,451.5151978,-0.000380305,458.5,1.61E+03,458.5,1.43E+03,458.5,1.12E+03,458.5,8.22E+02,458.5,5.47E+02,458.5,6.18E+01
650.9988403,-0.00185908,650.9988403,-0.002656766,650.9988403,9.94E-05,650.9988403,-0.002584464,650.9988403,0.002761475,459,9.60E+02,459,8.82E+02,459,6.79E+02,459,6.96E+02,459,4.42E+02,451.0168457,0.000146332,451.0168457,0.000593919,451.0168457,-0.00229117,451.0168457,-0.001876659,451.0168457,-0.000640309,459,1.60E+03,459,1.39E+03,459,1.11E+03,459,8.76E+02,459,5.25E+02,459,7.58E+01
650.4874878,-0.001365872,650.4874878,-0.003202784,650.4874878,0.000382116,650.4874878,-0.001720489,650.4874878,0.002107408,459.5,9.66E+02,459.5,8.15E+02,459.5,7.21E+02,459.5,6.78E+02,459.5,4.07E+02,450.5183716,-9.78E-05,450.5183716,0.001170379,450.5183716,-0.001378,450.5183716,-0.001555959,450.5183716,-0.000239793,459.5,1.54E+03,459.5,1.34E+03,459.5,1.06E+03,459.5,7.83E+02,459.5,4.84E+02,459.5,6.71E+01
650.0125122,-0.001376297,650.0125122,-0.003011257,650.0125122,-0.00030395,650.0125122,-0.001791286,650.0125122,0.002162739,460,9.50E+02,460,8.29E+02,460,6.94E+02,460,6.20E+02,460,4.31E+02,449.9815674,2.26E-05,449.9815674,0.000392738,449.9815674,-0.001252987,449.9815674,-0.001346105,449.9815674,-0.000331369,460,1.54E+03,460,1.28E+03,460,1.06E+03,460,8.17E+02,460,4.91E+02,460,6.42E+01
649.5009766,-0.00035082,649.5009766,-0.001454476,649.5009766,0.000724868,649.5009766,-0.000590006,649.5009766,0.004018068,460.5,9.55E+02,460.5,8.56E+02,460.5,6.54E+02,460.5,6.36E+02,460.5,4.72E+02,449.4830017,-0.000356821,449.4830017,-0.000163983,449.4830017,-0.001682586,449.4830017,-0.001403029,449.4830017,-0.000628781,460.5,1.46E+03,460.5,1.27E+03,460.5,1.06E+03,460.5,8.08E+02,460.5,4.87E+02,460.5,7.02E+01
648.9893799,-0.001439873,648.9893799,-0.002585287,648.9893799,0.00022853,648.9893799,-0.002077498,648.9893799,0.002614207,461,9.45E+02,461,8.26E+02,461,6.64E+02,461,6.19E+02,461,4.35E+02,448.984436,0.000198876,448.984436,0.000550788,448.984436,-0.001250303,448.984436,-0.001075317,448.984436,-0.000334059,461,1.45E+03,461,1.23E+03,461,1.04E+03,461,8.03E+02,461,4.42E+02,461,6.95E+01
648.5142822,-0.00092759,648.5142822,-0.002605306,648.5142822,-0.000152338,648.5142822,-0.001650971,648.5142822,0.0027224,461.5,9.30E+02,461.5,8.42E+02,461.5,6.65E+02,461.5,6.02E+02,461.5,3.98E+02,448.4858398,-0.000116109,448.4858398,0.000782461,448.4858398,-0.00169027,448.4858398,-0.001401687,448.4858398,1.48E-05,461.5,1.43E+03,461.5,1.18E+03,461.5,1.02E+03,461.5,7.38E+02,461.5,4.36E+02,461.5,7.40E+01
648.0025024,-0.001403442,648.0025024,-0.002579317,648.0025024,-0.000126202,648.0025024,-0.001960005,648.0025024,0.002749882,462,9.20E+02,462,8.35E+02,462,6.28E+02,462,6.49E+02,462,4.38E+02,447.9872131,-0.000272132,447.9872131,-0.000114763,447.9872131,-0.001999688,447.9872131,-0.001367007,447.9872131,-0.000790511,462,1.45E+03,462,1.21E+03,462,1.01E+03,462,7.24E+02,462,3.92E+02,462,7.25E+01
647.4906616,-0.000844821,647.4906616,-0.002391994,647.4906616,0.000246686,647.4906616,-0.00170471,647.4906616,0.003051286,462.5,9.23E+02,462.5,8.10E+02,462.5,6.13E+02,462.5,6.22E+02,462.5,3.88E+02,447.4884644,0.000199445,447.4884644,0.000382867,447.4884644,-0.001580307,447.4884644,-0.001362001,447.4884644,-0.000211178,462.5,1.41E+03,462.5,1.18E+03,462.5,9.89E+02,462.5,7.40E+02,462.5,4.09E+02,462.5,8.51E+01
647.0153198,-0.001312556,647.0153198,-0.002087133,647.0153198,-0.000278237,647.0153198,-0.001444465,647.0153198,0.002447412,463,8.87E+02,463,7.52E+02,463,6.54E+02,463,6.05E+02,463,4.15E+02,446.9897156,0.00038139,446.9897156,0.000894712,446.9897156,-0.001724099,446.9897156,-0.000579562,446.9897156,-0.000647081,463,1.35E+03,463,1.14E+03,463,9.19E+02,463,7.21E+02,463,4.38E+02,463,5.71E+01
646.5032959,-0.001299394,646.5032959,-0.002297968,646.5032959,-0.000250711,646.5032959,-0.001424909,646.5032959,0.002816811,463.5,8.50E+02,463.5,8.10E+02,463.5,6.55E+02,463.5,5.66E+02,463.5,4.14E+02,446.4909058,0.000710426,446.4909058,0.000395718,446.4909058,-0.001364994,446.4909058,-0.000871844,446.4909058,-0.000562138,463.5,1.32E+03,463.5,1.14E+03,463.5,9.36E+02,463.5,7.25E+02,463.5,3.92E+02,463.5,6.74E+01
645.9912109,-0.001722346,645.9912109,-0.003123428,645.9912109,-0.000765291,645.9912109,-0.002884811,645.9912109,0.001674734,464,8.65E+02,464,7.39E+02,464,6.82E+02,464,5.90E+02,464,4.01E+02,445.9920349,-0.000197672,445.9920349,0.000359083,445.9920349,-0.001221032,445.9920349,-0.001373871,445.9920349,-0.000598433,464,1.27E+03,464,1.07E+03,464,9.26E+02,464,6.54E+02,464,3.94E+02,464,7.34E+01
645.515686,-0.001372735,645.515686,-0.002557959,645.515686,0.000189967,645.515686,-0.002008346,645.515686,0.001635549,464.5,8.03E+02,464.5,7.14E+02,464.5,6.04E+02,464.5,5.85E+02,464.5,4.35E+02,445.4931946,-2.59E-05,445.4931946,-0.000176403,445.4931946,-0.001073922,445.4931946,-0.00144978,445.4931946,-0.000365149,464.5,1.25E+03,464.5,1.06E+03,464.5,9.05E+02,464.5,6.70E+02,464.5,4.05E+02,464.5,5.27E+01
645.003479,-4.74E-05,645.003479,-0.001731422,645.003479,0.000738377,645.003479,-0.001280037,645.003479,0.003858542,465,8.36E+02,465,7.81E+02,465,6.14E+02,465,6.27E+02,465,4.12E+02,444.9942322,-0.000799554,444.9942322,0.000413596,444.9942322,-0.001306465,444.9942322,-0.000995985,444.9942322,-0.000208643,465,1.28E+03,465,1.00E+03,465,8.92E+02,465,6.53E+02,465,4.18E+02,465,7.21E+01
644.4912109,-0.000478265,644.4912109,-0.002295342,644.4912109,0.000359964,644.4912109,-0.001149316,644.4912109,0.002815795,465.5,8.66E+02,465.5,7.56E+02,465.5,6.04E+02,465.5,5.79E+02,465.5,3.96E+02,444.4953003,-0.00012056,444.4953003,0.000436139,444.4953003,-0.001022895,444.4953003,-0.000595228,444.4953003,5.88E-05,465.5,1.22E+03,465.5,1.03E+03,465.5,8.90E+02,465.5,6.29E+02,465.5,3.87E+02,465.5,6.25E+01
644.0154419,-0.000749993,644.0154419,-0.002465307,644.0154419,-5.65E-05,644.0154419,-0.001621572,644.0154419,0.003171452,466,8.40E+02,466,7.35E+02,466,6.24E+02,466,5.91E+02,466,3.92E+02,443.9962463,-0.000154874,443.9962463,0.000222754,443.9962463,-0.001174772,443.9962463,-0.001410666,443.9962463,-0.000301156,466,1.19E+03,466,9.85E+02,466,8.37E+02,466,6.36E+02,466,3.90E+02,466,6.40E+01
643.5029907,-0.001252626,643.5029907,-0.001980208,643.5029907,-0.000146697,643.5029907,-0.001581906,643.5029907,0.002295593,466.5,8.30E+02,466.5,6.88E+02,466.5,5.73E+02,466.5,5.50E+02,466.5,3.74E+02,443.4971313,-0.000350199,443.4971313,-0.000134276,443.4971313,-0.001674695,443.4971313,-0.001556629,443.4971313,-0.000970467,466.5,1.16E+03,466.5,9.62E+02,466.5,8.12E+02,466.5,6.46E+02,466.5,3.86E+02,466.5,7.16E+01
642.9904785,-0.000296293,642.9904785,-0.001317408,642.9904785,0.001070694,642.9904785,-0.001688259,642.9904785,0.003644409,467,8.54E+02,467,7.18E+02,467,5.73E+02,467,5.49E+02,467,4.01E+02,442.9980469,-0.000162585,442.9980469,0.000463762,442.9980469,-0.001718014,442.9980469,-0.001251955,442.9980469,-0.000346164,467,1.12E+03,467,9.40E+02,467,8.20E+02,467,6.23E+02,467,3.80E+02,467,7.18E+01
642.5145264,-0.001143688,642.5145264,-0.003132835,642.5145264,-0.000572427,642.5145264,-0.001972786,642.5145264,0.002139872,467.5,7.73E+02,467.5,7.17E+02,467.5,5.63E+02,467.5,5.22E+02,467.5,4.01E+02,442.4989014,-0.000214697,442.4989014,0.000928616,442.4989014,-0.00169651,442.4989014,-0.001127577,442.4989014,-0.000245537,467.5,1.13E+03,467.5,9.27E+02,467.5,7.75E+02,467.5,6.08E+02,467.5,3.51E+02,467.5,6.21E+01
642.0018921,-0.001217159,642.0018921,-0.002623575,642.0018921,-0.000464612,642.0018921,-0.002111502,642.0018921,0.002454493,468,7.91E+02,468,6.52E+02,468,5.42E+02,468,5.26E+02,468,3.97E+02,441.9996033,-0.00064796,441.9996033,0.000495533,441.9996033,-0.001566379,441.9996033,-0.001448748,441.9996033,-0.000193222,468,1.13E+03,468,9.61E+02,468,7.66E+02,468,5.58E+02,468,3.53E+02,468,6.30E+01
641.4891357,-0.000700582,641.4891357,-0.002885326,641.4891357,5.56E-05,641.4891357,-0.001772982,641.4891357,0.002934176,468.5,7.47E+02,468.5,7.08E+02,468.5,5.65E+02,468.5,5.44E+02,468.5,4.01E+02,441.5004272,0.000121992,441.5004272,0.000511238,441.5004272,-0.000937767,441.5004272,-0.001883618,441.5004272,-0.000625472,468.5,1.08E+03,468.5,9.16E+02,468.5,7.61E+02,468.5,5.66E+02,468.5,3.72E+02,468.5,6.15E+01
641.0129395,-0.001577831,641.0129395,-0.002556569,641.0129395,-0.000848954,641.0129395,-0.001600734,641.0129395,0.002194869,469,7.82E+02,469,6.89E+02,469,5.72E+02,469,5.40E+02,469,3.83E+02,441.0011292,-5.75E-05,441.0011292,0.000650224,441.0011292,-0.001292219,441.0011292,-0.001768754,441.0011292,4.92E-05,469,1.12E+03,469,8.57E+02,469,7.37E+02,469,5.44E+02,469,3.73E+02,469,5.87E+01
640.500061,-0.000667035,640.500061,-0.002478434,640.500061,-7.10E-05,640.500061,-0.001892948,640.500061,0.002783853,469.5,7.55E+02,469.5,6.37E+02,469.5,5.30E+02,469.5,5.14E+02,469.5,3.74E+02,440.5018005,-0.000134586,440.5018005,0.000883895,440.5018005,-0.001632816,440.5018005,-0.000949959,440.5018005,-0.000543576,469.5,1.00E+03,469.5,8.65E+02,469.5,7.85E+02,469.5,5.51E+02,469.5,3.33E+02,469.5,6.39E+01
639.9871216,-0.001159695,639.9871216,-0.002116758,639.9871216,0.000514218,639.9871216,-0.001626472,639.9871216,0.002986302,470,7.21E+02,470,6.48E+02,470,5.37E+02,470,4.96E+02,470,3.37E+02,440.0024109,-0.000909973,440.0024109,-0.000247606,440.0024109,-0.001857946,440.0024109,-0.001260937,440.0024109,-0.000416254,470,9.65E+02,470,8.35E+02,470,6.92E+02,470,5.15E+02,470,3.38E+02,470,6.10E+01
639.5108032,-0.001394669,639.5108032,-0.002960817,639.5108032,-0.00021656,639.5108032,-0.002489655,639.5108032,0.002021005,470.5,7.34E+02,470.5,6.19E+02,470.5,5.12E+02,470.5,5.05E+02,470.5,3.56E+02,439.5029602,0.000470214,439.5029602,0.000628578,439.5029602,-0.000850969,439.5029602,-0.000727201,439.5029602,-0.000640981,470.5,9.27E+02,470.5,8.63E+02,470.5,6.40E+02,470.5,4.98E+02,470.5,3.51E+02,470.5,6.11E+01
638.9976807,-0.001439667,638.9976807,-0.003275908,638.9976807,2.64E-05,638.9976807,-0.00221891,638.9976807,0.002225154,471,7.54E+02,471,5.86E+02,471,5.58E+02,471,5.14E+02,471,3.63E+02,439.003479,-0.000772061,439.003479,0.000369524,439.003479,-0.001150297,439.003479,-0.000950837,439.003479,-0.000988546,471,9.97E+02,471,8.86E+02,471,7.01E+02,471,5.39E+02,471,3.50E+02,471,6.42E+01
638.4844971,-0.000199069,638.4844971,-0.002287256,638.4844971,-4.13E-05,638.4844971,-0.002221743,638.4844971,0.003593536,471.5,7.07E+02,471.5,6.56E+02,471.5,4.96E+02,471.5,4.90E+02,471.5,3.62E+02,438.5039063,0.000240858,438.5039063,0.000533708,438.5039063,-0.001735908,438.5039063,-0.000890392,438.5039063,-0.00083831,471.5,9.30E+02,471.5,7.93E+02,471.5,7.10E+02,471.5,4.84E+02,471.5,3.08E+02,471.5,6.66E+01
638.0079346,-0.000978422,638.0079346,-0.002427828,638.0079346,0.000563048,638.0079346,-0.001887071,638.0079346,0.00296678,472,7.05E+02,472,5.97E+02,472,5.07E+02,472,5.01E+02,472,3.56E+02,438.004364,-0.000535613,438.004364,2.52E-05,438.004364,-0.001630186,438.004364,-0.000968194,438.004364,-0.000867039,472,9.81E+02,472,7.81E+02,472,6.58E+02,472,5.05E+02,472,3.29E+02,472,5.75E+01
637.4946289,-0.001186544,637.4946289,-0.002977323,637.4946289,-0.000227375,637.4946289,-0.002249711,637.4946289,0.002365913,472.5,6.60E+02,472.5,6.03E+02,472.5,4.74E+02,472.5,4.80E+02,472.5,3.31E+02,437.5047302,-0.000354183,437.5047302,0.000743045,437.5047302,-0.001037099,437.5047302,-0.001463351,437.5047302,0.000454251,472.5,9.46E+02,472.5,7.74E+02,472.5,6.70E+02,472.5,4.75E+02,472.5,3.00E+02,472.5,8.11E+01
637.0178833,-0.001357614,637.0178833,-0.002660779,637.0178833,-0.000375029,637.0178833,-0.002717274,637.0178833,0.002817019,473,6.63E+02,473,6.07E+02,473,4.91E+02,473,4.48E+02,473,3.46E+02,437.0050964,0.0002327,437.0050964,0.000895205,437.0050964,-0.001456075,437.0050964,-0.001050734,437.0050964,0.000367995,473,9.07E+02,473,7.51E+02,473,6.48E+02,473,4.71E+02,473,3.00E+02,473,6.21E+01
636.5044556,-0.001496475,636.5044556,-0.002277419,636.5044556,2.36E-06,636.5044556,-0.001647722,636.5044556,0.003151843,473.5,6.87E+02,473.5,6.29E+02,473.5,4.94E+02,473.5,4.41E+02,473.5,3.51E+02,436.5054321,-0.000329714,436.5054321,0.000579741,436.5054321,-0.001643802,436.5054321,-0.000881351,436.5054321,0.000239511,473.5,8.80E+02,473.5,7.28E+02,473.5,6.24E+02,473.5,4.50E+02,473.5,3.13E+02,473.5,5.62E+01
635.9909058,-0.001601198,635.9909058,-0.001696407,635.9909058,0.000201284,635.9909058,-0.002084814,635.9909058,0.002502864,474,6.71E+02,474,6.39E+02,474,4.50E+02,474,4.75E+02,474,3.23E+02,436.0056458,-0.000490986,436.0056458,0.000784354,436.0056458,-0.001536768,436.0056458,-0.000883004,436.0056458,0.000326079,474,8.65E+02,474,7.31E+02,474,5.96E+02,474,4.68E+02,474,2.89E+02,474,5.69E+01
635.5139771,-0.001301045,635.5139771,-0.002585544,635.5139771,0.000114638,635.5139771,-0.001925009,635.5139771,0.002314798,474.5,6.29E+02,474.5,6.12E+02,474.5,4.68E+02,474.5,4.72E+02,474.5,3.10E+02,435.5058594,-0.00062692,435.5058594,0.000437305,435.5058594,-0.002016694,435.5058594,-0.001470007,435.5058594,-0.000804877,474.5,8.28E+02,474.5,6.98E+02,474.5,6.35E+02,474.5,4.54E+02,474.5,2.83E+02,474.5,6.00E+01
635.0003052,-0.00198531,635.0003052,-0.002684551,635.0003052,-0.000634726,635.0003052,-0.002526408,635.0003052,0.002473185,475,7.24E+02,475,5.67E+02,475,4.79E+02,475,4.80E+02,475,3.40E+02,435.0060425,0.000113706,435.0060425,0.001534406,435.0060425,-0.001463247,435.0060425,-0.001565193,435.0060425,0.000155939,475,8.30E+02,475,6.94E+02,475,5.56E+02,475,4.54E+02,475,3.14E+02,475,5.94E+01
634.4865112,-0.001353279,634.4865112,-0.002607056,634.4865112,-0.000969382,634.4865112,-0.001806392,634.4865112,0.002256143,475.5,6.19E+02,475.5,6.01E+02,475.5,4.45E+02,475.5,4.63E+02,475.5,3.28E+02,434.506134,-0.000157048,434.506134,0.001107934,434.506134,-0.001205388,434.506134,-0.000856911,434.506134,-9.26E-05,475.5,8.04E+02,475.5,7.04E+02,475.5,5.54E+02,475.5,4.35E+02,475.5,2.74E+02,475.5,5.79E+01
634.0093994,-0.001505143,634.0093994,-0.002057866,634.0093994,-0.000200259,634.0093994,-0.00212634,634.0093994,0.002979343,476,6.16E+02,476,5.92E+02,476,4.65E+02,476,4.17E+02,476,3.41E+02,434.0061951,-0.000276581,434.0061951,0.001067865,434.0061951,-0.001570248,434.0061951,-0.00067329,434.0061951,-0.000239327,476,8.09E+02,476,6.92E+02,476,5.34E+02,476,4.14E+02,476,2.51E+02,476,5.64E+01
633.4955444,-0.000840584,633.4955444,-0.002666748,633.4955444,2.44E-05,633.4955444,-0.002129998,633.4955444,0.00241745,476.5,6.03E+02,476.5,5.70E+02,476.5,4.50E+02,476.5,4.58E+02,476.5,3.07E+02,433.5062866,-0.000105291,433.5062866,0.001505728,433.5062866,-0.001343679,433.5062866,-0.001240236,433.5062866,-0.000482712,476.5,7.89E+02,476.5,6.83E+02,476.5,5.36E+02,476.5,3.90E+02,476.5,2.90E+02,476.5,6.04E+01
633.0182495,-0.000828337,633.0182495,-0.001850316,633.0182495,3.70E-06,633.0182495,-0.001374439,633.0182495,0.003030927,477,6.10E+02,477,5.51E+02,477,4.60E+02,477,4.34E+02,477,3.18E+02,433.0062561,-0.00041853,433.0062561,0.000954506,433.0062561,-0.002229109,433.0062561,-0.001182413,433.0062561,-0.001001253,477,7.59E+02,477,6.89E+02,477,5.30E+02,477,4.04E+02,477,2.36E+02,477,6.04E+01
632.5042114,-0.001786439,632.5042114,-0.002625068,632.5042114,-0.000415064,632.5042114,-0.001934029,632.5042114,0.002440332,477.5,6.59E+02,477.5,5.36E+02,477.5,4.38E+02,477.5,4.33E+02,477.5,3.29E+02,432.5061951,-0.00058313,432.5061951,0.001093816,432.5061951,-0.001366026,432.5061951,-0.00112923,432.5061951,-0.000333749,477.5,7.41E+02,477.5,6.37E+02,477.5,5.33E+02,477.5,4.09E+02,477.5,2.53E+02,477.5,4.97E+01
631.9900513,-0.000726736,631.9900513,-0.00238978,631.9900513,-9.73E-06,631.9900513,-0.001561633,631.9900513,0.002851543,478,6.12E+02,478,5.86E+02,478,3.83E+02,478,4.16E+02,478,2.99E+02,432.006134,-0.000565499,432.006134,0.001245787,432.006134,-0.001515203,432.006134,-0.0017835,432.006134,-0.000358735,478,7.32E+02,478,6.40E+02,478,5.31E+02,478,3.88E+02,478,2.61E+02,478,6.59E+01
631.5126343,-0.001651126,631.5126343,-0.003081123,631.5126343,-0.000156789,631.5126343,-0.002338084,631.5126343,0.002309411,478.5,5.88E+02,478.5,5.62E+02,478.5,4.58E+02,478.5,4.28E+02,478.5,3.21E+02,431.5059814,0.000259584,431.5059814,0.001341098,431.5059814,-0.001020158,431.5059814,-0.000895817,431.5059814,0.000465239,478.5,7.09E+02,478.5,6.26E+02,478.5,5.30E+02,478.5,3.96E+02,478.5,2.65E+02,478.5,5.83E+01
630.9983521,-0.001962324,630.9983521,-0.002887434,630.9983521,0.000635966,630.9983521,-0.001548221,630.9983521,0.002824158,479,5.94E+02,479,5.43E+02,479,4.06E+02,479,4.45E+02,479,3.00E+02,431.0057678,-0.00036158,431.0057678,0.001096333,431.0057678,-0.001690579,431.0057678,-0.001284063,431.0057678,-0.000466163,479,7.53E+02,479,6.45E+02,479,4.87E+02,479,3.95E+02,479,2.41E+02,479,6.53E+01
630.4840088,-0.000640568,630.4840088,-0.002195834,630.4840088,0.000263366,630.4840088,-0.00160878,630.4840088,0.002843778,479.5,5.86E+02,479.5,5.55E+02,479.5,4.35E+02,479.5,4.14E+02,479.5,2.97E+02,430.5055542,0.000167152,430.5055542,0.001812169,430.5055542,-0.000936114,430.5055542,-0.000872981,430.5055542,-0.000320661,479.5,7.34E+02,479.5,6.25E+02,479.5,5.03E+02,479.5,3.84E+02,479.5,2.45E+02,479.5,6.68E+01
630.0064087,-0.001577212,630.0064087,-0.002933615,630.0064087,-0.000608618,630.0064087,-0.002004068,630.0064087,0.002605144,480,5.77E+02,480,5.34E+02,480,3.97E+02,480,4.18E+02,480,2.96E+02,430.0052795,-7.83E-05,430.0052795,0.001739652,430.0052795,-0.000981263,430.0052795,-0.000738571,430.0052795,-0.000301467,480,7.11E+02,480,6.01E+02,480,4.94E+02,480,3.71E+02,480,2.46E+02,480,5.23E+01
629.4918213,-0.00128525,629.4918213,-0.0028431,629.4918213,0.000171166,629.4918213,-0.001977579,629.4918213,0.002555746,480.5,5.53E+02,480.5,4.93E+02,480.5,4.24E+02,480.5,4.14E+02,480.5,2.97E+02,429.5049744,-0.000389771,429.5049744,0.001148135,429.5049744,-0.001641223,429.5049744,-0.001131553,429.5049744,2.94E-05,480.5,6.33E+02,480.5,5.61E+02,480.5,5.17E+02,480.5,3.57E+02,480.5,2.52E+02,480.5,6.08E+01
629.0140991,-0.000927745,629.0140991,-0.002314241,629.0140991,0.000210789,629.0140991,-0.001758854,629.0140991,0.003058376,481,5.50E+02,481,5.08E+02,481,4.08E+02,481,3.99E+02,481,3.44E+02,429.0046082,-0.000571445,429.0046082,0.000800899,429.0046082,-0.001412575,429.0046082,-0.001393017,429.0046082,-0.000590058,481,6.68E+02,481,6.12E+02,481,4.51E+02,481,3.54E+02,481,2.23E+02,481,6.17E+01
628.4994507,-0.001406796,628.4994507,-0.00275519,628.4994507,-0.000477334,628.4994507,-0.001953202,628.4994507,0.00235204,481.5,5.93E+02,481.5,4.91E+02,481.5,3.62E+02,481.5,4.02E+02,481.5,2.87E+02,428.5042114,-0.000339026,428.5042114,0.000977959,428.5042114,-0.001697902,428.5042114,-0.001590933,428.5042114,-0.000124338,481.5,6.42E+02,481.5,5.62E+02,481.5,4.60E+02,481.5,3.41E+02,481.5,2.44E+02,481.5,5.09E+01
627.9847412,-0.000745807,627.9847412,-0.00226269,627.9847412,0.000183959,627.9847412,-0.001402409,627.9847412,0.002905848,482,5.60E+02,482,4.51E+02,482,3.94E+02,482,4.28E+02,482,2.97E+02,428.0037537,0.000161274,428.0037537,0.001548668,428.0037537,-0.000772681,428.0037537,-0.000777901,428.0037537,0.00021053,482,6.48E+02,482,5.80E+02,482,4.61E+02,482,3.68E+02,482,2.15E+02,482,7.25E+01
627.5067749,-0.000822705,627.5067749,-0.002119231,627.5067749,0.000153168,627.5067749,-0.00187171,627.5067749,0.003249269,482.5,5.51E+02,482.5,4.94E+02,482.5,3.84E+02,482.5,4.14E+02,482.5,2.54E+02,427.5032043,-4.03E-05,427.5032043,0.000900133,427.5032043,-0.001997163,427.5032043,-0.000696447,427.5032043,0.000211462,482.5,6.36E+02,482.5,6.11E+02,482.5,4.68E+02,482.5,3.31E+02,482.5,2.29E+02,482.5,7.73E+01
626.9918823,-0.00110341,626.9918823,-0.002565936,626.9918823,-4.95E-05,626.9918823,-0.001974229,626.9918823,0.002860558,483,5.18E+02,483,4.62E+02,483,3.77E+02,483,3.79E+02,483,2.92E+02,427.0027161,-0.000228099,427.0027161,0.000716675,427.0027161,-0.001658347,427.0027161,-0.00126326,427.0027161,0.000544672,483,6.53E+02,483,5.52E+02,483,4.65E+02,483,3.47E+02,483,2.15E+02,483,7.04E+01
626.5137939,-0.000792061,626.5137939,-0.002466697,626.5137939,7.65E-05,626.5137939,-0.001821601,626.5137939,0.00267752,483.5,5.38E+02,483.5,5.05E+02,483.5,3.99E+02,483.5,3.98E+02,483.5,2.83E+02,426.5021057,0.00013903,426.5021057,0.000990413,426.5021057,-0.001662318,426.5021057,-0.000950786,426.5021057,0.000245727,483.5,5.81E+02,483.5,5.16E+02,483.5,4.52E+02,483.5,3.52E+02,483.5,2.11E+02,483.5,5.96E+01
625.9988403,-0.001372065,625.9988403,-0.002397864,625.9988403,-0.000511309,625.9988403,-0.001921916,625.9988403,0.002481724,484,4.76E+02,484,4.69E+02,484,3.94E+02,484,3.94E+02,484,3.02E+02,426.0015259,-0.00043927,426.0015259,0.001043759,426.0015259,-0.001385121,426.0015259,-0.001465157,426.0015259,6.43E-05,484,6.12E+02,484,5.39E+02,484,4.25E+02,484,3.33E+02,484,2.16E+02,484,5.59E+01
625.4837646,-0.001445343,625.4837646,-0.002422114,625.4837646,-0.000365511,625.4837646,-0.001505917,625.4837646,0.002390926,484.5,5.00E+02,484.5,4.56E+02,484.5,4.00E+02,484.5,3.70E+02,484.5,2.86E+02,425.5008545,-0.000365511,425.5008545,0.000872171,425.5008545,-0.001080275,425.5008545,-0.001010137,425.5008545,-0.000731697,484.5,5.89E+02,484.5,5.39E+02,484.5,4.50E+02,484.5,3.32E+02,484.5,2.26E+02,484.5,5.99E+01
625.0053711,-0.000771544,625.0053711,-0.002729828,625.0053711,0.000139082,625.0053711,-0.001370103,625.0053711,0.002995659,485,5.27E+02,485,4.74E+02,485,3.92E+02,485,3.91E+02,485,2.83E+02,425.0001831,-0.000531114,425.0001831,0.000916164,425.0001831,-0.001661596,425.0001831,-0.001313433,425.0001831,-0.000190789,485,6.11E+02,485,5.05E+02,485,4.45E+02,485,3.45E+02,485,2.47E+02,485,5.13E+01
624.4901733,-0.000661142,624.4901733,-0.002320421,624.4901733,-0.000211592,624.4901733,-0.00124607,624.4901733,0.002727167,485.5,5.25E+02,485.5,4.19E+02,485.5,3.48E+02,485.5,4.03E+02,485.5,2.79E+02,424.4994202,-0.000432856,424.4994202,0.001233923,424.4994202,-0.001375574,424.4994202,-0.001435332,424.4994202,-0.000267734,485.5,6.05E+02,485.5,5.14E+02,485.5,4.32E+02,485.5,2.98E+02,485.5,2.09E+02,485.5,5.55E+01
624.0117188,-0.001515668,624.0117188,-0.002436838,624.0117188,5.16E-05,624.0117188,-0.002299462,624.0117188,0.002415394,486,5.02E+02,486,4.13E+02,486,3.69E+02,486,3.58E+02,486,2.93E+02,423.9985962,-0.000671325,423.9985962,0.001050609,423.9985962,-0.001122,423.9985962,-0.001238946,423.9985962,-0.000284238,486,5.93E+02,486,4.73E+02,486,4.14E+02,486,3.05E+02,486,2.00E+02,486,7.03E+01
623.4963989,-0.002102589,623.4963989,-0.002801642,623.4963989,-0.000145662,623.4963989,-0.001541824,623.4963989,0.002690491,486.5,5.34E+02,486.5,4.19E+02,486.5,3.96E+02,486.5,3.98E+02,486.5,2.72E+02,423.4977417,-0.000181112,423.4977417,0.00071753,423.4977417,-0.00117441,423.4977417,-0.001339343,423.4977417,-0.000386306,486.5,5.79E+02,486.5,4.82E+02,486.5,3.94E+02,486.5,3.03E+02,486.5,2.19E+02,486.5,5.24E+01
623.0178223,-0.002221228,623.0178223,-0.003308792,623.0178223,-0.000970932,623.0178223,-0.002817794,623.0178223,0.002543195,487,4.97E+02,487,4.34E+02,487,3.86E+02,487,3.72E+02,487,2.53E+02,422.9968567,-0.000190168,422.9968567,0.000333254,422.9968567,-0.001093443,422.9968567,-0.001284528,422.9968567,-0.000565189,487,5.44E+02,487,5.07E+02,487,3.87E+02,487,2.87E+02,487,2.18E+02,487,5.64E+01
622.5023193,-0.00140019,622.5023193,-0.002799379,622.5023193,6.94E-06,622.5023193,-0.002237401,622.5023193,0.003758238,487.5,4.89E+02,487.5,4.46E+02,487.5,3.22E+02,487.5,3.40E+02,487.5,2.69E+02,422.4959106,0.000164381,422.4959106,0.001290519,422.4959106,-0.001379651,422.4959106,-0.000434098,422.4959106,-0.000134741,487.5,5.43E+02,487.5,4.71E+02,487.5,4.04E+02,487.5,3.28E+02,487.5,2.04E+02,487.5,5.26E+01
621.9867554,-0.001512469,621.9867554,-0.002680487,621.9867554,-6.02E-05,621.9867554,-0.002077498,621.9867554,0.00289274,488,4.78E+02,488,4.03E+02,488,3.64E+02,488,3.84E+02,488,2.78E+02,421.9949646,-0.000701099,421.9949646,3.90E-05,421.9949646,-0.001420832,421.9949646,-0.00135013,421.9949646,-0.000617252,488,5.53E+02,488,4.93E+02,488,4.02E+02,488,2.97E+02,488,1.77E+02,488,6.37E+01
621.5079956,-0.001299084,621.5079956,-0.002017673,621.5079956,9.29E-06,621.5079956,-0.002472822,621.5079956,0.002882238,488.5,4.69E+02,488.5,4.12E+02,488.5,3.84E+02,488.5,3.55E+02,488.5,2.87E+02,421.493988,0.000243163,421.493988,0.001062364,421.493988,-0.001049442,421.493988,-0.00155859,421.493988,-0.000305968,488.5,5.33E+02,488.5,4.85E+02,488.5,3.72E+02,488.5,3.00E+02,488.5,1.86E+02,488.5,6.93E+01
620.9923096,-0.001222838,620.9923096,-0.002717377,620.9923096,-0.000584474,620.9923096,-0.002818977,620.9923096,0.002546476,489,4.38E+02,489,4.16E+02,489,3.56E+02,489,3.86E+02,489,2.72E+02,420.9928894,-9.05E-05,420.9928894,0.000689372,420.9928894,-0.001567566,420.9928894,-0.001044536,420.9928894,-9.59E-05,489,5.38E+02,489,4.49E+02,489,4.16E+02,489,3.28E+02,489,1.94E+02,489,5.68E+01
620.5133057,-0.001158042,620.5133057,-0.002383087,620.5133057,-0.000780795,620.5133057,-0.001777468,620.5133057,0.00308356,489.5,4.50E+02,489.5,4.04E+02,489.5,3.31E+02,489.5,3.84E+02,489.5,2.67E+02,420.4917603,-0.000111554,420.4917603,0.000619064,420.4917603,-0.001283392,420.4917603,-0.001236364,420.4917603,-0.000597244,489.5,5.14E+02,489.5,4.18E+02,489.5,4.26E+02,489.5,2.90E+02,489.5,1.78E+02,489.5,6.08E+01
619.9974976,-0.000810096,619.9974976,-0.002244148,619.9974976,0.00038924,619.9974976,-0.001845625,619.9974976,0.003076234,490,4.34E+02,490,4.14E+02,490,3.41E+02,490,3.55E+02,490,2.77E+02,419.9906311,2.67E-06,419.9906311,0.000570928,419.9906311,-0.001227278,419.9906311,-0.001207918,419.9906311,-0.000437511,490,5.25E+02,490,4.46E+02,490,3.72E+02,490,2.97E+02,490,1.70E+02,490,6.56E+01
619.4816284,-0.001812115,619.4816284,-0.003217482,619.4816284,-0.001366491,619.4816284,-0.002660985,619.4816284,0.001888521,490.5,4.90E+02,490.5,4.07E+02,490.5,3.53E+02,490.5,3.55E+02,490.5,2.43E+02,419.4894714,0.000242826,419.4894714,0.001029851,419.4894714,-0.001130985,419.4894714,-0.000862698,419.4894714,3.57E-05,490.5,5.15E+02,490.5,4.63E+02,490.5,3.96E+02,490.5,2.82E+02,490.5,1.72E+02,490.5,6.10E+01
619.0024414,-0.00147981,619.0024414,-0.002583229,619.0024414,-0.000499984,619.0024414,-0.002145402,619.0024414,0.002455769,491,4.33E+02,491,3.55E+02,491,3.21E+02,491,3.75E+02,491,2.53E+02,418.9882813,0.000344549,418.9882813,0.000544127,418.9882813,-0.000810768,418.9882813,-0.00045132,418.9882813,7.95E-06,491,5.07E+02,491,4.69E+02,491,3.40E+02,491,2.78E+02,491,1.84E+02,491,6.90E+01
618.4864502,-0.000984207,618.4864502,-0.00230353,618.4864502,7.51E-06,618.4864502,-0.002224009,618.4864502,0.003188871,491.5,4.48E+02,491.5,3.90E+02,491.5,3.66E+02,491.5,3.70E+02,491.5,2.51E+02,418.4869995,0.000194628,418.4869995,0.000551384,418.4869995,-0.000784464,418.4869995,-0.001255465,418.4869995,-0.000616477,491.5,5.28E+02,491.5,4.27E+02,491.5,3.36E+02,491.5,2.94E+02,491.5,1.75E+02,491.5,6.58E+01
618.0071411,-0.000889256,618.0071411,-0.002061628,618.0071411,0.000365664,618.0071411,-0.001536562,618.0071411,0.003205143,492,4.08E+02,492,3.86E+02,492,2.97E+02,492,3.44E+02,492,2.65E+02,417.9856873,0.000111997,417.9856873,0.000380457,417.9856873,-0.001592017,417.9856873,-0.001455611,417.9856873,-0.000485143,492,4.90E+02,492,4.23E+02,492,3.58E+02,492,3.00E+02,492,1.84E+02,492,5.09E+01
617.4909058,-0.00122098,617.4909058,-0.002090584,617.4909058,0.000275721,617.4909058,-0.001578244,617.4909058,0.003044612,492.5,3.84E+02,492.5,3.67E+02,492.5,2.90E+02,492.5,3.26E+02,492.5,2.50E+02,417.4843445,-0.000102859,417.4843445,0.0007919,417.4843445,-0.001228104,417.4843445,-0.000849264,417.4843445,-0.000240828,492.5,4.70E+02,492.5,4.31E+02,492.5,3.20E+02,492.5,2.64E+02,492.5,1.85E+02,492.5,6.29E+01
617.0115356,-0.000965353,617.0115356,-0.002584567,617.0115356,0.000443757,617.0115356,-0.000710351,617.0115356,0.003194581,493,4.46E+02,493,3.98E+02,493,3.24E+02,493,3.26E+02,493,2.86E+02,416.9829102,-0.00078586,416.9829102,0.000381882,416.9829102,-0.00214092,416.9829102,-0.001780561,416.9829102,-0.000632813,493,4.84E+02,493,4.07E+02,493,3.39E+02,493,2.65E+02,493,1.58E+02,493,7.18E+01
616.4952393,-0.001180296,616.4952393,-0.002431998,616.4952393,0.000550736,616.4952393,-0.001284424,616.4952393,0.00293183,493.5,4.21E+02,493.5,3.87E+02,493.5,2.97E+02,493.5,2.92E+02,493.5,2.25E+02,416.4814453,-0.00034963,416.4814453,0.000549,416.4814453,-0.001747562,416.4814453,-0.0012518,416.4814453,-0.000221579,493.5,4.58E+02,493.5,3.89E+02,493.5,3.66E+02,493.5,2.45E+02,493.5,1.79E+02,493.5,5.60E+01
616.015686,-0.001310904,616.015686,-0.002320781,616.015686,-0.000766893,616.015686,-0.002159311,616.015686,0.002404435,494,4.06E+02,494,3.90E+02,494,3.18E+02,494,3.38E+02,494,2.46E+02,416.0185547,-0.000102548,416.0185547,0.000648565,416.0185547,-0.001304349,416.0185547,-0.000856136,416.0185547,-9.08E-05,494,4.86E+02,494,3.79E+02,494,3.54E+02,494,2.40E+02,494,1.71E+02,494,5.85E+01
615.4992676,-0.002248217,615.4992676,-0.002848758,615.4992676,-0.00066657,615.4992676,-0.002383808,615.4992676,0.002496746,494.5,4.25E+02,494.5,3.82E+02,494.5,3.18E+02,494.5,3.27E+02,494.5,2.45E+02,415.5170288,0.000344783,415.5170288,0.000524093,415.5170288,-0.001401171,415.5170288,-0.001230324,415.5170288,-5.45E-05,494.5,4.76E+02,494.5,4.15E+02,494.5,3.28E+02,494.5,2.43E+02,494.5,1.81E+02,494.5,7.06E+01
614.982666,-0.00161822,614.982666,-0.00293562,614.982666,-0.000636483,614.982666,-0.002438022,614.982666,0.002565302,495,3.94E+02,495,3.88E+02,495,2.99E+02,495,3.20E+02,495,2.34E+02,415.0154724,-0.000479506,415.0154724,0.000278571,415.0154724,-0.001616053,415.0154724,-0.001379032,415.0154724,-0.000540473,495,4.07E+02,495,3.82E+02,495,3.50E+02,495,2.47E+02,495,1.74E+02,495,6.59E+01
614.5029297,-0.001217108,614.5029297,-0.002448627,614.5029297,-0.000465025,614.5029297,-0.002100838,614.5029297,0.002407507,495.5,3.76E+02,495.5,3.61E+02,495.5,2.69E+02,495.5,3.32E+02,495.5,2.28E+02,414.5139465,0.000253731,414.5139465,0.000820013,414.5139465,-0.001599393,414.5139465,-0.000640206,414.5139465,-3.71E-05,495.5,4.73E+02,495.5,3.87E+02,495.5,3.31E+02,495.5,2.45E+02,495.5,1.75E+02,495.5,6.61E+01
613.9862671,-0.001199606,613.9862671,-0.001954387,613.9862671,-4.45E-05,613.9862671,-0.00179407,613.9862671,0.003468999,496,4.05E+02,496,3.71E+02,496,3.11E+02,496,3.25E+02,496,2.31E+02,414.0122375,5.48E-05,414.0122375,0.000341415,414.0122375,-0.001517422,414.0122375,-0.00144622,414.0122375,-0.000729165,496,4.38E+02,496,3.55E+02,496,3.26E+02,496,2.50E+02,496,1.59E+02,496,6.39E+01
613.5064087,-0.001878411,613.5064087,-0.002611739,613.5064087,-0.000505207,613.5064087,-0.002463865,613.5064087,0.002071825,496.5,4.41E+02,496.5,3.43E+02,496.5,3.14E+02,496.5,2.74E+02,496.5,2.45E+02,413.5105591,0.000264506,413.5105591,0.00060758,413.5105591,-0.001491058,413.5105591,-0.001313278,413.5105591,-0.000325679,496.5,4.22E+02,496.5,3.83E+02,496.5,3.30E+02,496.5,2.58E+02,496.5,1.44E+02,496.5,6.07E+01
612.989563,-0.001297948,612.989563,-0.00206611,612.989563,-0.000700168,612.989563,-0.002705801,612.989563,0.002718727,497,3.97E+02,497,3.36E+02,497,2.92E+02,497,2.92E+02,497,2.34E+02,413.0088501,-2.66E-05,413.0088501,0.000485659,413.0088501,-0.001731576,413.0088501,-0.002025557,413.0088501,-0.000318902,497,4.22E+02,497,3.86E+02,497,3.20E+02,497,2.67E+02,497,1.63E+02,497,5.92E+01
612.5095825,-0.001551316,612.5095825,-0.003065958,612.5095825,-0.000701202,612.5095825,-0.002277574,612.5095825,0.002503229,497.5,3.79E+02,497.5,3.16E+02,497.5,3.14E+02,497.5,2.98E+02,497.5,2.52E+02,412.5070801,2.77E-05,412.5070801,0.000715041,412.5070801,-0.001768496,412.5070801,-0.001429295,412.5070801,-0.000119732,497.5,4.22E+02,497.5,3.95E+02,497.5,3.19E+02,497.5,2.61E+02,497.5,1.50E+02,497.5,5.69E+01
611.9926147,-0.001519485,611.9926147,-0.0028037,611.9926147,-8.32E-05,611.9926147,-0.002461497,611.9926147,0.002796749,498,3.70E+02,498,3.27E+02,498,3.14E+02,498,2.99E+02,498,2.29E+02,412.0052185,0.000283414,412.0052185,0.000463088,412.0052185,-0.00151835,412.0052185,-0.001004559,412.0052185,-0.000576357,498,4.39E+02,498,3.39E+02,498,2.94E+02,498,2.12E+02,498,1.63E+02,498,6.35E+01
611.5125732,-0.001345485,611.5125732,-0.002509679,611.5125732,0.000106819,611.5125732,-0.001798143,611.5125732,0.002840703,498.5,3.72E+02,498.5,3.30E+02,498.5,2.86E+02,498.5,3.20E+02,498.5,2.39E+02,411.5033569,0.000206982,411.5033569,0.000294889,411.5033569,-0.001260731,411.5033569,-0.001222838,411.5033569,-0.000337008,498.5,4.25E+02,498.5,3.23E+02,498.5,3.00E+02,498.5,2.09E+02,498.5,1.49E+02,498.5,4.90E+01
610.9954224,-0.001724202,610.9954224,-0.002728593,610.9954224,0.000184917,610.9954224,-0.001982527,610.9954224,0.002984034,499,3.71E+02,499,2.95E+02,499,3.12E+02,499,3.06E+02,499,2.18E+02,411.0014648,3.26E-05,411.0014648,0.000901638,411.0014648,-0.001564109,411.0014648,-0.000895972,411.0014648,3.58E-05,499,3.58E+02,499,3.59E+02,499,3.18E+02,499,2.20E+02,499,1.55E+02,499,7.35E+01
610.5151978,-0.001817425,610.5151978,-0.002454496,610.5151978,0.00010801,610.5151978,-0.001744158,610.5151978,0.003137789,499.5,3.61E+02,499.5,3.47E+02,499.5,2.89E+02,499.5,2.67E+02,499.5,2.28E+02,410.4995422,-0.000416875,410.4995422,0.000320846,410.4995422,-0.001450296,410.4995422,-0.001504524,410.4995422,-0.000589024,499.5,3.86E+02,499.5,3.59E+02,499.5,3.32E+02,499.5,2.25E+02,499.5,1.44E+02,499.5,5.82E+01
609.9979248,-0.00111441,609.9979248,-0.002074303,609.9979248,0.000236067,609.9979248,-0.00160192,609.9979248,0.00326137,500,3.70E+02,500,3.47E+02,500,2.70E+02,500,3.28E+02,500,2.37E+02,409.9975586,0.000430049,409.9975586,0.000497295,409.9975586,-0.00144653,409.9975586,-0.001376555,409.9975586,0.000196907,500,4.16E+02,500,3.15E+02,500,2.76E+02,500,2.33E+02,500,1.45E+02,500,5.90E+01
609.5175781,-0.001287831,609.5175781,-0.002509679,609.5175781,-7.53E-05,609.5175781,-0.001955624,609.5175781,0.002833304,500.5,3.54E+02,500.5,3.10E+02,500.5,2.84E+02,500.5,2.76E+02,500.5,2.36E+02,409.4955444,3.66E-05,409.4955444,0.000407766,409.4955444,-0.001271055,409.4955444,-0.001675882,409.4955444,-0.00036877,500.5,3.48E+02,500.5,3.85E+02,500.5,2.93E+02,500.5,2.17E+02,500.5,1.48E+02,500.5,6.90E+01
609.0001831,-0.000736349,609.0001831,-0.002245642,609.0001831,-0.000101306,609.0001831,-0.001619406,609.0001831,0.002746756,501,3.58E+02,501,3.10E+02,501,2.85E+02,501,3.14E+02,501,2.06E+02,408.9934998,-0.000334887,408.9934998,0.000419296,408.9934998,-0.001535788,408.9934998,-0.002029164,408.9934998,-0.000610428,501,3.93E+02,501,3.36E+02,501,3.02E+02,501,2.05E+02,501,1.71E+02,501,6.25E+01
608.4827271,-0.001646226,608.4827271,-0.002255737,608.4827271,-6.84E-05,608.4827271,-0.002305384,608.4827271,0.002798078,501.5,3.42E+02,501.5,3.53E+02,501.5,2.98E+02,501.5,3.13E+02,501.5,1.92E+02,408.491333,0.000384758,408.491333,0.00062049,408.491333,-0.001241733,408.491333,-0.00120513,408.491333,-0.000174643,501.5,4.04E+02,501.5,3.19E+02,501.5,2.90E+02,501.5,2.33E+02,501.5,1.44E+02,501.5,5.52E+01
608.0021973,-0.001689239,608.0021973,-0.003159716,608.0021973,-0.000381133,608.0021973,-0.002547871,608.0021973,0.002198433,502,3.40E+02,502,3.36E+02,502,2.90E+02,502,2.85E+02,502,2.27E+02,407.9891968,0.000274892,407.9891968,0.000615927,407.9891968,-0.00134564,407.9891968,-0.001468253,407.9891968,-0.000403944,502,3.78E+02,502,3.41E+02,502,3.03E+02,502,2.31E+02,502,1.52E+02,502,6.21E+01
607.4845581,-0.001473051,607.4845581,-0.002716245,607.4845581,-0.000687091,607.4845581,-0.002233332,607.4845581,0.002935635,502.5,4.02E+02,502.5,3.30E+02,502.5,2.68E+02,502.5,3.01E+02,502.5,2.31E+02,407.4869995,2.82E-05,407.4869995,0.000776263,407.4869995,-0.001522478,407.4869995,-0.001249167,407.4869995,-0.000303278,502.5,3.78E+02,502.5,3.45E+02,502.5,3.11E+02,502.5,2.24E+02,502.5,1.59E+02,502.5,6.21E+01
607.0039673,-0.0015866,607.0039673,-0.002542158,607.0039673,-2.57E-05,607.0039673,-0.001644989,607.0039673,0.002598139,503,3.55E+02,503,3.10E+02,503,2.61E+02,503,2.75E+02,503,2.32E+02,406.9848022,-0.000505621,406.9848022,0.000711541,406.9848022,-0.001530732,406.9848022,-0.00149761,406.9848022,8.10E-05,503,3.97E+02,503,3.42E+02,503,2.73E+02,503,2.13E+02,503,1.49E+02,503,5.73E+01
606.486145,-0.001016542,606.486145,-0.003149591,606.486145,-0.000567619,606.486145,-0.002120982,606.486145,0.00276533,503.5,3.64E+02,503.5,2.72E+02,503.5,2.40E+02,503.5,2.80E+02,503.5,2.10E+02,406.4825134,0.000162905,406.4825134,0.000948046,406.4825134,-0.001046085,406.4825134,-0.001243901,406.4825134,0.000453111,503.5,3.37E+02,503.5,3.26E+02,503.5,2.47E+02,503.5,2.19E+02,503.5,1.35E+02,503.5,6.09E+01
606.0053101,-0.000906202,606.0053101,-0.002218498,606.0053101,7.41E-05,606.0053101,-0.001714559,606.0053101,0.002984764,504,3.28E+02,504,3.12E+02,504,2.62E+02,504,2.70E+02,504,2.20E+02,406.0188293,-0.000123821,406.0188293,0.000427769,406.0188293,-0.001109349,406.0188293,-0.001613062,406.0188293,-5.80E-05,504,3.47E+02,504,3.32E+02,504,3.07E+02,504,2.44E+02,504,1.31E+02,504,6.60E+01
605.4874878,-0.000905582,605.4874878,-0.002381542,605.4874878,-0.000117144,605.4874878,-0.002151687,605.4874878,0.003053475,504.5,3.12E+02,504.5,3.00E+02,504.5,2.84E+02,504.5,2.63E+02,504.5,2.10E+02,405.5164795,0.000212602,405.5164795,0.000870044,405.5164795,-0.001064523,405.5164795,-0.001123446,405.5164795,8.87E-05,504.5,3.41E+02,504.5,3.40E+02,504.5,2.78E+02,504.5,1.91E+02,504.5,1.46E+02,504.5,6.95E+01
605.0064697,-0.001610741,605.0064697,-0.002564135,605.0064697,-0.000209833,605.0064697,-0.001837428,605.0064697,0.002862122,505,3.19E+02,505,3.02E+02,505,2.39E+02,505,2.81E+02,505,2.21E+02,405.0140991,2.00E-05,405.0140991,0.000529587,405.0140991,-0.001347395,405.0140991,-0.001580462,405.0140991,7.77E-05,505,3.51E+02,505,3.56E+02,505,2.72E+02,505,1.90E+02,505,1.47E+02,505,6.04E+01
604.4885254,-0.001219689,604.4885254,-0.002465204,604.4885254,-0.000161188,604.4885254,-0.001795668,604.4885254,0.002742119,505.5,3.34E+02,505.5,3.21E+02,505.5,2.55E+02,505.5,2.64E+02,505.5,1.75E+02,404.5116577,-0.000275029,404.5116577,0.000349109,404.5116577,-0.001496062,404.5116577,-0.002360225,404.5116577,-0.000412323,505.5,3.24E+02,505.5,3.40E+02,505.5,2.82E+02,505.5,2.29E+02,505.5,1.43E+02,505.5,6.14E+01
604.0074463,-0.001529752,604.0074463,-0.002671328,604.0074463,-0.000487935,604.0074463,-0.002035966,604.0074463,0.002962193,506,3.31E+02,506,3.17E+02,506,2.64E+02,506,3.09E+02,506,2.16E+02,404.0091858,5.98E-05,404.0091858,0.000580415,404.0091858,-0.001635756,404.0091858,-0.00192037,404.0091858,-6.97E-05,506,3.65E+02,506,3.19E+02,506,2.48E+02,506,2.02E+02,506,1.53E+02,506,6.23E+01
603.4893188,-0.001449522,603.4893188,-0.002623987,603.4893188,3.50E-05,603.4893188,-0.001875679,603.4893188,0.002592462,506.5,3.19E+02,506.5,3.04E+02,506.5,2.66E+02,506.5,3.04E+02,506.5,1.83E+02,403.5066833,0.000242334,403.5066833,0.000338254,403.5066833,-0.000959877,403.5066833,-0.001491987,403.5066833,0.000195975,506.5,3.61E+02,506.5,2.85E+02,506.5,2.49E+02,506.5,1.76E+02,506.5,1.46E+02,506.5,7.00E+01
603.0080566,-0.000793405,603.0080566,-0.002293436,603.0080566,-0.000162533,603.0080566,-0.001739002,603.0080566,0.003227518,507,3.20E+02,507,2.96E+02,507,2.66E+02,507,2.80E+02,507,2.07E+02,403.0041199,0.000274556,403.0041199,0.000549311,403.0041199,-0.001346156,403.0041199,-0.001121381,403.0041199,0.000465394,507,3.57E+02,507,2.83E+02,507,2.51E+02,507,1.95E+02,507,1.44E+02,507,6.60E+01
602.4898071,-0.000943553,602.4898071,-0.002583949,602.4898071,-0.000122165,602.4898071,-0.001845522,602.4898071,0.003234925,507.5,3.30E+02,507.5,2.65E+02,507.5,2.50E+02,507.5,2.80E+02,507.5,1.97E+02,402.5014648,-3.98E-05,402.5014648,0.000578911,402.5014648,-0.001504163,402.5014648,-0.001399932,402.5014648,-0.000405185,507.5,3.64E+02,507.5,2.70E+02,507.5,2.77E+02,507.5,2.24E+02,507.5,1.39E+02,507.5,6.52E+01
602.0084839,-0.001332479,602.0084839,-0.002805963,602.0084839,-0.000124649,602.0084839,-0.001903772,602.0084839,0.002747329,508,3.28E+02,508,2.50E+02,508,2.57E+02,508,2.53E+02,508,2.28E+02,401.9988403,-0.000229651,401.9988403,0.000733269,401.9988403,-0.001464383,401.9988403,-0.001099537,401.9988403,-0.000382374,508,3.58E+02,508,3.00E+02,508,2.72E+02,508,1.97E+02,508,1.20E+02,508,5.26E+01
601.4901123,-0.001516338,601.4901123,-0.002956806,601.4901123,-5.33E-05,601.4901123,-0.002039522,601.4901123,0.002492086,508.5,3.33E+02,508.5,2.47E+02,508.5,2.41E+02,508.5,2.32E+02,508.5,2.06E+02,401.4961548,4.99E-05,401.4961548,0.000316312,401.4961548,-0.001497404,401.4961548,-0.001731834,401.4961548,3.01E-05,508.5,3.81E+02,508.5,3.12E+02,508.5,2.66E+02,508.5,1.71E+02,508.5,1.21E+02,508.5,5.19E+01
601.008606,-0.001017265,601.008606,-0.002538812,601.008606,4.04E-05,601.008606,-0.00159898,601.008606,0.003384386,509,2.89E+02,509,3.02E+02,509,2.41E+02,509,2.36E+02,509,2.07E+02,400.9934387,-0.000343423,400.9934387,0.000465368,400.9934387,-0.001603983,400.9934387,-0.001794121,400.9934387,-0.000394116,509,3.62E+02,509,3.16E+02,509,2.23E+02,509,1.89E+02,509,1.05E+02,509,6.91E+01
600.4900513,-0.001424547,600.4900513,-0.002192022,600.4900513,-0.000370839,600.4900513,-0.001972941,600.4900513,0.00269419,509.5,3.05E+02,509.5,3.02E+02,509.5,2.26E+02,509.5,2.79E+02,509.5,2.05E+02,400.4906616,0.00061769,400.4906616,0.000777352,400.4906616,-0.001078106,400.4906616,-0.001219173,400.4906616,8.77E-05,509.5,3.52E+02,509.5,2.83E+02,509.5,2.65E+02,509.5,1.80E+02,509.5,1.39E+02,509.5,5.21E+01
600.0084839,-0.001693932,600.0084839,-0.002921376,600.0084839,-0.000486332,600.0084839,-0.002438948,600.0084839,0.002488545,510,3.29E+02,510,2.70E+02,510,2.28E+02,510,2.97E+02,510,1.91E+02,399.987854,9.26E-05,399.987854,0.000667542,399.987854,-0.001454889,399.987854,-0.00184346,399.987854,-8.42E-05,510,3.23E+02,510,2.71E+02,510,2.19E+02,510,1.82E+02,510,1.23E+02,510,6.68E+01
599.4897461,-0.001112757,599.4897461,-0.002599543,599.4897461,-0.000334111,599.4897461,-0.002287565,599.4897461,0.002863998,510.5,2.77E+02,510.5,2.37E+02,510.5,2.22E+02,510.5,2.57E+02,510.5,2.02E+02,399.4850464,-9.50E-05,399.4850464,0.000641358,399.4850464,-0.001345898,399.4850464,-0.001615434,399.4850464,-0.000562862,510.5,3.37E+02,510.5,2.83E+02,510.5,2.50E+02,510.5,2.16E+02,510.5,1.28E+02,510.5,4.72E+01
599.0079956,-0.001566792,599.0079956,-0.002427571,599.0079956,0.000110003,599.0079956,-0.00195047,599.0079956,0.003125587,511,3.19E+02,511,2.88E+02,511,2.02E+02,511,2.43E+02,511,1.62E+02,398.9821472,0.000321182,398.9821472,0.000961044,398.9821472,-0.001111518,398.9821472,-0.000987203,398.9821472,-0.000398254,511,3.24E+02,511,2.99E+02,511,2.45E+02,511,2.16E+02,511,1.22E+02,511,5.60E+01
598.4891968,-0.001943306,598.4891968,-0.003329651,598.4891968,-0.001117973,598.4891968,-0.003047451,598.4891968,0.002720603,511.5,2.80E+02,511.5,2.28E+02,511.5,2.30E+02,511.5,2.44E+02,511.5,1.98E+02,398.5179138,0.000429453,398.5179138,0.000671042,398.5179138,-0.001549201,398.5179138,-0.001638593,398.5179138,-0.000370839,511.5,3.45E+02,511.5,2.65E+02,511.5,2.29E+02,511.5,2.07E+02,511.5,1.29E+02,511.5,5.60E+01
598.0073853,-0.001529546,598.0073853,-0.00292477,598.0073853,-0.000277357,598.0073853,-0.001735444,598.0073853,0.003347107,512,2.72E+02,512,2.56E+02,512,2.39E+02,512,2.58E+02,512,2.06E+02,398.0149536,-9.34E-05,398.0149536,0.000708714,398.0149536,-0.00170208,398.0149536,-0.001568597,398.0149536,-6.05E-05,512,3.37E+02,512,2.54E+02,512,2.52E+02,512,1.89E+02,512,1.26E+02,512,5.44E+01
597.4884033,-0.001516958,597.4884033,-0.003386162,597.4884033,-0.001078209,597.4884033,-0.00217322,597.4884033,0.002188286,512.5,3.14E+02,512.5,2.59E+02,512.5,2.12E+02,512.5,2.49E+02,512.5,2.05E+02,397.5119324,-0.000319626,397.5119324,0.000496518,397.5119324,-0.001237397,397.5119324,-0.001565038,397.5119324,-0.000225305,512.5,3.33E+02,512.5,2.66E+02,512.5,2.54E+02,512.5,1.96E+02,512.5,1.35E+02,512.5,6.50E+01
597.0064697,-0.001258717,597.0064697,-0.002716348,597.0064697,-0.000319833,597.0064697,-0.002154057,597.0064697,0.002969881,513,2.55E+02,513,2.73E+02,513,2.20E+02,513,2.23E+02,513,1.84E+02,397.0089111,0.000129708,397.0089111,0.000927889,397.0089111,-0.000851538,397.0089111,-0.00123146,397.0089111,0.000135612,513,3.33E+02,513,2.68E+02,513,2.43E+02,513,1.85E+02,513,1.24E+02,513,6.52E+01
596.4873657,-0.001352763,596.4873657,-0.002898337,596.4873657,-0.000247244,596.4873657,-0.001779633,596.4873657,0.003170956,513.5,2.70E+02,513.5,2.92E+02,513.5,2.02E+02,513.5,2.33E+02,513.5,1.76E+02,396.5058289,0.00017171,396.5058289,0.000782538,396.5058289,-0.000952542,396.5058289,-0.000929605,396.5058289,0.000287093,513.5,3.26E+02,513.5,2.67E+02,513.5,2.35E+02,513.5,1.85E+02,513.5,1.20E+02,513.5,6.19E+01
596.005249,-0.001510044,596.005249,-0.00270827,596.005249,2.03E-05,596.005249,-0.001952119,596.005249,0.002764809,514,2.82E+02,514,2.27E+02,514,2.21E+02,514,2.33E+02,514,1.72E+02,396.0026855,0.000209235,396.0026855,0.000697125,396.0026855,-0.001263621,396.0026855,-0.001501119,396.0026855,-0.000464405,514,3.32E+02,514,2.59E+02,514,2.30E+02,514,1.88E+02,514,1.26E+02,514,6.37E+01
595.486084,-0.001248186,595.486084,-0.002692887,595.486084,-0.000264474,595.486084,-0.002538143,595.486084,0.002774839,514.5,2.71E+02,514.5,2.65E+02,514.5,2.34E+02,514.5,2.37E+02,514.5,1.93E+02,395.4995422,5.27E-05,395.4995422,0.000797398,395.4995422,-0.001339808,395.4995422,-0.001297587,395.4995422,-0.000532407,514.5,3.02E+02,514.5,2.66E+02,514.5,2.30E+02,514.5,1.98E+02,514.5,1.26E+02,514.5,5.60E+01
595.0037842,-0.001307497,595.0037842,-0.002765325,595.0037842,-0.000676339,595.0037842,-0.001732711,595.0037842,0.002698462,515,2.51E+02,515,2.46E+02,515,2.20E+02,515,2.03E+02,515,1.90E+02,394.9963074,0.000432278,394.9963074,0.00109924,394.9963074,-0.000891219,394.9963074,-0.000932963,394.9963074,0.000105162,515,3.14E+02,515,3.05E+02,515,2.37E+02,515,1.82E+02,515,1.39E+02,515,5.60E+01
594.484436,-0.000852881,594.484436,-0.002470043,594.484436,-0.00038103,594.484436,-0.002078064,594.484436,0.002697472,515.5,2.56E+02,515.5,2.49E+02,515.5,2.17E+02,515.5,2.36E+02,515.5,1.76E+02,394.4930725,-9.50E-05,394.4930725,0.000950952,394.4930725,-0.001152879,394.4930725,-0.001569113,394.4930725,-0.000771441,515.5,2.67E+02,515.5,2.55E+02,515.5,2.37E+02,515.5,2.13E+02,515.5,1.44E+02,515.5,6.15E+01
594.0020752,-0.001740394,594.0020752,-0.003240041,594.0020752,-0.000660883,594.0020752,-0.001996081,594.0020752,0.002630536,516,2.79E+02,516,2.43E+02,516,2.14E+02,516,2.42E+02,516,1.86E+02,393.9897766,0.000184192,393.9897766,0.000405849,393.9897766,-0.001749676,393.9897766,-0.001184169,393.9897766,-0.000576977,516,3.11E+02,516,2.38E+02,516,2.48E+02,516,1.93E+02,516,1.30E+02,516,4.76E+01
593.4825439,-0.001452257,593.4825439,-0.00272211,593.4825439,-0.000103221,593.4825439,-0.002003347,593.4825439,0.003283253,516.5,2.51E+02,516.5,2.38E+02,516.5,2.12E+02,516.5,2.36E+02,516.5,1.97E+02,393.4864502,0.000217833,393.4864502,0.000606958,393.4864502,-0.001307136,393.4864502,-0.001336608,393.4864502,-0.000376116,516.5,3.15E+02,516.5,2.66E+02,516.5,2.28E+02,516.5,1.86E+02,516.5,1.25E+02,516.5,5.21E+01
593.0001221,-0.001739621,593.0001221,-0.003389244,593.0001221,-0.000429495,593.0001221,-0.002304508,593.0001221,0.002169373,517,2.82E+02,517,2.41E+02,517,2.25E+02,517,2.37E+02,517,1.85E+02,392.9830933,9.02E-05,392.9830933,0.000605999,392.9830933,-0.00143688,392.9830933,-0.001547395,392.9830933,-0.000455147,517,2.97E+02,517,2.70E+02,517,2.13E+02,517,1.63E+02,517,1.20E+02,517,3.81E+01
592.5175781,-0.001129901,592.5175781,-0.002643593,592.5175781,-0.000189392,592.5175781,-0.001969642,592.5175781,0.002824757,517.5,2.69E+02,517.5,2.30E+02,517.5,2.08E+02,517.5,2.56E+02,517.5,1.94E+02,392.5184021,0.000199368,392.5184021,0.000562893,392.5184021,-0.00139245,392.5184021,-0.001358337,392.5184021,-0.000465077,517.5,3.05E+02,517.5,2.81E+02,517.5,2.36E+02,517.5,1.72E+02,517.5,1.25E+02,517.5,5.14E+01
591.9978027,-0.001181535,591.9978027,-0.003004882,591.9978027,2.14E-05,591.9978027,-0.001439718,591.9978027,0.003066458,518,2.52E+02,518,2.41E+02,518,2.02E+02,518,2.23E+02,518,1.85E+02,392.0149536,0.000352943,392.0149536,0.001149355,392.0149536,-0.001336505,392.0149536,-0.001412318,392.0149536,1.63E-05,518,3.06E+02,518,2.93E+02,518,2.29E+02,518,1.76E+02,518,1.18E+02,518,4.98E+01
591.5152588,-0.001279882,591.5152588,-0.002934283,591.5152588,-0.000164241,591.5152588,-0.002012056,591.5152588,0.003564016,518.5,2.34E+02,518.5,2.26E+02,518.5,1.99E+02,518.5,2.06E+02,518.5,1.93E+02,391.5114441,2.62E-05,391.5114441,0.000736485,391.5114441,-0.001415362,391.5114441,-0.001198573,391.5114441,-0.000447028,518.5,2.92E+02,518.5,2.51E+02,518.5,2.11E+02,518.5,1.66E+02,518.5,1.44E+02,518.5,6.51E+01
590.9953613,-0.001469646,590.9953613,-0.002803288,590.9953613,-0.000288947,590.9953613,-0.002155963,590.9953613,0.002413363,519,2.36E+02,519,2.57E+02,519,2.11E+02,519,2.24E+02,519,1.82E+02,391.0079346,0.000167048,391.0079346,0.000868721,391.0079346,-0.001150401,391.0079346,-0.002268973,391.0079346,-0.000199483,519,2.94E+02,519,2.78E+02,519,2.36E+02,519,1.83E+02,519,1.37E+02,519,6.52E+01
590.5126343,-0.000893027,590.5126343,-0.002282106,590.5126343,5.83E-05,590.5126343,-0.001725182,590.5126343,0.003357698,519.5,2.60E+02,519.5,2.17E+02,519.5,1.94E+02,519.5,2.34E+02,519.5,1.64E+02,390.504364,0.000614164,390.504364,0.000975235,390.504364,-0.001084148,390.504364,-0.001594286,390.504364,-0.000132516,519.5,3.08E+02,519.5,2.67E+02,519.5,2.18E+02,519.5,1.60E+02,519.5,1.16E+02,519.5,5.29E+01
589.9926147,-0.001404474,589.9926147,-0.002683368,589.9926147,-0.00045944,589.9926147,-0.001806392,589.9926147,0.003038773,520,2.19E+02,520,2.23E+02,520,1.89E+02,520,2.09E+02,520,1.92E+02,390.0007935,6.87E-05,390.0007935,0.001221852,390.0007935,-0.001135271,390.0007935,-0.001459945,390.0007935,-0.000228358,520,3.02E+02,520,2.38E+02,520,2.36E+02,520,1.75E+02,520,1.18E+02,520,6.20E+01
589.5097046,-0.001472122,589.5097046,-0.002835334,589.5097046,-0.000673186,589.5097046,-0.002193104,589.5097046,0.002872232,520.5,2.55E+02,520.5,2.10E+02,520.5,2.22E+02,520.5,2.30E+02,520.5,1.73E+02,389.4971008,-0.000144471,389.4971008,0.000623315,389.4971008,-0.001035601,389.4971008,-0.001626833,389.4971008,-0.000184579,520.5,2.95E+02,520.5,2.67E+02,520.5,2.21E+02,520.5,1.61E+02,520.5,1.37E+02,520.5,5.22E+01
588.989624,-0.001822942,588.989624,-0.003342649,588.989624,-0.000559656,588.989624,-0.002192331,588.989624,0.002160553,521,2.64E+02,521,2.16E+02,521,1.72E+02,521,2.22E+02,521,1.64E+02,388.9934387,-0.000323351,388.9934387,0.000293232,388.9934387,-0.001707649,388.9934387,-0.001844646,388.9934387,-0.000648373,521,2.44E+02,521,2.51E+02,521,2.43E+02,521,1.79E+02,521,1.10E+02,521,5.15E+01
588.5065918,-0.001043658,588.5065918,-0.002620385,588.5065918,-1.27E-05,588.5065918,-0.001965829,588.5065918,0.00343701,521.5,2.45E+02,521.5,2.45E+02,521.5,1.83E+02,521.5,2.26E+02,521.5,1.65E+02,388.4897461,-2.02E-05,388.4897461,0.000907811,388.4897461,-0.001245966,388.4897461,-0.001347034,388.4897461,-0.000559036,521.5,2.60E+02,521.5,2.54E+02,521.5,1.88E+02,521.5,1.67E+02,521.5,1.20E+02,521.5,5.79E+01
587.9863281,-0.001065659,587.9863281,-0.002780603,587.9863281,-0.000371305,587.9863281,-0.002050137,587.9863281,0.003221494,522,2.30E+02,522,2.28E+02,522,1.99E+02,522,2.42E+02,522,1.59E+02,387.9859619,0.000333254,387.9859619,0.000725853,387.9859619,-0.001313072,387.9859619,-0.001375935,387.9859619,-0.000192911,522,2.84E+02,522,2.61E+02,522,2.13E+02,522,1.49E+02,522,1.11E+02,522,6.62E+01
587.5031738,-0.00166402,587.5031738,-0.002656045,587.5031738,0.000176345,587.5031738,-0.001968457,587.5031738,0.003207907,522.5,2.27E+02,522.5,2.39E+02,522.5,1.73E+02,522.5,2.13E+02,522.5,1.77E+02,387.4821777,-0.0001188,387.4821777,0.000279969,387.4821777,-0.001389714,387.4821777,-0.001032244,387.4821777,-0.000262611,522.5,2.68E+02,522.5,2.58E+02,522.5,2.37E+02,522.5,1.46E+02,522.5,1.40E+02,522.5,6.45E+01
586.9827881,-0.00109365,586.9827881,-0.003120756,586.9827881,-0.000447803,586.9827881,-0.001920834,586.9827881,0.003158597,523,2.38E+02,523,2.30E+02,523,1.86E+02,523,2.14E+02,523,1.74E+02,387.0171204,4.39E-05,387.0171204,0.000777585,387.0171204,-0.001476095,387.0171204,-0.001508961,387.0171204,-0.000462957,523,2.63E+02,523,2.34E+02,523,2.18E+02,523,1.90E+02,523,1.39E+02,523,6.20E+01
586.4995728,-0.001244263,586.4995728,-0.002789657,586.4995728,-0.000678252,586.4995728,-0.002261814,586.4995728,0.002834763,523.5,2.23E+02,523.5,2.00E+02,523.5,1.96E+02,523.5,2.10E+02,523.5,1.64E+02,386.5131836,1.36E-05,386.5131836,0.000979023,386.5131836,-0.001713219,386.5131836,-0.001701048,386.5131836,-0.000238707,523.5,3.10E+02,523.5,2.85E+02,523.5,1.79E+02,523.5,1.81E+02,523.5,1.17E+02,523.5,7.03E+01
586.0161743,-0.001208434,586.0161743,-0.002758483,586.0161743,-0.000403116,586.0161743,-0.00154074,586.0161743,0.003099567,524,2.44E+02,524,2.05E+02,524,1.99E+02,524,2.36E+02,524,1.87E+02,386.0093079,-4.75E-05,386.0093079,0.0010038,386.0093079,-0.001597691,386.0093079,-0.001075059,386.0093079,-0.000568549,524,2.58E+02,524,2.65E+02,524,1.78E+02,524,1.74E+02,524,1.08E+02,524,5.67E+01
585.4956055,-0.00167124,585.4956055,-0.003183923,585.4956055,-0.000921442,585.4956055,-0.002031792,585.4956055,0.00260129,524.5,2.12E+02,524.5,1.89E+02,524.5,1.81E+02,524.5,1.84E+02,524.5,1.66E+02,385.5053406,-0.000107621,385.5053406,0.000964909,385.5053406,-0.001496991,385.5053406,-0.001468356,385.5053406,-0.000483695,524.5,2.88E+02,524.5,2.45E+02,524.5,2.10E+02,524.5,1.42E+02,524.5,1.30E+02,524.5,4.87E+01
585.012146,-0.002019477,585.012146,-0.003146764,585.012146,-0.000327179,585.012146,-0.001999842,585.012146,0.003206655,525,2.25E+02,525,1.85E+02,525,1.65E+02,525,2.26E+02,525,1.51E+02,385.0013123,-0.000249003,385.0013123,0.000315354,385.0013123,-0.001430327,385.0013123,-0.002051167,385.0013123,-0.000461147,525,2.92E+02,525,2.43E+02,525,2.14E+02,525,1.60E+02,525,1.28E+02,525,5.71E+01
584.4914551,-0.001859647,584.4914551,-0.003284643,584.4914551,-0.000631521,584.4914551,-0.002388905,584.4914551,0.002753503,525.5,2.38E+02,525.5,2.17E+02,525.5,1.78E+02,525.5,2.07E+02,525.5,1.70E+02,384.4972839,-0.000224115,384.4972839,0.000385173,384.4972839,-0.001865369,384.4972839,-0.001249167,384.4972839,-0.000893131,525.5,2.51E+02,525.5,2.41E+02,525.5,1.78E+02,525.5,1.76E+02,525.5,1.20E+02,525.5,5.91E+01
584.0078735,-0.001496166,584.0078735,-0.003176111,584.0078735,-0.000483074,584.0078735,-0.002317228,584.0078735,0.002426431,526,2.12E+02,526,2.05E+02,526,2.15E+02,526,1.98E+02,526,1.66E+02,383.9931946,0.000327711,383.9931946,0.000319576,383.9931946,-0.00156999,383.9931946,-0.001862586,383.9931946,-0.0001188,526,2.88E+02,526,2.68E+02,526,1.93E+02,526,1.60E+02,526,1.18E+02,526,6.20E+01
583.4869995,-0.001068758,583.4869995,-0.002656869,583.4869995,-0.000219872,583.4869995,-0.001618168,583.4869995,0.003348777,526.5,2.05E+02,526.5,1.93E+02,526.5,1.96E+02,526.5,2.09E+02,526.5,1.61E+02,383.4891052,0.000383022,383.4891052,0.001042124,383.4891052,-0.00124989,383.4891052,-0.001142759,383.4891052,-0.000175213,526.5,2.52E+02,526.5,2.40E+02,526.5,2.21E+02,526.5,1.65E+02,526.5,1.46E+02,526.5,5.84E+01
583.0032959,-0.001172964,583.0032959,-0.002768051,583.0032959,0.000139703,583.0032959,-0.001550491,583.0032959,0.003099723,527,1.96E+02,527,1.95E+02,527,1.96E+02,527,2.25E+02,527,1.63E+02,382.9849243,0.000522875,382.9849243,0.001422613,382.9849243,-0.000778418,382.9849243,-0.001236726,382.9849243,-0.000287084,527,2.62E+02,527,2.44E+02,527,2.13E+02,527,1.62E+02,527,1.02E+02,527,4.93E+01
582.4822998,-0.001398384,582.4822998,-0.002601138,582.4822998,-0.000237516,582.4822998,-0.001252936,582.4822998,0.003115862,527.5,2.22E+02,527.5,2.33E+02,527.5,1.83E+02,527.5,1.83E+02,527.5,1.50E+02,382.4807434,0.000413881,382.4807434,0.001412822,382.4807434,-0.001238171,382.4807434,-0.001209983,382.4807434,-0.000442373,527.5,2.69E+02,527.5,2.24E+02,527.5,2.40E+02,527.5,1.76E+02,527.5,1.18E+02,527.5,4.95E+01
581.9985352,-0.001019693,581.9985352,-0.002374179,581.9985352,1.73E-06,581.9985352,-0.001672065,581.9985352,0.003324021,528,2.40E+02,528,1.79E+02,528,1.71E+02,528,1.83E+02,528,1.82E+02,382.0153198,0.00068175,382.0153198,0.000995394,382.0153198,-0.000871172,382.0153198,-0.001534756,382.0153198,0.000317789,528,2.74E+02,528,2.62E+02,528,1.88E+02,528,1.87E+02,528,1.09E+02,528,6.36E+01
581.5145874,-0.001435951,581.5145874,-0.002548489,581.5145874,0.00013802,581.5145874,-0.001941502,581.5145874,0.003441524,528.5,2.22E+02,528.5,2.00E+02,528.5,1.67E+02,528.5,2.05E+02,528.5,1.68E+02,381.5110474,0.000473402,381.5110474,0.000251244,381.5110474,-0.001800772,381.5110474,-0.001857998,381.5110474,-0.00081206,528.5,2.71E+02,528.5,2.45E+02,528.5,1.91E+02,528.5,1.44E+02,528.5,1.21E+02,528.5,4.50E+01
580.9934082,-0.001257375,580.9934082,-0.003049713,580.9934082,-0.000431874,580.9934082,-0.00230492,580.9934082,0.002902278,529,2.14E+02,529,1.99E+02,529,1.77E+02,529,1.88E+02,529,1.64E+02,381.0067749,0.000596252,381.0067749,0.000877436,381.0067749,-0.001475321,381.0067749,-0.001689651,381.0067749,-0.000397168,529,2.66E+02,529,2.49E+02,529,2.19E+02,529,1.72E+02,529,1.20E+02,529,6.68E+01
580.5094604,-0.001454424,580.5094604,-0.002894428,580.5094604,-3.11E-05,580.5094604,-0.001807114,580.5094604,0.00319213,529.5,1.89E+02,529.5,1.87E+02,529.5,1.48E+02,529.5,1.85E+02,529.5,1.67E+02,380.5023804,0.00020491,380.5023804,0.000940341,380.5023804,-0.001321279,380.5023804,-0.00137031,380.5023804,-0.000458302,529.5,2.73E+02,529.5,2.33E+02,529.5,2.02E+02,529.5,1.49E+02,529.5,1.07E+02,529.5,5.56E+01
579.9880981,-0.001697129,579.9880981,-0.003113714,579.9880981,0.000180048,579.9880981,-0.002113409,579.9880981,0.003176693,530,1.98E+02,530,2.00E+02,530,1.42E+02,530,2.19E+02,530,1.58E+02,379.9980469,0.000193748,379.9980469,0.000303619,379.9980469,-0.001500087,379.9980469,-0.002090584,379.9980469,-0.000755058,530,2.40E+02,530,2.26E+02,530,1.95E+02,530,1.59E+02,530,1.15E+02,530,6.05E+01
579.5039673,-0.001005954,579.5039673,-0.002657486,579.5039673,0.000178469,579.5039673,-0.002326652,579.5039673,0.003583591,530.5,2.20E+02,530.5,1.89E+02,530.5,1.67E+02,530.5,1.81E+02,530.5,1.45E+02,379.4935913,0.000613516,379.4935913,0.001096048,379.4935913,-0.000823376,379.4935913,-0.000760692,379.4935913,0.000313152,530.5,2.70E+02,530.5,2.21E+02,530.5,2.19E+02,530.5,1.90E+02,530.5,1.06E+02,530.5,6.55E+01
578.9825439,-0.001467066,578.9825439,-0.002663455,578.9825439,-0.000354079,578.9825439,-0.002486515,578.9825439,0.002717894,531,2.01E+02,531,2.04E+02,531,1.73E+02,531,1.86E+02,531,1.56E+02,378.9891663,5.77E-05,378.9891663,0.000832488,378.9891663,-0.001371136,378.9891663,-0.001263673,378.9891663,0.000150242,531,2.58E+02,531,2.24E+02,531,2.02E+02,531,1.61E+02,531,1.06E+02,531,5.32E+01
578.498291,-0.001855111,578.498291,-0.002638293,578.498291,6.73E-06,578.498291,-0.002020765,578.498291,0.002672493,531.5,1.75E+02,531.5,1.84E+02,531.5,1.67E+02,531.5,1.91E+02,531.5,1.53E+02,378.4846191,0.000346156,378.4846191,0.000725127,378.4846191,-0.001068448,378.4846191,-0.001480378,378.4846191,-0.000460009,531.5,2.58E+02,531.5,2.20E+02,531.5,2.16E+02,531.5,1.59E+02,531.5,9.01E+01,531.5,6.30E+01
578.0139771,-0.001396114,578.0139771,-0.002642152,578.0139771,0.00025241,578.0139771,-0.001757926,578.0139771,0.003724504,532,2.17E+02,532,1.84E+02,532,1.66E+02,532,1.63E+02,532,1.58E+02,378.0189209,9.12E-05,378.0189209,0.000952586,378.0189209,-0.00170012,378.0189209,-0.001355033,378.0189209,-2.78E-05,532,2.74E+02,532,2.11E+02,532,2.26E+02,532,1.82E+02,532,1.16E+02,532,5.27E+01
577.4923096,-0.000880627,577.4923096,-0.001956346,577.4923096,0.000511316,577.4923096,-0.001621005,577.4923096,0.003345594,532.5,1.65E+02,532.5,1.76E+02,532.5,1.46E+02,532.5,1.86E+02,532.5,1.63E+02,377.5143127,0.000219413,377.5143127,0.000689009,377.5143127,-0.001989278,377.5143127,-0.001664432,377.5143127,-0.000178318,532.5,2.52E+02,532.5,2.38E+02,532.5,2.37E+02,532.5,1.37E+02,532.5,1.13E+02,532.5,6.23E+01
577.0078735,-0.001157061,577.0078735,-0.002746599,577.0078735,-0.000425357,577.0078735,-0.002110421,577.0078735,0.003066249,533,1.80E+02,533,1.75E+02,533,1.65E+02,533,2.19E+02,533,1.36E+02,377.0097351,0.000303256,377.0097351,0.000777767,377.0097351,-0.001228775,377.0097351,-0.00180799,377.0097351,-0.000100737,533,2.51E+02,533,2.35E+02,533,2.11E+02,533,1.60E+02,533,1.10E+02,533,5.48E+01
576.486145,-0.00122289,576.486145,-0.00232624,576.486145,-0.000501225,576.486145,-0.002220146,576.486145,0.00327235,533.5,1.94E+02,533.5,1.79E+02,533.5,1.44E+02,533.5,1.90E+02,533.5,1.68E+02,376.5050659,3.22E-05,376.5050659,0.000545034,376.5050659,-0.002143032,376.5050659,-0.001879597,376.5050659,-0.000587266,533.5,2.30E+02,533.5,2.40E+02,533.5,1.93E+02,533.5,1.43E+02,533.5,1.24E+02,533.5,5.98E+01
576.0015869,-0.001072115,576.0015869,-0.002613335,576.0015869,-0.000442942,576.0015869,-0.002203715,576.0015869,0.002844064,534,2.08E+02,534,1.60E+02,534,1.54E+02,534,1.96E+02,534,1.53E+02,376.0003967,0.000163734,376.0003967,0.000534356,376.0003967,-0.001511747,376.0003967,-0.001858204,376.0003967,-0.000197155,534,2.29E+02,534,1.95E+02,534,1.83E+02,534,1.52E+02,534,1.04E+02,534,4.94E+01
575.5169678,-0.001434403,575.5169678,-0.002468189,575.5169678,-0.000104929,575.5169678,-0.002377011,575.5169678,0.003119147,534.5,2.01E+02,534.5,1.68E+02,534.5,1.64E+02,534.5,1.61E+02,534.5,1.60E+02,375.4956665,0.000397531,375.4956665,0.000761456,375.4956665,-0.001540173,375.4956665,-0.001714972,375.4956665,-0.000209626,534.5,2.35E+02,534.5,2.25E+02,534.5,2.02E+02,534.5,1.35E+02,534.5,1.27E+02,534.5,7.57E+01
574.9949341,-0.001177353,574.9949341,-0.002681927,574.9949341,-4.04E-05,574.9949341,-0.002136695,574.9949341,0.0030961,535,2.18E+02,535,1.51E+02,535,1.81E+02,535,1.76E+02,535,1.37E+02,374.9909058,0.000180489,374.9909058,0.000774629,374.9909058,-0.001551626,374.9909058,-0.00162018,374.9909058,-0.000424064,535,2.65E+02,535,2.32E+02,535,2.13E+02,535,1.64E+02,535,1.03E+02,535,5.54E+01
574.5103149,-0.001174875,574.5103149,-0.002344572,574.5103149,-1.07E-05,574.5103149,-0.001991752,574.5103149,0.002995398,535.5,1.83E+02,535.5,1.73E+02,535.5,1.62E+02,535.5,1.87E+02,535.5,1.66E+02,374.4861145,0.000276006,374.4861145,0.000272768,374.4861145,-0.001669022,374.4861145,-0.001423051,374.4861145,-0.000249986,535.5,2.34E+02,535.5,2.28E+02,535.5,1.90E+02,535.5,1.56E+02,535.5,1.24E+02,535.5,5.26E+01
573.9881592,-0.001218915,573.9881592,-0.002937112,573.9881592,-0.000209729,573.9881592,-0.002021538,573.9881592,0.002911581,536,1.72E+02,536,1.56E+02,536,1.52E+02,536,2.03E+02,536,1.36E+02,373.9812622,0.000833006,373.9812622,0.000716804,373.9812622,-0.001445755,373.9812622,-0.000927538,373.9812622,2.77E-06,536,2.35E+02,536,1.92E+02,536,2.11E+02,536,1.36E+02,536,1.17E+02,536,4.79E+01
573.5032349,-0.001431049,573.5032349,-0.002801179,573.5032349,-0.000387599,573.5032349,-0.002004429,573.5032349,0.003132914,536.5,1.96E+02,536.5,1.87E+02,536.5,1.66E+02,536.5,1.93E+02,536.5,1.79E+02,373.5152588,0.000814385,373.5152588,0.000875673,373.5152588,-0.001646845,373.5152588,-0.001662421,373.5152588,7.23E-05,536.5,2.60E+02,536.5,2.00E+02,536.5,2.08E+02,536.5,1.81E+02,536.5,1.13E+02,536.5,6.27E+01
573.0183716,-0.00123177,573.0183716,-0.002223134,573.0183716,3.88E-05,573.0183716,-0.001856142,573.0183716,0.003617889,537,1.66E+02,537,1.81E+02,537,1.41E+02,537,1.79E+02,537,1.43E+02,373.0103149,6.56E-05,373.0103149,0.000429946,373.0103149,-0.001771177,373.0103149,-0.001346776,373.0103149,-0.000709421,537,2.47E+02,537,2.04E+02,537,1.67E+02,537,1.64E+02,537,1.06E+02,537,5.50E+01
572.4960938,-0.001485021,572.4960938,-0.003025961,572.4960938,0.000191443,572.4960938,-0.002120622,572.4960938,0.003243557,537.5,2.04E+02,537.5,1.92E+02,537.5,1.61E+02,537.5,1.78E+02,537.5,1.52E+02,372.5053711,0.000678405,372.5053711,0.000318074,372.5053711,-0.001280553,372.5053711,-0.001071547,372.5053711,-0.000322833,537.5,2.44E+02,537.5,2.24E+02,537.5,1.72E+02,537.5,1.54E+02,537.5,1.03E+02,537.5,6.70E+01
572.0110474,-0.001800566,572.0110474,-0.002979276,572.0110474,-0.000226184,572.0110474,-0.002224164,572.0110474,0.002844091,538,1.72E+02,538,1.86E+02,538,1.77E+02,538,1.64E+02,538,1.53E+02,372.0003967,0.000918654,372.0003967,0.00149474,372.0003967,-0.000941125,372.0003967,-0.000987617,372.0003967,0.000395899,538,2.23E+02,538,1.76E+02,538,2.15E+02,538,1.53E+02,538,1.19E+02,538,5.24E+01
571.4886475,-0.001424135,571.4886475,-0.002524915,571.4886475,-4.35E-05,571.4886475,-0.002245076,571.4886475,0.002813632,538.5,1.79E+02,538.5,1.84E+02,538.5,1.30E+02,538.5,1.70E+02,538.5,1.56E+02,371.4953613,0.000906514,371.4953613,0.00074626,371.4953613,-0.000970467,371.4953613,-0.001186234,371.4953613,-1.68E-05,538.5,2.34E+02,538.5,2.06E+02,538.5,2.02E+02,538.5,1.38E+02,538.5,1.27E+02,538.5,5.06E+01
571.003479,-0.001409066,571.003479,-0.002965239,571.003479,-3.61E-05,571.003479,-0.002390192,571.003479,0.003222981,539,1.65E+02,539,1.63E+02,539,1.56E+02,539,1.86E+02,539,1.58E+02,370.9902649,0.000556076,370.9902649,0.000597652,370.9902649,-0.001407415,370.9902649,-0.001769166,370.9902649,-0.000253971,539,2.28E+02,539,2.23E+02,539,1.66E+02,539,1.44E+02,539,1.13E+02,539,6.16E+01
570.5182495,-0.001512159,570.5182495,-0.002748297,570.5182495,-0.000161188,570.5182495,-0.002044778,570.5182495,0.003069586,539.5,1.80E+02,539.5,1.48E+02,539.5,1.55E+02,539.5,1.72E+02,539.5,1.32E+02,370.485199,0.000261812,370.485199,0.00031968,370.485199,-0.001435435,370.485199,-0.001869132,370.485199,-0.000362511,539.5,2.45E+02,539.5,2.06E+02,539.5,1.77E+02,539.5,1.45E+02,539.5,1.24E+02,539.5,5.87E+01
569.9956665,-0.001820467,569.9956665,-0.003295176,569.9956665,-0.000424478,569.9956665,-0.002272475,569.9956665,0.002492581,540,1.78E+02,540,1.69E+02,540,1.65E+02,540,1.71E+02,540,1.54E+02,370.0188904,0.00034929,370.0188904,0.000896268,370.0188904,-0.001050889,370.0188904,-0.001395236,370.0188904,-0.000369856,540,2.44E+02,540,2.24E+02,540,1.56E+02,540,1.48E+02,540,1.20E+02,540,4.59E+01
569.510376,-0.001328763,569.510376,-0.002742946,569.510376,-8.02E-06,569.510376,-0.002265883,569.510376,0.003309127,540.5,1.74E+02,540.5,1.61E+02,540.5,1.45E+02,540.5,1.70E+02,540.5,1.43E+02,369.5137329,0.000577823,369.5137329,0.000849995,369.5137329,-0.001224594,369.5137329,-0.001306155,369.5137329,-5.35E-05,540.5,2.47E+02,540.5,1.95E+02,540.5,1.82E+02,540.5,1.85E+02,540.5,9.18E+01,540.5,7.11E+01
568.9876099,-0.001277559,568.9876099,-0.002311048,568.9876099,-0.00053887,568.9876099,-0.0025717,568.9876099,0.003478837,541,1.88E+02,541,1.50E+02,541,1.48E+02,541,1.77E+02,541,1.61E+02,369.0084839,0.000204237,369.0084839,0.000675035,369.0084839,-0.001436158,369.0084839,-0.001831036,369.0084839,-0.000751595,541,2.13E+02,541,1.99E+02,541,1.90E+02,541,1.40E+02,541,8.80E+01,541,7.02E+01
568.5020752,-0.001586394,568.5020752,-0.002730805,568.5020752,8.50E-05,568.5020752,-0.0023559,568.5020752,0.003041849,541.5,1.53E+02,541.5,1.85E+02,541.5,1.50E+02,541.5,1.56E+02,541.5,1.49E+02,368.5032349,0.000166634,368.5032349,0.001133212,368.5032349,-0.001262073,368.5032349,-0.001234248,368.5032349,-0.000176662,541.5,2.30E+02,541.5,2.05E+02,541.5,1.70E+02,541.5,1.44E+02,541.5,1.20E+02,541.5,6.64E+01
568.0166016,-0.001313898,568.0166016,-0.00289412,568.0166016,-0.000448579,568.0166016,-0.002012777,568.0166016,0.002568687,542,2.03E+02,542,1.50E+02,542,1.40E+02,542,1.91E+02,542,1.59E+02,367.9979553,0.00022853,367.9979553,0.000585651,367.9979553,-0.001768444,367.9979553,-0.001248393,367.9979553,-0.000244398,542,2.11E+02,542,2.09E+02,542,1.94E+02,542,1.30E+02,542,1.07E+02,542,6.87E+01
567.4936523,-0.001627452,567.4936523,-0.002344572,567.4936523,2.16E-05,567.4936523,-0.0017307,567.4936523,0.003489875,542.5,1.97E+02,542.5,1.57E+02,542.5,1.39E+02,542.5,1.84E+02,542.5,1.21E+02,367.4926453,0.000415228,367.4926453,0.001126152,367.4926453,-0.000813403,367.4926453,-0.001259853,367.4926453,0.000155887,542.5,2.43E+02,542.5,2.38E+02,542.5,1.66E+02,542.5,1.51E+02,542.5,1.17E+02,542.5,4.46E+01
567.0079956,-0.00115355,567.0079956,-0.002469116,567.0079956,-0.000380512,567.0079956,-0.002082289,567.0079956,0.003048601,543,1.59E+02,543,1.50E+02,543,1.45E+02,543,1.62E+02,543,1.38E+02,366.9872742,0.000370327,366.9872742,0.000710478,366.9872742,-0.001343627,366.9872742,-0.001769579,366.9872742,-0.000353562,543,2.35E+02,543,2.19E+02,543,1.90E+02,543,1.37E+02,543,1.09E+02,543,5.90E+01
566.4849854,-0.001215404,566.4849854,-0.002631449,566.4849854,0.000169198,566.4849854,-0.001881453,566.4849854,0.00340437,543.5,1.61E+02,543.5,1.70E+02,543.5,1.45E+02,543.5,1.51E+02,543.5,1.18E+02,366.481842,0.000616938,366.481842,0.000721497,366.481842,-0.001206989,366.481842,-0.001542288,366.481842,-4.49E-05,543.5,2.63E+02,543.5,2.20E+02,543.5,1.81E+02,543.5,1.48E+02,543.5,9.53E+01,543.5,7.15E+01
565.9992065,-0.001497249,565.9992065,-0.002824326,565.9992065,-0.000336491,565.9992065,-0.002122013,565.9992065,0.002922344,544,1.59E+02,544,1.45E+02,544,1.44E+02,544,1.55E+02,544,1.60E+02,366.0153503,0.000712422,366.0153503,0.00092833,366.0153503,-0.001329021,366.0153503,-0.001560756,366.0153503,-8.69E-05,544,2.28E+02,544,2.18E+02,544,1.72E+02,544,1.55E+02,544,1.10E+02,544,6.74E+01
565.5134277,-0.001586136,565.5134277,-0.002930786,565.5134277,-0.000659281,565.5134277,-0.002235804,565.5134277,0.003188819,544.5,1.60E+02,544.5,1.72E+02,544.5,1.09E+02,544.5,1.62E+02,544.5,1.48E+02,365.5098572,0.000520361,365.5098572,0.000379939,365.5098572,-0.001540431,365.5098572,-0.001861297,365.5098572,-0.000390858,544.5,2.28E+02,544.5,2.19E+02,544.5,1.51E+02,544.5,1.64E+02,544.5,1.07E+02,544.5,5.74E+01
564.9901123,-0.001298103,564.9901123,-0.00268203,564.9901123,4.51E-05,564.9901123,-0.00195985,564.9901123,0.003474505,545,1.71E+02,545,1.76E+02,545,1.43E+02,545,1.45E+02,545,1.45E+02,365.0043335,0.000485867,365.0043335,0.000918006,365.0043335,-0.000998309,365.0043335,-0.001025116,365.0043335,-0.000223752,545,2.47E+02,545,1.98E+02,545,1.75E+02,545,1.56E+02,545,1.20E+02,545,6.07E+01
564.5042725,-0.001168111,564.5042725,-0.002711975,564.5042725,0.000259818,564.5042725,-0.002176105,564.5042725,0.003642817,545.5,1.65E+02,545.5,1.47E+02,545.5,1.34E+02,545.5,1.54E+02,545.5,1.34E+02,364.4988098,0.0008245,364.4988098,0.000965402,364.4988098,-0.001698882,364.4988098,-0.001131502,364.4988098,-0.000254178,545.5,2.60E+02,545.5,2.33E+02,545.5,1.81E+02,545.5,1.52E+02,545.5,8.93E+01,545.5,6.19E+01
564.0182495,-0.001800102,564.0182495,-0.002981899,564.0182495,-0.000174126,564.0182495,-0.002362697,564.0182495,0.002466807,546,1.54E+02,546,1.32E+02,546,1.32E+02,546,1.53E+02,546,1.35E+02,363.9931946,0.000394189,363.9931946,0.000963768,363.9931946,-0.001607388,363.9931946,-0.001537697,363.9931946,-0.000556606,546,2.28E+02,546,2.11E+02,546,1.79E+02,546,1.34E+02,546,1.09E+02,546,5.68E+01
563.494751,-0.001455147,563.494751,-0.002940917,563.494751,-0.000795162,563.494751,-0.002391737,563.494751,0.003200945,546.5,1.76E+02,546.5,1.59E+02,546.5,1.31E+02,546.5,1.70E+02,546.5,1.44E+02,363.4875793,0.000233192,363.4875793,0.000930951,363.4875793,-0.001369897,363.4875793,-0.00169321,363.4875793,-0.000274201,546.5,2.01E+02,546.5,2.19E+02,546.5,1.86E+02,546.5,1.63E+02,546.5,9.61E+01,546.5,5.70E+01
563.008667,-0.001611979,563.008667,-0.002980099,563.008667,-0.000522272,563.008667,-0.001808248,563.008667,0.002894747,547,1.73E+02,547,1.54E+02,547,1.17E+02,547,1.70E+02,547,1.33E+02,362.9819336,0.000133074,362.9819336,0.00060955,362.9819336,-0.001614712,362.9819336,-0.000957449,362.9819336,-0.000348854,547,2.14E+02,547,2.19E+02,547,1.80E+02,547,1.51E+02,547,1.06E+02,547,4.57E+01
562.4851074,-0.001244056,562.4851074,-0.002979996,562.4851074,0.000120982,562.4851074,-0.002063019,562.4851074,0.003277723,547.5,1.85E+02,547.5,1.49E+02,547.5,1.24E+02,547.5,1.40E+02,547.5,1.29E+02,362.5151062,0.000354057,362.5151062,0.000528473,362.5151062,-0.001506536,362.5151062,-0.000860322,362.5151062,8.96E-05,547.5,2.22E+02,547.5,2.22E+02,547.5,1.76E+02,547.5,1.58E+02,547.5,9.65E+01,547.5,5.53E+01
561.9988403,-0.0016929,561.9988403,-0.003040357,561.9988403,-0.000282324,561.9988403,-0.002302448,561.9988403,0.002996154,548,1.55E+02,548,1.32E+02,548,1.45E+02,548,1.57E+02,548,1.40E+02,362.0093994,0.000401936,362.0093994,0.000538659,362.0093994,-0.001781644,362.0093994,-0.001634415,362.0093994,-0.000234412,548,1.95E+02,548,2.28E+02,548,1.45E+02,548,1.47E+02,548,1.07E+02,548,5.64E+01
561.5125732,-0.001607543,561.5125732,-0.002954029,561.5125732,-0.000110364,561.5125732,-0.001371136,561.5125732,0.002996702,548.5,1.46E+02,548.5,1.59E+02,548.5,1.38E+02,548.5,1.71E+02,548.5,1.44E+02,361.5036621,0.001176608,361.5036621,0.001254458,361.5036621,-0.001150452,361.5036621,-0.001619819,361.5036621,-0.000118179,548.5,2.42E+02,548.5,1.81E+02,548.5,1.76E+02,548.5,1.33E+02,548.5,1.20E+02,548.5,3.99E+01
560.9888306,-0.001672323,560.9888306,-0.00273847,560.9888306,0.000140532,560.9888306,-0.001818663,560.9888306,0.003561667,549,1.33E+02,549,1.58E+02,549,1.36E+02,549,1.46E+02,549,1.45E+02,360.9978027,-7.82E-05,360.9978027,0.000944518,360.9978027,-0.002081207,360.9978027,-0.002514157,360.9978027,-0.000953833,549,2.08E+02,549,2.04E+02,549,1.74E+02,549,1.59E+02,549,1.16E+02,549,5.57E+01
560.5024414,-0.001570351,560.5024414,-0.003032439,560.5024414,-0.000726632,560.5024414,-0.002016797,560.5024414,0.003082178,549.5,1.44E+02,549.5,1.58E+02,549.5,1.31E+02,549.5,1.49E+02,549.5,1.29E+02,360.4919739,-0.000192238,360.4919739,0.001079803,360.4919739,-0.001238171,360.4919739,-0.001229137,360.4919739,-0.00022427,549.5,2.15E+02,549.5,1.78E+02,549.5,1.77E+02,549.5,1.51E+02,549.5,1.01E+02,549.5,6.12E+01
560.0159302,-0.001863565,560.0159302,-0.003055677,560.0159302,-0.000579924,560.0159302,-0.001880525,560.0159302,0.002684058,550,1.45E+02,550,1.43E+02,550,1.38E+02,550,1.90E+02,550,1.29E+02,359.9861145,0.000340948,359.9861145,0.000929913,359.9861145,-0.001002545,359.9861145,-0.00161791,359.9861145,-0.000331628,550,2.17E+02,550,2.01E+02,550,1.79E+02,550,1.47E+02,550,9.89E+01,550,5.39E+01
559.4919434,-0.001524851,559.4919434,-0.003049302,559.4919434,3.16E-05,559.4919434,-0.002241264,559.4919434,0.00316196,550.5,1.51E+02,550.5,1.33E+02,550.5,1.08E+02,550.5,1.84E+02,550.5,1.39E+02,359.5191345,0.000188051,359.5191345,0.000911832,359.5191345,-0.000973411,359.5191345,-0.001396423,359.5191345,-8.26E-05,550.5,2.01E+02,550.5,2.17E+02,550.5,1.81E+02,550.5,1.50E+02,550.5,1.09E+02,550.5,4.78E+01
559.0054321,-0.001565502,559.0054321,-0.002673746,559.0054321,0.000315017,559.0054321,-0.00191805,559.0054321,0.003296085,551,1.64E+02,551,1.44E+02,551,1.24E+02,551,1.63E+02,551,1.28E+02,359.0132141,-8.41E-05,359.0132141,0.000734488,359.0132141,-0.00159212,359.0132141,-0.00165912,359.0132141,-0.000420547,551,2.06E+02,551,2.12E+02,551,1.72E+02,551,1.28E+02,551,9.01E+01,551,5.32E+01
558.4813843,-0.001342492,558.4813843,-0.002581788,558.4813843,0.000100397,558.4813843,-0.001868153,558.4813843,0.003286278,551.5,1.56E+02,551.5,1.42E+02,551.5,1.16E+02,551.5,1.61E+02,551.5,1.21E+02,358.5072327,0.000409502,358.5072327,0.000869447,358.5072327,-0.000900674,358.5072327,-0.001689239,358.5072327,-9.43E-05,551.5,1.84E+02,551.5,2.00E+02,551.5,1.56E+02,551.5,1.32E+02,551.5,1.09E+02,551.5,5.44E+01
557.9946899,-0.001022895,557.9946899,-0.002774173,557.9946899,0.000235885,557.9946899,-0.002169563,557.9946899,0.003826367,552,1.86E+02,552,1.42E+02,552,1.23E+02,552,1.40E+02,552,1.37E+02,358.0011597,-0.000338663,358.0011597,0.000678431,358.0011597,-0.001301768,358.0011597,-0.001358388,358.0011597,-0.000465749,552,2.16E+02,552,2.02E+02,552,1.33E+02,552,1.39E+02,552,8.73E+01,552,6.74E+01
557.5078735,-0.001385947,557.5078735,-0.002627023,557.5078735,1.26E-05,557.5078735,-0.001782469,557.5078735,0.003465268,552.5,1.33E+02,552.5,1.46E+02,552.5,1.29E+02,552.5,1.48E+02,552.5,1.27E+02,357.4951172,-0.000233946,357.4951172,0.001239764,357.4951172,-0.001076608,357.4951172,-0.001433991,357.4951172,-0.000705802,552.5,2.02E+02,552.5,1.92E+02,552.5,1.76E+02,552.5,1.48E+02,552.5,8.45E+01,552.5,5.69E+01
556.9835815,-0.001983454,556.9835815,-0.002460571,556.9835815,-1.89E-05,556.9835815,-0.001873153,556.9835815,0.003542093,553,1.57E+02,553,1.28E+02,553,1.38E+02,553,1.45E+02,553,1.47E+02,356.9890442,-0.000156168,356.9890442,0.000564344,356.9890442,-0.001304194,356.9890442,-0.001408912,356.9890442,-0.000271045,553,1.90E+02,553,2.05E+02,553,1.61E+02,553,1.47E+02,553,1.07E+02,553,6.69E+01
556.4968262,-0.001578863,556.4968262,-0.002799996,556.4968262,-0.000354959,556.4968262,-0.002149369,556.4968262,0.003162221,553.5,1.53E+02,553.5,1.38E+02,553.5,1.28E+02,553.5,1.46E+02,553.5,1.37E+02,356.4829102,0.000220863,356.4829102,0.001146552,356.4829102,-0.001351472,356.4829102,-0.001428418,356.4829102,-0.000196378,553.5,2.20E+02,553.5,1.79E+02,553.5,1.67E+02,553.5,1.56E+02,553.5,1.02E+02,553.5,5.19E+01
556.0098267,-0.001572312,556.0098267,-0.002935415,556.0098267,-1.34E-05,556.0098267,-0.001854956,556.0098267,0.003470982,554,1.41E+02,554,1.51E+02,554,1.20E+02,554,1.60E+02,554,1.32E+02,356.0156555,0.000247022,356.0156555,0.001283847,356.0156555,-0.000807047,356.0156555,-0.000847094,356.0156555,1.04E-05,554,2.27E+02,554,1.81E+02,554,1.62E+02,554,1.47E+02,554,9.28E+01,554,4.12E+01
555.4853516,-0.00095435,555.4853516,-0.002877765,555.4853516,-4.21E-05,555.4853516,-0.001962633,555.4853516,0.003523173,554.5,1.63E+02,554.5,1.32E+02,554.5,1.42E+02,554.5,1.44E+02,554.5,1.17E+02,355.5094604,-4.25E-05,355.5094604,0.000721601,355.5094604,-0.00114281,355.5094604,-0.001263105,355.5094604,-5.26E-05,554.5,2.16E+02,554.5,2.11E+02,554.5,1.82E+02,554.5,1.44E+02,554.5,8.88E+01,554.5,5.98E+01
554.9983521,-0.001477798,554.9983521,-0.002378813,554.9983521,0.00021501,554.9983521,-0.001733794,554.9983521,0.0033961,555,1.52E+02,555,1.26E+02,555,1.28E+02,555,1.59E+02,555,1.23E+02,355.0032349,7.62E-05,355.0032349,0.000906514,355.0032349,-0.000847663,355.0032349,-0.00134884,355.0032349,8.98E-06,555,2.35E+02,555,2.01E+02,555,1.54E+02,555,1.27E+02,555,1.07E+02,555,6.44E+01
554.5112305,-0.00202901,554.5112305,-0.003440867,554.5112305,-0.000837897,554.5112305,-0.002879771,554.5112305,0.002590613,555.5,1.49E+02,555.5,1.32E+02,555.5,1.31E+02,555.5,1.60E+02,555.5,1.40E+02,354.4969482,-0.000449717,354.4969482,0.000985301,354.4969482,-0.001318904,354.4969482,-0.001860266,354.4969482,-0.000308917,555.5,2.05E+02,555.5,2.11E+02,555.5,1.63E+02,555.5,1.62E+02,555.5,9.81E+01,555.5,5.79E+01
553.9865723,-0.001931709,553.9865723,-0.002823092,553.9865723,-0.000442321,553.9865723,-0.002682133,553.9865723,0.002999152,556,1.25E+02,556,1.04E+02,556,1.35E+02,556,1.54E+02,556,1.18E+02,353.9906616,-0.000413513,353.9906616,0.000497347,353.9906616,-0.001291806,353.9906616,-0.001778499,353.9906616,-0.000470404,556,2.02E+02,556,2.00E+02,556,1.67E+02,556,1.16E+02,556,9.18E+01,556,5.81E+01
553.4993896,-0.001824488,553.4993896,-0.003062103,553.4993896,-0.000595487,553.4993896,-0.002473646,553.4993896,0.003253807,556.5,1.51E+02,556.5,1.42E+02,556.5,1.25E+02,556.5,1.50E+02,556.5,1.35E+02,353.4842834,0.000253057,353.4842834,0.001141595,353.4842834,-0.00129769,353.4842834,-0.001654117,353.4842834,-0.000338767,556.5,1.89E+02,556.5,2.06E+02,556.5,1.90E+02,556.5,1.25E+02,556.5,8.87E+01,556.5,6.92E+01
553.012146,-0.001412318,553.012146,-0.002645703,553.012146,-0.000210868,553.012146,-0.002268561,553.012146,0.00380921,557,1.22E+02,557,1.27E+02,557,1.17E+02,557,1.45E+02,557,1.06E+02,353.0169067,0.000193308,353.0169067,0.001376855,353.0169067,-0.001079552,353.0169067,-0.001281121,353.0169067,8.30E-05,557,2.12E+02,557,1.70E+02,557,1.78E+02,557,1.55E+02,557,1.02E+02,557,5.73E+01
552.4873047,-0.001133154,552.4873047,-0.003006373,552.4873047,-0.000102393,552.4873047,-0.002066059,552.4873047,0.003258266,557.5,1.58E+02,557.5,1.41E+02,557.5,1.32E+02,557.5,1.48E+02,557.5,1.34E+02,352.5104675,0.000265386,352.5104675,0.000912532,352.5104675,-0.001217934,352.5104675,-0.001168937,352.5104675,-0.000123873,557.5,1.96E+02,557.5,2.20E+02,557.5,1.62E+02,557.5,1.41E+02,557.5,1.09E+02,557.5,7.29E+01
551.9998169,-0.00184645,551.9998169,-0.003231562,551.9998169,-0.000373891,551.9998169,-0.002806118,551.9998169,0.002949266,558,1.59E+02,558,1.69E+02,558,1.27E+02,558,1.77E+02,558,1.26E+02,352.0040283,0.000243578,352.0040283,0.001119846,352.0040283,-0.001103152,352.0040283,-0.001863359,352.0040283,-2.44E-05,558,2.04E+02,558,1.63E+02,558,1.72E+02,558,1.38E+02,558,9.62E+01,558,4.99E+01
551.5123901,-0.001430069,551.5123901,-0.003219794,551.5123901,-0.000305451,551.5123901,-0.001976909,551.5123901,0.003085411,558.5,1.49E+02,558.5,1.53E+02,558.5,1.35E+02,558.5,1.56E+02,558.5,1.30E+02,351.4975586,-0.000113469,351.4975586,0.000985535,351.4975586,-0.001163567,351.4975586,-0.001988556,351.4975586,-0.000496364,558.5,1.91E+02,558.5,1.65E+02,558.5,1.62E+02,558.5,1.59E+02,558.5,1.02E+02,558.5,5.12E+01
550.9874268,-0.001756224,550.9874268,-0.003205251,550.9874268,-0.000304054,550.9874268,-0.002516165,550.9874268,0.003116801,559,1.30E+02,559,1.33E+02,559,1.04E+02,559,1.73E+02,559,1.13E+02,350.9910278,0.000341544,350.9910278,0.000853911,350.9910278,-0.000944535,350.9910278,-0.001557455,350.9910278,-0.000384909,559,2.19E+02,559,1.99E+02,559,1.70E+02,559,1.35E+02,559,1.11E+02,559,7.14E+01
550.4998779,-0.00202597,550.4998779,-0.003383748,550.4998779,-0.000898142,550.4998779,-0.002624707,550.4998779,0.002565146,559.5,1.48E+02,559.5,1.60E+02,559.5,1.22E+02,559.5,1.60E+02,559.5,1.18E+02,350.4844666,0.000211462,350.4844666,0.001087795,350.4844666,-0.001183807,350.4844666,-0.001141519,350.4844666,5.56E-05,559.5,2.13E+02,559.5,1.91E+02,559.5,1.59E+02,559.5,1.18E+02,559.5,8.02E+01,559.5,6.50E+01
550.012207,-0.001887587,550.012207,-0.00303357,550.012207,-5.07E-05,550.012207,-0.002664741,550.012207,0.002938763,560,1.21E+02,560,1.38E+02,560,1.14E+02,560,1.59E+02,560,1.33E+02,350.0168457,-8.60E-05,350.0168457,0.00124885,350.0168457,-0.001340634,350.0168457,-0.001236571,350.0168457,1.47E-05,560,2.27E+02,560,2.05E+02,560,1.72E+02,560,1.38E+02,560,1.10E+02,560,6.17E+01
549.4869995,-0.001752305,549.4869995,-0.002727255,549.4869995,-0.000623404,549.4869995,-0.002285866,549.4869995,0.003396439,560.5,1.21E+02,560.5,1.49E+02,560.5,1.01E+02,560.5,1.41E+02,560.5,1.11E+02,349.5102234,0.000452204,349.5102234,0.001225227,349.5102234,-0.000957088,349.5102234,-0.00157355,349.5102234,5.58E-05,560.5,2.14E+02,560.5,2.17E+02,560.5,1.61E+02,560.5,1.37E+02,560.5,9.41E+01,560.5,6.41E+01
548.9992676,-0.001582216,548.9992676,-0.002855701,548.9992676,-0.000177697,548.9992676,-0.002596764,548.9992676,0.003379951,561,1.48E+02,561,1.64E+02,561,1.24E+02,561,1.55E+02,561,1.03E+02,349.0035706,0.000678665,349.0035706,0.001228731,349.0035706,-0.001112447,349.0035706,-0.001483731,349.0035706,0.000127015,561,1.85E+02,561,1.87E+02,561,1.52E+02,561,1.28E+02,561,1.03E+02,561,4.29E+01
548.5114746,-0.001888772,548.5114746,-0.003387652,548.5114746,-0.000750303,548.5114746,-0.002567532,548.5114746,0.002442258,561.5,1.23E+02,561.5,1.38E+02,561.5,1.16E+02,561.5,1.39E+02,561.5,1.37E+02,348.4968872,-0.000336491,348.4968872,0.000988519,348.4968872,-0.001433165,348.4968872,-0.0010591,348.4968872,-7.51E-05,561.5,2.42E+02,561.5,2.21E+02,561.5,1.79E+02,561.5,1.48E+02,561.5,1.05E+02,561.5,5.20E+01
547.986084,-0.001543991,547.986084,-0.00271856,547.986084,-0.000719241,547.986084,-0.00213005,547.986084,0.003074748,562,1.22E+02,562,1.53E+02,562,1.12E+02,562,1.42E+02,562,1.16E+02,347.9901428,0.000446193,347.9901428,0.001000272,347.9901428,-0.001042573,347.9901428,-0.00194578,347.9901428,3.32E-05,562,1.83E+02,562,1.92E+02,562,1.73E+02,562,1.61E+02,562,1.04E+02,562,5.79E+01
547.4981689,-0.001502408,547.4981689,-0.002725969,547.4981689,-0.000501898,547.4981689,-0.00246649,547.4981689,0.003093414,562.5,1.32E+02,562.5,1.31E+02,562.5,1.21E+02,562.5,1.72E+02,562.5,1.08E+02,347.4833679,0.000743667,347.4833679,0.001324714,347.4833679,-0.000850246,347.4833679,-0.001429914,347.4833679,-0.000218371,562.5,1.90E+02,562.5,1.73E+02,562.5,1.39E+02,562.5,1.29E+02,562.5,6.35E+01,562.5,6.83E+01
547.0102539,-0.001233835,547.0102539,-0.002642769,547.0102539,7.25E-05,547.0102539,-0.001807114,547.0102539,0.00365861,563,9.87E+01,563,1.04E+02,563,9.42E+01,563,1.52E+02,563,1.08E+02,347.015564,0.000484338,347.015564,0.001033587,347.015564,-0.001302697,347.015564,-0.001380012,347.015564,-0.000173091,563,2.33E+02,563,1.64E+02,563,1.50E+02,563,1.33E+02,563,1.09E+02,563,5.71E+01
546.4846802,-0.001862225,546.4846802,-0.003034804,546.4846802,-0.000675564,546.4846802,-0.002405072,546.4846802,0.003114167,563.5,1.19E+02,563.5,1.36E+02,563.5,1.07E+02,563.5,1.39E+02,563.5,1.24E+02,346.508728,0.000603485,346.508728,0.001576596,346.508728,-0.000962099,346.508728,-0.001218605,346.508728,0.000116943,563.5,1.98E+02,563.5,1.83E+02,563.5,1.44E+02,563.5,1.19E+02,563.5,9.58E+01,563.5,5.27E+01
545.996521,-0.001533415,545.996521,-0.002995267,545.996521,-0.000708025,545.996521,-0.002519871,545.996521,0.003304197,564,1.21E+02,564,1.10E+02,564,1.16E+02,564,1.29E+02,564,1.48E+02,346.0018616,0.000184114,346.0018616,0.00114881,346.0018616,-0.001015767,346.0018616,-0.001687073,346.0018616,-0.000630745,564,2.16E+02,564,1.68E+02,564,1.37E+02,564,1.18E+02,564,1.02E+02,564,6.89E+01
545.5084839,-0.001908978,545.5084839,-0.003245129,545.5084839,-0.000999445,545.5084839,-0.002396319,545.5084839,0.003064059,564.5,1.28E+02,564.5,1.18E+02,564.5,1.05E+02,564.5,1.58E+02,564.5,1.26E+02,345.4949646,0.000808239,345.4949646,0.00160307,345.4949646,-0.001030591,345.4949646,-0.001600837,345.4949646,0.000314603,564.5,1.98E+02,564.5,1.68E+02,564.5,1.72E+02,564.5,1.44E+02,564.5,9.76E+01,564.5,5.99E+01
544.9827271,-0.001677996,544.9827271,-0.003057836,544.9827271,-0.000386564,544.9827271,-0.002489758,544.9827271,0.002967431,565,1.18E+02,565,1.10E+02,565,1.09E+02,565,1.18E+02,565,1.34E+02,344.9880066,0.000343306,344.9880066,0.001655375,344.9880066,-0.00119341,344.9880066,-0.001206989,344.9880066,0.00013569,565,2.15E+02,565,2.02E+02,565,1.75E+02,565,1.53E+02,565,1.22E+02,565,4.74E+01
544.4944458,-0.001925833,544.4944458,-0.003108779,544.4944458,-0.000450234,544.4944458,-0.002459438,544.4944458,0.003114272,565.5,1.17E+02,565.5,1.01E+02,565.5,1.28E+02,565.5,1.59E+02,565.5,1.02E+02,344.4810486,0.000591509,344.4810486,0.001790413,344.4810486,-0.000892872,344.4810486,-0.001442711,344.4810486,0.000243008,565.5,2.05E+02,565.5,2.01E+02,565.5,1.72E+02,565.5,1.44E+02,565.5,9.25E+01,565.5,5.09E+01
544.0061035,-0.001733742,544.0061035,-0.00297398,544.0061035,-0.000422254,544.0061035,-0.002179196,544.0061035,0.003038017,566,1.24E+02,566,1.44E+02,566,8.67E+01,566,1.34E+02,566,1.18E+02,344.0130005,0.000335741,344.0130005,0.001362936,344.0130005,-0.001288967,344.0130005,-0.001526141,344.0130005,0.000145633,566,2.06E+02,566,1.90E+02,566,1.89E+02,566,1.34E+02,566,9.97E+01,566,5.58E+01
543.5177612,-0.001729978,543.5177612,-0.003163982,543.5177612,-0.000443149,543.5177612,-0.001950367,543.5177612,0.003376899,566.5,1.36E+02,566.5,1.16E+02,566.5,1.10E+02,566.5,1.38E+02,566.5,1.52E+02,343.5059814,0.000538814,343.5059814,0.001250642,343.5059814,-0.001011015,343.5059814,-0.0015508,343.5059814,0.000329084,566.5,2.16E+02,566.5,1.82E+02,566.5,1.43E+02,566.5,1.26E+02,566.5,1.00E+02,566.5,6.18E+01
542.9917603,-0.001551316,542.9917603,-0.002775922,542.9917603,-0.000256868,542.9917603,-0.002085072,542.9917603,0.00307407,567,1.34E+02,567,1.04E+02,567,9.19E+01,567,1.25E+02,567,1.09E+02,342.9989319,0.000341881,342.9989319,0.001332789,342.9989319,-0.000917154,342.9989319,-0.00175576,342.9989319,9.08E-05,567,1.90E+02,567,1.72E+02,567,1.56E+02,567,1.43E+02,567,1.04E+02,567,5.84E+01
542.5032349,-0.001912071,542.5032349,-0.002834048,542.5032349,-0.000371977,542.5032349,-0.002338702,542.5032349,0.003036974,567.5,1.26E+02,567.5,1.21E+02,567.5,9.34E+01,567.5,1.55E+02,567.5,1.23E+02,342.4917908,0.000694402,342.4917908,0.001491961,342.4917908,-0.000614564,342.4917908,-0.001196921,342.4917908,0.000192194,567.5,2.15E+02,567.5,1.76E+02,567.5,1.29E+02,567.5,1.40E+02,567.5,9.82E+01,567.5,6.80E+01
542.0147705,-0.001632868,542.0147705,-0.003045446,542.0147705,-0.000579769,542.0147705,-0.002250741,542.0147705,0.003092111,568,1.16E+02,568,1.17E+02,568,9.37E+01,568,1.33E+02,568,1.09E+02,341.9846497,0.000364602,341.9846497,0.001050376,341.9846497,-0.001079345,341.9846497,-0.001386721,341.9846497,-0.000462853,568,1.96E+02,568,1.48E+02,568,1.56E+02,568,1.34E+02,568,1.04E+02,568,5.65E+01
541.4885864,-0.00162116,541.4885864,-0.002950378,541.4885864,-0.000544041,541.4885864,-0.002508958,541.4885864,0.00321015,568.5,1.15E+02,568.5,1.15E+02,568.5,1.10E+02,568.5,1.39E+02,568.5,1.33E+02,341.516449,0.000865946,341.516449,0.001572517,341.516449,-0.001681142,341.516449,-0.001327008,341.516449,-0.00045432,568.5,2.13E+02,568.5,1.92E+02,568.5,1.65E+02,568.5,1.48E+02,568.5,1.19E+02,568.5,6.03E+01
540.9998779,-0.001476147,540.9998779,-0.003224008,540.9998779,-0.000549367,540.9998779,-0.002254964,540.9998779,0.003298277,569,1.20E+02,569,1.16E+02,569,9.32E+01,569,1.46E+02,569,1.11E+02,341.0092773,-9.31E-05,341.0092773,0.000820713,341.0092773,-0.001331963,341.0092773,-0.001724615,341.0092773,-3.51E-05,569,2.14E+02,569,1.58E+02,569,1.65E+02,569,1.32E+02,569,9.58E+01,569,6.76E+01
540.5111694,-0.001810568,540.5111694,-0.003219897,540.5111694,-0.000692105,540.5111694,-0.002671533,540.5111694,0.002991202,569.5,1.09E+02,569.5,1.07E+02,569.5,1.28E+02,569.5,1.60E+02,569.5,1.24E+02,340.5020142,0.000659376,340.5020142,0.001513598,340.5020142,-0.00097119,340.5020142,-0.001418407,340.5020142,0.000265205,569.5,2.01E+02,569.5,1.75E+02,569.5,1.82E+02,569.5,9.71E+01,569.5,1.08E+02,569.5,5.71E+01
539.9848022,-0.001696768,539.9848022,-0.003199238,539.9848022,-0.000146749,539.9848022,-0.00211377,539.9848022,0.003369777,570,1.08E+02,570,1.36E+02,570,1.07E+02,570,1.08E+02,570,1.17E+02,339.994751,0.000380742,339.994751,0.001226084,339.994751,-0.001593564,339.994751,-0.001466756,339.994751,-0.000203416,570,1.95E+02,570,1.87E+02,570,1.85E+02,570,1.12E+02,570,9.64E+01,570,5.73E+01
539.4960938,-0.001800463,539.4960938,-0.002586059,539.4960938,-0.000440925,539.4960938,-0.001961603,539.4960938,0.003299372,570.5,1.21E+02,570.5,1.17E+02,570.5,1.02E+02,570.5,1.64E+02,570.5,1.21E+02,339.4873962,0.000344938,339.4873962,0.0015256,339.4873962,-0.001236468,339.4873962,-0.001292012,339.4873962,-0.000252574,570.5,2.07E+02,570.5,2.21E+02,570.5,1.68E+02,570.5,1.59E+02,570.5,1.12E+02,570.5,6.34E+01
539.0071411,-0.001511179,539.0071411,-0.002798556,539.0071411,-0.000492021,539.0071411,-0.002115264,539.0071411,0.003581007,571,1.19E+02,571,1.31E+02,571,1.01E+02,571,1.44E+02,571,1.20E+02,339.019104,0.001042877,339.019104,0.00169295,339.019104,-0.001192429,339.019104,-0.001440544,339.019104,0.000144131,571,1.77E+02,571,1.64E+02,571,1.72E+02,571,1.35E+02,571,9.10E+01,571,6.84E+01
538.5182495,-0.001872586,538.5182495,-0.003333659,538.5182495,-0.000731284,538.5182495,-0.002431484,538.5182495,0.002950595,571.5,1.23E+02,571.5,1.46E+02,571.5,1.10E+02,571.5,1.64E+02,571.5,1.25E+02,338.5116882,0.000696762,338.5116882,0.001312588,338.5116882,-0.001420471,338.5116882,-0.001803866,338.5116882,-0.000234101,571.5,2.05E+02,571.5,1.91E+02,571.5,1.79E+02,571.5,1.31E+02,571.5,1.15E+02,571.5,5.42E+01
537.9916382,-0.001701203,537.9916382,-0.003056191,537.9916382,-0.000330076,537.9916382,-0.002333861,537.9916382,0.003446481,572,1.39E+02,572,1.14E+02,572,1.09E+02,572,1.31E+02,572,1.20E+02,338.004303,0.000830724,338.004303,0.001970477,338.004303,-0.001213649,338.004303,-0.001190881,338.004303,0.000200145,572,2.01E+02,572,1.77E+02,572,1.46E+02,572,1.55E+02,572,9.87E+01,572,5.92E+01
537.5025635,-0.001588303,537.5025635,-0.003350099,537.5025635,-0.000424529,537.5025635,-0.002319854,537.5025635,0.002998474,572.5,1.07E+02,572.5,9.15E+01,572.5,1.27E+02,572.5,1.55E+02,572.5,1.16E+02,337.4968262,0.000907604,337.4968262,0.001603902,337.4968262,-0.001047686,337.4968262,-0.001167904,337.4968262,0.00020895,572.5,2.29E+02,572.5,2.15E+02,572.5,1.35E+02,572.5,1.32E+02,572.5,8.93E+01,572.5,7.39E+01
537.0134888,-0.001744107,537.0134888,-0.00326188,537.0134888,-0.000404771,537.0134888,-0.002421393,537.0134888,0.003011689,573,1.00E+02,573,1.35E+02,573,1.37E+02,573,1.41E+02,573,1.21E+02,336.9893188,0.000638455,336.9893188,0.001465519,336.9893188,-0.001386824,336.9893188,-0.001467324,336.9893188,-6.80E-05,573,1.99E+02,573,1.74E+02,573,1.93E+02,573,1.24E+02,573,1.07E+02,573,6.69E+01
536.4866943,-0.001936193,536.4866943,-0.003326877,536.4866943,-0.000531321,536.4866943,-0.002512562,536.4866943,0.003284374,573.5,1.43E+02,573.5,1.10E+02,573.5,1.15E+02,573.5,1.39E+02,573.5,9.93E+01,336.4818115,0.000159176,336.4818115,0.00122219,336.4818115,-0.001770507,336.4818115,-0.001716416,336.4818115,-0.000361787,573.5,1.81E+02,573.5,1.93E+02,573.5,1.48E+02,573.5,1.19E+02,573.5,1.01E+02,573.5,5.85E+01
535.9974976,-0.00184212,535.9974976,-0.003376556,535.9974976,-0.000524237,535.9974976,-0.00236831,535.9974976,0.003098941,574,9.97E+01,574,1.33E+02,574,1.22E+02,574,1.31E+02,574,1.22E+02,336.0132751,0.000864286,336.0132751,0.001910776,336.0132751,-0.001211326,336.0132751,-0.001220877,336.0132751,-0.000233946,574,1.86E+02,574,1.83E+02,574,1.61E+02,574,1.40E+02,574,1.18E+02,574,5.99E+01
535.5081787,-0.001230221,535.5081787,-0.002710637,535.5081787,-0.000155081,535.5081787,-0.002066574,535.5081787,0.003577431,574.5,1.32E+02,574.5,1.10E+02,574.5,9.40E+01,574.5,1.22E+02,574.5,1.13E+02,335.5057068,0.000318462,335.5057068,0.001261052,335.5057068,-0.002097334,335.5057068,-0.001871865,335.5057068,-0.000178214,574.5,1.73E+02,574.5,1.63E+02,574.5,1.43E+02,574.5,1.38E+02,574.5,1.13E+02,574.5,5.77E+01
534.9812012,-0.001672272,534.9812012,-0.003023082,534.9812012,-0.000543576,534.9812012,-0.002349206,534.9812012,0.003098446,575,1.35E+02,575,1.45E+02,575,1.08E+02,575,1.26E+02,575,1.26E+02,334.9980774,0.000704047,334.9980774,0.00133214,334.9980774,-0.001305278,334.9980774,-0.001718582,334.9980774,7.26E-05,575,2.08E+02,575,1.80E+02,575,1.67E+02,575,1.29E+02,575,9.32E+01,575,5.42E+01
534.4919434,-0.002035039,534.4919434,-0.003295074,534.4919434,-0.000770976,534.4919434,-0.002708425,534.4919434,0.002802351,575.5,1.18E+02,575.5,1.19E+02,575.5,8.73E+01,575.5,1.52E+02,575.5,1.04E+02,334.490448,0.000653491,334.490448,0.001882021,334.490448,-0.00155828,334.490448,-0.001352763,334.490448,-3.86E-05,575.5,2.17E+02,575.5,2.20E+02,575.5,1.50E+02,575.5,1.21E+02,575.5,1.05E+02,575.5,4.93E+01
534.0024414,-0.002154778,534.0024414,-0.003271592,534.0024414,-0.000674375,534.0024414,-0.002656817,534.0024414,0.002903737,576,1.18E+02,576,9.36E+01,576,1.10E+02,576,1.16E+02,576,9.62E+01,333.9827271,0.000638351,333.9827271,0.001556695,333.9827271,-0.001232957,333.9827271,-0.001516442,333.9827271,-0.000469318,576,2.17E+02,576,1.75E+02,576,1.56E+02,576,1.88E+02,576,9.50E+01,576,5.57E+01
533.5129395,-0.001514223,533.5129395,-0.003248726,533.5129395,-0.000370736,533.5129395,-0.002330411,533.5129395,0.003274515,576.5,1.12E+02,576.5,1.13E+02,576.5,1.21E+02,576.5,1.35E+02,576.5,1.10E+02,333.5140991,0.000142759,333.5140991,0.001471285,333.5140991,-0.001853616,333.5140991,-0.001577522,333.5140991,-0.00038134,576.5,2.24E+02,576.5,1.83E+02,576.5,1.66E+02,576.5,1.44E+02,576.5,1.21E+02,576.5,7.46E+01
532.9857178,-0.001575252,532.9857178,-0.003128106,532.9857178,-0.000361011,532.9857178,-0.002017261,532.9857178,0.003613477,577,1.20E+02,577,1.21E+02,577,8.06E+01,577,1.46E+02,577,1.21E+02,333.0063171,0.000701092,333.0063171,0.001247189,333.0063171,-0.002169408,333.0063171,-0.002122785,333.0063171,-0.000366598,577,1.88E+02,577,1.81E+02,577,1.58E+02,577,1.50E+02,577,1.11E+02,577,5.36E+01
532.4961548,-0.001543991,532.4961548,-0.003326826,532.4961548,-0.000305244,532.4961548,-0.002123043,532.4961548,0.003273733,577.5,1.38E+02,577.5,1.12E+02,577.5,8.09E+01,577.5,1.30E+02,577.5,1.14E+02,332.4985352,0.000782668,332.4985352,0.001532354,332.4985352,-0.001171157,332.4985352,-0.001489665,332.4985352,-0.000506345,577.5,2.14E+02,577.5,1.87E+02,577.5,1.56E+02,577.5,1.23E+02,577.5,8.48E+01,577.5,6.00E+01
532.0064697,-0.001631527,532.0064697,-0.003146867,532.0064697,-0.000302657,532.0064697,-0.002294518,532.0064697,0.003262074,578,1.06E+02,578,8.47E+01,578,1.17E+02,578,1.43E+02,578,1.17E+02,331.9907227,0.00087173,331.9907227,0.001539861,331.9907227,-0.001221599,331.9907227,-0.00184047,331.9907227,5.24E-05,578,2.07E+02,578,1.83E+02,578,1.48E+02,578,1.56E+02,578,1.21E+02,578,5.39E+01
531.5167236,-0.001703627,531.5167236,-0.003118134,531.5167236,-0.00023524,531.5167236,-0.002327064,531.5167236,0.003246687,578.5,1.11E+02,578.5,1.32E+02,578.5,1.00E+02,578.5,1.30E+02,578.5,1.04E+02,331.4828491,0.000457957,331.4828491,0.001532588,331.4828491,-0.001577006,331.4828491,-0.001591449,331.4828491,0.000121733,578.5,1.61E+02,578.5,1.75E+02,578.5,1.69E+02,578.5,1.14E+02,578.5,1.04E+02,578.5,5.16E+01
530.9893799,-0.00141949,530.9893799,-0.002766302,530.9893799,-4.37E-05,530.9893799,-0.002276698,530.9893799,0.003433931,579,1.13E+02,579,1.19E+02,579,8.93E+01,579,1.19E+02,579,1.05E+02,331.0140076,0.000462077,331.0140076,0.001969619,331.0140076,-0.001508032,331.0140076,-0.001325769,331.0140076,0.000368099,579,1.77E+02,579,1.80E+02,579,1.32E+02,579,1.26E+02,579,1.03E+02,579,6.95E+01
530.4995728,-0.001834387,530.4995728,-0.003240247,530.4995728,-0.000475213,530.4995728,-0.002509988,530.4995728,0.003000481,579.5,1.22E+02,579.5,1.27E+02,579.5,1.13E+02,579.5,1.21E+02,579.5,1.10E+02,330.506073,0.000225733,330.506073,0.001215492,330.506073,-0.001446994,330.506073,-0.001464022,330.506073,0.000221485,579.5,2.31E+02,579.5,1.90E+02,579.5,1.48E+02,579.5,1.11E+02,579.5,1.15E+02,579.5,5.06E+01
530.0096436,-0.002079868,530.0096436,-0.003152983,530.0096436,-0.000667345,530.0096436,-0.002607674,530.0096436,0.002841615,580,1.12E+02,580,1.21E+02,580,1.15E+02,580,1.35E+02,580,1.20E+02,329.9981384,0.000607891,329.9981384,0.001421652,329.9981384,-0.001011894,329.9981384,-0.001220154,329.9981384,0.000189501,580,2.11E+02,580,1.66E+02,580,1.48E+02,580,1.20E+02,580,8.87E+01,580,6.74E+01
529.4820557,-0.001974178,529.4820557,-0.003345167,529.4820557,-0.000556089,529.4820557,-0.002319751,529.4820557,0.00301891,580.5,9.62E+01,580.5,1.26E+02,580.5,1.07E+02,580.5,1.03E+02,580.5,1.09E+02,329.4901428,0.001063246,329.4901428,0.001586208,329.4901428,-0.001272552,329.4901428,-0.001391263,329.4901428,-0.00026644,580.5,1.85E+02,580.5,1.86E+02,580.5,1.69E+02,580.5,1.40E+02,580.5,9.66E+01,580.5,6.49E+01
528.9920654,-0.001680575,528.9920654,-0.003119882,528.9920654,-0.000366029,528.9920654,-0.002298792,528.9920654,0.00323023,581,1.19E+02,581,1.19E+02,581,1.04E+02,581,1.49E+02,581,9.29E+01,328.9821472,0.000901274,328.9821472,0.001472662,328.9821472,-0.001066796,328.9821472,-0.001478262,328.9821472,3.06E-05,581,1.86E+02,581,1.55E+02,581,1.70E+02,581,1.17E+02,581,8.17E+01,581,6.64E+01
528.5020142,-0.001472432,528.5020142,-0.002979225,528.5020142,-0.000472162,528.5020142,-0.002205775,528.5020142,0.00349585,581.5,1.35E+02,581.5,1.08E+02,581.5,9.84E+01,581.5,1.29E+02,581.5,1.07E+02,328.5131836,0.000947891,328.5131836,0.001539913,328.5131836,-0.001382128,328.5131836,-0.001031469,328.5131836,-1.74E-05,581.5,2.13E+02,581.5,1.72E+02,581.5,1.65E+02,581.5,1.27E+02,581.5,9.09E+01,581.5,6.67E+01
528.0119019,-0.001581906,528.0119019,-0.003097008,528.0119019,-0.000468594,528.0119019,-0.002174508,528.0119019,0.003435079,582,1.48E+02,582,1.03E+02,582,8.97E+01,582,1.48E+02,582,1.06E+02,328.0050964,0.001079309,328.0050964,0.001861119,328.0050964,-0.001392088,328.0050964,-0.001197851,328.0050964,2.35E-05,582,2.05E+02,582,1.76E+02,582,1.69E+02,582,1.15E+02,582,7.83E+01,582,7.97E+01
527.4841309,-0.001667681,527.4841309,-0.003207564,527.4841309,-0.00058556,527.4841309,-0.002544937,527.4841309,0.003440584,582.5,1.26E+02,582.5,1.23E+02,582.5,8.87E+01,582.5,1.42E+02,582.5,1.07E+02,327.4969482,0.001256275,327.4969482,0.001787294,327.4969482,-0.000968401,327.4969482,-0.001125925,327.4969482,-0.000271097,582.5,1.93E+02,582.5,1.76E+02,582.5,1.66E+02,582.5,1.21E+02,582.5,1.03E+02,582.5,7.49E+01
526.9938965,-0.001820003,526.9938965,-0.003451705,526.9938965,-0.000381909,526.9938965,-0.002486927,526.9938965,0.003299529,583,1.22E+02,583,1.12E+02,583,7.48E+01,583,1.47E+02,583,1.35E+02,326.9888,0.001039192,326.9888,0.001837254,326.9888,-0.000978112,326.9888,-0.001339911,326.9888,0.00028774,583,1.86E+02,583,1.99E+02,583,1.50E+02,583,1.62E+02,583,1.34E+02,583,7.25E+01
526.5036621,-0.001816342,526.5036621,-0.003137564,526.5036621,-0.000391426,526.5036621,-0.002405381,526.5036621,0.003426338,583.5,1.01E+02,583.5,1.20E+02,583.5,1.06E+02,583.5,9.93E+01,583.5,1.23E+02,326.4806213,0.001300982,326.4806213,0.002322996,326.4806213,-0.000733816,326.4806213,-0.00090956,326.4806213,0.000301935,583.5,2.30E+02,583.5,1.46E+02,583.5,1.54E+02,583.5,1.26E+02,583.5,9.34E+01,583.5,4.81E+01
526.0133057,-0.001768187,526.0133057,-0.003071099,526.0133057,-0.000392254,526.0133057,-0.002388133,526.0133057,0.003457753,584,1.23E+02,584,9.17E+01,584,8.69E+01,584,1.10E+02,584,1.19E+02,326.0114746,0.000889057,326.0114746,0.001817238,326.0114746,-0.001116837,326.0114746,-0.001354621,326.0114746,6.39E-05,584,2.00E+02,584,1.83E+02,584,1.29E+02,584,1.21E+02,584,1.23E+02,584,6.40E+01
525.4852295,-0.001825674,525.4852295,-0.003211058,525.4852295,-0.000563844,525.4852295,-0.002546018,525.4852295,0.003461928,584.5,9.10E+01,584.5,9.60E+01,584.5,9.37E+01,584.5,1.30E+02,584.5,9.89E+01,325.5032349,0.001670394,325.5032349,0.00241404,325.5032349,-0.000525685,325.5032349,-0.000756712,325.5032349,0.000412896,584.5,1.87E+02,584.5,1.46E+02,584.5,1.81E+02,584.5,1.23E+02,584.5,9.91E+01,584.5,5.24E+01
524.994812,-0.001605479,524.994812,-0.003401573,524.994812,-0.000335766,524.994812,-0.002447803,524.994812,0.003293216,585,1.02E+02,585,1.02E+02,585,8.49E+01,585,1.19E+02,585,1.10E+02,324.9949646,0.001784174,324.9949646,0.002330803,324.9949646,-0.000862698,324.9949646,-0.000670912,324.9949646,4.27E-05,585,2.01E+02,585,1.74E+02,585,1.45E+02,585,1.41E+02,585,8.90E+01,585,6.04E+01
524.5042725,-0.001438893,524.5042725,-0.003012388,524.5042725,-0.000139244,524.5042725,-0.002064358,524.5042725,0.003394769,585.5,1.03E+02,585.5,1.11E+02,585.5,9.96E+01,585.5,1.30E+02,585.5,1.19E+02,324.4866333,0.001945176,324.4866333,0.002096483,324.4866333,-0.000719293,324.4866333,-0.001052696,324.4866333,0.000115182,585.5,2.11E+02,585.5,2.02E+02,585.5,1.48E+02,585.5,1.19E+02,585.5,1.16E+02,585.5,7.10E+01
524.0137939,-0.001757049,524.0137939,-0.003024213,524.0137939,-0.000123251,524.0137939,-0.002500568,524.0137939,0.003431635,586,1.21E+02,586,9.71E+01,586,9.47E+01,586,1.27E+02,586,1.30E+02,324.017395,0.001753037,324.017395,0.002746756,324.017395,-0.001025271,324.017395,-0.000845802,324.017395,6.05E-05,586,1.81E+02,586,1.80E+02,586,1.53E+02,586,1.46E+02,586,1.11E+02,586,5.16E+01
523.4854736,-0.001616466,523.4854736,-0.002872622,523.4854736,-0.000253971,523.4854736,-0.001916865,523.4854736,0.003632219,586.5,1.12E+02,586.5,1.11E+02,586.5,8.85E+01,586.5,1.26E+02,586.5,9.90E+01,323.5090027,0.001912103,323.5090027,0.002523667,323.5090027,-0.000484263,323.5090027,-0.000718828,323.5090027,0.000133463,586.5,1.77E+02,586.5,1.76E+02,586.5,1.32E+02,586.5,1.37E+02,586.5,1.18E+02,586.5,6.10E+01
522.994751,-0.0020725,522.994751,-0.003439686,522.994751,-0.000827149,522.994751,-0.002445178,522.994751,0.003073731,587,1.40E+02,587,1.23E+02,587,1.21E+02,587,1.14E+02,587,9.41E+01,323.0006104,0.002556371,323.0006104,0.003184255,323.0006104,0.000303153,323.0006104,-0.00062997,323.0006104,0.000361544,587,2.12E+02,587,1.86E+02,587,1.59E+02,587,1.18E+02,587,1.19E+02,587,6.12E+01
522.5041504,-0.002084608,522.5041504,-0.003567716,522.5041504,-0.000621853,522.5041504,-0.002344263,522.5041504,0.003133904,587.5,1.13E+02,587.5,1.23E+02,587.5,9.71E+01,587.5,1.23E+02,587.5,1.13E+02,322.492157,0.003043126,322.492157,0.003526879,322.492157,0.000345404,322.492157,9.24E-05,322.492157,0.000662902,587.5,1.82E+02,587.5,1.53E+02,587.5,1.49E+02,587.5,1.27E+02,587.5,8.79E+01,587.5,5.62E+01
522.0133667,-0.001703781,522.0133667,-0.003147227,522.0133667,-0.000448269,522.0133667,-0.00252126,522.0133667,0.003601053,588,1.07E+02,588,1.45E+02,588,1.00E+02,588,1.17E+02,588,9.35E+01,321.9836731,0.003596407,321.9836731,0.004149191,321.9836731,0.000714367,321.9836731,0.000147394,321.9836731,0.00132326,588,1.97E+02,588,1.29E+02,588,1.54E+02,588,1.12E+02,588,9.90E+01,588,6.84E+01
521.4848022,-0.001868565,521.4848022,-0.003606585,521.4848022,-0.000481678,521.4848022,-0.002202427,521.4848022,0.003225588,588.5,1.15E+02,588.5,1.13E+02,588.5,9.37E+01,588.5,1.35E+02,588.5,1.19E+02,321.5142517,0.00313307,321.5142517,0.004214349,321.5142517,0.000538944,321.5142517,-0.000137226,321.5142517,0.000867191,588.5,1.93E+02,588.5,1.85E+02,588.5,1.34E+02,588.5,1.27E+02,588.5,9.65E+01,588.5,4.98E+01
520.9938965,-0.001863513,520.9938965,-0.003363353,520.9938965,-0.000690761,520.9938965,-0.002668137,520.9938965,0.003239567,589,1.22E+02,589,1.04E+02,589,1.05E+02,589,1.39E+02,589,1.25E+02,321.0057068,0.003829318,321.0057068,0.004356329,321.0057068,0.000602655,321.0057068,0.0003181,321.0057068,0.000701532,589,1.77E+02,589,1.76E+02,589,1.44E+02,589,1.37E+02,589,1.06E+02,589,7.15E+01
520.5030518,-0.001481461,520.5030518,-0.002977785,520.5030518,-0.000631107,520.5030518,-0.002087029,520.5030518,0.003701242,589.5,1.17E+02,589.5,1.16E+02,589.5,1.15E+02,589.5,1.32E+02,589.5,8.90E+01,320.4971619,0.004758316,320.4971619,0.004693573,320.4971619,0.001510403,320.4971619,0.000654709,320.4971619,0.000963897,589.5,1.70E+02,589.5,1.87E+02,589.5,1.55E+02,589.5,1.24E+02,589.5,9.72E+01,589.5,7.46E+01
520.0120239,-0.001804278,520.0120239,-0.002997632,520.0120239,-0.000176972,520.0120239,-0.002123816,520.0120239,0.003624388,590,1.19E+02,590,1.08E+02,590,1.22E+02,590,1.19E+02,590,1.26E+02,319.9885559,0.00533994,319.9885559,0.005400454,319.9885559,0.001622583,319.9885559,0.001213052,319.9885559,0.001279926,590,1.93E+02,590,1.92E+02,590,1.44E+02,590,1.29E+02,590,1.07E+02,590,6.80E+01
519.4832153,-0.001891453,519.4832153,-0.003412668,519.4832153,-0.000413926,519.4832153,-0.002464534,519.4832153,0.003363933,590.5,1.19E+02,590.5,1.01E+02,590.5,1.18E+02,590.5,1.37E+02,590.5,9.23E+01,319.519043,0.005843548,319.519043,0.006894967,319.519043,0.002440201,319.519043,0.001246125,319.519043,0.001761951,590.5,1.80E+02,590.5,1.79E+02,590.5,1.40E+02,590.5,1.31E+02,590.5,9.39E+01,590.5,5.18E+01
518.9922485,-0.001929441,518.9922485,-0.003135096,518.9922485,-0.000665432,518.9922485,-0.002591103,518.9922485,0.003301589,591,1.25E+02,591,1.02E+02,591,9.40E+01,591,1.39E+02,591,9.40E+01,319.010376,0.007148101,319.010376,0.007071267,319.010376,0.002735555,319.010376,0.001590573,319.010376,0.001438481,591,2.03E+02,591,1.85E+02,591,1.49E+02,591,1.45E+02,591,1.06E+02,591,5.88E+01
518.5010986,-0.001613423,518.5010986,-0.003201037,518.5010986,-0.000555727,518.5010986,-0.002609784,518.5010986,0.003476044,591.5,9.95E+01,591.5,1.03E+02,591.5,9.98E+01,591.5,1.31E+02,591.5,9.69E+01,318.5016785,0.007109472,318.5016785,0.00769415,318.5016785,0.003071229,318.5016785,0.001580415,318.5016785,0.001937947,591.5,1.63E+02,591.5,1.64E+02,591.5,1.49E+02,591.5,1.37E+02,591.5,1.12E+02,591.5,8.23E+01
518.0098877,-0.001911195,518.0098877,-0.00332811,518.0098877,-0.000302812,518.0098877,-0.002573141,518.0098877,0.003643626,592,1.09E+02,592,9.42E+01,592,9.73E+01,592,1.30E+02,592,1.11E+02,317.9929199,0.008770905,317.9929199,0.00884738,317.9929199,0.004480911,317.9929199,0.002520335,317.9929199,0.002727401,592,1.89E+02,592,1.60E+02,592,1.51E+02,592,1.17E+02,592,1.11E+02,592,6.74E+01
517.5186768,-0.001856863,517.5186768,-0.003405579,517.5186768,-0.000537009,517.5186768,-0.002578031,517.5186768,0.003611728,592.5,1.22E+02,592.5,1.22E+02,592.5,7.69E+01,592.5,1.17E+02,592.5,9.34E+01,317.4841614,0.009670045,317.4841614,0.010385398,317.4841614,0.005433663,317.4841614,0.003584531,317.4841614,0.00272339,592.5,1.89E+02,592.5,1.62E+02,592.5,1.64E+02,592.5,1.20E+02,592.5,8.54E+01,592.5,5.39E+01
516.989624,-0.002220919,516.989624,-0.003458947,516.989624,-0.000436011,516.989624,-0.002645239,516.989624,0.003343194,593,1.27E+02,593,9.89E+01,593,1.16E+02,593,1.36E+02,593,9.78E+01,317.0144958,0.011412856,317.0144958,0.011652658,317.0144958,0.006329407,317.0144958,0.004897961,317.0144958,0.003397978,593,1.82E+02,593,1.82E+02,593,1.82E+02,593,1.63E+02,593,1.02E+02,593,7.49E+01
516.49823,-0.001767568,516.49823,-0.002943282,516.49823,-0.000403892,516.49823,-0.00220866,516.49823,0.003968169,593.5,9.11E+01,593.5,1.09E+02,593.5,1.06E+02,593.5,1.67E+02,593.5,9.13E+01,316.5056458,0.012345745,316.5056458,0.012415634,316.5056458,0.007110367,316.5056458,0.004494957,316.5056458,0.003227179,593.5,1.70E+02,593.5,2.13E+02,593.5,1.52E+02,593.5,8.60E+01,593.5,9.00E+01,593.5,6.12E+01
516.0068359,-0.002044469,516.0068359,-0.003422273,516.0068359,-0.00022784,516.0068359,-0.002623524,516.0068359,0.003388508,594,9.97E+01,594,1.04E+02,594,1.25E+02,594,1.36E+02,594,9.01E+01,315.9967957,0.014650331,315.9967957,0.014512948,315.9967957,0.008774206,315.9967957,0.005956328,315.9967957,0.004300562,594,2.05E+02,594,1.85E+02,594,1.40E+02,594,1.29E+02,594,1.08E+02,594,6.42E+01
515.5153809,-0.001996905,515.5153809,-0.003676305,515.5153809,-0.000740587,515.5153809,-0.00293742,515.5153809,0.003327308,594.5,1.03E+02,594.5,1.11E+02,594.5,8.62E+01,594.5,1.35E+02,594.5,1.14E+02,315.4878845,0.016285554,315.4878845,0.015992418,315.4878845,0.010083235,315.4878845,0.00681681,315.4878845,0.00453767,594.5,2.00E+02,594.5,1.60E+02,594.5,1.40E+02,594.5,1.19E+02,594.5,8.92E+01,594.5,7.27E+01
514.986084,-0.001562098,514.986084,-0.003172925,514.986084,-0.000428667,514.986084,-0.002469219,514.986084,0.003390517,595,1.02E+02,595,1.21E+02,595,1.20E+02,595,1.21E+02,595,1.06E+02,315.018158,0.017790962,315.018158,0.017268062,315.018158,0.011279576,315.018158,0.00724906,315.018158,0.00486173,595,1.67E+02,595,1.86E+02,595,1.69E+02,595,1.05E+02,595,1.10E+02,595,5.19E+01
514.4945068,-0.001654582,514.4945068,-0.00318896,514.4945068,-0.000426909,514.4945068,-0.002510606,514.4945068,0.003540736,595.5,1.13E+02,595.5,9.78E+01,595.5,1.04E+02,595.5,1.25E+02,595.5,1.22E+02,314.5091858,0.020970361,314.5091858,0.020780699,314.5091858,0.013627294,314.5091858,0.009305432,314.5091858,0.006319059,595.5,1.83E+02,595.5,1.55E+02,595.5,1.64E+02,595.5,1.15E+02,595.5,1.11E+02,595.5,8.44E+01
514.0029297,-0.001823509,514.0029297,-0.003185465,514.0029297,-0.00057129,514.0029297,-0.002583435,514.0029297,0.003330099,596,9.68E+01,596,8.69E+01,596,1.08E+02,596,1.25E+02,596,1.05E+02,314.0001831,0.022546543,314.0001831,0.021309044,314.0001831,0.014112371,314.0001831,0.009749724,314.0001831,0.006300542,596,1.85E+02,596,1.94E+02,596,1.52E+02,596,1.18E+02,596,1.17E+02,596,8.47E+01
513.5112915,-0.001775251,513.5112915,-0.003093152,513.5112915,-0.00032185,513.5112915,-0.002474315,513.5112915,0.00362799,596.5,1.13E+02,596.5,9.42E+01,596.5,1.02E+02,596.5,1.18E+02,596.5,1.14E+02,313.4911804,0.025941471,313.4911804,0.023954952,313.4911804,0.016062737,313.4911804,0.011256489,313.4911804,0.00700852,596.5,1.93E+02,596.5,1.51E+02,596.5,1.41E+02,596.5,9.18E+01,596.5,1.06E+02,596.5,7.50E+01
512.9816895,-0.001680265,512.9816895,-0.003254995,512.9816895,-0.000306796,512.9816895,-0.002273917,512.9816895,0.00370085,597,1.20E+02,597,9.31E+01,597,9.33E+01,597,1.31E+02,597,9.87E+01,312.9821167,0.028675843,312.9821167,0.026866777,312.9821167,0.018071821,312.9821167,0.01298806,312.9821167,0.007987009,597,1.99E+02,597,1.46E+02,597,1.32E+02,597,1.26E+02,597,7.94E+01,597,7.81E+01
512.4899292,-0.002004378,512.4899292,-0.003497107,512.4899292,-0.000400478,512.4899292,-0.002562436,512.4899292,0.003444733,597.5,1.09E+02,597.5,9.19E+01,597.5,1.02E+02,597.5,1.25E+02,597.5,8.91E+01,312.5121765,0.030903539,312.5121765,0.029559532,312.5121765,0.019546075,312.5121765,0.01440951,312.5121765,0.008766467,597.5,1.63E+02,597.5,1.48E+02,597.5,1.44E+02,597.5,1.16E+02,597.5,1.15E+02,597.5,6.56E+01
511.9981689,-0.001843408,511.9981689,-0.003230484,511.9981689,-0.000442994,511.9981689,-0.002399254,511.9981689,0.003643104,598,1.28E+02,598,1.16E+02,598,9.67E+01,598,1.25E+02,598,1.01E+02,312.0030823,0.034097962,312.0030823,0.032531515,312.0030823,0.021910636,312.0030823,0.015957452,312.0030823,0.009771776,598,1.78E+02,598,1.68E+02,598,1.30E+02,598,1.43E+02,598,1.07E+02,598,7.00E+01
511.5062866,-0.002050755,511.5062866,-0.003376196,511.5062866,-0.000407875,511.5062866,-0.002571597,511.5062866,0.00359612,598.5,1.06E+02,598.5,1.04E+02,598.5,1.13E+02,598.5,1.11E+02,598.5,1.11E+02,311.493927,0.036582999,311.493927,0.03378078,311.493927,0.024155585,311.493927,0.017078124,311.493927,0.010533601,598.5,2.01E+02,598.5,1.67E+02,598.5,1.34E+02,598.5,1.47E+02,598.5,1.16E+02,598.5,6.31E+01
511.0143127,-0.002127113,511.0143127,-0.003644167,511.0143127,-0.000812577,511.0143127,-0.002638293,511.0143127,0.003383395,599,1.02E+02,599,1.24E+02,599,6.31E+01,599,1.43E+02,599,1.33E+02,310.9847412,0.039547574,310.9847412,0.03669605,310.9847412,0.026215499,310.9847412,0.018481065,310.9847412,0.011006206,599,1.89E+02,599,1.82E+02,599,1.46E+02,599,1.39E+02,599,8.33E+01,599,8.94E+01
510.4845276,-0.002132007,510.4845276,-0.00357778,510.4845276,-0.00086895,510.4845276,-0.002735229,510.4845276,0.003285991,599.5,1.14E+02,599.5,1.12E+02,599.5,9.50E+01,599.5,1.52E+02,599.5,1.02E+02,310.5147095,0.041738804,310.5147095,0.039665993,310.5147095,0.027958265,310.5147095,0.019395685,310.5147095,0.011794458,599.5,1.67E+02,599.5,1.61E+02,599.5,1.37E+02,599.5,1.37E+02,599.5,1.25E+02,599.5,8.68E+01
509.9924927,-0.00191037,509.9924927,-0.003289524,509.9924927,-0.000209677,509.9924927,-0.002447597,509.9924927,0.003580172,600,9.23E+01,600,1.11E+02,600,1.03E+02,600,1.47E+02,600,9.66E+01,310.0054626,0.045456439,310.0054626,0.042512797,310.0054626,0.029839043,310.0054626,0.021842768,310.0054626,0.013384344,600,1.95E+02,600,1.45E+02,600,1.68E+02,600,1.23E+02,600,9.26E+01,600,6.10E+01
509.5003967,-0.002077498,509.5003967,-0.003213114,509.5003967,-0.000761312,509.5003967,-0.002449708,509.5003967,0.003444602,,,,,,,,,,,309.4962158,0.048160139,309.4962158,0.045233455,309.4962158,0.031993248,309.4962158,0.023556342,309.4962158,0.013600023,,,,,,,,,,,,
509.0082703,-0.001849388,509.0082703,-0.003394587,509.0082703,-0.000871172,509.0082703,-0.002383036,509.0082703,0.003337116,,,,,,,,,,,308.9869385,0.051302608,308.9869385,0.048403587,308.9869385,0.034656141,308.9869385,0.025420336,308.9869385,0.014784864,,,,,,,,,,,,
508.5160522,-0.001643802,508.5160522,-0.003327442,508.5160522,-0.000652819,508.5160522,-0.002667623,508.5160522,0.003725209,,,,,,,,,,,308.5167542,0.054506425,308.5167542,0.051503431,308.5167542,0.036406718,308.5167542,0.026816221,308.5167542,0.016110471,,,,,,,,,,,,
507.9859314,-0.00193006,507.9859314,-0.003541117,507.9859314,-0.000534837,507.9859314,-0.002649819,507.9859314,0.003552141,,,,,,,,,,,308.0074158,0.057740349,308.0074158,0.054119974,308.0074158,0.039390579,308.0074158,0.028576002,308.0074158,0.016852047,,,,,,,,,,,,
507.4936218,-0.001722191,507.4936218,-0.0031114,507.4936218,-0.000200363,507.4936218,-0.00246196,507.4936218,0.003564747,,,,,,,,,,,307.4979858,0.061104808,307.4979858,0.057294857,307.4979858,0.041976422,307.4979858,0.030156439,307.4979858,0.017690247,,,,,,,,,,,,
507.0013123,-0.001917174,507.0013123,-0.003602324,507.0013123,-0.000671997,507.0013123,-0.002786725,507.0013123,0.003488805,,,,,,,,,,,306.9885864,0.064966574,306.9885864,0.060035437,306.9885864,0.043955956,306.9885864,0.031880215,306.9885864,0.018767642,,,,,,,,,,,,
506.5089111,-0.001911298,506.5089111,-0.00308868,506.5089111,-0.000653698,506.5089111,-0.002321605,506.5089111,0.003375542,,,,,,,,,,,306.5183105,0.06760148,306.5183105,0.063397989,306.5183105,0.046607479,306.5183105,0.033968955,306.5183105,0.020322217,,,,,,,,,,,,
506.016449,-0.002318876,506.016449,-0.003811655,506.016449,-0.000509241,506.016449,-0.002650179,506.016449,0.003285626,,,,,,,,,,,306.0088501,0.070588373,306.0088501,0.065376043,306.0088501,0.048656434,306.0088501,0.035013303,306.0088501,0.020122398,,,,,,,,,,,,
505.486084,-0.001859957,505.486084,-0.003913923,505.486084,-0.000613633,505.486084,-0.002725814,505.486084,0.003393856,,,,,,,,,,,305.4993286,0.073944889,305.4993286,0.06838131,305.4993286,0.050572596,305.4993286,0.036777548,305.4993286,0.021282073,,,,,,,,,,,,
504.9934692,-0.001605221,504.9934692,-0.002993159,504.9934692,-0.000371977,504.9934692,-0.002423761,504.9934692,0.003755079,,,,,,,,,,,304.9897766,0.077303916,304.9897766,0.072187282,304.9897766,0.052983616,304.9897766,0.038873248,304.9897766,0.022145819,,,,,,,,,,,,
504.500885,-0.001767155,504.500885,-0.003305966,504.500885,-0.000879801,504.500885,-0.002618429,504.500885,0.003315648,,,,,,,,,,,304.5193787,0.080076545,304.5193787,0.076064318,304.5193787,0.055549279,304.5193787,0.040524412,304.5193787,0.02343267,,,,,,,,,,,,
504.0082397,-0.001471658,504.0082397,-0.003210339,504.0082397,-0.000443666,504.0082397,-0.002637778,504.0082397,0.003915063,,,,,,,,,,,304.0097656,0.082603924,304.0097656,0.078063212,304.0097656,0.057207704,304.0097656,0.041823022,304.0097656,0.024395848,,,,,,,,,,,,
503.5155334,-0.001702853,503.5155334,-0.003351075,503.5155334,-0.000368615,503.5155334,-0.002450738,503.5155334,0.003700511,,,,,,,,,,,303.5001221,0.086697072,303.5001221,0.081258506,303.5001221,0.060001437,303.5001221,0.043654848,303.5001221,0.025203563,,,,,,,,,,,,
502.9848328,-0.001738177,502.9848328,-0.00314918,502.9848328,-0.000353614,502.9848328,-0.002251153,502.9848328,0.003561406,,,,,,,,,,,302.9904785,0.090074435,302.9904785,0.083919793,302.9904785,0.06254372,302.9904785,0.044985693,302.9904785,0.026009681,,,,,,,,,,,,
502.4919739,-0.002105938,502.4919739,-0.003799646,502.4919739,-0.000624955,502.4919739,-0.00273631,502.4919739,0.003573804,,,,,,,,,,,302.4807739,0.093322314,302.4807739,0.086307041,302.4807739,0.064005174,302.4807739,0.046547282,302.4807739,0.026874544,,,,,,,,,,,,
501.999176,-0.001804845,501.999176,-0.003295433,501.999176,1.27E-05,501.999176,-0.002500362,501.999176,0.003692992,,,,,,,,,,,302.0102844,0.09546797,302.0102844,0.089413278,302.0102844,0.06739147,302.0102844,0.0486551,302.0102844,0.027999317,,,,,,,,,,,,
501.5061951,-0.001887638,501.5061951,-0.003510356,501.5061951,-0.000583699,501.5061951,-0.002897514,501.5061951,0.003522599,,,,,,,,,,,301.5005188,0.098420098,301.5005188,0.09258952,301.5005188,0.06899599,301.5005188,0.049743366,301.5005188,0.028631104,,,,,,,,,,,,
501.0133057,-0.001682792,501.0133057,-0.003209465,501.0133057,-0.000345337,501.0133057,-0.002240131,501.0133057,0.003641982,,,,,,,,,,,300.9907227,0.101390928,300.9907227,0.094825566,300.9907227,0.070696957,300.9907227,0.051770456,300.9907227,0.029822018,,,,,,,,,,,,
500.4823303,-0.001930317,500.4823303,-0.004003138,500.4823303,-0.000934358,500.4823303,-0.002753081,500.4823303,0.00324593,,,,,,,,,,,300.480896,0.104024939,300.480896,0.097043209,300.480896,0.072422862,300.480896,0.052242953,300.480896,0.030350186,,,,,,,,,,,,
499.9892883,-0.00213005,499.9892883,-0.003508251,499.9892883,-0.00029055,499.9892883,-0.002912016,499.9892883,0.003911484,,,,,,,,,,,300.0102539,0.105622307,300.0102539,0.098329939,300.0102539,0.074168317,300.0102539,0.053456441,300.0102539,0.030789927,,,,,,,,,,,,
499.4960938,-0.00184047,499.4960938,-0.003242148,499.4960938,-0.000332145,499.4960938,-0.002570722,499.4960938,0.00366297,,,,,,,,,,,299.5003662,0.10839992,299.5003662,0.101488665,299.5003662,0.076370493,299.5003662,0.0552467,299.5003662,0.031875759,,,,,,,,,,,,
499.0029602,-0.002055856,499.0029602,-0.003411949,499.0029602,-0.000660677,499.0029602,-0.002609012,499.0029602,0.003684194,,,,,,,,,,,298.9904785,0.110549301,298.9904785,0.103620425,298.9904785,0.077513017,298.9904785,0.056302503,298.9904785,0.032445118,,,,,,,,,,,,
498.5096741,-0.001937276,498.5096741,-0.003505991,498.5096741,-0.000572065,498.5096741,-0.002152717,498.5096741,0.003659628,,,,,,,,,,,298.4805298,0.112218589,298.4805298,0.104406588,298.4805298,0.078356877,298.4805298,0.056838345,298.4805298,0.03263551,,,,,,,,,,,,
498.0163574,-0.002118252,498.0163574,-0.003607356,498.0163574,-0.000746376,498.0163574,-0.002845569,498.0163574,0.003278089,,,,,,,,,,,298.0098267,0.114139378,298.0098267,0.106540747,298.0098267,0.079529114,298.0098267,0.057253007,298.0098267,0.033078019,,,,,,,,,,,,
497.4851685,-0.001973663,497.4851685,-0.003336125,497.4851685,-0.000424995,497.4851685,-0.002454032,497.4851685,0.003790251,,,,,,,,,,,297.4997864,0.11662934,297.4997864,0.108440422,297.4997864,0.081103966,297.4997864,0.05885737,297.4997864,0.034154948,,,,,,,,,,,,
496.9917297,-0.002237556,496.9917297,-0.003381898,496.9917297,-0.000479919,496.9917297,-0.002412949,496.9917297,0.003687483,,,,,,,,,,,296.9897766,0.117385693,296.9897766,0.109118171,296.9897766,0.081602812,296.9897766,0.059380677,296.9897766,0.033852972,,,,,,,,,,,,
496.4983215,-0.001482132,496.4983215,-0.003191992,496.4983215,-0.000302243,496.4983215,-0.002007315,496.4983215,0.003917675,,,,,,,,,,,296.5189209,0.118325569,296.5189209,0.110523924,296.5189209,0.08264228,296.5189209,0.060054343,296.5189209,0.034168303,,,,,,,,,,,,
496.0048523,-0.002044263,496.0048523,-0.003364175,496.0048523,-0.000413202,496.0048523,-0.002296783,496.0048523,0.003809863,,,,,,,,,,,296.0088501,0.11956615,296.0088501,0.111507371,296.0088501,0.083473898,296.0088501,0.06079527,296.0088501,0.034911264,,,,,,,,,,,,
495.511261,-0.002271703,495.511261,-0.003373217,495.511261,-0.001012203,495.511261,-0.00282983,495.511261,0.003406223,,,,,,,,,,,295.4987488,0.120798484,295.4987488,0.112693131,295.4987488,0.084663481,295.4987488,0.060863193,295.4987488,0.035234943,,,,,,,,,,,,
495.0176697,-0.001715848,495.0176697,-0.003197337,495.0176697,-0.000417806,495.0176697,-0.002320524,495.0176697,0.003903753,,,,,,,,,,,294.9886169,0.121850431,294.9886169,0.113290854,294.9886169,0.08479169,294.9886169,0.062101431,294.9886169,0.035283376,,,,,,,,,,,,
494.4860229,-0.002211905,494.4860229,-0.003753455,494.4860229,-0.000778625,494.4860229,-0.002751332,494.4860229,0.003421172,,,,,,,,,,,294.5177002,0.121704333,294.5177002,0.113657028,294.5177002,0.085217491,294.5177002,0.061303061,294.5177002,0.035012461,,,,,,,,,,,,
493.9924316,-0.001624564,493.9924316,-0.00314039,493.9924316,-0.000154978,493.9924316,-0.002504995,493.9924316,0.00391172,,,,,,,,,,,294.0074768,0.122116968,294.0074768,0.113978818,294.0074768,0.08543431,294.0074768,0.06178784,294.0074768,0.03520342,,,,,,,,,,,,
493.4985962,-0.001985258,493.4985962,-0.003654897,493.4985962,-0.000648942,493.4985962,-0.00285313,493.4985962,0.003267917,,,,,,,,,,,293.4972229,0.122978866,293.4972229,0.11470589,293.4972229,0.085783497,293.4972229,0.062303755,293.4972229,0.036073584,,,,,,,,,,,,
493.0048523,-0.002295444,493.0048523,-0.003666294,493.0048523,-0.000592281,493.0048523,-0.002785027,493.0048523,0.00336962,,,,,,,,,,,292.986969,0.122559309,292.986969,0.11450091,292.986969,0.085437149,292.986969,0.061955236,292.986969,0.035409316,,,,,,,,,,,,
492.5109863,-0.001985928,492.5109863,-0.003549333,492.5109863,-0.000689572,492.5109863,-0.002647092,492.5109863,0.003524138,,,,,,,,,,,292.5159302,0.122850075,292.5159302,0.114696585,292.5159302,0.086086154,292.5159302,0.062558517,292.5159302,0.036230005,,,,,,,,,,,,
492.0171204,-0.002124898,492.0171204,-0.003669477,492.0171204,-0.000620251,492.0171204,-0.002493207,492.0171204,0.00372064,,,,,,,,,,,292.0056152,0.122535624,292.0056152,0.114589706,292.0056152,0.086149499,292.0056152,0.062394209,292.0056152,0.03545431,,,,,,,,,,,,
491.4851685,-0.001870679,491.4851685,-0.003631948,491.4851685,-0.000577753,491.4851685,-0.002527025,491.4851685,0.003774479,,,,,,,,,,,291.4952393,0.122246467,291.4952393,0.113918036,291.4952393,0.085698128,291.4952393,0.062239189,291.4952393,0.035334673,,,,,,,,,,,,
490.9912109,-0.002122219,490.9912109,-0.003676972,490.9912109,-0.000600657,490.9912109,-0.002556003,490.9912109,0.003899051,,,,,,,,,,,290.9848938,0.122159593,290.9848938,0.114227489,290.9848938,0.085800841,290.9848938,0.062402546,290.9848938,0.035739355,,,,,,,,,,,,
490.4971008,-0.001912071,490.4971008,-0.003518779,490.4971008,-0.000330179,490.4971008,-0.002484456,490.4971008,0.00388876,,,,,,,,,,,290.5137329,0.121868596,290.5137329,0.113800682,290.5137329,0.085273243,290.5137329,0.061609171,290.5137329,0.035418164,,,,,,,,,,,,
490.0029907,-0.001935523,490.0029907,-0.003206125,490.0029907,-0.00045132,490.0029907,-0.002497325,490.0029907,0.003538362,,,,,,,,,,,290.0032959,0.121182546,290.0032959,0.112801597,290.0032959,0.084784575,290.0032959,0.061213907,290.0032959,0.034811407,,,,,,,,,,,,
489.5088806,-0.002016952,489.5088806,-0.003578191,489.5088806,-0.000395047,489.5088806,-0.002582817,489.5088806,0.003580015,,,,,,,,,,,289.4928284,0.120048352,289.4928284,0.112289622,289.4928284,0.083951354,289.4928284,0.061190214,289.4928284,0.034961313,,,,,,,,,,,,
489.0147095,-0.00214092,489.0147095,-0.003886883,489.0147095,-0.000717742,489.0147095,-0.002914433,489.0147095,0.003394978,,,,,,,,,,,288.9823303,0.118854277,288.9823303,0.111270383,288.9823303,0.082928278,288.9823303,0.060100596,288.9823303,0.034552336,,,,,,,,,,,,
488.4823914,-0.002064925,488.4823914,-0.003488119,488.4823914,-0.000484522,488.4823914,-0.002534283,488.4823914,0.003677667,,,,,,,,,,,288.5110474,0.118280597,288.5110474,0.110428244,288.5110474,0.082531638,288.5110474,0.060163833,288.5110474,0.034234427,,,,,,,,,,,,
487.9880981,-0.001977425,487.9880981,-0.003548358,487.9880981,-0.000728234,487.9880981,-0.002716708,487.9880981,0.003719961,,,,,,,,,,,288.0005188,0.116973937,288.0005188,0.109307177,288.0005188,0.081699908,288.0005188,0.059254531,288.0005188,0.033900324,,,,,,,,,,,,
487.4937439,-0.002197276,487.4937439,-0.003773267,487.4937439,-0.000853605,487.4937439,-0.002841969,487.4937439,0.003524243,,,,,,,,,,,287.4899292,0.11504171,287.4899292,0.107469454,287.4899292,0.080844268,287.4899292,0.058081124,287.4899292,0.033335429,,,,,,,,,,,,
486.9993286,-0.001951089,486.9993286,-0.003637134,486.9993286,-0.000611358,486.9993286,-0.002632889,486.9993286,0.00369837,,,,,,,,,,,287.0186157,0.113758571,287.0186157,0.105958581,287.0186157,0.079162747,287.0186157,0.057556599,287.0186157,0.032675304,,,,,,,,,,,,
486.5049133,-0.002221125,486.5049133,-0.00373934,486.5049133,-0.00081671,486.5049133,-0.002702971,486.5049133,0.003497416,,,,,,,,,,,286.5079651,0.112331092,286.5079651,0.104931004,286.5079651,0.078249805,286.5079651,0.056982592,286.5079651,0.032317162,,,,,,,,,,,,
486.010376,-0.002082702,486.010376,-0.003569257,486.010376,-0.000620302,486.010376,-0.002640557,486.010376,0.003398317,,,,,,,,,,,285.9973145,0.11025697,285.9973145,0.103090793,285.9973145,0.077237763,285.9973145,0.055836167,285.9973145,0.032004174,,,,,,,,,,,,
485.5158386,-0.002147772,485.5158386,-0.003465213,485.5158386,-0.000425719,485.5158386,-0.002541128,485.5158386,0.003702887,,,,,,,,,,,285.4866028,0.108522832,285.4866028,0.101396099,285.4866028,0.075700141,285.4866028,0.054433972,285.4866028,0.031561114,,,,,,,,,,,,
484.9831543,-0.00223395,484.9831543,-0.003799441,484.9831543,-0.00074834,484.9831543,-0.002889131,484.9831543,0.003361637,,,,,,,,,,,285.0151367,0.107237205,285.0151367,0.099796027,285.0151367,0.074810371,285.0151367,0.053845584,285.0151367,0.030753583,,,,,,,,,,,,
484.4885864,-0.002261866,484.4885864,-0.003777578,484.4885864,-0.000841824,484.4885864,-0.002759357,484.4885864,0.003619246,,,,,,,,,,,284.5043945,0.104966074,284.5043945,0.09813267,284.5043945,0.072929896,284.5043945,0.053206459,284.5043945,0.030279737,,,,,,,,,,,,
483.9938354,-0.002130204,483.9938354,-0.003718808,483.9938354,-0.000941797,483.9938354,-0.002787959,483.9938354,0.003788763,,,,,,,,,,,283.9936218,0.102885053,283.9936218,0.096422106,283.9936218,0.071587272,283.9936218,0.052029707,283.9936218,0.029848469,,,,,,,,,,,,
483.499054,-0.002219528,483.499054,-0.003749554,483.499054,-0.00054037,483.499054,-0.002846186,483.499054,0.003786361,,,,,,,,,,,283.4828186,0.100148901,283.4828186,0.093700901,283.4828186,0.069823205,283.4828186,0.050639175,283.4828186,0.028924182,,,,,,,,,,,,
483.0043335,-0.001880267,483.0043335,-0.003566741,483.0043335,-0.000394478,483.0043335,-0.002533665,483.0043335,0.00408352,,,,,,,,,,,283.0112915,0.098259464,283.0112915,0.091827706,283.0112915,0.068291388,283.0112915,0.049542688,283.0112915,0.028665667,,,,,,,,,,,,
482.5093994,-0.002301264,482.5093994,-0.003877698,482.5093994,-0.000923819,482.5093994,-0.002851175,482.5093994,0.003711972,,,,,,,,,,,282.5004272,0.096887678,282.5004272,0.09030842,282.5004272,0.06738355,282.5004272,0.048873879,282.5004272,0.027919395,,,,,,,,,,,,
482.0145569,-0.002048539,482.0145569,-0.003641909,482.0145569,-0.00030245,482.0145569,-0.002668909,482.0145569,0.003892626,,,,,,,,,,,281.989502,0.094011121,281.989502,0.087906301,281.989502,0.065409474,281.989502,0.047534235,281.989502,0.027077163,,,,,,,,,,,,
481.4815369,-0.002224216,481.4815369,-0.003606791,481.4815369,-0.000803327,481.4815369,-0.002716039,481.4815369,0.003757899,,,,,,,,,,,281.5179138,0.092430487,281.5179138,0.086580619,281.5179138,0.064374194,281.5179138,0.046620391,281.5179138,0.026402488,,,,,,,,,,,,
480.9865112,-0.002191507,480.9865112,-0.003878776,480.9865112,-0.000688952,480.9865112,-0.002618584,480.9865112,0.003517823,,,,,,,,,,,281.0069275,0.090031564,281.0069275,0.084128395,281.0069275,0.062271487,281.0069275,0.045124821,281.0069275,0.025928143,,,,,,,,,,,,
480.4914551,-0.001996132,480.4914551,-0.003699251,480.4914551,-0.000824203,480.4914551,-0.003029046,480.4914551,0.003575813,,,,,,,,,,,280.4959717,0.087733254,280.4959717,0.082202822,280.4959717,0.060931783,280.4959717,0.04383716,280.4959717,0.025443474,,,,,,,,,,,,
479.9964294,-0.002499024,479.9964294,-0.003933419,479.9964294,-0.000911988,479.9964294,-0.003033519,479.9964294,0.003575369,,,,,,,,,,,279.9849548,0.084991142,279.9849548,0.079726107,279.9849548,0.05877601,279.9849548,0.042698685,279.9849548,0.02433731,,,,,,,,,,,,
479.5012207,-0.001713683,479.5012207,-0.00349952,479.5012207,-0.000332456,479.5012207,-0.002537937,479.5012207,0.003999074,,,,,,,,,,,279.5132446,0.082794726,279.5132446,0.077656686,279.5132446,0.057285909,279.5132446,0.041565888,279.5132446,0.023966851,,,,,,,,,,,,
479.0060425,-0.002111966,479.0060425,-0.003486373,479.0060425,-0.000431098,479.0060425,-0.002565679,479.0060425,0.004086054,,,,,,,,,,,279.0021973,0.080499932,279.0021973,0.075642556,279.0021973,0.055787686,279.0021973,0.040233087,279.0021973,0.023135982,,,,,,,,,,,,
478.5107727,-0.002101147,478.5107727,-0.003667269,478.5107727,-0.00090212,478.5107727,-0.00281944,478.5107727,0.003998499,,,,,,,,,,,278.4910889,0.077475853,278.4910889,0.072862238,278.4910889,0.053325534,278.4910889,0.038446967,278.4910889,0.022344962,,,,,,,,,,,,
478.0155029,-0.001947017,478.0155029,-0.003461977,478.0155029,-0.000387237,478.0155029,-0.002749943,478.0155029,0.003744374,,,,,,,,,,,278.0192871,0.075114772,278.0192871,0.070529662,278.0192871,0.051811665,278.0192871,0.037455652,278.0192871,0.021279491,,,,,,,,,,,,
477.4820557,-0.002309452,477.4820557,-0.004033556,477.4820557,-0.000693862,477.4820557,-0.003151749,477.4820557,0.003538074,,,,,,,,,,,277.5081177,0.072890252,277.5081177,0.068573244,277.5081177,0.050169259,277.5081177,0.036177613,277.5081177,0.020544056,,,,,,,,,,,,
476.9866638,-0.002022053,476.9866638,-0.003348198,476.9866638,-0.000220958,476.9866638,-0.002082753,476.9866638,0.004225667,,,,,,,,,,,276.9969482,0.070528015,276.9969482,0.066399686,276.9969482,0.048247147,276.9969482,0.035061006,276.9969482,0.019811679,,,,,,,,,,,,
476.4912415,-0.001998194,476.4912415,-0.003575111,476.4912415,-0.000576667,476.4912415,-0.002562642,476.4912415,0.00408365,,,,,,,,,,,276.4857483,0.068930514,276.4857483,0.064775772,276.4857483,0.047006596,276.4857483,0.034200624,276.4857483,0.019661034,,,,,,,,,,,,
475.995697,-0.00191805,475.995697,-0.003720246,475.995697,-0.000758883,475.995697,-0.00256326,475.995697,0.003709831,,,,,,,,,,,276.013855,0.066677421,276.013855,0.062871084,276.013855,0.04585686,276.013855,0.033165939,276.013855,0.019622684,,,,,,,,,,,,
475.5002136,-0.002358114,475.5002136,-0.003996931,475.5002136,-0.000830146,475.5002136,-0.003136792,475.5002136,0.003450917,,,,,,,,,,,275.502594,0.063990839,275.502594,0.060072325,275.502594,0.043339137,275.502594,0.031268198,275.502594,0.018060351,,,,,,,,,,,,
475.0045776,-0.001963922,475.0045776,-0.003616032,475.0045776,-0.000676908,475.0045776,-0.002482912,475.0045776,0.004170386,,,,,,,,,,,274.991333,0.06170148,274.991333,0.057955056,274.991333,0.041996866,274.991333,0.029974926,274.991333,0.017714486,,,,,,,,,,,,
474.5089722,-0.002276647,474.5089722,-0.003949888,474.5089722,-0.000832264,474.5089722,-0.00289124,474.5089722,0.004125043,,,,,,,,,,,274.5193176,0.059809629,274.5193176,0.056309488,274.5193176,0.040622778,274.5193176,0.029298784,274.5193176,0.017349821,,,,,,,,,,,,
474.0132751,-0.002068532,474.0132751,-0.003731846,474.0132751,-0.000589644,474.0132751,-0.002863468,474.0132751,0.003888577,,,,,,,,,,,274.0079956,0.057669248,274.0079956,0.054526087,274.0079956,0.039527982,274.0079956,0.028286086,274.0079956,0.016325869,,,,,,,,,,,,
473.5175781,-0.002063534,473.5175781,-0.00359606,473.5175781,-0.000752422,473.5175781,-0.002800151,473.5175781,0.004101681,,,,,,,,,,,273.4966125,0.055231385,273.4966125,0.051961429,273.4966125,0.037342347,273.4966125,0.026904149,273.4966125,0.015595788,,,,,,,,,,,,
472.9836121,-0.001862173,472.9836121,-0.003653819,472.9836121,-0.000392513,472.9836121,-0.002577465,472.9836121,0.004075001,,,,,,,,,,,272.9852295,0.053303,272.9852295,0.050406247,272.9852295,0.03593564,272.9852295,0.025926055,272.9852295,0.015202629,,,,,,,,,,,,
472.4878235,-0.002065904,472.4878235,-0.00392008,472.4878235,-0.000365098,472.4878235,-0.002868714,472.4878235,0.004060552,,,,,,,,,,,272.5131531,0.051191837,272.5131531,0.048560429,272.5131531,0.034661245,272.5131531,0.024926472,272.5131531,0.014682755,,,,,,,,,,,,
471.9919434,-0.002070078,471.9919434,-0.003790306,471.9919434,-0.000699083,471.9919434,-0.002859456,471.9919434,0.003885626,,,,,,,,,,,272.001709,0.049975093,272.001709,0.047146287,272.001709,0.033747513,272.001709,0.024173155,272.001709,0.014849575,,,,,,,,,,,,
471.4960022,-0.002373304,471.4960022,-0.003748117,471.4960022,-0.000753094,471.4960022,-0.002762547,471.4960022,0.003901271,,,,,,,,,,,271.4902344,0.048373982,271.4902344,0.045788508,271.4902344,0.032364372,271.4902344,0.022852758,271.4902344,0.013748446,,,,,,,,,,,,
471,-0.002472411,471,-0.003949734,471,-0.00085283,471,-0.002832196,471,0.003938702,,,,,,,,,,,271.0180664,0.046346806,271.0180664,0.04431463,271.0180664,0.030895533,271.0180664,0.022330927,271.0180664,0.013304183,,,,,,,,,,,,
470.5039978,-0.002203149,470.5039978,-0.00371927,470.5039978,-0.000661245,470.5039978,-0.00293382,470.5039978,0.003779101,,,,,,,,,,,270.5065613,0.044396769,270.5065613,0.042072237,270.5065613,0.029385941,270.5065613,0.021241704,270.5065613,0.0128191,,,,,,,,,,,,
470.0078735,-0.002032771,470.0078735,-0.003721991,470.0078735,-0.000518807,470.0078735,-0.002844849,470.0078735,0.004053445,,,,,,,,,,,269.9950256,0.043079473,269.9950256,0.040941358,269.9950256,0.028601602,269.9950256,0.020253105,269.9950256,0.012553927,,,,,,,,,,,,
469.5118408,-0.002197585,469.5118408,-0.003604788,469.5118408,-0.000622887,469.5118408,-0.002891857,469.5118408,0.004157423,,,,,,,,,,,269.4833984,0.041184459,269.4833984,0.039226554,269.4833984,0.027106175,269.4833984,0.019477438,269.4833984,0.011960519,,,,,,,,,,,,
469.0155945,-0.002082959,469.0155945,-0.003393251,469.0155945,-0.000320867,469.0155945,-0.002630728,469.0155945,0.004116001,,,,,,,,,,,269.0111694,0.040260632,269.0111694,0.037878532,269.0111694,0.026459463,269.0111694,0.018785832,269.0111694,0.011892804,,,,,,,,,,,,
468.4812317,-0.002106454,468.4812317,-0.003514208,468.4812317,-0.00036696,468.4812317,-0.002679921,468.4812317,0.00419911,,,,,,,,,,,268.4995422,0.038812414,268.4995422,0.036876563,268.4995422,0.025638618,268.4995422,0.018395502,268.4995422,0.011603948,,,,,,,,,,,,
467.9849854,-0.002293281,467.9849854,-0.004190434,467.9849854,-0.000890599,467.9849854,-0.002859405,467.9849854,0.003911354,,,,,,,,,,,267.987854,0.036429662,267.987854,0.034946218,267.987854,0.023643913,267.987854,0.01701203,267.987854,0.010511138,,,,,,,,,,,,
467.4886475,-0.002307495,467.4886475,-0.003772445,467.4886475,-0.000782552,467.4886475,-0.002801436,467.4886475,0.003746906,,,,,,,,,,,267.5155029,0.035414822,267.5155029,0.033736546,267.5155029,0.023157444,267.5155029,0.016587628,267.5155029,0.010523576,,,,,,,,,,,,
466.9922791,-0.002393745,466.9922791,-0.00383285,466.9922791,-0.00068766,466.9922791,-0.002809821,466.9922791,0.004135549,,,,,,,,,,,267.0038147,0.034086876,267.0038147,0.032622196,267.0038147,0.021780653,267.0038147,0.016003592,267.0038147,0.009744297,,,,,,,,,,,,
466.4959106,-0.002070439,466.4959106,-0.003722915,466.4959106,-0.00053494,466.4959106,-0.002621774,466.4959106,0.004044404,,,,,,,,,,,266.4920654,0.03321629,266.4920654,0.032021839,266.4920654,0.02131149,266.4920654,0.015054727,266.4920654,0.009984847,,,,,,,,,,,,
465.9994202,-0.002094552,465.9994202,-0.0037204,465.9994202,-0.000428512,465.9994202,-0.002344778,465.9994202,0.004189936,,,,,,,,,,,265.9802856,0.03169116,265.9802856,0.030411011,265.9802856,0.020251451,265.9802856,0.014491643,265.9802856,0.00933053,,,,,,,,,,,,
465.5028992,-0.002523783,465.5028992,-0.003986928,465.5028992,-0.000850969,465.5028992,-0.002990742,465.5028992,0.003910021,,,,,,,,,,,265.5078735,0.030435417,265.5078735,0.029084193,265.5078735,0.019711144,265.5078735,0.014153126,265.5078735,0.008792222,,,,,,,,,,,,
465.0063782,-0.002146999,465.0063782,-0.003558268,465.0063782,-0.000284031,465.0063782,-0.002587963,465.0063782,0.004423585,,,,,,,,,,,264.9960632,0.029385885,264.9960632,0.028278571,264.9960632,0.018702289,264.9960632,0.013117732,264.9960632,0.008500007,,,,,,,,,,,,
464.5097656,-0.002210617,464.5097656,-0.003982362,464.5097656,-0.000686729,464.5097656,-0.002646989,464.5097656,0.003880115,,,,,,,,,,,264.4842224,0.028192161,264.4842224,0.02706022,264.4842224,0.0180858,264.4842224,0.0128688,264.4842224,0.008319881,,,,,,,,,,,,
464.013092,-0.002426232,464.013092,-0.003939115,464.013092,-0.000648167,464.013092,-0.00283986,464.013092,0.003894637,,,,,,,,,,,264.0117188,0.027329413,264.0117188,0.026034772,264.0117188,0.017183168,264.0117188,0.012161141,264.0117188,0.00806208,,,,,,,,,,,,
463.5164185,-0.00227469,463.5164185,-0.003795489,463.5164185,-0.000475317,463.5164185,-0.002677708,463.5164185,0.004142213,,,,,,,,,,,263.4997864,0.026537824,263.4997864,0.025511248,263.4997864,0.016452184,263.4997864,0.011735201,263.4997864,0.007803142,,,,,,,,,,,,
462.9814758,-0.002246621,462.9814758,-0.003826897,462.9814758,-0.000616425,462.9814758,-0.003047451,462.9814758,0.004082657,,,,,,,,,,,262.9878845,0.025698787,262.9878845,0.024584411,262.9878845,0.016000262,262.9878845,0.011536954,262.9878845,0.007731172,,,,,,,,,,,,
462.4846497,-0.002443942,462.4846497,-0.003698789,462.4846497,-0.000397168,462.4846497,-0.002734046,462.4846497,0.003971121,,,,,,,,,,,262.5153198,0.024889847,262.5153198,0.024285568,262.5153198,0.015135266,262.5153198,0.010802479,262.5153198,0.007356018,,,,,,,,,,,,
461.9878235,-0.002312439,461.9878235,-0.003969126,461.9878235,-0.000806479,461.9878235,-0.00284382,461.9878235,0.003860266,,,,,,,,,,,262.0033569,0.023849187,262.0033569,0.023360331,262.0033569,0.014886167,262.0033569,0.010499205,262.0033569,0.007228398,,,,,,,,,,,,
461.4909363,-0.002495884,461.4909363,-0.004129977,461.4909363,-0.000882436,461.4909363,-0.002917159,461.4909363,0.003940661,,,,,,,,,,,261.491333,0.023186795,261.491333,0.02215369,261.491333,0.014028305,261.491333,0.010130238,261.491333,0.007054139,,,,,,,,,,,,
460.9939575,-0.002234156,460.9939575,-0.004015192,460.9939575,-0.000752216,460.9939575,-0.002844335,460.9939575,0.003919634,,,,,,,,,,,261.0186768,0.022572501,261.0186768,0.021623693,261.0186768,0.013510155,261.0186768,0.009601575,261.0186768,0.006565603,,,,,,,,,,,,
460.4970703,-0.002415112,460.4970703,-0.003886268,460.4970703,-0.000631727,460.4970703,-0.00291901,460.4970703,0.004047513,,,,,,,,,,,260.5066528,0.022007514,260.5066528,0.021403259,260.5066528,0.013259264,260.5066528,0.00931117,260.5066528,0.006455161,,,,,,,,,,,,
460,-0.002418149,460,-0.003889603,460,-0.000703476,460,-0.002583537,460,0.004128179,,,,,,,,,,,259.9945374,0.021420691,259.9945374,0.020736195,259.9945374,0.012942321,259.9945374,0.009105991,259.9945374,0.005956197,,,,,,,,,,,,
459.5028992,-0.002334221,459.5028992,-0.004036274,459.5028992,-0.000618596,459.5028992,-0.002765171,459.5028992,0.004229169,,,,,,,,,,,259.4824219,0.021178344,259.4824219,0.020920541,259.4824219,0.012604076,259.4824219,0.009033037,259.4824219,0.006166168,,,,,,,,,,,,
459.0057983,-0.002525944,459.0057983,-0.003970409,459.0057983,-0.000610635,459.0057983,-0.002808072,459.0057983,0.004284484,,,,,,,,,,,259.0097046,0.020111851,259.0097046,0.019945057,259.0097046,0.012194233,259.0097046,0.008485198,259.0097046,0.005847693,,,,,,,,,,,,
458.5086365,-0.002272424,458.5086365,-0.003854813,458.5086365,-0.000582096,458.5086365,-0.002761775,458.5086365,0.004115453,,,,,,,,,,,258.4975281,0.020173185,258.4975281,0.019621601,258.4975281,0.012081712,258.4975281,0.008574666,258.4975281,0.005784336,,,,,,,,,,,,
458.0113831,-0.0028216,458.0113831,-0.00393896,458.0113831,-0.000459492,458.0113831,-0.002737236,458.0113831,0.004150132,,,,,,,,,,,257.9853516,0.019640911,257.9853516,0.019179815,257.9853516,0.011360453,257.9853516,0.00795371,257.9853516,0.005471043,,,,,,,,,,,,
457.5141907,-0.002474006,457.5141907,-0.003857686,457.5141907,-0.000397633,457.5141907,-0.002779677,457.5141907,0.00429034,,,,,,,,,,,257.5125427,0.0196437,257.5125427,0.019202786,257.5125427,0.011495646,257.5125427,0.00778364,257.5125427,0.005323063,,,,,,,,,,,,
457.0168457,-0.002497583,457.0168457,-0.00382936,457.0168457,-0.000641705,457.0168457,-0.002945031,457.0168457,0.004007304,,,,,,,,,,,257.0003052,0.019461032,257.0003052,0.019023061,257.0003052,0.01117919,257.0003052,0.008004754,257.0003052,0.005459011,,,,,,,,,,,,
456.4812622,-0.002763833,456.4812622,-0.004183665,456.4812622,-0.000920357,456.4812622,-0.002917519,456.4812622,0.003888813,,,,,,,,,,,256.4880066,0.019812627,256.4880066,0.019327885,256.4880066,0.01161328,256.4880066,0.008139645,256.4880066,0.00540124,,,,,,,,,,,,
455.9838562,-0.002620282,455.9838562,-0.004073511,455.9838562,-0.000843632,455.9838562,-0.003293378,455.9838562,0.00398993,,,,,,,,,,,256.0151672,0.019697411,256.0151672,0.01924007,256.0151672,0.011518904,256.0151672,0.007825466,256.0151672,0.005468028,,,,,,,,,,,,
455.4864197,-0.002608188,455.4864197,-0.004176179,455.4864197,-0.000853243,455.4864197,-0.002703794,455.4864197,0.004011667,,,,,,,,,,,255.5028229,0.020189183,255.5028229,0.019774344,255.5028229,0.011964111,255.5028229,0.008643422,255.5028229,0.005663366,,,,,,,,,,,,
454.9888611,-0.002475911,454.9888611,-0.004252062,454.9888611,-0.00047211,454.9888611,-0.002771395,454.9888611,0.004121672,,,,,,,,,,,254.990509,0.021190248,254.990509,0.020778717,254.990509,0.012458867,254.990509,0.008421217,254.990509,0.006269761,,,,,,,,,,,,
454.491394,-0.002490067,454.491394,-0.003841112,454.491394,-0.000849006,454.491394,-0.002858479,454.491394,0.003988467,,,,,,,,,,,254.5175171,0.021803217,254.5175171,0.021140294,254.5175171,0.013012066,254.5175171,0.008973733,254.5175171,0.00648937,,,,,,,,,,,,
453.9937439,-0.002515032,453.9937439,-0.004255753,453.9937439,-0.000814437,453.9937439,-0.003127181,453.9937439,0.003717037,,,,,,,,,,,254.0051575,0.022790117,254.0051575,0.022174176,254.0051575,0.014151388,254.0051575,0.009715601,254.0051575,0.006660984,,,,,,,,,,,,
453.4961243,-0.002578185,453.4961243,-0.003671633,453.4961243,-0.00061322,453.4961243,-0.002874782,453.4961243,0.004069671,,,,,,,,,,,253.4927521,0.02453086,253.4927521,0.023714688,253.4927521,0.014832594,253.4927521,0.010512358,253.4927521,0.006829905,,,,,,,,,,,,
452.9984131,-0.002276235,452.9984131,-0.004151412,452.9984131,-0.000830714,452.9984131,-0.003242662,452.9984131,0.003861467,,,,,,,,,,,252.9803009,0.025999786,252.9803009,0.025552703,252.9803009,0.016274536,252.9803009,0.011231411,252.9803009,0.007321556,,,,,,,,,,,,
452.5007324,-0.002227306,452.5007324,-0.00412172,452.5007324,-0.000682697,452.5007324,-0.002681207,452.5007324,0.004218975,,,,,,,,,,,252.5072784,0.028207215,252.5072784,0.026954798,252.5072784,0.017473659,252.5072784,0.012591045,252.5072784,0.008204033,,,,,,,,,,,,
452.0029602,-0.002209742,452.0029602,-0.003645348,452.0029602,-0.000658712,452.0029602,-0.002531967,452.0029602,0.004499874,,,,,,,,,,,251.9947815,0.031034084,251.9947815,0.029584471,251.9947815,0.019372623,251.9947815,0.013535631,251.9947815,0.008923896,,,,,,,,,,,,
451.505127,-0.002371296,451.505127,-0.0038993,451.505127,-0.00059073,451.505127,-0.002725146,451.505127,0.00415677,,,,,,,,,,,251.4822693,0.034354214,251.4822693,0.0327917,251.4822693,0.021628888,251.4822693,0.015023561,251.4822693,0.009580801,,,,,,,,,,,,
451.0072632,-0.002562436,451.0072632,-0.004119925,451.0072632,-0.00058525,451.0072632,-0.00310955,451.0072632,0.004063713,,,,,,,,,,,251.00914,0.037913442,251.00914,0.036272496,251.00914,0.02440346,251.00914,0.017832603,251.00914,0.01074211,,,,,,,,,,,,
450.5093689,-0.002440081,450.5093689,-0.004258521,450.5093689,-0.000597089,450.5093689,-0.003001643,450.5093689,0.004120417,,,,,,,,,,,250.4965668,0.043963432,250.4965668,0.041226443,250.4965668,0.028502772,250.4965668,0.02011882,250.4965668,0.012269024,,,,,,,,,,,,
450.0113831,-0.002675238,450.0113831,-0.004065972,450.0113831,-0.000778004,450.0113831,-0.002988686,450.0113831,0.004137352,,,,,,,,,,,249.9839783,0.048911367,249.9839783,0.047113512,249.9839783,0.032235127,249.9839783,0.023450457,249.9839783,0.013858887,,,,,,,,,,,,
449.5133362,-0.00249192,449.5133362,-0.004159411,449.5133362,-0.000680371,449.5133362,-0.003165729,449.5133362,0.004003934,,,,,,,,,,,249.5108032,0.056153353,249.5108032,0.052825723,249.5108032,0.035512034,249.5108032,0.026494047,249.5108032,0.015584948,,,,,,,,,,,,
449.0153503,-0.00239843,449.0153503,-0.004078743,449.0153503,-0.000581889,449.0153503,-0.002695253,449.0153503,0.00419945,,,,,,,,,,,248.9981689,0.062187571,248.9981689,0.059260197,248.9981689,0.042419169,248.9981689,0.031340532,248.9981689,0.017924286,,,,,,,,,,,,
448.5172729,-0.00268841,448.5172729,-0.004176384,448.5172729,-0.000736866,448.5172729,-0.003184437,448.5172729,0.0039404,,,,,,,,,,,248.4855042,0.072095379,248.4855042,0.066564076,248.4855042,0.048534233,248.4855042,0.035854299,248.4855042,0.020822871,,,,,,,,,,,,
448.019043,-0.002430711,448.019043,-0.003950863,448.019043,-0.00053432,448.019043,-0.002778854,448.019043,0.004197699,,,,,,,,,,,248.0122223,0.08184509,248.0122223,0.076805189,248.0122223,0.056145076,248.0122223,0.039901573,248.0122223,0.023573671,,,,,,,,,,,,
447.482605,-0.00268275,447.482605,-0.004003599,447.482605,-0.000341457,447.482605,-0.002747937,447.482605,0.004287019,,,,,,,,,,,247.4995422,0.089146331,247.4995422,0.084781274,247.4995422,0.060858101,247.4995422,0.044554409,247.4995422,0.026593247,,,,,,,,,,,,
446.984375,-0.002468601,446.984375,-0.004084487,446.984375,-0.000475472,446.984375,-0.002891188,446.984375,0.00412797,,,,,,,,,,,246.9868011,0.102710366,246.9868011,0.095362008,246.9868011,0.07064645,246.9868011,0.05157432,246.9868011,0.02925265,,,,,,,,,,,,
446.4860535,-0.002744027,446.4860535,-0.003990005,446.4860535,-0.000675306,446.4860535,-0.002979945,446.4860535,0.004117465,,,,,,,,,,,246.5134888,0.113518968,246.5134888,0.106393024,246.5134888,0.077868246,246.5134888,0.05588121,246.5134888,0.032364957,,,,,,,,,,,,
445.9877014,-0.002605101,445.9877014,-0.004215865,445.9877014,-0.000561052,445.9877014,-0.003071305,445.9877014,0.003937971,,,,,,,,,,,246.0007019,0.127962917,246.0007019,0.118620835,246.0007019,0.088481121,246.0007019,0.064739175,246.0007019,0.037540823,,,,,,,,,,,,
445.4893494,-0.002383808,445.4893494,-0.004371857,445.4893494,-0.000637776,445.4893494,-0.003310847,445.4893494,0.00427604,,,,,,,,,,,245.4878693,0.145662949,245.4878693,0.136729464,245.4878693,0.100395814,245.4878693,0.072461739,245.4878693,0.041251261,,,,,,,,,,,,
444.9909363,-0.002733995,444.9909363,-0.004499408,444.9909363,-0.000641446,444.9909363,-0.003138334,444.9909363,0.004004221,,,,,,,,,,,245.0144958,0.15950574,245.0144958,0.14780888,245.0144958,0.110783763,245.0144958,0.081354894,245.0144958,0.046526853,,,,,,,,,,,,
444.4925232,-0.002834459,444.4925232,-0.004363657,444.4925232,-0.000717535,444.4925232,-0.00316722,444.4925232,0.004145558,,,,,,,,,,,244.5016174,0.179439649,244.5016174,0.165543571,244.5016174,0.124531828,244.5016174,0.092003345,244.5016174,0.052040767,,,,,,,,,,,,
443.9940186,-0.002474109,443.9940186,-0.004429411,443.9940186,-0.000453751,443.9940186,-0.003058298,443.9940186,0.004276981,,,,,,,,,,,243.9887238,0.195126087,243.9887238,0.180515945,243.9887238,0.135552898,243.9887238,0.09921661,243.9887238,0.056505091,,,,,,,,,,,,
443.4954529,-0.002620282,443.4954529,-0.004188485,443.4954529,-0.000467766,443.4954529,-0.002901268,443.4954529,0.004182043,,,,,,,,,,,243.5152893,0.206810162,243.5152893,0.192279488,243.5152893,0.144419149,243.5152893,0.10613478,243.5152893,0.060550198,,,,,,,,,,,,
442.9967957,-0.002579729,442.9967957,-0.004057201,442.9967957,-0.000439063,442.9967957,-0.002907954,442.9967957,0.004334942,,,,,,,,,,,243.0023651,0.220353976,243.0023651,0.207129717,243.0023651,0.15659298,243.0023651,0.114352942,243.0023651,0.064542927,,,,,,,,,,,,
442.4981995,-0.002353274,442.4981995,-0.004060073,442.4981995,-0.000328679,442.4981995,-0.00279619,442.4981995,0.004384805,,,,,,,,,,,242.4894104,0.236176103,242.4894104,0.218641594,242.4894104,0.164790675,242.4894104,0.119767569,242.4894104,0.067891419,,,,,,,,,,,,
441.9994812,-0.002541231,441.9994812,-0.004118746,441.9994812,-0.000446976,441.9994812,-0.002952127,441.9994812,0.004300039,,,,,,,,,,,242.0158691,0.250898331,242.0158691,0.232141942,242.0158691,0.175873235,242.0158691,0.127422631,242.0158691,0.073347934,,,,,,,,,,,,
441.5007324,-0.002464019,441.5007324,-0.004155514,441.5007324,-0.000291999,441.5007324,-0.002892886,441.5007324,0.004455385,,,,,,,,,,,241.5028687,0.262664139,241.5028687,0.245977849,241.5028687,0.185742989,241.5028687,0.135387018,241.5028687,0.077042058,,,,,,,,,,,,
441.0019836,-0.002825561,441.0019836,-0.004501663,441.0019836,-0.000825133,441.0019836,-0.003367771,441.0019836,0.004022091,,,,,,,,,,,240.9898071,0.277169585,240.9898071,0.258841932,240.9898071,0.195918456,240.9898071,0.142551884,240.9898071,0.080962494,,,,,,,,,,,,
440.5032043,-0.002656508,440.5032043,-0.004174076,440.5032043,-0.000553969,440.5032043,-0.003273802,440.5032043,0.004189675,,,,,,,,,,,240.5162506,0.291257262,240.5162506,0.2702564,240.5162506,0.204850495,240.5162506,0.150537044,240.5162506,0.085098632,,,,,,,,,,,,
440.004303,-0.002694996,440.004303,-0.004032273,440.004303,-0.000486746,440.004303,-0.003066524,440.004303,0.004325817,,,,,,,,,,,240.0031738,0.303576797,240.0031738,0.281796366,240.0031738,0.213503495,240.0031738,0.157396272,240.0031738,0.08898706,,,,,,,,,,,,
439.5053406,-0.002797167,439.5053406,-0.004029606,439.5053406,-0.000722859,439.5053406,-0.003265683,439.5053406,0.004435405,,,,,,,,,,,239.4900665,0.314591646,239.4900665,0.292448461,239.4900665,0.222457215,239.4900665,0.163218141,239.4900665,0.092043184,,,,,,,,,,,,
439.0064087,-0.002720258,439.0064087,-0.004260623,439.0064087,-0.00071154,439.0064087,-0.003251038,439.0064087,0.00439984,,,,,,,,,,,239.0163879,0.326072514,239.0163879,0.302923441,239.0163879,0.231176451,239.0163879,0.169902071,239.0163879,0.094840318,,,,,,,,,,,,
438.5074158,-0.00267565,438.5074158,-0.003978976,438.5074158,-0.000575736,438.5074158,-0.003174724,438.5074158,0.004420316,,,,,,,,,,,238.5032654,0.33608371,238.5032654,0.309858501,238.5032654,0.237260059,238.5032654,0.173540235,238.5032654,0.097622648,,,,,,,,,,,,
438.0083618,-0.002805603,438.0083618,-0.00429374,438.0083618,-0.00051679,438.0083618,-0.00319266,438.0083618,0.004510101,,,,,,,,,,,237.990097,0.344593167,237.990097,0.320284665,237.990097,0.244159982,237.990097,0.178447902,237.990097,0.100820191,,,,,,,,,,,,
437.5092773,-0.002851124,437.5092773,-0.004293894,437.5092773,-0.000581062,437.5092773,-0.003273956,437.5092773,0.004343204,,,,,,,,,,,237.5163879,0.352349371,237.5163879,0.326981843,237.5163879,0.250266194,237.5163879,0.182561114,237.5163879,0.10247609,,,,,,,,,,,,
437.0101624,-0.002829933,437.0101624,-0.004419777,437.0101624,-0.001028628,437.0101624,-0.00340409,437.0101624,0.004263492,,,,,,,,,,,237.0031586,0.360051006,237.0031586,0.334522635,237.0031586,0.255364627,237.0031586,0.185815603,237.0031586,0.104639828,,,,,,,,,,,,
436.5110168,-0.002536444,436.5110168,-0.003845987,436.5110168,-0.000488607,436.5110168,-0.002936392,436.5110168,0.004488365,,,,,,,,,,,236.4899139,0.366590798,236.4899139,0.339811176,236.4899139,0.258819431,236.4899139,0.189591825,236.4899139,0.107176207,,,,,,,,,,,,
436.0117798,-0.002574325,436.0117798,-0.004188844,436.0117798,-0.000530028,436.0117798,-0.002878794,436.0117798,0.004481984,,,,,,,,,,,236.0161133,0.370329678,236.0161133,0.343830437,236.0161133,0.261505336,236.0161133,0.191533506,236.0161133,0.107638702,,,,,,,,,,,,
435.5124512,-0.002538092,435.5124512,-0.00395153,435.5124512,-0.000363856,435.5124512,-0.002980151,435.5124512,0.00455381,,,,,,,,,,,235.5028381,0.374089807,235.5028381,0.34736231,235.5028381,0.264390886,235.5028381,0.193455473,235.5028381,0.109247915,,,,,,,,,,,,
435.0131531,-0.002532893,435.0131531,-0.004352278,435.0131531,-0.000368822,435.0131531,-0.00310004,435.0131531,0.004510545,,,,,,,,,,,234.989502,0.377814323,234.989502,0.350625902,234.989502,0.266434103,234.989502,0.195142359,234.989502,0.110298678,,,,,,,,,,,,
434.5137939,-0.002873959,434.5137939,-0.004368474,434.5137939,-0.000717277,434.5137939,-0.003209671,434.5137939,0.004499089,,,,,,,,,,,234.5157013,0.379025906,234.5157013,0.352006346,234.5157013,0.268238843,234.5157013,0.196126312,234.5157013,0.110742837,,,,,,,,,,,,
434.0144043,-0.002760438,434.0144043,-0.004624668,434.0144043,-0.000730612,434.0144043,-0.00336474,434.0144043,0.00423045,,,,,,,,,,,234.0023041,0.380377322,234.0023041,0.352799952,234.0023041,0.268808335,234.0023041,0.19623071,234.0023041,0.110818937,,,,,,,,,,,,
433.5149841,-0.00239771,433.5149841,-0.004090847,433.5149841,-0.000367839,433.5149841,-0.002950738,433.5149841,0.004629886,,,,,,,,,,,233.4889374,0.380204022,233.4889374,0.353240013,233.4889374,0.269302487,233.4889374,0.196680695,233.4889374,0.110941775,,,,,,,,,,,,
433.0155029,-0.003065753,433.0155029,-0.004811133,433.0155029,-0.000790717,433.0155029,-0.003364586,433.0155029,0.004184552,,,,,,,,,,,233.0150146,0.379694402,233.0150146,0.352448463,233.0150146,0.268662363,233.0150146,0.196638033,233.0150146,0.110612877,,,,,,,,,,,,
432.5159607,-0.003020409,432.5159607,-0.00432629,432.5159607,-0.000657006,432.5159607,-0.003358421,432.5159607,0.004416916,,,,,,,,,,,232.5015717,0.377319843,232.5015717,0.350181609,232.5015717,0.266865313,232.5015717,0.195233196,232.5015717,0.110077128,,,,,,,,,,,,
432.0163574,-0.002720721,432.0163574,-0.004443708,432.0163574,-0.000638706,432.0163574,-0.003065136,432.0163574,0.00438538,,,,,,,,,,,231.9881287,0.37356168,231.9881287,0.347077966,231.9881287,0.26434806,231.9881287,0.19348903,231.9881287,0.108938731,,,,,,,,,,,,
431.5167236,-0.00285241,431.5167236,-0.004352996,431.5167236,-0.000700944,431.5167236,-0.003232745,431.5167236,0.004012529,,,,,,,,,,,231.5141602,0.370592237,231.5141602,0.344187498,231.5141602,0.262233794,231.5141602,0.191890478,231.5141602,0.108103983,,,,,,,,,,,,
431.0170593,-0.002526768,431.0170593,-0.004354072,431.0170593,-0.00070389,431.0170593,-0.002991051,431.0170593,0.004575391,,,,,,,,,,,231.0006714,0.366385549,231.0006714,0.340346515,231.0006714,0.259118855,231.0006714,0.189734682,231.0006714,0.106697291,,,,,,,,,,,,
430.517334,-0.002497171,430.517334,-0.004003138,430.517334,-0.000384237,430.517334,-0.002770315,430.517334,0.00461513,,,,,,,,,,,230.4871368,0.359682083,230.4871368,0.334199369,230.4871368,0.254469454,230.4871368,0.186188504,230.4871368,0.104739018,,,,,,,,,,,,
430.0176392,-0.002805346,430.0176392,-0.004592652,430.0176392,-0.000697119,430.0176392,-0.00317313,430.0176392,0.004293634,,,,,,,,,,,230.013092,0.353818595,230.013092,0.328776419,230.013092,0.25041309,230.013092,0.183120385,230.013092,0.102957234,,,,,,,,,,,,
429.5178223,-0.002756682,429.5178223,-0.004333825,429.5178223,-0.001098814,429.5178223,-0.003118854,429.5178223,0.004429469,,,,,,,,,,,229.4995117,0.348221958,229.4995117,0.323856145,229.4995117,0.24640286,229.4995117,0.180357382,229.4995117,0.101610392,,,,,,,,,,,,
429.0180054,-0.002522547,429.0180054,-0.004182588,429.0180054,-0.000494813,429.0180054,-0.002968119,429.0180054,0.004667956,,,,,,,,,,,228.9859161,0.341710657,228.9859161,0.318035334,228.9859161,0.241738588,228.9859161,0.176725045,228.9859161,0.099493653,,,,,,,,,,,,
428.5180969,-0.002845621,428.5180969,-0.004545981,428.5180969,-0.000594866,428.5180969,-0.003101428,428.5180969,0.004373613,,,,,,,,,,,228.5118256,0.336203039,228.5118256,0.313030094,228.5118256,0.23761496,228.5118256,0.173621506,228.5118256,0.097683102,,,,,,,,,,,,
428.0181274,-0.002878485,428.0181274,-0.004448321,428.0181274,-0.00056038,428.0181274,-0.003070996,428.0181274,0.004547035,,,,,,,,,,,227.9982147,0.326684237,227.9982147,0.304556638,227.9982147,0.230703458,227.9982147,0.168705732,227.9982147,0.094781257,,,,,,,,,,,,
427.518158,-0.002699369,427.518158,-0.004439865,427.518158,-0.000700272,427.518158,-0.003366846,427.518158,0.004424213,,,,,,,,,,,227.4845581,0.317311168,227.4845581,0.295453042,227.4845581,0.224630788,227.4845581,0.163792238,227.4845581,0.092264853,,,,,,,,,,,,
427.018158,-0.002715731,427.018158,-0.00428277,427.018158,-0.00073821,427.018158,-0.003075726,427.018158,0.004581068,,,,,,,,,,,227.0103607,0.305159092,227.0103607,0.284341246,227.0103607,0.215842754,227.0103607,0.157751948,227.0103607,0.088527463,,,,,,,,,,,,
426.5180359,-0.002542312,426.5180359,-0.004335876,426.5180359,-0.000599881,426.5180359,-0.003310076,426.5180359,0.004404652,,,,,,,,,,,226.4966583,0.295418561,226.4966583,0.275934666,226.4966583,0.209019795,226.4966583,0.152571693,226.4966583,0.085687943,,,,,,,,,,,,
426.0180054,-0.002924821,426.0180054,-0.004435612,426.0180054,-0.000610893,426.0180054,-0.003236085,426.0180054,0.004210141,,,,,,,,,,,225.9829559,0.287397236,225.9829559,0.268442124,225.9829559,0.202324435,225.9829559,0.148110256,225.9829559,0.083123237,,,,,,,,,,,,
425.5178833,-0.002952744,425.5178833,-0.004649357,425.5178833,-0.000695155,425.5178833,-0.003279557,425.5178833,0.004372332,,,,,,,,,,,225.5087433,0.277638853,225.5087433,0.258242071,225.5087433,0.19547914,225.5087433,0.142548859,225.5087433,0.080098338,,,,,,,,,,,,
425.0176392,-0.002809564,425.0176392,-0.004291741,425.0176392,-0.000646823,425.0176392,-0.003171434,425.0176392,0.004532387,,,,,,,,,,,224.9949341,0.266578138,224.9949341,0.249373674,224.9949341,0.188556999,224.9949341,0.13771157,224.9949341,0.077281959,,,,,,,,,,,,
424.5174255,-0.002812959,424.5174255,-0.004725208,424.5174255,-0.000936218,424.5174255,-0.003316447,424.5174255,0.004351493,,,,,,,,,,,224.4811554,0.257501036,224.4811554,0.240467608,224.4811554,0.181870461,224.4811554,0.132694885,224.4811554,0.07442937,,,,,,,,,,,,
424.0171204,-0.002900651,424.0171204,-0.004718755,424.0171204,-0.001103152,424.0171204,-0.003379843,424.0171204,0.004212414,,,,,,,,,,,224.0068665,0.247413233,224.0068665,0.231743202,224.0068665,0.174673125,224.0068665,0.127576813,224.0068665,0.071546584,,,,,,,,,,,,
423.5168457,-0.002930992,423.5168457,-0.004625744,423.5168457,-0.000932808,423.5168457,-0.003390169,423.5168457,0.004356225,,,,,,,,,,,223.493042,0.239817813,223.493042,0.22362408,223.493042,0.168713093,223.493042,0.123490162,223.493042,0.068916321,,,,,,,,,,,,
423.016449,-0.002866759,423.016449,-0.004551617,423.016449,-0.000819759,423.016449,-0.003233464,423.016449,0.004488889,,,,,,,,,,,223.0186768,0.229282379,223.0186768,0.214550883,223.0186768,0.161872938,223.0186768,0.118218303,223.0186768,0.066429943,,,,,,,,,,,,
422.5160522,-0.002984161,422.5160522,-0.00433644,422.5160522,-0.000845751,422.5160522,-0.003114639,422.5160522,0.004503065,,,,,,,,,,,222.5048065,0.21977517,222.5048065,0.206271723,222.5048065,0.15544121,222.5048065,0.113128394,222.5048065,0.063528851,,,,,,,,,,,,
422.0155945,-0.002957423,422.0155945,-0.004499767,422.0155945,-0.000769116,422.0155945,-0.003204429,422.0155945,0.004713879,,,,,,,,,,,221.990921,0.211606249,221.990921,0.197676688,221.990921,0.148422509,221.990921,0.108520538,221.990921,0.061295338,,,,,,,,,,,,
421.5151062,-0.002907594,421.5151062,-0.004402506,421.5151062,-0.000826374,421.5151062,-0.003323075,421.5151062,0.004400912,,,,,,,,,,,221.5165405,0.202607527,221.5165405,0.189364538,221.5165405,0.142462611,221.5165405,0.103663445,221.5165405,0.058571793,,,,,,,,,,,,
421.0145569,-0.002964776,421.0145569,-0.004333928,421.0145569,-0.000860218,421.0145569,-0.003328675,421.0145569,0.004750072,,,,,,,,,,,221.0025635,0.195197403,221.0025635,0.182930484,221.0025635,0.137695953,221.0025635,0.100107603,221.0025635,0.057097215,,,,,,,,,,,,
420.5140076,-0.00305069,420.5140076,-0.004703801,420.5140076,-0.001001098,420.5140076,-0.003353181,420.5140076,0.004615,,,,,,,,,,,220.4886017,0.186385557,220.4886017,0.174865052,220.4886017,0.131426767,220.4886017,0.095710263,220.4886017,0.055123042,,,,,,,,,,,,
420.0133972,-0.00300046,420.0133972,-0.004410244,420.0133972,-0.000938026,420.0133972,-0.003273596,420.0133972,0.00460014,,,,,,,,,,,220.0141602,0.18010442,220.0141602,0.168765515,220.0141602,0.126741335,220.0141602,0.092401057,220.0141602,0.053816576,,,,,,,,,,,,
419.5126953,-0.003054803,419.5126953,-0.004716758,419.5126953,-0.00124798,419.5126953,-0.003528536,419.5126953,0.004386949,,,,,,,,,,,219.5001373,0.17368038,219.5001373,0.163536862,219.5001373,0.121897936,219.5001373,0.088945188,219.5001373,0.052627355,,,,,,,,,,,,
419.0120239,-0.003051718,419.0120239,-0.004567037,419.0120239,-0.001061838,419.0120239,-0.003290912,419.0120239,0.004774673,,,,,,,,,,,218.9860992,0.167231038,218.9860992,0.157186002,218.9860992,0.117117845,218.9860992,0.08565966,218.9860992,0.052037846,,,,,,,,,,,,
418.511261,-0.003078502,418.511261,-0.004646591,418.511261,-0.001210861,418.511261,-0.003456738,418.511261,0.004667014,,,,,,,,,,,218.5116119,0.16296269,218.5116119,0.152755052,218.5116119,0.113861278,218.5116119,0.083285429,218.5116119,0.051793233,,,,,,,,,,,,
418.010498,-0.002607211,418.010498,-0.004533634,418.010498,-0.000886362,418.010498,-0.003518779,418.010498,0.004716208,,,,,,,,,,,217.9975281,0.157850385,217.9975281,0.148060456,217.9975281,0.110302523,217.9975281,0.080598995,217.9975281,0.051742665,,,,,,,,,,,,
417.5096741,-0.002674003,417.5096741,-0.004725669,417.5096741,-0.000836501,417.5096741,-0.003167734,417.5096741,0.004710713,,,,,,,,,,,217.483429,0.153399527,217.483429,0.143430859,217.483429,0.106841937,217.483429,0.078417994,217.483429,0.051937506,,,,,,,,,,,,
417.0087891,-0.002925695,417.0087891,-0.004569753,417.0087891,-0.000615649,417.0087891,-0.003099938,417.0087891,0.004723509,,,,,,,,,,,217.0088501,0.149025515,217.0088501,0.1395583,217.0088501,0.10378138,217.0088501,0.076034002,217.0088501,0.051634576,,,,,,,,,,,,
416.507843,-0.002868816,416.507843,-0.004700216,416.507843,-0.000737538,416.507843,-0.003217225,416.507843,0.004768915,,,,,,,,,,,216.4947357,0.144156724,216.4947357,0.134936154,216.4947357,0.100353383,216.4947357,0.073517635,216.4947357,0.05100577,,,,,,,,,,,,
416.0068665,-0.003032079,416.0068665,-0.004478861,416.0068665,-0.000899175,416.0068665,-0.003129442,416.0068665,0.004872201,,,,,,,,,,,215.980545,0.140629083,215.980545,0.131692648,215.980545,0.09750618,215.980545,0.071643107,215.980545,0.050594673,,,,,,,,,,,,
415.5058594,-0.003107494,415.5058594,-0.004836989,415.5058594,-0.00135044,415.5058594,-0.003604532,415.5058594,0.004791999,,,,,,,,,,,215.5059052,0.136698872,215.5059052,0.127882332,215.5059052,0.094789118,215.5059052,0.069653966,215.5059052,0.050211307,,,,,,,,,,,,
415.0048218,-0.003136792,415.0048218,-0.004842774,415.0048218,-0.001199245,415.0048218,-0.003261058,415.0048218,0.004790821,,,,,,,,,,,214.9917145,0.132936448,214.9917145,0.124164917,214.9917145,0.092107885,214.9917145,0.067632087,214.9917145,0.050361335,,,,,,,,,,,,
414.5037537,-0.003092484,414.5037537,-0.00499153,414.5037537,-0.000884451,414.5037537,-0.003543787,414.5037537,0.004868039,,,,,,,,,,,214.5170441,0.131111428,214.5170441,0.122456476,214.5170441,0.090615653,214.5170441,0.066721007,214.5170441,0.050717019,,,,,,,,,,,,
414.0026245,-0.003075469,414.0026245,-0.004777338,414.0026245,-0.001048048,414.0026245,-0.003341211,414.0026245,0.004940924,,,,,,,,,,,214.0027771,0.128981277,214.0027771,0.120210081,214.0027771,0.088971809,214.0027771,0.065476738,214.0027771,0.051364198,,,,,,,,,,,,
413.5014648,-0.002999432,413.5014648,-0.004479937,413.5014648,-0.000867762,413.5014648,-0.003218767,413.5014648,0.004934902,,,,,,,,,,,213.4884949,0.127596676,213.4884949,0.119030275,213.4884949,0.08801876,213.4884949,0.064836994,213.4884949,0.052444998,,,,,,,,,,,,
413.0002441,-0.003122195,413.0002441,-0.004681573,413.0002441,-0.001134135,413.0002441,-0.00352263,413.0002441,0.004526082,,,,,,,,,,,213.0137939,0.12580049,213.0137939,0.117138729,213.0137939,0.086647928,213.0137939,0.063947767,213.0137939,0.053275224,,,,,,,,,,,,
412.4989624,-0.0028952,412.4989624,-0.004714914,412.4989624,-0.001098711,412.4989624,-0.003301804,412.4989624,0.004855814,,,,,,,,,,,212.4994507,0.123788402,212.4994507,0.114957005,212.4994507,0.085106343,212.4994507,0.0627691,212.4994507,0.053611603,,,,,,,,,,,,
411.9976501,-0.00305763,411.9976501,-0.004883526,411.9976501,-0.001122,411.9976501,-0.003441175,411.9976501,0.004791109,,,,,,,,,,,211.9851379,0.122006185,211.9851379,0.113415532,211.9851379,0.083773002,211.9851379,0.061932396,211.9851379,0.053870138,,,,,,,,,,,,
411.4963379,-0.002955726,411.4963379,-0.004859106,411.4963379,-0.001051663,411.4963379,-0.003395511,411.4963379,0.004964907,,,,,,,,,,,211.5103455,0.120114736,211.5103455,0.111589,211.5103455,0.082478888,211.5103455,0.060743969,211.5103455,0.053785633,,,,,,,,,,,,
410.9949646,-0.00309819,410.9949646,-0.004843644,410.9949646,-0.001073768,410.9949646,-0.003370699,410.9949646,0.004761116,,,,,,,,,,,210.9959869,0.118569434,210.9959869,0.109929226,210.9959869,0.081203319,210.9959869,0.05997448,210.9959869,0.053533737,,,,,,,,,,,,
410.4935608,-0.003163673,410.4935608,-0.004953603,410.4935608,-0.001533879,410.4935608,-0.003810116,410.4935608,0.004383628,,,,,,,,,,,210.4815826,0.11646542,210.4815826,0.107996158,210.4815826,0.079728402,210.4815826,0.058673177,210.4815826,0.053185362,,,,,,,,,,,,
409.9920959,-0.003389398,409.9920959,-0.004935688,409.9920959,-0.001204614,409.9920959,-0.003312645,409.9920959,0.005052474,,,,,,,,,,,210.0067291,0.115591534,210.0067291,0.107112072,210.0067291,0.079219654,210.0067291,0.058295202,210.0067291,0.053621855,,,,,,,,,,,,
409.4906006,-0.003056037,409.4906006,-0.004857109,409.4906006,-0.001189745,409.4906006,-0.00351313,409.4906006,0.004792784,,,,,,,,,,,209.4922943,0.114153452,209.4922943,0.10570059,209.4922943,0.078066312,209.4922943,0.05719867,209.4922943,0.053009734,,,,,,,,,,,,
408.9889832,-0.003141624,408.9889832,-0.004697911,408.9889832,-0.001588199,408.9889832,-0.003500907,408.9889832,0.004652885,,,,,,,,,,,209.0174103,0.11294651,209.0174103,0.104916006,209.0174103,0.077151373,209.0174103,0.056473959,209.0174103,0.053031024,,,,,,,,,,,,
408.4874268,-0.003019072,408.4874268,-0.004770374,408.4874268,-0.000964165,408.4874268,-0.003558268,408.4874268,0.004875212,,,,,,,,,,,208.5029297,0.11253532,208.5029297,0.104233228,208.5029297,0.076613881,208.5029297,0.056543272,208.5029297,0.05312261,,,,,,,,,,,,
407.9857788,-0.002820366,407.9857788,-0.004655862,407.9857788,-0.001184995,407.9857788,-0.003423044,407.9857788,0.004869583,,,,,,,,,,,207.9884186,0.11099916,207.9884186,0.103123844,207.9884186,0.075683348,207.9884186,0.055436593,207.9884186,0.052738674,,,,,,,,,,,,
407.4841309,-0.002994239,407.4841309,-0.004499101,407.4841309,-0.001110072,407.4841309,-0.003477591,407.4841309,0.004889165,,,,,,,,,,,207.513504,0.109394945,207.513504,0.101656646,207.513504,0.074621163,207.513504,0.054518811,207.513504,0.051710702,,,,,,,,,,,,
406.9824219,-0.003130779,406.9824219,-0.004628254,406.9824219,-0.001166717,406.9824219,-0.003632051,406.9824219,0.004835893,,,,,,,,,,,206.9989471,0.108329885,206.9989471,0.100532837,206.9989471,0.073735721,206.9989471,0.053992298,206.9989471,0.051188834,,,,,,,,,,,,
406.5192871,-0.002909188,406.5192871,-0.004857826,406.5192871,-0.001265738,406.5192871,-0.003318451,406.5192871,0.004871756,,,,,,,,,,,206.4843597,0.107623816,206.4843597,0.100195356,206.4843597,0.07331609,206.4843597,0.053251114,206.4843597,0.050812218,,,,,,,,,,,,
406.0174561,-0.00313191,406.0174561,-0.005029146,406.0174561,-0.001412627,406.0174561,-0.003669785,406.0174561,0.004768549,,,,,,,,,,,206.0093842,0.107014522,206.0093842,0.099742018,206.0093842,0.072888196,206.0093842,0.052920599,206.0093842,0.050041694,,,,,,,,,,,,
405.515625,-0.002928112,405.515625,-0.004818045,405.515625,-0.001411389,405.515625,-0.003568641,405.515625,0.00488474,,,,,,,,,,,205.4947968,0.105988711,205.4947968,0.098824278,205.4947968,0.071984857,205.4947968,0.052000441,205.4947968,0.049111087,,,,,,,,,,,,
405.0137634,-0.002963285,405.0137634,-0.004862485,405.0137634,-0.00160878,405.0137634,-0.00361403,405.0137634,0.004628343,,,,,,,,,,,205.0197601,0.106439658,205.0197601,0.099102966,205.0197601,0.072501473,205.0197601,0.052270073,205.0197601,0.048919015,,,,,,,,,,,,
404.5118408,-0.003249086,404.5118408,-0.005063227,404.5118408,-0.001664742,404.5118408,-0.003851939,404.5118408,0.004394009,,,,,,,,,,,204.5051117,0.106394082,204.5051117,0.098966233,204.5051117,0.07171391,204.5051117,0.051526923,204.5051117,0.04807321,,,,,,,,,,,,
404.0098877,-0.003324411,404.0098877,-0.004976943,404.0098877,-0.00150731,404.0098877,-0.003421503,404.0098877,0.00470595,,,,,,,,,,,203.9904327,0.1068189,203.9904327,0.100192033,203.9904327,0.072434425,203.9904327,0.05207558,203.9904327,0.047606297,,,,,,,,,,,,
403.5079041,-0.003492895,403.5079041,-0.005265002,403.5079041,-0.001660925,403.5079041,-0.003732,403.5079041,0.004997114,,,,,,,,,,,203.5153503,0.107910886,203.5153503,0.101100124,203.5153503,0.073326536,203.5153503,0.051354993,203.5153503,0.047273293,,,,,,,,,,,,
403.0058594,-0.00323886,403.0058594,-0.005069163,403.0058594,-0.001349717,403.0058594,-0.003778502,403.0058594,0.004999785,,,,,,,,,,,203.0006561,0.110380784,203.0006561,0.102955423,203.0006561,0.075238407,203.0006561,0.053220857,203.0006561,0.047347765,,,,,,,,,,,,
402.5037231,-0.003125022,402.5037231,-0.005413715,402.5037231,-0.001429501,402.5037231,-0.003367977,402.5037231,0.005186058,,,,,,,,,,,202.4859161,0.114273086,202.4859161,0.107750759,202.4859161,0.077042215,202.4859161,0.054961931,202.4859161,0.047210667,,,,,,,,,,,,
402.0016174,-0.003280019,402.0016174,-0.005128364,402.0016174,-0.001370362,402.0016174,-0.003706746,402.0016174,0.004756195,,,,,,,,,,,202.0107727,0.119073242,202.0107727,0.111803725,202.0107727,0.080236353,202.0107727,0.057041951,202.0107727,0.047840703,,,,,,,,,,,,
401.4994507,-0.003448469,401.4994507,-0.004844924,401.4994507,-0.00124163,401.4994507,-0.003540604,401.4994507,0.004921156,,,,,,,,,,,201.4960022,0.128173903,201.4960022,0.12084683,201.4960022,0.086018682,201.4960022,0.061813474,201.4960022,0.050184865,,,,,,,,,,,,
400.9972534,-0.002976346,400.9972534,-0.004981652,400.9972534,-0.001350698,400.9972534,-0.003839367,400.9972534,0.005022515,,,,,,,,,,,200.9812317,0.136714652,200.9812317,0.127001315,200.9812317,0.09294419,200.9812317,0.066421561,200.9812317,0.05174908,,,,,,,,,,,,
400.4949951,-0.003315523,400.4949951,-0.005282239,400.4949951,-0.001589953,400.4949951,-0.0037262,400.4949951,0.00479268,,,,,,,,,,,200.506012,0.14815627,200.506012,0.140136212,200.506012,0.100350678,200.506012,0.071696959,200.506012,0.055036031,,,,,,,,,,,,
399.9927063,-0.003022157,399.9927063,-0.004823677,399.9927063,-0.001293561,399.9927063,-0.003691192,399.9927063,0.004835632,,,,,,,,,,,199.9911957,0.164183006,199.9911957,0.152265877,199.9911957,0.113273785,199.9911957,0.08024352,199.9911957,0.061152097,,,,,,,,,,,,
399.490387,-0.003385494,399.490387,-0.005001817,399.490387,-0.001397301,399.490387,-0.003677896,399.490387,0.004748397,,,,,,,,,,,,,,,,,,,,,,,,,,,,,,,,
398.9880066,-0.003335817,398.9880066,-0.005213391,398.9880066,-0.001535272,398.9880066,-0.003867385,398.9880066,0.004722463,,,,,,,,,,,,,,,,,,,,,,,,,,,,,,,,
398.4855957,-0.003005036,398.4855957,-0.004725976,398.4855957,-0.001134961,398.4855957,-0.003492844,398.4855957,0.005189385,,,,,,,,,,,,,,,,,,,,,,,,,,,,,,,,
397.9831543,-0.002857604,397.9831543,-0.00509132,397.9831543,-0.001736836,397.9831543,-0.003359397,397.9831543,0.005167694,,,,,,,,,,,,,,,,,,,,,,,,,,,,,,,,
397.4806824,-0.00297578,397.4806824,-0.005259836,397.4806824,-0.001682689,397.4806824,-0.003662444,397.4806824,0.005263372,,,,,,,,,,,,,,,,,,,,,,,,,,,,,,,,
397.0167847,-0.003607099,397.0167847,-0.005308936,397.0167847,-0.001668043,397.0167847,-0.003935523,397.0167847,0.004737798,,,,,,,,,,,,,,,,,,,,,,,,,,,,,,,,
396.5142212,-0.003670863,396.5142212,-0.005643129,396.5142212,-0.001928874,396.5142212,-0.003909511,396.5142212,0.004737641,,,,,,,,,,,,,,,,,,,,,,,,,,,,,,,,
396.0115967,-0.003085698,396.0115967,-0.005178655,396.0115967,-0.001278178,396.0115967,-0.003691448,396.0115967,0.005011936,,,,,,,,,,,,,,,,,,,,,,,,,,,,,,,,
395.5089722,-0.003308381,395.5089722,-0.005291189,395.5089722,-0.001688981,395.5089722,-0.00389186,395.5089722,0.004615392,,,,,,,,,,,,,,,,,,,,,,,,,,,,,,,,
395.0062561,-0.003451962,395.0062561,-0.005641187,395.0062561,-0.002056578,395.0062561,-0.004201919,395.0062561,0.004839349,,,,,,,,,,,,,,,,,,,,,,,,,,,,,,,,
394.5035095,-0.003292659,394.5035095,-0.005413971,394.5035095,-0.001969952,394.5035095,-0.004076229,394.5035095,0.004763445,,,,,,,,,,,,,,,,,,,,,,,,,,,,,,,,
394.0007629,-0.003316961,394.0007629,-0.005204081,394.0007629,-0.001751944,394.0007629,-0.00410854,394.0007629,0.004892175,,,,,,,,,,,,,,,,,,,,,,,,,,,,,,,,
393.4979553,-0.003517752,393.4979553,-0.005157425,393.4979553,-0.00191805,393.4979553,-0.004003343,393.4979553,0.004867463,,,,,,,,,,,,,,,,,,,,,,,,,,,,,,,,
392.9951172,-0.003494898,392.9951172,-0.005527262,392.9951172,-0.001840521,392.9951172,-0.003874312,392.9951172,0.004459884,,,,,,,,,,,,,,,,,,,,,,,,,,,,,,,,
392.492218,-0.003468243,392.492218,-0.005779503,392.492218,-0.002178629,392.492218,-0.004211815,392.492218,0.004574842,,,,,,,,,,,,,,,,,,,,,,,,,,,,,,,,
391.9892883,-0.003209979,391.9892883,-0.005359872,391.9892883,-0.001935008,391.9892883,-0.003734977,391.9892883,0.004944616,,,,,,,,,,,,,,,,,,,,,,,,,,,,,,,,
391.4863281,-0.003494642,391.4863281,-0.005627849,391.4863281,-0.00193774,391.4863281,-0.004060945,391.4863281,0.00486762,,,,,,,,,,,,,,,,,,,,,,,,,,,,,,,,
390.9833069,-0.003110372,390.9833069,-0.005212214,390.9833069,-0.001436416,390.9833069,-0.003400648,390.9833069,0.005097783,,,,,,,,,,,,,,,,,,,,,,,,,,,,,,,,
390.5189819,-0.003350356,390.5189819,-0.005374445,390.5189819,-0.00191202,390.5189819,-0.003953479,390.5189819,0.005143857,,,,,,,,,,,,,,,,,,,,,,,,,,,,,,,,
390.0158997,-0.003790101,390.0158997,-0.00566403,390.0158997,-0.001886607,390.0158997,-0.004236322,390.0158997,0.004880264,,,,,,,,,,,,,,,,,,,,,,,,,,,,,,,,
389.5127563,-0.003565919,389.5127563,-0.005527057,389.5127563,-0.001951501,389.5127563,-0.004283795,389.5127563,0.004570944,,,,,,,,,,,,,,,,,,,,,,,,,,,,,,,,
389.0095825,-0.003233413,389.0095825,-0.004975715,389.0095825,-0.001635292,389.0095825,-0.003718603,389.0095825,0.005306711,,,,,,,,,,,,,,,,,,,,,,,,,,,,,,,,
388.5063782,-0.003472455,388.5063782,-0.005285512,388.5063782,-0.001657624,388.5063782,-0.003649609,388.5063782,0.005035059,,,,,,,,,,,,,,,,,,,,,,,,,,,,,,,,
388.0031433,-0.00335539,388.0031433,-0.005550315,388.0031433,-0.001699604,388.0031433,-0.003922081,388.0031433,0.005039353,,,,,,,,,,,,,,,,,,,,,,,,,,,,,,,,
387.4998779,-0.003343317,387.4998779,-0.005301163,387.4998779,-0.001698831,387.4998779,-0.003794668,387.4998779,0.005256298,,,,,,,,,,,,,,,,,,,,,,,,,,,,,,,,
386.9965515,-0.003196514,386.9965515,-0.005360996,386.9965515,-0.001852378,386.9965515,-0.003846089,386.9965515,0.005451619,,,,,,,,,,,,,,,,,,,,,,,,,,,,,,,,
386.4931946,-0.003586253,386.4931946,-0.005808979,386.4931946,-0.002104547,386.4931946,-0.00412731,386.4931946,0.004957811,,,,,,,,,,,,,,,,,,,,,,,,,,,,,,,,
385.9897766,-0.00331059,385.9897766,-0.005446642,385.9897766,-0.001727864,385.9897766,-0.004125566,385.9897766,0.005067873,,,,,,,,,,,,,,,,,,,,,,,,,,,,,,,,
385.4863586,-0.003478875,385.4863586,-0.00524664,385.4863586,-0.001740446,385.4863586,-0.003817506,385.4863586,0.005289181,,,,,,,,,,,,,,,,,,,,,,,,,,,,,,,,
384.9828491,-0.003242765,384.9828491,-0.005257637,384.9828491,-0.001733742,384.9828491,-0.003628663,384.9828491,0.005351837,,,,,,,,,,,,,,,,,,,,,,,,,,,,,,,,
384.5180664,-0.00320006,384.5180664,-0.005075099,384.5180664,-0.001624719,384.5180664,-0.003720913,384.5180664,0.005304772,,,,,,,,,,,,,,,,,,,,,,,,,,,,,,,,
384.0145264,-0.00337671,384.0145264,-0.005624578,384.0145264,-0.001880679,384.0145264,-0.003792872,384.0145264,0.005244874,,,,,,,,,,,,,,,,,,,,,,,,,,,,,,,,
383.5108948,-0.003367052,383.5108948,-0.005480129,383.5108948,-0.001813765,383.5108948,-0.00381068,383.5108948,0.00533365,,,,,,,,,,,,,,,,,,,,,,,,,,,,,,,,
383.0072632,-0.00365654,383.0072632,-0.005662752,383.0072632,-0.002145711,383.0072632,-0.004266519,383.0072632,0.005167144,,,,,,,,,,,,,,,,,,,,,,,,,,,,,,,,
382.5036011,-0.004024426,382.5036011,-0.006017506,382.5036011,-0.002450686,382.5036011,-0.004456827,382.5036011,0.004926628,,,,,,,,,,,,,,,,,,,,,,,,,,,,,,,,
381.9998779,-0.003012543,381.9998779,-0.005034519,381.9998779,-0.001469955,381.9998779,-0.003351897,381.9998779,0.005720594,,,,,,,,,,,,,,,,,,,,,,,,,,,,,,,,
381.4961243,-0.003710852,381.4961243,-0.005595651,381.4961243,-0.002045293,381.4961243,-0.004293022,381.4961243,0.00512264,,,,,,,,,,,,,,,,,,,,,,,,,,,,,,,,
380.9923401,-0.003269794,380.9923401,-0.00552077,380.9923401,-0.002055444,380.9923401,-0.004092334,380.9923401,0.005506879,,,,,,,,,,,,,,,,,,,,,,,,,,,,,,,,
380.4885254,-0.003734772,380.4885254,-0.005689733,380.4885254,-0.002102126,380.4885254,-0.003917053,380.4885254,0.005249118,,,,,,,,,,,,,,,,,,,,,,,,,,,,,,,,
379.9846802,-0.003556728,379.9846802,-0.005696937,379.9846802,-0.001974693,379.9846802,-0.004158232,379.9846802,0.005413769,,,,,,,,,,,,,,,,,,,,,,,,,,,,,,,,
379.4807434,-0.003763772,379.4807434,-0.005662548,379.4807434,-0.001887174,379.4807434,-0.003664292,379.4807434,0.005639082,,,,,,,,,,,,,,,,,,,,,,,,,,,,,,,,
379.0155945,-0.003556368,379.0155945,-0.005674761,379.0155945,-0.001886401,379.0155945,-0.004163924,379.0155945,0.00517144,,,,,,,,,,,,,,,,,,,,,,,,,,,,,,,,
378.5115967,-0.003530282,378.5115967,-0.005442194,378.5115967,-0.001992164,378.5115967,-0.003732513,378.5115967,0.005191035,,,,,,,,,,,,,,,,,,,,,,,,,,,,,,,,
378.0075989,-0.003586715,378.0075989,-0.005751915,378.0075989,-0.002175332,378.0075989,-0.003892168,378.0075989,0.005363395,,,,,,,,,,,,,,,,,,,,,,,,,,,,,,,,
377.50354,-0.003881342,377.50354,-0.005943974,377.50354,-0.002383139,377.50354,-0.003990673,377.50354,0.00531777,,,,,,,,,,,,,,,,,,,,,,,,,,,,,,,,
376.9994202,-0.003392891,376.9994202,-0.005580063,376.9994202,-0.00207724,376.9994202,-0.004299277,376.9994202,0.005278412,,,,,,,,,,,,,,,,,,,,,,,,,,,,,,,,
376.4953003,-0.003620807,376.4953003,-0.005674556,376.4953003,-0.002014014,376.4953003,-0.004302096,376.4953003,0.005359411,,,,,,,,,,,,,,,,,,,,,,,,,,,,,,,,
375.9911194,-0.003204429,375.9911194,-0.005669037,375.9911194,-0.001927534,375.9911194,-0.003850708,375.9911194,0.005443939,,,,,,,,,,,,,,,,,,,,,,,,,,,,,,,,
375.486908,-0.003692629,375.486908,-0.006258031,375.486908,-0.002398224,375.486908,-0.004346845,375.486908,0.005399956,,,,,,,,,,,,,,,,,,,,,,,,,,,,,,,,
374.982666,-0.003769879,374.982666,-0.005837688,374.982666,-0.002041016,374.982666,-0.004125976,374.982666,0.006080188,,,,,,,,,,,,,,,,,,,,,,,,,,,,,,,,
374.5171509,-0.003761154,374.5171509,-0.005960417,374.5171509,-0.002080074,374.5171509,-0.004129874,374.5171509,0.005125862,,,,,,,,,,,,,,,,,,,,,,,,,,,,,,,,
374.0128479,-0.003966202,374.0128479,-0.005784612,374.0128479,-0.002234723,374.0128479,-0.004247704,374.0128479,0.005412275,,,,,,,,,,,,,,,,,,,,,,,,,,,,,,,,
373.5084839,-0.003268509,373.5084839,-0.005574593,373.5084839,-0.001732608,373.5084839,-0.003596368,373.5084839,0.006131617,,,,,,,,,,,,,,,,,,,,,,,,,,,,,,,,
373.0040894,-0.003882624,373.0040894,-0.00592564,373.0040894,-0.002383705,373.0040894,-0.004100232,373.0040894,0.005232062,,,,,,,,,,,,,,,,,,,,,,,,,,,,,,,,
372.4996338,-0.003807652,372.4996338,-0.005961694,372.4996338,-0.002465667,372.4996338,-0.004257445,372.4996338,0.005227713,,,,,,,,,,,,,,,,,,,,,,,,,,,,,,,,
371.9951477,-0.003302524,371.9951477,-0.005965932,371.9951477,-0.002237092,371.9951477,-0.004075204,371.9951477,0.005900905,,,,,,,,,,,,,,,,,,,,,,,,,,,,,,,,
371.4906616,-0.003823305,371.4906616,-0.00622537,371.4906616,-0.002267377,371.4906616,-0.003893246,371.4906616,0.005454423,,,,,,,,,,,,,,,,,,,,,,,,,,,,,,,,
370.9861145,-0.003554417,370.9861145,-0.005731478,370.9861145,-0.001804691,370.9861145,-0.003752377,370.9861145,0.00540491,,,,,,,,,,,,,,,,,,,,,,,,,,,,,,,,
370.4815063,-0.003865384,370.4815063,-0.005975839,370.4815063,-0.001960984,370.4815063,-0.004111463,370.4815063,0.005451567,,,,,,,,,,,,,,,,,,,,,,,,,,,,,,,,
370.0157166,-0.003441895,370.0157166,-0.005682681,370.0157166,-0.002136438,370.0157166,-0.003907869,370.0157166,0.005895185,,,,,,,,,,,,,,,,,,,,,,,,,,,,,,,,
369.5110474,-0.004322241,369.5110474,-0.005825632,369.5110474,-0.002801488,369.5110474,-0.00427303,369.5110474,0.005232298,,,,,,,,,,,,,,,,,,,,,,,,,,,,,,,,
369.0063477,-0.003715318,369.0063477,-0.006112925,369.0063477,-0.002392097,369.0063477,-0.003935318,369.0063477,0.005314311,,,,,,,,,,,,,,,,,,,,,,,,,,,,,,,,
368.5016479,-0.003741445,368.5016479,-0.006463741,368.5016479,-0.002407131,368.5016479,-0.004329673,368.5016479,0.00557683,,,,,,,,,,,,,,,,,,,,,,,,,,,,,,,,
367.9968872,-0.00442116,367.9968872,-0.006502351,367.9968872,-0.002961485,367.9968872,-0.004566371,367.9968872,0.00521891,,,,,,,,,,,,,,,,,,,,,,,,,,,,,,,,
367.4920349,-0.002920605,367.4920349,-0.00590281,367.4920349,-0.001667217,367.4920349,-0.003707002,367.4920349,0.006016718,,,,,,,,,,,,,,,,,,,,,,,,,,,,,,,,
366.9871826,-0.002988994,366.9871826,-0.005418982,366.9871826,-0.001904906,366.9871826,-0.003742317,366.9871826,0.006072996,,,,,,,,,,,,,,,,,,,,,,,,,,,,,,,,
366.4823303,-0.003636826,366.4823303,-0.006102358,366.4823303,-0.002417068,366.4823303,-0.004460107,366.4823303,0.005396365,,,,,,,,,,,,,,,,,,,,,,,,,,,,,,,,
366.0162354,-0.003601194,366.0162354,-0.006138806,366.0162354,-0.00215215,366.0162354,-0.00389458,366.0162354,0.005701054,,,,,,,,,,,,,,,,,,,,,,,,,,,,,,,,
365.5112915,-0.003558422,365.5112915,-0.006192349,365.5112915,-0.002158281,365.5112915,-0.004514113,365.5112915,0.005254752,,,,,,,,,,,,,,,,,,,,,,,,,,,,,,,,
365.0062561,-0.003648942,365.0062561,-0.006302222,365.0062561,-0.002646577,365.0062561,-0.004214942,365.0062561,0.00533255,,,,,,,,,,,,,,,,,,,,,,,,,,,,,,,,
364.5012512,-0.003832901,364.5012512,-0.006102307,364.5012512,-0.002357496,364.5012512,-0.00441829,364.5012512,0.005493011,,,,,,,,,,,,,,,,,,,,,,,,,,,,,,,,
363.9961853,-0.003812579,363.9961853,-0.006260685,363.9961853,-0.002226121,363.9961853,-0.004626512,363.9961853,0.00513943,,,,,,,,,,,,,,,,,,,,,,,,,,,,,,,,
363.4910889,-0.004118694,363.4910889,-0.006387479,363.4910889,-0.002331853,363.4910889,-0.004512679,363.4910889,0.004946448,,,,,,,,,,,,,,,,,,,,,,,,,,,,,,,,
362.9859314,-0.004214378,362.9859314,-0.006498118,362.9859314,-0.002522187,362.9859314,-0.004496487,362.9859314,0.004954355,,,,,,,,,,,,,,,,,,,,,,,,,,,,,,,,
362.4807739,-0.004283026,362.4807739,-0.006572678,362.4807739,-0.003052027,362.4807739,-0.004695555,362.4807739,0.004796501,,,,,,,,,,,,,,,,,,,,,,,,,,,,,,,,
362.0143738,-0.004111258,362.0143738,-0.006575993,362.0143738,-0.002884348,362.0143738,-0.004743848,362.0143738,0.005132908,,,,,,,,,,,,,,,,,,,,,,,,,,,,,,,,
361.5091248,-0.004084538,361.5091248,-0.006130179,361.5091248,-0.002686506,361.5091248,-0.004254984,361.5091248,0.005630664,,,,,,,,,,,,,,,,,,,,,,,,,,,,,,,,
361.0038452,-0.003785738,361.0038452,-0.006146412,361.0038452,-0.002544886,361.0038452,-0.004409681,361.0038452,0.005671732,,,,,,,,,,,,,,,,,,,,,,,,,,,,,,,,
360.4985046,-0.003883138,360.4985046,-0.006348347,360.4985046,-0.002655479,360.4985046,-0.004422134,360.4985046,0.005453532,,,,,,,,,,,,,,,,,,,,,,,,,,,,,,,,
359.9931641,-0.003991801,359.9931641,-0.006527393,359.9931641,-0.003060818,359.9931641,-0.004645003,359.9931641,0.005635358,,,,,,,,,,,,,,,,,,,,,,,,,,,,,,,,
359.4877625,-0.003680925,359.4877625,-0.006237363,359.4877625,-0.002537114,359.4877625,-0.004194433,359.4877625,0.005592772,,,,,,,,,,,,,,,,,,,,,,,,,,,,,,,,
358.9823608,-0.003875543,358.9823608,-0.006574004,358.9823608,-0.0024477,358.9823608,-0.004399943,358.9823608,0.00530755,,,,,,,,,,,,,,,,,,,,,,,,,,,,,,,,
358.5157776,-0.004276413,358.5157776,-0.006564366,358.5157776,-0.002670659,358.5157776,-0.004690536,358.5157776,0.005004629,,,,,,,,,,,,,,,,,,,,,,,,,,,,,,,,
358.0102539,-0.004182999,358.0102539,-0.006540551,358.0102539,-0.002820931,358.0102539,-0.004505096,358.0102539,0.005313236,,,,,,,,,,,,,,,,,,,,,,,,,,,,,,,,
357.5046997,-0.004222633,357.5046997,-0.006468791,357.5046997,-0.002762032,357.5046997,-0.004399994,357.5046997,0.005609423,,,,,,,,,,,,,,,,,,,,,,,,,,,,,,,,
356.9991455,-0.003560682,356.9991455,-0.006311509,356.9991455,-0.002404248,356.9991455,-0.004157514,356.9991455,0.006181607,,,,,,,,,,,,,,,,,,,,,,,,,,,,,,,,
356.4935303,-0.003980002,356.4935303,-0.006532901,356.4935303,-0.002408161,356.4935303,-0.004414652,356.4935303,0.005911926,,,,,,,,,,,,,,,,,,,,,,,,,,,,,,,,
355.987854,-0.003420065,355.987854,-0.006410384,355.987854,-0.002238843,355.987854,-0.004033761,355.987854,0.006133927,,,,,,,,,,,,,,,,,,,,,,,,,,,,,,,,
355.4821777,-0.00409059,355.4821777,-0.006848572,355.4821777,-0.002667726,355.4821777,-0.004620006,355.4821777,0.005715191,,,,,,,,,,,,,,,,,,,,,,,,,,,,,,,,
355.0153503,-0.004235194,355.0153503,-0.006489906,355.0153503,-0.002665719,355.0153503,-0.004458672,355.0153503,0.005743755,,,,,,,,,,,,,,,,,,,,,,,,,,,,,,,,
354.5095825,-0.003718141,354.5095825,-0.006347684,354.5095825,-0.00226099,354.5095825,-0.004241193,354.5095825,0.005881593,,,,,,,,,,,,,,,,,,,,,,,,,,,,,,,,
354.0038147,-0.003704333,354.0038147,-0.00659537,354.0038147,-0.00254715,354.0038147,-0.004116387,354.0038147,0.006295709,,,,,,,,,,,,,,,,,,,,,,,,,,,,,,,,
353.4980164,-0.004218685,353.4980164,-0.00663713,353.4980164,-0.003094078,353.4980164,-0.00445201,353.4980164,0.005717473,,,,,,,,,,,,,,,,,,,,,,,,,,,,,,,,
352.9921265,-0.004071922,352.9921265,-0.006871351,352.9921265,-0.002750972,352.9921265,-0.004400302,352.9921265,0.005916099,,,,,,,,,,,,,,,,,,,,,,,,,,,,,,,,
352.4862366,-0.003709569,352.4862366,-0.006693467,352.4862366,-0.00284634,352.4862366,-0.004386259,352.4862366,0.006268422,,,,,,,,,,,,,,,,,,,,,,,,,,,,,,,,
352.0191956,-0.003774088,352.0191956,-0.006331816,352.0191956,-0.002555591,352.0191956,-0.004256471,352.0191956,0.006419719,,,,,,,,,,,,,,,,,,,,,,,,,,,,,,,,
351.5132446,-0.004001291,351.5132446,-0.006451295,351.5132446,-0.003218921,351.5132446,-0.004542549,351.5132446,0.005813246,,,,,,,,,,,,,,,,,,,,,,,,,,,,,,,,
351.0072632,-0.004178589,351.0072632,-0.006409109,351.0072632,-0.002772372,351.0072632,-0.004462976,351.0072632,0.006048741,,,,,,,,,,,,,,,,,,,,,,,,,,,,,,,,
350.5012207,-0.004030529,350.5012207,-0.006622701,350.5012207,-0.003017067,350.5012207,-0.004602539,350.5012207,0.005974541,,,,,,,,,,,,,,,,,,,,,,,,,,,,,,,,
349.9951477,-0.003546406,349.9951477,-0.00615172,349.9951477,-0.00258714,349.9951477,-0.004251805,349.9951477,0.006243473,,,,,,,,,,,,,,,,,,,,,,,,,,,,,,,,
349.4890137,-0.003842549,349.4890137,-0.006886843,349.4890137,-0.002671688,349.4890137,-0.004242577,349.4890137,0.006091975,,,,,,,,,,,,,,,,,,,,,,,,,,,,,,,,
348.9829102,-0.004062227,348.9829102,-0.00667231,348.9829102,-0.002886045,348.9829102,-0.004658372,348.9829102,0.005869523,,,,,,,,,,,,,,,,,,,,,,,,,,,,,,,,
348.515625,-0.003738621,348.515625,-0.006418444,348.515625,-0.002606902,348.515625,-0.004303736,348.515625,0.006037585,,,,,,,,,,,,,,,,,,,,,,,,,,,,,,,,
348.0093994,-0.003639958,348.0093994,-0.006749847,348.0093994,-0.002472102,348.0093994,-0.004260879,348.0093994,0.006412232,,,,,,,,,,,,,,,,,,,,,,,,,,,,,,,,
347.5031433,-0.003812733,347.5031433,-0.006821765,347.5031433,-0.002633353,347.5031433,-0.004388975,347.5031433,0.006116101,,,,,,,,,,,,,,,,,,,,,,,,,,,,,,,,
346.9968872,-0.004192946,346.9968872,-0.006414771,346.9968872,-0.002658927,346.9968872,-0.004566013,346.9968872,0.006226772,,,,,,,,,,,,,,,,,,,,,,,,,,,,,,,,
346.4905396,-0.003816069,346.4905396,-0.006470525,346.4905396,-0.00267246,346.4905396,-0.004525949,346.4905396,0.006271836,,,,,,,,,,,,,,,,,,,,,,,,,,,,,,,,
345.9841919,-0.003847578,345.9841919,-0.006546773,345.9841919,-0.002381336,345.9841919,-0.004230221,345.9841919,0.006024356,,,,,,,,,,,,,,,,,,,,,,,,,,,,,,,,
345.5167542,-0.004041916,345.5167542,-0.006905646,345.5167542,-0.002882497,345.5167542,-0.004476606,345.5167542,0.006064674,,,,,,,,,,,,,,,,,,,,,,,,,,,,,,,,
345.010376,-0.004169718,345.010376,-0.006631573,345.010376,-0.003032131,345.010376,-0.004403633,345.010376,0.005938509,,,,,,,,,,,,,,,,,,,,,,,,,,,,,,,,
344.5038757,-0.003677691,344.5038757,-0.006794753,344.5038757,-0.002867222,344.5038757,-0.004616677,344.5038757,0.006277588,,,,,,,,,,,,,,,,,,,,,,,,,,,,,,,,
343.997406,-0.00375792,343.997406,-0.006623415,343.997406,-0.002696025,343.997406,-0.004322959,343.997406,0.006368335,,,,,,,,,,,,,,,,,,,,,,,,,,,,,,,,
343.4908752,-0.003869232,343.4908752,-0.006512399,343.4908752,-0.002673077,343.4908752,-0.004367654,343.4908752,0.00633403,,,,,,,,,,,,,,,,,,,,,,,,,,,,,,,,
342.9842834,-0.003488325,342.9842834,-0.006792408,342.9842834,-0.00263186,342.9842834,-0.004522926,342.9842834,0.006280739,,,,,,,,,,,,,,,,,,,,,,,,,,,,,,,,
342.5166626,-0.003705411,342.5166626,-0.006863045,342.5166626,-0.002619561,342.5166626,-0.004535888,342.5166626,0.006464383,,,,,,,,,,,,,,,,,,,,,,,,,,,,,,,,
342.0100403,-0.003094129,342.0100403,-0.006324622,342.0100403,-0.002300903,342.0100403,-0.003970563,342.0100403,0.006624159,,,,,,,,,,,,,,,,,,,,,,,,,,,,,,,,
341.5033569,-0.003300931,341.5033569,-0.006418597,341.5033569,-0.002463299,341.5033569,-0.004018321,341.5033569,0.006721946,,,,,,,,,,,,,,,,,,,,,,,,,,,,,,,,
340.9966736,-0.003272054,340.9966736,-0.006651203,340.9966736,-0.002208969,340.9966736,-0.004313271,340.9966736,0.006680805,,,,,,,,,,,,,,,,,,,,,,,,,,,,,,,,
340.4899292,-0.002910217,340.4899292,-0.006291047,340.4899292,-0.001916555,340.4899292,-0.003924646,340.4899292,0.006766378,,,,,,,,,,,,,,,,,,,,,,,,,,,,,,,,
339.9831543,-0.002862388,339.9831543,-0.006077956,339.9831543,-0.002053229,339.9831543,-0.00404089,339.9831543,0.006755177,,,,,,,,,,,,,,,,,,,,,,,,,,,,,,,,
339.5153503,-0.002385301,339.5153503,-0.005535031,339.5153503,-0.001719458,339.5153503,-0.003650636,339.5153503,0.007033355,,,,,,,,,,,,,,,,,,,,,,,,,,,,,,,,
339.0085144,-0.001856039,339.0085144,-0.005183055,339.0085144,-0.001604035,339.0085144,-0.003927622,339.0085144,0.007200394,,,,,,,,,,,,,,,,,,,,,,,,,,,,,,,,
338.5016479,-0.00208739,338.5016479,-0.005506456,338.5016479,-0.001821704,338.5016479,-0.003825922,338.5016479,0.007267669,,,,,,,,,,,,,,,,,,,,,,,,,,,,,,,,
337.994751,-0.001300271,337.994751,-0.004845181,337.994751,-0.001146373,337.994751,-0.003394484,337.994751,0.007717944,,,,,,,,,,,,,,,,,,,,,,,,,,,,,,,,
337.4878235,-0.001116114,337.4878235,-0.004669537,337.4878235,-0.00133475,337.4878235,-0.003599808,337.4878235,0.007087527,,,,,,,,,,,,,,,,,,,,,,,,,,,,,,,,
336.980835,-0.000693139,336.980835,-0.004389488,336.980835,-0.001183755,336.980835,-0.003515081,336.980835,0.007396671,,,,,,,,,,,,,,,,,,,,,,,,,,,,,,,,
336.5128174,-0.000684196,336.5128174,-0.003973333,336.5128174,-0.00072994,336.5128174,-0.003456071,336.5128174,0.007396196,,,,,,,,,,,,,,,,,,,,,,,,,,,,,,,,
336.0057678,3.26E-05,336.0057678,-0.00329939,336.0057678,-0.000427943,336.0057678,-0.002993725,336.0057678,0.007872594,,,,,,,,,,,,,,,,,,,,,,,,,,,,,,,,
335.4987183,0.000636147,335.4987183,-0.003011566,335.4987183,-0.000184683,335.4987183,-0.002827258,335.4987183,0.007691094,,,,,,,,,,,,,,,,,,,,,,,,,,,,,,,,
334.9916077,0.001778222,334.9916077,-0.001939698,334.9916077,0.001120676,334.9916077,-0.002129895,334.9916077,0.008231495,,,,,,,,,,,,,,,,,,,,,,,,,,,,,,,,
334.484436,0.002750195,334.484436,-0.001081617,334.484436,0.001254406,334.484436,-0.002061164,334.484436,0.008020548,,,,,,,,,,,,,,,,,,,,,,,,,,,,,,,,
334.0162964,0.004429207,334.0162964,0.000141697,334.0162964,0.002223176,334.0162964,-0.001422535,334.0162964,0.008806882,,,,,,,,,,,,,,,,,,,,,,,,,,,,,,,,
333.5090637,0.005114651,333.5090637,0.000615901,333.5090637,0.002652204,333.5090637,-0.001294438,333.5090637,0.00867593,,,,,,,,,,,,,,,,,,,,,,,,,,,,,,,,
333.0018311,0.006775265,333.0018311,0.001951131,333.0018311,0.003477062,333.0018311,-0.000389254,333.0018311,0.009648924,,,,,,,,,,,,,,,,,,,,,,,,,,,,,,,,
332.4945679,0.007968474,332.4945679,0.002914552,332.4945679,0.004437314,332.4945679,-0.00020383,332.4945679,0.009610865,,,,,,,,,,,,,,,,,,,,,,,,,,,,,,,,
331.9872742,0.009779905,331.9872742,0.004388701,331.9872742,0.005178225,331.9872742,0.00058832,331.9872742,0.010011204,,,,,,,,,,,,,,,,,,,,,,,,,,,,,,,,
331.5189514,0.011594217,331.5189514,0.006279636,331.5189514,0.006809868,331.5189514,0.001440975,331.5189514,0.010703133,,,,,,,,,,,,,,,,,,,,,,,,,,,,,,,,
331.0115662,0.014303236,331.0115662,0.008377592,331.0115662,0.008148771,331.0115662,0.002578765,331.0115662,0.011299554,,,,,,,,,,,,,,,,,,,,,,,,,,,,,,,,
330.5041504,0.016439764,330.5041504,0.010197253,330.5041504,0.00953526,330.5041504,0.003047323,330.5041504,0.011610648,,,,,,,,,,,,,,,,,,,,,,,,,,,,,,,,
329.9967041,0.020170283,329.9967041,0.013198659,329.9967041,0.011984334,329.9967041,0.004781896,329.9967041,0.012929733,,,,,,,,,,,,,,,,,,,,,,,,,,,,,,,,
329.4892273,0.022814753,329.4892273,0.015768517,329.4892273,0.01359874,329.4892273,0.005629562,329.4892273,0.013136621,,,,,,,,,,,,,,,,,,,,,,,,,,,,,,,,
328.98172,0.027273152,328.98172,0.019206274,328.98172,0.016379438,328.98172,0.00781769,328.98172,0.014499753,,,,,,,,,,,,,,,,,,,,,,,,,,,,,,,,
328.5132446,0.029387243,328.5132446,0.022068245,328.5132446,0.017843014,328.5132446,0.008383821,328.5132446,0.014963111,,,,,,,,,,,,,,,,,,,,,,,,,,,,,,,,
328.0056458,0.033426978,328.0056458,0.025094971,328.0056458,0.019866548,328.0056458,0.009494117,328.0056458,0.015636146,,,,,,,,,,,,,,,,,,,,,,,,,,,,,,,,
327.4980469,0.03822846,327.4980469,0.029355835,327.4980469,0.023151601,327.4980469,0.011327213,327.4980469,0.016873548,,,,,,,,,,,,,,,,,,,,,,,,,,,,,,,,
326.9904175,0.041178226,326.9904175,0.032246392,326.9904175,0.025167217,326.9904175,0.013172909,326.9904175,0.017982263,,,,,,,,,,,,,,,,,,,,,,,,,,,,,,,,
326.4827271,0.045431316,326.4827271,0.035216864,326.4827271,0.027527474,326.4827271,0.014692742,326.4827271,0.018572832,,,,,,,,,,,,,,,,,,,,,,,,,,,,,,,,
326.0140686,0.049432419,326.0140686,0.038506534,326.0140686,0.029821435,326.0140686,0.015900793,326.0140686,0.019483259,,,,,,,,,,,,,,,,,,,,,,,,,,,,,,,,
325.5063477,0.054391928,325.5063477,0.043262858,325.5063477,0.032438509,325.5063477,0.018270833,325.5063477,0.020876674,,,,,,,,,,,,,,,,,,,,,,,,,,,,,,,,
324.9985657,0.058437146,324.9985657,0.047815677,324.9985657,0.036226992,324.9985657,0.020181781,324.9985657,0.021894628,,,,,,,,,,,,,,,,,,,,,,,,,,,,,,,,
324.4907532,0.062311552,324.4907532,0.05006377,324.4907532,0.037699323,324.4907532,0.021101188,324.4907532,0.022260923,,,,,,,,,,,,,,,,,,,,,,,,,,,,,,,,
323.9829407,0.066480048,323.9829407,0.053382639,323.9829407,0.040128164,323.9829407,0.022689601,323.9829407,0.023353828,,,,,,,,,,,,,,,,,,,,,,,,,,,,,,,,
323.5141296,0.069146037,323.5141296,0.055999752,323.5141296,0.042122092,323.5141296,0.023783449,323.5141296,0.024524642,,,,,,,,,,,,,,,,,,,,,,,,,,,,,,,,
323.0062561,0.072680764,323.0062561,0.059010029,323.0062561,0.044244632,323.0062561,0.025436146,323.0062561,0.025177367,,,,,,,,,,,,,,,,,,,,,,,,,,,,,,,,
322.4983215,0.076465838,322.4983215,0.062108926,322.4983215,0.046592783,322.4983215,0.026762808,322.4983215,0.026209421,,,,,,,,,,,,,,,,,,,,,,,,,,,,,,,,
321.9903259,0.079311617,321.9903259,0.064987555,321.9903259,0.048594009,321.9903259,0.02800056,321.9903259,0.027181596,,,,,,,,,,,,,,,,,,,,,,,,,,,,,,,,
321.4823303,0.082518078,321.4823303,0.067852199,321.4823303,0.050316598,321.4823303,0.029129587,321.4823303,0.027605779,,,,,,,,,,,,,,,,,,,,,,,,,,,,,,,,
321.0133972,0.085195944,321.0133972,0.069813989,321.0133972,0.052112207,321.0133972,0.030167149,321.0133972,0.028335184,,,,,,,,,,,,,,,,,,,,,,,,,,,,,,,,
320.5053101,0.087540358,320.5053101,0.072449721,320.5053101,0.053945955,320.5053101,0.031608913,320.5053101,0.028675208,,,,,,,,,,,,,,,,,,,,,,,,,,,,,,,,
319.9972229,0.090168186,319.9972229,0.074387275,319.9972229,0.055254314,319.9972229,0.032103941,319.9972229,0.029119734,,,,,,,,,,,,,,,,,,,,,,,,,,,,,,,,
319.4890747,0.092198521,319.4890747,0.075647727,319.4890747,0.055987738,319.4890747,0.032651387,319.4890747,0.029821962,,,,,,,,,,,,,,,,,,,,,,,,,,,,,,,,
318.9809265,0.09558218,318.9809265,0.078471608,318.9809265,0.058088105,318.9809265,0.034350738,318.9809265,0.030729327,,,,,,,,,,,,,,,,,,,,,,,,,,,,,,,,
318.5118408,0.096923724,318.5118408,0.079465702,318.5118408,0.059113294,318.5118408,0.034618828,318.5118408,0.030918909,,,,,,,,,,,,,,,,,,,,,,,,,,,,,,,,
318.0036316,0.098808356,318.0036316,0.081210375,318.0036316,0.06043195,318.0036316,0.035473187,318.0036316,0.031545773,,,,,,,,,,,,,,,,,,,,,,,,,,,,,,,,
317.4953918,0.100722902,317.4953918,0.083554842,317.4953918,0.061986376,317.4953918,0.036539238,317.4953918,0.032035857,,,,,,,,,,,,,,,,,,,,,,,,,,,,,,,,
316.9870911,0.102986075,316.9870911,0.085235633,316.9870911,0.06329295,316.9870911,0.037307281,316.9870911,0.032693416,,,,,,,,,,,,,,,,,,,,,,,,,,,,,,,,
316.5178528,0.105072394,316.5178528,0.087073401,316.5178528,0.06448292,316.5178528,0.037983362,316.5178528,0.033016372,,,,,,,,,,,,,,,,,,,,,,,,,,,,,,,,
316.0095215,0.107481286,316.0095215,0.0891909,316.0095215,0.066338435,316.0095215,0.039182615,316.0095215,0.033567429,,,,,,,,,,,,,,,,,,,,,,,,,,,,,,,,
315.5011292,0.109583303,315.5011292,0.090924673,315.5011292,0.067018092,315.5011292,0.039740734,315.5011292,0.033957705,,,,,,,,,,,,,,,,,,,,,,,,,,,,,,,,
314.9927368,0.111313365,314.9927368,0.092239752,314.9927368,0.067823082,314.9927368,0.0402756,314.9927368,0.034661215,,,,,,,,,,,,,,,,,,,,,,,,,,,,,,,,
314.4842834,0.113373958,314.4842834,0.093994439,314.4842834,0.069275782,314.4842834,0.041301534,314.4842834,0.035319455,,,,,,,,,,,,,,,,,,,,,,,,,,,,,,,,
314.0149231,0.115688935,314.0149231,0.095935203,314.0149231,0.071359344,314.0149231,0.042216226,314.0149231,0.035687614,,,,,,,,,,,,,,,,,,,,,,,,,,,,,,,,
313.5064392,0.117802493,313.5064392,0.097883761,313.5064392,0.072169766,313.5064392,0.043223426,313.5064392,0.036499061,,,,,,,,,,,,,,,,,,,,,,,,,,,,,,,,
312.9978638,0.119653091,312.9978638,0.099810682,312.9978638,0.073651031,312.9978638,0.043619558,312.9978638,0.036874365,,,,,,,,,,,,,,,,,,,,,,,,,,,,,,,,
312.4892883,0.121619478,312.4892883,0.101320975,312.4892883,0.074750625,312.4892883,0.044569295,312.4892883,0.037033893,,,,,,,,,,,,,,,,,,,,,,,,,,,,,,,,
311.9807129,0.12324407,311.9807129,0.102872551,311.9807129,0.075769141,311.9807129,0.045054808,311.9807129,0.037502836,,,,,,,,,,,,,,,,,,,,,,,,,,,,,,,,
311.5111694,0.12522237,311.5111694,0.104211479,311.5111694,0.076905116,311.5111694,0.046063323,311.5111694,0.038141686,,,,,,,,,,,,,,,,,,,,,,,,,,,,,,,,
311.002533,0.126519278,311.002533,0.105026864,311.002533,0.077850595,311.002533,0.046378344,311.002533,0.038302414,,,,,,,,,,,,,,,,,,,,,,,,,,,,,,,,
310.4938354,0.128204778,310.4938354,0.107037805,310.4938354,0.078716084,310.4938354,0.047179848,310.4938354,0.038678631,,,,,,,,,,,,,,,,,,,,,,,,,,,,,,,,
309.9850769,0.129181922,309.9850769,0.108058266,309.9850769,0.079385482,309.9850769,0.047259931,309.9850769,0.039133634,,,,,,,,,,,,,,,,,,,,,,,,,,,,,,,,
309.5155029,0.130111337,309.5155029,0.108557232,309.5155029,0.07992813,309.5155029,0.047815993,309.5155029,0.038989898,,,,,,,,,,,,,,,,,,,,,,,,,,,,,,,,
309.0066833,0.131238923,309.0066833,0.109619491,309.0066833,0.080440737,309.0066833,0.047929842,309.0066833,0.039336134,,,,,,,,,,,,,,,,,,,,,,,,,,,,,,,,
308.4978943,0.131885886,308.4978943,0.110014223,308.4978943,0.081184566,308.4978943,0.048465431,308.4978943,0.039764363,,,,,,,,,,,,,,,,,,,,,,,,,,,,,,,,
307.9890442,0.132360488,307.9890442,0.110437222,307.9890442,0.081222951,307.9890442,0.048799783,307.9890442,0.039987735,,,,,,,,,,,,,,,,,,,,,,,,,,,,,,,,
307.5192871,0.132298693,307.5192871,0.110611379,307.5192871,0.081654325,307.5192871,0.048940398,307.5192871,0.040083367,,,,,,,,,,,,,,,,,,,,,,,,,,,,,,,,
307.0104065,0.132710874,307.0104065,0.110776074,307.0104065,0.081487156,307.0104065,0.048783418,307.0104065,0.039997045,,,,,,,,,,,,,,,,,,,,,,,,,,,,,,,,
306.5014343,0.132425442,306.5014343,0.110542886,306.5014343,0.081344813,306.5014343,0.048850648,306.5014343,0.03989584,,,,,,,,,,,,,,,,,,,,,,,,,,,,,,,,
305.9924622,0.132397279,305.9924622,0.110623702,305.9924622,0.081428014,305.9924622,0.049009129,305.9924622,0.040147103,,,,,,,,,,,,,,,,,,,,,,,,,,,,,,,,
305.4834595,0.131324098,305.4834595,0.110084064,305.4834595,0.081132144,305.4834595,0.048513535,305.4834595,0.039920017,,,,,,,,,,,,,,,,,,,,,,,,,,,,,,,,
305.0135803,0.130618691,305.0135803,0.109269887,305.0135803,0.080893099,305.0135803,0.048294589,305.0135803,0.039580636,,,,,,,,,,,,,,,,,,,,,,,,,,,,,,,,
304.5045471,0.130355939,304.5045471,0.109048657,304.5045471,0.080389708,304.5045471,0.048069451,304.5045471,0.039851803,,,,,,,,,,,,,,,,,,,,,,,,,,,,,,,,
303.9954529,0.129210085,303.9954529,0.108069487,303.9954529,0.079911105,303.9954529,0.047622155,303.9954529,0.039351437,,,,,,,,,,,,,,,,,,,,,,,,,,,,,,,,
303.4862976,0.128594369,303.4862976,0.107500486,303.4862976,0.079483047,303.4862976,0.047482774,303.4862976,0.039262965,,,,,,,,,,,,,,,,,,,,,,,,,,,,,,,,
303.0163269,0.128066674,303.0163269,0.106880508,303.0163269,0.078885324,303.0163269,0.047137458,303.0163269,0.038868718,,,,,,,,,,,,,,,,,,,,,,,,,,,,,,,,
302.5071411,0.126393378,302.5071411,0.105594151,302.5071411,0.078189857,302.5071411,0.046532787,302.5071411,0.038726371,,,,,,,,,,,,,,,,,,,,,,,,,,,,,,,,
301.9979248,0.126090527,301.9979248,0.105156116,301.9979248,0.077576399,301.9979248,0.046408907,301.9979248,0.038583733,,,,,,,,,,,,,,,,,,,,,,,,,,,,,,,,
301.488678,0.124758922,301.488678,0.103852682,301.488678,0.076732352,301.488678,0.045966048,301.488678,0.038292546,,,,,,,,,,,,,,,,,,,,,,,,,,,,,,,,
301.0185547,0.123652451,301.0185547,0.103131332,301.0185547,0.076203957,301.0185547,0.04556872,301.0185547,0.038087342,,,,,,,,,,,,,,,,,,,,,,,,,,,,,,,,
300.5093079,0.122568712,300.5093079,0.102373615,300.5093079,0.075818799,300.5093079,0.04530818,300.5093079,0.038048062,,,,,,,,,,,,,,,,,,,,,,,,,,,,,,,,
299.9999695,0.120996341,299.9999695,0.100669049,299.9999695,0.074835561,299.9999695,0.044454347,299.9999695,0.037430935,,,,,,,,,,,,,,,,,,,,,,,,,,,,,,,,
299.4905396,0.11989405,299.4905396,0.099725798,299.4905396,0.073831007,299.4905396,0.04409017,299.4905396,0.037195846,,,,,,,,,,,,,,,,,,,,,,,,,,,,,,,,
298.9811707,0.117823951,298.9811707,0.098134808,298.9811707,0.072841451,298.9811707,0.043326579,298.9811707,0.036907028,,,,,,,,,,,,,,,,,,,,,,,,,,,,,,,,
298.5109253,0.11719653,298.5109253,0.097517781,298.5109253,0.072426081,298.5109253,0.04329798,298.5109253,0.036758419,,,,,,,,,,,,,,,,,,,,,,,,,,,,,,,,
298.0014954,0.115305178,298.0014954,0.09610182,298.0014954,0.071501412,298.0014954,0.042302247,298.0014954,0.035986286,,,,,,,,,,,,,,,,,,,,,,,,,,,,,,,,
297.4920044,0.113490291,297.4920044,0.094548099,297.4920044,0.070061736,297.4920044,0.041577369,297.4920044,0.035578001,,,,,,,,,,,,,,,,,,,,,,,,,,,,,,,,
296.9824524,0.112653241,296.9824524,0.093677551,296.9824524,0.069333203,296.9824524,0.041215595,296.9824524,0.03560368,,,,,,,,,,,,,,,,,,,,,,,,,,,,,,,,
296.512146,0.110833973,296.512146,0.092030704,296.512146,0.068347469,296.512146,0.0401753,296.512146,0.035194069,,,,,,,,,,,,,,,,,,,,,,,,,,,,,,,,
296.002533,0.108634882,296.002533,0.090584017,296.002533,0.067313418,296.002533,0.040024064,296.002533,0.034684937,,,,,,,,,,,,,,,,,,,,,,,,,,,,,,,,
295.4929504,0.106878094,295.4929504,0.088501848,295.4929504,0.066103414,295.4929504,0.03918134,295.4929504,0.034170967,,,,,,,,,,,,,,,,,,,,,,,,,,,,,,,,
294.9833069,0.104662493,294.9833069,0.086801633,294.9833069,0.064790048,294.9833069,0.038207289,294.9833069,0.033774428,,,,,,,,,,,,,,,,,,,,,,,,,,,,,,,,
294.5128479,0.103760369,294.5128479,0.085979968,294.5128479,0.063462578,294.5128479,0.037232734,294.5128479,0.033614386,,,,,,,,,,,,,,,,,,,,,,,,,,,,,,,,
294.0031738,0.100570686,294.0031738,0.083467841,294.0031738,0.06210776,294.0031738,0.036743406,294.0031738,0.032971434,,,,,,,,,,,,,,,,,,,,,,,,,,,,,,,,
293.4934692,0.099151455,293.4934692,0.081909388,293.4934692,0.061263923,293.4934692,0.036094569,293.4934692,0.032842733,,,,,,,,,,,,,,,,,,,,,,,,,,,,,,,,
292.9836731,0.096937381,292.9836731,0.080072999,292.9836731,0.060108919,292.9836731,0.035058875,292.9836731,0.032182243,,,,,,,,,,,,,,,,,,,,,,,,,,,,,,,,
292.5131531,0.094293647,292.5131531,0.078013018,292.5131531,0.058280487,292.5131531,0.034050923,292.5131531,0.031203439,,,,,,,,,,,,,,,,,,,,,,,,,,,,,,,,
292.0032959,0.092509724,292.0032959,0.076669961,292.0032959,0.057471402,292.0032959,0.033477053,292.0032959,0.031226082,,,,,,,,,,,,,,,,,,,,,,,,,,,,,,,,
291.4934692,0.090252467,291.4934692,0.074413456,291.4934692,0.05620506,291.4934692,0.032469165,291.4934692,0.030488729,,,,,,,,,,,,,,,,,,,,,,,,,,,,,,,,
290.9836121,0.088362038,290.9836121,0.072864011,290.9836121,0.054746524,290.9836121,0.031960368,290.9836121,0.030474372,,,,,,,,,,,,,,,,,,,,,,,,,,,,,,,,
290.5129395,0.087224819,290.5129395,0.071724564,290.5129395,0.053815402,290.5129395,0.031376008,290.5129395,0.030292865,,,,,,,,,,,,,,,,,,,,,,,,,,,,,,,,
290.0030212,0.084315255,290.0030212,0.069546185,290.0030212,0.052472483,290.0030212,0.030479038,290.0030212,0.029844282,,,,,,,,,,,,,,,,,,,,,,,,,,,,,,,,
289.493042,0.082420334,289.493042,0.067980833,289.493042,0.05163921,289.493042,0.029749438,289.493042,0.029529968,,,,,,,,,,,,,,,,,,,,,,,,,,,,,,,,
288.9830627,0.079435147,288.9830627,0.065916158,288.9830627,0.049940534,288.9830627,0.028627371,288.9830627,0.028709775,,,,,,,,,,,,,,,,,,,,,,,,,,,,,,,,
288.5122681,0.07815592,288.5122681,0.064690657,288.5122681,0.049112074,288.5122681,0.028066967,288.5122681,0.028691413,,,,,,,,,,,,,,,,,,,,,,,,,,,,,,,,
288.0022278,0.07556276,288.0022278,0.062620379,288.0022278,0.047916688,288.0022278,0.027205406,288.0022278,0.027946863,,,,,,,,,,,,,,,,,,,,,,,,,,,,,,,,
287.4921875,0.073583685,287.4921875,0.061121672,287.4921875,0.046476778,287.4921875,0.02637366,287.4921875,0.027468815,,,,,,,,,,,,,,,,,,,,,,,,,,,,,,,,
286.9820862,0.072196297,286.9820862,0.058859803,286.9820862,0.045429882,286.9820862,0.02587102,286.9820862,0.027137972,,,,,,,,,,,,,,,,,,,,,,,,,,,,,,,,
286.5112,0.070659608,286.5112,0.057525747,286.5112,0.044529367,286.5112,0.025328949,286.5112,0.026635244,,,,,,,,,,,,,,,,,,,,,,,,,,,,,,,,
286.0010681,0.068344072,286.0010681,0.056164816,286.0010681,0.043116581,286.0010681,0.024763931,286.0010681,0.026488077,,,,,,,,,,,,,,,,,,,,,,,,,,,,,,,,
285.4908447,0.066309094,285.4908447,0.054446679,285.4908447,0.042006105,285.4908447,0.024098968,285.4908447,0.025810469,,,,,,,,,,,,,,,,,,,,,,,,,,,,,,,,
284.9806213,0.064699635,284.9806213,0.052736744,284.9806213,0.040472582,284.9806213,0.023102075,284.9806213,0.025563246,,,,,,,,,,,,,,,,,,,,,,,,,,,,,,,,
284.509613,0.063252434,284.509613,0.051218659,284.509613,0.040170245,284.509613,0.022482391,284.509613,0.025104901,,,,,,,,,,,,,,,,,,,,,,,,,,,,,,,,
283.9993591,0.061079867,283.9993591,0.049195558,283.9993591,0.038621221,283.9993591,0.021912867,283.9993591,0.024824556,,,,,,,,,,,,,,,,,,,,,,,,,,,,,,,,
283.4890747,0.059000093,283.4890747,0.047357898,283.4890747,0.037479553,283.4890747,0.021020569,283.4890747,0.024210349,,,,,,,,,,,,,,,,,,,,,,,,,,,,,,,,
283.0180054,0.056967124,283.0180054,0.046483923,283.0180054,0.036686391,283.0180054,0.020481503,283.0180054,0.023533579,,,,,,,,,,,,,,,,,,,,,,,,,,,,,,,,
282.5076599,0.055866197,282.5076599,0.044446491,282.5076599,0.035066001,282.5076599,0.019294839,282.5076599,0.023260472,,,,,,,,,,,,,,,,,,,,,,,,,,,,,,,,
281.9972839,0.054457624,281.9972839,0.043466121,281.9972839,0.03448521,281.9972839,0.019023575,281.9972839,0.023194551,,,,,,,,,,,,,,,,,,,,,,,,,,,,,,,,
281.4868774,0.052481189,281.4868774,0.041596796,281.4868774,0.033444032,281.4868774,0.018468451,281.4868774,0.022738369,,,,,,,,,,,,,,,,,,,,,,,,,,,,,,,,
281.0157166,0.051112041,281.0157166,0.040850542,281.0157166,0.032756109,281.0157166,0.017977515,281.0157166,0.022688236,,,,,,,,,,,,,,,,,,,,,,,,,,,,,,,,
280.5052185,0.049628027,280.5052185,0.039449167,280.5052185,0.031695224,280.5052185,0.017525027,280.5052185,0.02240585,,,,,,,,,,,,,,,,,,,,,,,,,,,,,,,,
279.9947205,0.04793594,279.9947205,0.03891727,279.9947205,0.031163834,279.9947205,0.017212013,279.9947205,0.022211118,,,,,,,,,,,,,,,,,,,,,,,,,,,,,,,,
279.4842224,0.046442755,279.4842224,0.036980841,279.4842224,0.029982386,279.4842224,0.016573912,279.4842224,0.021671336,,,,,,,,,,,,,,,,,,,,,,,,,,,,,,,,
279.0129395,0.044547096,279.0129395,0.035520069,279.0129395,0.028916685,279.0129395,0.015869243,279.0129395,0.021341724,,,,,,,,,,,,,,,,,,,,,,,,,,,,,,,,
278.5023499,0.043088134,278.5023499,0.034362283,278.5023499,0.028346816,278.5023499,0.015171131,278.5023499,0.021075048,,,,,,,,,,,,,,,,,,,,,,,,,,,,,,,,
277.9917297,0.041867688,277.9917297,0.033155236,277.9917297,0.027159743,277.9917297,0.014784597,277.9917297,0.020593995,,,,,,,,,,,,,,,,,,,,,,,,,,,,,,,,
277.4811096,0.040535465,277.4811096,0.03207111,277.4811096,0.026332183,277.4811096,0.014172622,277.4811096,0.020284893,,,,,,,,,,,,,,,,,,,,,,,,,,,,,,,,
277.0097046,0.039169043,277.0097046,0.030630594,277.0097046,0.025672944,277.0097046,0.01341542,277.0097046,0.020000892,,,,,,,,,,,,,,,,,,,,,,,,,,,,,,,,
276.4990234,0.038257804,276.4990234,0.02987936,276.4990234,0.024789583,276.4990234,0.013161835,276.4990234,0.020172101,,,,,,,,,,,,,,,,,,,,,,,,,,,,,,,,
275.9883118,0.03676524,275.9883118,0.028652174,275.9883118,0.023943217,275.9883118,0.012425596,275.9883118,0.019873729,,,,,,,,,,,,,,,,,,,,,,,,,,,,,,,,
275.5168762,0.036130689,275.5168762,0.028445723,275.5168762,0.023557737,275.5168762,0.012511697,275.5168762,0.020343294,,,,,,,,,,,,,,,,,,,,,,,,,,,,,,,,
275.0061035,0.034430847,275.0061035,0.026960691,275.0061035,0.023201486,275.0061035,0.011843562,275.0061035,0.019677259,,,,,,,,,,,,,,,,,,,,,,,,,,,,,,,,
274.4953003,0.033109363,274.4953003,0.02564474,274.4953003,0.022167012,274.4953003,0.011028376,274.4953003,0.019271486,,,,,,,,,,,,,,,,,,,,,,,,,,,,,,,,
273.9844666,0.031664874,273.9844666,0.024244234,273.9844666,0.021198267,273.9844666,0.010134954,273.9844666,0.019258767,,,,,,,,,,,,,,,,,,,,,,,,,,,,,,,,
273.5129089,0.030420229,273.5129089,0.023602776,273.5129089,0.020988021,273.5129089,0.010212438,273.5129089,0.018676994,,,,,,,,,,,,,,,,,,,,,,,,,,,,,,,,
273.0020142,0.029803442,273.0020142,0.022684881,273.0020142,0.02053187,273.0020142,0.009877213,273.0020142,0.018991798,,,,,,,,,,,,,,,,,,,,,,,,,,,,,,,,
272.4911194,0.028194342,272.4911194,0.021385312,272.4911194,0.019695731,272.4911194,0.009124046,272.4911194,0.018092006,,,,,,,,,,,,,,,,,,,,,,,,,,,,,,,,
272.0195007,0.026740892,272.0195007,0.020451546,272.0195007,0.018879719,272.0195007,0.008989086,272.0195007,0.017742852,,,,,,,,,,,,,,,,,,,,,,,,,,,,,,,,
271.5085449,0.025856651,271.5085449,0.019464606,271.5085449,0.017992651,271.5085449,0.008236217,271.5085449,0.017652662,,,,,,,,,,,,,,,,,,,,,,,,,,,,,,,,
270.9975586,0.025605831,270.9975586,0.018917598,270.9975586,0.017821977,270.9975586,0.00812076,270.9975586,0.0184456,,,,,,,,,,,,,,,,,,,,,,,,,,,,,,,,
270.4865112,0.024294684,270.4865112,0.017938882,270.4865112,0.017204337,270.4865112,0.007776366,270.4865112,0.017668786,,,,,,,,,,,,,,,,,,,,,,,,,,,,,,,,
270.014801,0.022845391,270.014801,0.017174551,270.014801,0.016776087,270.014801,0.007059085,270.014801,0.017450349,,,,,,,,,,,,,,,,,,,,,,,,,,,,,,,,
269.5036926,0.022040794,269.5036926,0.016180377,269.5036926,0.015707426,269.5036926,0.006668319,269.5036926,0.016985945,,,,,,,,,,,,,,,,,,,,,,,,,,,,,,,,
268.9926147,0.020892128,268.9926147,0.015573062,268.9926147,0.01560585,268.9926147,0.006308658,268.9926147,0.016803019,,,,,,,,,,,,,,,,,,,,,,,,,,,,,,,,
268.4815063,0.020382712,268.4815063,0.014553767,268.4815063,0.014538215,268.4815063,0.005989029,268.4815063,0.016538899,,,,,,,,,,,,,,,,,,,,,,,,,,,,,,,,
268.0096741,0.01907591,268.0096741,0.014077448,268.0096741,0.014017023,268.0096741,0.005624606,268.0096741,0.016566731,,,,,,,,,,,,,,,,,,,,,,,,,,,,,,,,
267.4985046,0.017977433,267.4985046,0.012853602,267.4985046,0.013406342,267.4985046,0.005175684,267.4985046,0.015808541,,,,,,,,,,,,,,,,,,,,,,,,,,,,,,,,
266.9873047,0.016996391,266.9873047,0.0121021,266.9873047,0.012579613,266.9873047,0.004736594,266.9873047,0.016003644,,,,,,,,,,,,,,,,,,,,,,,,,,,,,,,,
266.5153809,0.016211547,266.5153809,0.011687092,266.5153809,0.011921139,266.5153809,0.004101838,266.5153809,0.015566005,,,,,,,,,,,,,,,,,,,,,,,,,,,,,,,,
266.0041504,0.015853483,266.0041504,0.010994099,266.0041504,0.011628861,266.0041504,0.004423846,266.0041504,0.015899852,,,,,,,,,,,,,,,,,,,,,,,,,,,,,,,,
265.4928284,0.014908054,265.4928284,0.009988926,265.4928284,0.010772864,265.4928284,0.003820674,265.4928284,0.015748249,,,,,,,,,,,,,,,,,,,,,,,,,,,,,,,,
264.9815063,0.013647087,264.9815063,0.009213064,264.9815063,0.010198817,264.9815063,0.00344108,264.9815063,0.015275929,,,,,,,,,,,,,,,,,,,,,,,,,,,,,,,,
264.5095215,0.012914985,264.5095215,0.008600461,264.5095215,0.009825948,264.5095215,0.003159848,264.5095215,0.015106023,,,,,,,,,,,,,,,,,,,,,,,,,,,,,,,,
263.9981689,0.011977416,263.9981689,0.007903962,263.9981689,0.009347537,263.9981689,0.002744047,263.9981689,0.015119907,,,,,,,,,,,,,,,,,,,,,,,,,,,,,,,,
263.4867859,0.011020252,263.4867859,0.007174918,263.4867859,0.008701071,263.4867859,0.002375569,263.4867859,0.014815585,,,,,,,,,,,,,,,,,,,,,,,,,,,,,,,,
263.014679,0.010737441,263.014679,0.006786466,263.014679,0.008547129,263.014679,0.002586681,263.014679,0.015142717,,,,,,,,,,,,,,,,,,,,,,,,,,,,,,,,
262.5032654,0.010012952,262.5032654,0.006125079,262.5032654,0.007836035,262.5032654,0.002096509,262.5032654,0.01469534,,,,,,,,,,,,,,,,,,,,,,,,,,,,,,,,
261.9917908,0.009500519,261.9917908,0.00531245,261.9917908,0.007592404,261.9917908,0.002043501,261.9917908,0.014408306,,,,,,,,,,,,,,,,,,,,,,,,,,,,,,,,
261.5196533,0.008645482,261.5196533,0.004696399,261.5196533,0.007196972,261.5196533,0.00133201,261.5196533,0.014181101,,,,,,,,,,,,,,,,,,,,,,,,,,,,,,,,
261.0081482,0.007428005,261.0081482,0.004002784,261.0081482,0.006617273,261.0081482,0.001057875,261.0081482,0.013819496,,,,,,,,,,,,,,,,,,,,,,,,,,,,,,,,
260.496582,0.007069399,260.496582,0.003439984,260.496582,0.006072943,260.496582,0.001033665,260.496582,0.014117184,,,,,,,,,,,,,,,,,,,,,,,,,,,,,,,,
259.9850159,0.006919138,259.9850159,0.002882733,259.9850159,0.005183543,259.9850159,0.000556413,259.9850159,0.01420247,,,,,,,,,,,,,,,,,,,,,,,,,,,,,,,,
259.5127563,0.006857333,259.5127563,0.002617983,259.5127563,0.005157347,259.5127563,0.000926592,259.5127563,0.014676864,,,,,,,,,,,,,,,,,,,,,,,,,,,,,,,,
259.0011292,0.006213695,259.0011292,0.001923361,259.0011292,0.004997926,259.0011292,0.000579041,259.0011292,0.014279774,,,,,,,,,,,,,,,,,,,,,,,,,,,,,,,,
258.4894714,0.005564716,258.4894714,0.001409264,258.4894714,0.004437471,258.4894714,0.000931469,258.4894714,0.014317442,,,,,,,,,,,,,,,,,,,,,,,,,,,,,,,,
258.0171814,0.004389041,258.0171814,0.000651909,258.0171814,0.003884503,258.0171814,-3.34E-05,258.0171814,0.013682081,,,,,,,,,,,,,,,,,,,,,,,,,,,,,,,,
257.5054932,0.003837518,257.5054932,5.56E-05,257.5054932,0.003205247,257.5054932,8.58E-05,257.5054932,0.013831842,,,,,,,,,,,,,,,,,,,,,,,,,,,,,,,,
256.9937439,0.00360917,256.9937439,-0.00019731,256.9937439,0.003238602,256.9937439,-0.000182872,256.9937439,0.013890745,,,,,,,,,,,,,,,,,,,,,,,,,,,,,,,,
256.4819946,0.002958023,256.4819946,-0.00119847,256.4819946,0.002761449,256.4819946,-0.000489021,256.4819946,0.013559372,,,,,,,,,,,,,,,,,,,,,,,,,,,,,,,,
256.0095825,0.002501068,256.0095825,-0.001241836,256.0095825,0.002016662,256.0095825,-0.000699186,256.0095825,0.013361786,,,,,,,,,,,,,,,,,,,,,,,,,,,,,,,,
255.4977875,0.001849603,255.4977875,-0.001896762,255.4977875,0.00163625,255.4977875,-0.001139144,255.4977875,0.012989634,,,,,,,,,,,,,,,,,,,,,,,,,,,,,,,,
254.9859619,0.001141309,254.9859619,-0.002512201,254.9859619,0.00146409,254.9859619,-0.001016749,254.9859619,0.013261052,,,,,,,,,,,,,,,,,,,,,,,,,,,,,,,,
254.5134735,0.001163916,254.5134735,-0.003035884,254.5134735,0.001372154,254.5134735,-0.001473154,254.5134735,0.01310207,,,,,,,,,,,,,,,,,,,,,,,,,,,,,,,,
254.0016022,-0.000445011,254.0016022,-0.003774036,254.0016022,0.000346,254.0016022,-0.00199809,254.0016022,0.012297384,,,,,,,,,,,,,,,,,,,,,,,,,,,,,,,,
253.4897156,-0.000640361,253.4897156,-0.003883292,253.4897156,0.000648824,253.4897156,-0.001882484,253.4897156,0.012456124,,,,,,,,,,,,,,,,,,,,,,,,,,,,,,,,
253.0171509,-0.001083218,253.0171509,-0.004140592,253.0171509,0.000513493,253.0171509,-0.001968663,253.0171509,0.012665344,,,,,,,,,,,,,,,,,,,,,,,,,,,,,,,,
252.5052338,-0.001531609,252.5052338,-0.004685619,252.5052338,0.000113136,252.5052338,-0.002350699,252.5052338,0.012638533,,,,,,,,,,,,,,,,,,,,,,,,,,,,,,,,
251.9931946,-0.001417684,251.9931946,-0.005167452,251.9931946,-0.000695672,251.9931946,-0.002285608,251.9931946,0.012982353,,,,,,,,,,,,,,,,,,,,,,,,,,,,,,,,
251.4812012,-0.001947223,251.4812012,-0.005383905,251.4812012,-0.001041902,251.4812012,-0.002292046,251.4812012,0.013058026,,,,,,,,,,,,,,,,,,,,,,,,,,,,,,,,
251.0085754,-0.002175693,251.0085754,-0.005699288,251.0085754,-0.000851383,251.0085754,-0.002386176,251.0085754,0.013037406,,,,,,,,,,,,,,,,,,,,,,,,,,,,,,,,
250.4965363,-0.002943077,250.4965363,-0.006000503,250.4965363,-0.001117405,250.4965363,-0.002668137,250.4965363,0.012684002,,,,,,,,,,,,,,,,,,,,,,,,,,,,,,,,
249.9844513,-0.003320404,249.9844513,-0.00657686,249.9844513,-0.00159573,249.9844513,-0.002891548,249.9844513,0.012459347,,,,,,,,,,,,,,,,,,,,,,,,,,,,,,,,
249.5117188,-0.003984927,249.5117188,-0.006918231,249.5117188,-0.001569681,249.5117188,-0.003273545,249.5117188,0.012173334,,,,,,,,,,,,,,,,,,,,,,,,,,,,,,,,
248.9996033,-0.004301429,248.9996033,-0.007205872,248.9996033,-0.001879339,248.9996033,-0.003226629,248.9996033,0.012322309,,,,,,,,,,,,,,,,,,,,,,,,,,,,,,,,
248.4874268,-0.004839958,248.4874268,-0.007691377,248.4874268,-0.002471535,248.4874268,-0.003341417,248.4874268,0.011994765,,,,,,,,,,,,,,,,,,,,,,,,,,,,,,,,
248.0146637,-0.004701599,248.0146637,-0.007552957,248.0146637,-0.002197895,248.0146637,-0.003141624,248.0146637,0.012465794,,,,,,,,,,,,,,,,,,,,,,,,,,,,,,,,
247.5024567,-0.005392547,247.5024567,-0.008377081,247.5024567,-0.002897154,247.5024567,-0.003590309,247.5024567,0.012018024,,,,,,,,,,,,,,,,,,,,,,,,,,,,,,,,
246.9902191,-0.005390757,246.9902191,-0.008584429,246.9902191,-0.00334378,246.9902191,-0.003450524,246.9902191,0.012495232,,,,,,,,,,,,,,,,,,,,,,,,,,,,,,,,
246.5173798,-0.005358593,246.5173798,-0.008930414,246.5173798,-0.004087462,246.5173798,-0.003673122,246.5173798,0.012975231,,,,,,,,,,,,,,,,,,,,,,,,,,,,,,,,
246.0050964,-0.005282597,246.0050964,-0.008987671,246.0050964,-0.003834646,246.0050964,-0.003201448,246.0050964,0.013535043,,,,,,,,,,,,,,,,,,,,,,,,,,,,,,,,
245.4928131,-0.005587218,245.4928131,-0.009227267,245.4928131,-0.003881701,245.4928131,-0.003690986,245.4928131,0.0132938,,,,,,,,,,,,,,,,,,,,,,,,,,,,,,,,
244.980484,-0.006275075,244.980484,-0.00963913,244.980484,-0.004273593,244.980484,-0.003644732,244.980484,0.012892612,,,,,,,,,,,,,,,,,,,,,,,,,,,,,,,,
244.5075684,-0.00642176,244.5075684,-0.009693711,244.5075684,-0.00401155,244.5075684,-0.0038348,244.5075684,0.012934079,,,,,,,,,,,,,,,,,,,,,,,,,,,,,,,,
243.9951782,-0.006846686,243.9951782,-0.009867081,243.9951782,-0.004230836,243.9951782,-0.003598319,243.9951782,0.012903012,,,,,,,,,,,,,,,,,,,,,,,,,,,,,,,,
243.4827576,-0.007173842,243.4827576,-0.009879026,243.4827576,-0.004278156,243.4827576,-0.003485346,243.4827576,0.012772232,,,,,,,,,,,,,,,,,,,,,,,,,,,,,,,,
243.0097809,-0.007285605,243.0097809,-0.010298713,243.0097809,-0.004588246,243.0097809,-0.003575316,243.0097809,0.012891253,,,,,,,,,,,,,,,,,,,,,,,,,,,,,,,,
242.4973145,-0.007065106,242.4973145,-0.010643993,242.4973145,-0.005000486,242.4973145,-0.003660185,242.4973145,0.013171334,,,,,,,,,,,,,,,,,,,,,,,,,,,,,,,,
241.9848328,-0.007158004,241.9848328,-0.01080638,241.9848328,-0.00532929,241.9848328,-0.003453708,241.9848328,0.013452558,,,,,,,,,,,,,,,,,,,,,,,,,,,,,,,,
241.5117645,-0.006803876,241.5117645,-0.010513181,241.5117645,-0.005104061,241.5117645,-0.003195949,241.5117645,0.01382949,,,,,,,,,,,,,,,,,,,,,,,,,,,,,,,,
240.9992676,-0.006714776,240.9992676,-0.01062712,240.9992676,-0.005193133,240.9992676,-0.003375374,240.9992676,0.01369047,,,,,,,,,,,,,,,,,,,,,,,,,,,,,,,,
240.4867249,-0.006947987,240.4867249,-0.010920696,240.4867249,-0.005461366,240.4867249,-0.003153497,240.4867249,0.013586427,,,,,,,,,,,,,,,,,,,,,,,,,,,,,,,,
240.0135498,-0.006413547,240.0135498,-0.010467698,240.0135498,-0.005009186,240.0135498,-0.002867942,240.0135498,0.01373319,,,,,,,,,,,,,,,,,,,,,,,,,,,,,,,,
239.5010071,-0.006196637,239.5010071,-0.010308622,239.5010071,-0.004884498,239.5010071,-0.002715782,239.5010071,0.013625237,,,,,,,,,,,,,,,,,,,,,,,,,,,,,,,,
238.9883881,-0.005696273,238.9883881,-0.009840764,238.9883881,-0.004673174,238.9883881,-0.002201552,238.9883881,0.013982429,,,,,,,,,,,,,,,,,,,,,,,,,,,,,,,,
238.5151825,-0.005150569,238.5151825,-0.00943416,238.5151825,-0.00433444,238.5151825,-0.002259703,238.5151825,0.014096433,,,,,,,,,,,,,,,,,,,,,,,,,,,,,,,,
238.002533,-0.004522516,238.002533,-0.008931175,238.002533,-0.004100899,238.002533,-0.001961963,238.002533,0.01438492,,,,,,,,,,,,,,,,,,,,,,,,,,,,,,,,
237.4898224,-0.003251809,237.4898224,-0.008094077,237.4898224,-0.003421143,237.4898224,-0.001452928,237.4898224,0.014436994,,,,,,,,,,,,,,,,,,,,,,,,,,,,,,,,
237.016571,-0.00175576,237.016571,-0.00660516,237.016571,-0.002268355,237.016571,-0.000703683,237.016571,0.014907197,,,,,,,,,,,,,,,,,,,,,,,,,,,,,,,,
236.5038147,-0.000536905,236.5038147,-0.006034712,236.5038147,-0.001852946,236.5038147,-0.000351234,236.5038147,0.015165797,,,,,,,,,,,,,,,,,,,,,,,,,,,,,,,,
235.9910431,0.001890341,235.9910431,-0.004295995,235.9910431,-0.000665639,235.9910431,0.000258833,235.9910431,0.016156305,,,,,,,,,,,,,,,,,,,,,,,,,,,,,,,,
235.5177307,0.004071186,235.5177307,-0.002168687,235.5177307,0.000580674,235.5177307,0.001760548,235.5177307,0.01647165,,,,,,,,,,,,,,,,,,,,,,,,,,,,,,,,
235.0049286,0.006622372,235.0049286,0.000104359,235.0049286,0.002698983,235.0049286,0.002835153,235.0049286,0.017220173,,,,,,,,,,,,,,,,,,,,,,,,,,,,,,,,
234.4921112,0.009693312,234.4921112,0.002827363,234.4921112,0.004540077,234.4921112,0.003695368,234.4921112,0.01770176,,,,,,,,,,,,,,,,,,,,,,,,,,,,,,,,
234.0187225,0.012166839,234.0187225,0.005067664,234.0187225,0.006167324,234.0187225,0.004798045,234.0187225,0.018459106,,,,,,,,,,,,,,,,,,,,,,,,,,,,,,,,
233.5058594,0.017909719,233.5058594,0.009628174,233.5058594,0.008524188,233.5058594,0.00647576,233.5058594,0.019715289,,,,,,,,,,,,,,,,,,,,,,,,,,,,,,,,
232.9929352,0.021400051,232.9929352,0.013373452,232.9929352,0.011595759,232.9929352,0.00817987,232.9929352,0.020097155,,,,,,,,,,,,,,,,,,,,,,,,,,,,,,,,
232.5194702,0.027083445,232.5194702,0.018593203,232.5194702,0.01584857,232.5194702,0.01045126,232.5194702,0.021392191,,,,,,,,,,,,,,,,,,,,,,,,,,,,,,,,
232.006546,0.034788352,232.006546,0.02499795,232.006546,0.020253755,232.006546,0.012796759,232.006546,0.022664918,,,,,,,,,,,,,,,,,,,,,,,,,,,,,,,,
231.4935913,0.038737692,231.4935913,0.028137058,231.4935913,0.022970645,231.4935913,0.014691297,231.4935913,0.024056857,,,,,,,,,,,,,,,,,,,,,,,,,,,,,,,,
230.9806061,0.048481811,230.9806061,0.034876395,230.9806061,0.027498627,230.9806061,0.018055251,230.9806061,0.025553664,,,,,,,,,,,,,,,,,,,,,,,,,,,,,,,,
230.5070496,0.055126157,230.5070496,0.040746637,230.5070496,0.03204798,230.5070496,0.019182168,230.5070496,0.027103145,,,,,,,,,,,,,,,,,,,,,,,,,,,,,,,,
229.9940186,0.06388928,229.9940186,0.047319967,229.9940186,0.038017094,229.9940186,0.023720237,229.9940186,0.02849072,,,,,,,,,,,,,,,,,,,,,,,,,,,,,,,,
229.480957,0.071639597,229.480957,0.055245701,229.480957,0.042097591,229.480957,0.026833678,229.480957,0.031361427,,,,,,,,,,,,,,,,,,,,,,,,,,,,,,,,
229.0073395,0.077298783,229.0073395,0.059539545,229.0073395,0.044901866,229.0073395,0.028321672,229.0073395,0.033080701,,,,,,,,,,,,,,,,,,,,,,,,,,,,,,,,
228.4942627,0.084725074,228.4942627,0.065307714,228.4942627,0.048074946,228.4942627,0.031327009,228.4942627,0.034850899,,,,,,,,,,,,,,,,,,,,,,,,,,,,,,,,
227.9811096,0.091525815,227.9811096,0.071070336,227.9811096,0.05338062,227.9811096,0.033855185,227.9811096,0.036459249,,,,,,,,,,,,,,,,,,,,,,,,,,,,,,,,
227.5074615,0.098301046,227.5074615,0.076825678,227.5074615,0.056632768,227.5074615,0.036441598,227.5074615,0.038182922,,,,,,,,,,,,,,,,,,,,,,,,,,,,,,,,
226.9942627,0.108057804,226.9942627,0.085638188,226.9942627,0.063981719,226.9942627,0.040675335,226.9942627,0.039782546,,,,,,,,,,,,,,,,,,,,,,,,,,,,,,,,
226.4810791,0.114201196,226.4810791,0.090949021,226.4810791,0.067901649,226.4810791,0.042676408,226.4810791,0.041122731,,,,,,,,,,,,,,,,,,,,,,,,,,,,,,,,
226.0073547,0.121225216,226.0073547,0.096609771,226.0073547,0.0717398,226.0073547,0.045331284,226.0073547,0.042774376,,,,,,,,,,,,,,,,,,,,,,,,,,,,,,,,
225.4941101,0.127209306,225.4941101,0.102002919,225.4941101,0.075638577,225.4941101,0.047800329,225.4941101,0.044335615,,,,,,,,,,,,,,,,,,,,,,,,,,,,,,,,
224.980835,0.134286538,224.980835,0.107702255,224.980835,0.079697147,224.980835,0.05013736,224.980835,0.04590971,,,,,,,,,,,,,,,,,,,,,,,,,,,,,,,,
224.5070648,0.138889983,224.5070648,0.111699633,224.5070648,0.082914807,224.5070648,0.052092623,224.5070648,0.046837628,,,,,,,,,,,,,,,,,,,,,,,,,,,,,,,,
223.9937592,0.142483488,223.9937592,0.114698678,223.9937592,0.084877849,223.9937592,0.053359251,223.9937592,0.048012868,,,,,,,,,,,,,,,,,,,,,,,,,,,,,,,,
223.480423,0.147068858,223.480423,0.118925452,223.480423,0.087785847,223.480423,0.055359747,223.480423,0.049195673,,,,,,,,,,,,,,,,,,,,,,,,,,,,,,,,
223.006546,0.149540201,223.006546,0.120770969,223.006546,0.089625619,223.006546,0.056423076,223.006546,0.049993332,,,,,,,,,,,,,,,,,,,,,,,,,,,,,,,,
222.4931793,0.151670098,222.4931793,0.122641727,222.4931793,0.09110678,222.4931793,0.057296366,222.4931793,0.050821472,,,,,,,,,,,,,,,,,,,,,,,,,,,,,,,,
222.0192871,0.153128639,222.0192871,0.124405362,222.0192871,0.091923915,222.0192871,0.058132701,222.0192871,0.051475365,,,,,,,,,,,,,,,,,,,,,,,,,,,,,,,,
221.5058746,0.154192194,221.5058746,0.124893591,221.5058746,0.092214435,221.5058746,0.058154069,221.5058746,0.051655829,,,,,,,,,,,,,,,,,,,,,,,,,,,,,,,,
220.9924316,0.154255077,220.9924316,0.124868162,220.9924316,0.092328429,220.9924316,0.058313228,220.9924316,0.051813181,,,,,,,,,,,,,,,,,,,,,,,,,,,,,,,,
220.5184937,0.15385817,220.5184937,0.124726661,220.5184937,0.092396222,220.5184937,0.058328804,220.5184937,0.052263826,,,,,,,,,,,,,,,,,,,,,,,,,,,,,,,,
220.0049744,0.152877122,220.0049744,0.123623036,220.0049744,0.091931269,220.0049744,0.057973042,220.0049744,0.051875778,,,,,,,,,,,,,,,,,,,,,,,,,,,,,,,,
219.4914856,0.151277378,219.4914856,0.122045405,219.4914856,0.090286843,219.4914856,0.057245091,219.4914856,0.051562104,,,,,,,,,,,,,,,,,,,,,,,,,,,,,,,,
219.0174713,0.149484381,219.0174713,0.120744512,219.0174713,0.089462385,219.0174713,0.056862276,219.0174713,0.051094193,,,,,,,,,,,,,,,,,,,,,,,,,,,,,,,,
218.5039368,0.147043303,218.5039368,0.118610971,218.5039368,0.088149264,218.5039368,0.055855978,218.5039368,0.051010136,,,,,,,,,,,,,,,,,,,,,,,,,,,,,,,,
217.9903412,0.145011336,217.9903412,0.117233895,217.9903412,0.086489692,217.9903412,0.055050485,217.9903412,0.050881773,,,,,,,,,,,,,,,,,,,,,,,,,,,,,,,,
217.5162811,0.142982766,217.5162811,0.114964768,217.5162811,0.085158058,217.5162811,0.054785315,217.5162811,0.050573938,,,,,,,,,,,,,,,,,,,,,,,,,,,,,,,,
217.0026703,0.140044406,217.0026703,0.112037696,217.0026703,0.083299756,217.0026703,0.053692471,217.0026703,0.050190967,,,,,,,,,,,,,,,,,,,,,,,,,,,,,,,,
216.4890289,0.137482852,216.4890289,0.109262966,216.4890289,0.0816174,216.4890289,0.052464392,216.4890289,0.049548492,,,,,,,,,,,,,,,,,,,,,,,,,,,,,,,,
216.0148773,0.134455204,216.0148773,0.106771827,216.0148773,0.079666734,216.0148773,0.051636238,216.0148773,0.049404778,,,,,,,,,,,,,,,,,,,,,,,,,,,,,,,,
215.5012207,0.130996347,215.5012207,0.103860408,215.5012207,0.078126483,215.5012207,0.051272925,215.5012207,0.049048629,,,,,,,,,,,,,,,,,,,,,,,,,,,,,,,,
214.9875336,0.127507791,214.9875336,0.100797989,214.9875336,0.075516,214.9875336,0.049836379,214.9875336,0.048161007,,,,,,,,,,,,,,,,,,,,,,,,,,,,,,,,
214.5133209,0.12417081,214.5133209,0.097540073,214.5133209,0.073443078,214.5133209,0.048980586,214.5133209,0.047645062,,,,,,,,,,,,,,,,,,,,,,,,,,,,,,,,
213.9995728,0.121146038,213.9995728,0.094934195,213.9995728,0.070965774,213.9995728,0.048015382,213.9995728,0.047184665,,,,,,,,,,,,,,,,,,,,,,,,,,,,,,,,
213.4858093,0.117641628,213.4858093,0.091641933,213.4858093,0.069097437,213.4858093,0.047487162,213.4858093,0.047214217,,,,,,,,,,,,,,,,,,,,,,,,,,,,,,,,
213.0115814,0.115192577,213.0115814,0.089544199,213.0115814,0.067558654,213.0115814,0.047142189,213.0115814,0.047161754,,,,,,,,,,,,,,,,,,,,,,,,,,,,,,,,
212.4977722,0.112153396,212.4977722,0.087049134,212.4977722,0.065707594,212.4977722,0.046352539,212.4977722,0.046635319,,,,,,,,,,,,,,,,,,,,,,,,,,,,,,,,
211.9839478,0.10843391,211.9839478,0.084029749,211.9839478,0.06324441,211.9839478,0.045680225,211.9839478,0.046257157,,,,,,,,,,,,,,,,,,,,,,,,,,,,,,,,
211.509613,0.106632598,211.509613,0.082206823,211.509613,0.061787304,211.509613,0.04524035,211.509613,0.045903899,,,,,,,,,,,,,,,,,,,,,,,,,,,,,,,,
210.9957581,0.104572639,210.9957581,0.079951309,210.9957581,0.060166717,210.9957581,0.045254916,210.9957581,0.046197757,,,,,,,,,,,,,,,,,,,,,,,,,,,,,,,,
210.4818878,0.101262629,210.4818878,0.077376574,210.4818878,0.058941565,210.4818878,0.045046538,210.4818878,0.045980409,,,,,,,,,,,,,,,,,,,,,,,,,,,,,,,,
210.0074921,0.098815702,210.0074921,0.074974559,210.0074921,0.057653639,210.0074921,0.044671737,210.0074921,0.045376744,,,,,,,,,,,,,,,,,,,,,,,,,,,,,,,,
209.4935608,0.097243577,209.4935608,0.073387042,209.4935608,0.055970836,209.4935608,0.045131311,209.4935608,0.046151638,,,,,,,,,,,,,,,,,,,,,,,,,,,,,,,,
209.019165,0.096090518,209.019165,0.071860678,209.019165,0.054851513,209.019165,0.044627413,209.019165,0.04595897,,,,,,,,,,,,,,,,,,,,,,,,,,,,,,,,
208.5052032,0.094644591,208.5052032,0.070646882,208.5052032,0.054558724,208.5052032,0.045716863,208.5052032,0.046977986,,,,,,,,,,,,,,,,,,,,,,,,,,,,,,,,
207.9911804,0.092994817,207.9911804,0.06946037,207.9911804,0.053865392,207.9911804,0.046449296,207.9911804,0.04686055,,,,,,,,,,,,,,,,,,,,,,,,,,,,,,,,
207.5167389,0.092513405,207.5167389,0.068737879,207.5167389,0.053318422,207.5167389,0.047146633,207.5167389,0.047274072,,,,,,,,,,,,,,,,,,,,,,,,,,,,,,,,
207.0027161,0.092260718,207.0027161,0.068908125,207.0027161,0.053642999,207.0027161,0.048704442,207.0027161,0.048525635,,,,,,,,,,,,,,,,,,,,,,,,,,,,,,,,
206.4886475,0.092881605,206.4886475,0.069338247,206.4886475,0.053773854,206.4886475,0.049057845,206.4886475,0.049154073,,,,,,,,,,,,,,,,,,,,,,,,,,,,,,,,
206.0141144,0.093971014,206.0141144,0.069626369,206.0141144,0.054873366,206.0141144,0.052086525,206.0141144,0.049630698,,,,,,,,,,,,,,,,,,,,,,,,,,,,,,,,
205.5000305,0.097338662,205.5000305,0.072430968,205.5000305,0.05532958,205.5000305,0.054839913,205.5000305,0.051611371,,,,,,,,,,,,,,,,,,,,,,,,,,,,,,,,
204.9859314,0.102829583,204.9859314,0.076577291,204.9859314,0.059386849,204.9859314,0.057177879,204.9859314,0.05337055,,,,,,,,,,,,,,,,,,,,,,,,,,,,,,,,
204.5113068,0.108616501,204.5113068,0.080566391,204.5113068,0.062782563,204.5113068,0.06106798,204.5113068,0.054844581,,,,,,,,,,,,,,,,,,,,,,,,,,,,,,,,
203.9971619,0.115420342,203.9971619,0.088340558,203.9971619,0.068079263,203.9971619,0.064850576,203.9971619,0.056123957,,,,,,,,,,,,,,,,,,,,,,,,,,,,,,,,
203.4830017,0.128952891,203.4830017,0.097485639,203.4830017,0.074332438,203.4830017,0.070343524,203.4830017,0.059603471,,,,,,,,,,,,,,,,,,,,,,,,,,,,,,,,
203.0083618,0.140836105,203.0083618,0.107821688,203.0083618,0.08201199,203.0083618,0.074569128,203.0083618,0.063005015,,,,,,,,,,,,,,,,,,,,,,,,,,,,,,,,
202.4941406,0.15185298,202.4941406,0.116989322,202.4941406,0.088246122,202.4941406,0.08003363,202.4941406,0.064350873,,,,,,,,,,,,,,,,,,,,,,,,,,,,,,,,
202.0194702,0.165213093,202.0194702,0.130561173,202.0194702,0.099068977,202.0194702,0.087089814,202.0194702,0.068619296,,,,,,,,,,,,,,,,,,,,,,,,,,,,,,,,
201.5052032,0.181476876,201.5052032,0.140572444,201.5052032,0.104808837,201.5052032,0.09264072,201.5052032,0.068974659,,,,,,,,,,,,,,,,,,,,,,,,,,,,,,,,
200.9909363,0.192801327,200.9909363,0.152248159,200.9909363,0.112001345,200.9909363,0.097526304,200.9909363,0.072734594,,,,,,,,,,,,,,,,,,,,,,,,,,,,,,,,
200.5162048,0.210542262,200.5162048,0.165993959,200.5162048,0.123174861,200.5162048,0.104963638,200.5162048,0.075903542,,,,,,,,,,,,,,,,,,,,,,,,,,,,,,,,
200.0019073,0.2210657,200.0019073,0.17669484,200.0019073,0.129179373,200.0019073,0.110853925,200.0019073,0.077305742,,,,,,,,,,,,,,,,,,,,,,,,,,,,,,,,
